seed,load,tau_ms,cv,policy,requests,on_time_fraction_pct,late_fraction_pct,shed_fraction_pct,normalized_network_waste
300,0.2,0.0,0.0,DA-BALS-EWMA,91,95.6043956043956,2.197802197802198,2.197802197802198,0.0
300,0.2,0.0,0.0,DA-BALS-EWMA-Cap,91,95.6043956043956,2.197802197802198,2.197802197802198,0.0
300,0.2,0.0,0.0,DA-BALS-EWMA-Decay,91,95.6043956043956,2.197802197802198,2.197802197802198,0.0
300,0.2,0.0,0.0,DA-BALS-Stabilized,91,95.6043956043956,2.197802197802198,2.197802197802198,0.0
300,0.2,0.0,0.5,DA-BALS-EWMA,91,95.6043956043956,2.197802197802198,2.197802197802198,0.0
300,0.2,0.0,0.5,DA-BALS-EWMA-Cap,91,95.6043956043956,2.197802197802198,2.197802197802198,0.0
300,0.2,0.0,0.5,DA-BALS-EWMA-Decay,91,95.6043956043956,2.197802197802198,2.197802197802198,0.0
300,0.2,0.0,0.5,DA-BALS-Stabilized,91,95.6043956043956,2.197802197802198,2.197802197802198,0.0
300,0.2,0.0,1.0,DA-BALS-EWMA,91,93.4065934065934,4.395604395604396,2.197802197802198,0.0
300,0.2,0.0,1.0,DA-BALS-EWMA-Cap,91,93.4065934065934,4.395604395604396,2.197802197802198,0.0
300,0.2,0.0,1.0,DA-BALS-EWMA-Decay,91,93.4065934065934,4.395604395604396,2.197802197802198,0.0
300,0.2,0.0,1.0,DA-BALS-Stabilized,91,93.4065934065934,4.395604395604396,2.197802197802198,0.0
300,0.2,10.0,0.0,DA-BALS-EWMA,91,95.6043956043956,2.197802197802198,2.197802197802198,0.0
300,0.2,10.0,0.0,DA-BALS-EWMA-Cap,91,95.6043956043956,2.197802197802198,2.197802197802198,0.0
300,0.2,10.0,0.0,DA-BALS-EWMA-Decay,91,95.6043956043956,2.197802197802198,2.197802197802198,0.0
300,0.2,10.0,0.0,DA-BALS-Stabilized,91,95.6043956043956,2.197802197802198,2.197802197802198,0.0
300,0.2,10.0,0.5,DA-BALS-EWMA,91,95.6043956043956,2.197802197802198,2.197802197802198,0.0
300,0.2,10.0,0.5,DA-BALS-EWMA-Cap,91,95.6043956043956,2.197802197802198,2.197802197802198,0.0
300,0.2,10.0,0.5,DA-BALS-EWMA-Decay,91,95.6043956043956,2.197802197802198,2.197802197802198,0.0
300,0.2,10.0,0.5,DA-BALS-Stabilized,91,95.6043956043956,2.197802197802198,2.197802197802198,0.0
300,0.2,10.0,1.0,DA-BALS-EWMA,91,92.3076923076923,4.395604395604396,3.296703296703297,0.0
300,0.2,10.0,1.0,DA-BALS-EWMA-Cap,91,92.3076923076923,4.395604395604396,3.296703296703297,0.0
300,0.2,10.0,1.0,DA-BALS-EWMA-Decay,91,93.4065934065934,4.395604395604396,2.197802197802198,0.0
300,0.2,10.0,1.0,DA-BALS-Stabilized,91,93.4065934065934,4.395604395604396,2.197802197802198,0.0
300,0.2,50.0,0.0,DA-BALS-EWMA,91,95.6043956043956,2.197802197802198,2.197802197802198,0.0
300,0.2,50.0,0.0,DA-BALS-EWMA-Cap,91,95.6043956043956,2.197802197802198,2.197802197802198,0.0
300,0.2,50.0,0.0,DA-BALS-EWMA-Decay,91,95.6043956043956,2.197802197802198,2.197802197802198,0.0
300,0.2,50.0,0.0,DA-BALS-Stabilized,91,95.6043956043956,2.197802197802198,2.197802197802198,0.0
300,0.2,50.0,0.5,DA-BALS-EWMA,91,95.6043956043956,2.197802197802198,2.197802197802198,0.0
300,0.2,50.0,0.5,DA-BALS-EWMA-Cap,91,95.6043956043956,2.197802197802198,2.197802197802198,0.0
300,0.2,50.0,0.5,DA-BALS-EWMA-Decay,91,95.6043956043956,2.197802197802198,2.197802197802198,0.0
300,0.2,50.0,0.5,DA-BALS-Stabilized,91,95.6043956043956,2.197802197802198,2.197802197802198,0.0
300,0.2,50.0,1.0,DA-BALS-EWMA,91,92.3076923076923,4.395604395604396,3.296703296703297,0.0
300,0.2,50.0,1.0,DA-BALS-EWMA-Cap,91,92.3076923076923,4.395604395604396,3.296703296703297,0.0
300,0.2,50.0,1.0,DA-BALS-EWMA-Decay,91,93.4065934065934,4.395604395604396,2.197802197802198,0.0
300,0.2,50.0,1.0,DA-BALS-Stabilized,91,93.4065934065934,4.395604395604396,2.197802197802198,0.0
300,0.4,0.0,0.0,DA-BALS-EWMA,175,94.85714285714286,0.5714285714285714,4.571428571428571,0.0
300,0.4,0.0,0.0,DA-BALS-EWMA-Cap,175,94.85714285714286,0.5714285714285714,4.571428571428571,0.0
300,0.4,0.0,0.0,DA-BALS-EWMA-Decay,175,94.85714285714286,0.5714285714285714,4.571428571428571,0.0
300,0.4,0.0,0.0,DA-BALS-Stabilized,175,94.85714285714286,0.5714285714285714,4.571428571428571,0.0
300,0.4,0.0,0.5,DA-BALS-EWMA,175,94.28571428571428,1.1428571428571428,4.571428571428571,0.0
300,0.4,0.0,0.5,DA-BALS-EWMA-Cap,175,94.28571428571428,1.1428571428571428,4.571428571428571,0.0
300,0.4,0.0,0.5,DA-BALS-EWMA-Decay,175,94.28571428571428,1.1428571428571428,4.571428571428571,0.0
300,0.4,0.0,0.5,DA-BALS-Stabilized,175,94.28571428571428,1.1428571428571428,4.571428571428571,0.0
300,0.4,0.0,1.0,DA-BALS-EWMA,175,92.57142857142857,2.2857142857142856,5.142857142857142,0.0
300,0.4,0.0,1.0,DA-BALS-EWMA-Cap,175,92.57142857142857,2.2857142857142856,5.142857142857142,0.0
300,0.4,0.0,1.0,DA-BALS-EWMA-Decay,175,93.14285714285714,2.2857142857142856,4.571428571428571,0.0
300,0.4,0.0,1.0,DA-BALS-Stabilized,175,93.14285714285714,2.2857142857142856,4.571428571428571,0.0
300,0.4,10.0,0.0,DA-BALS-EWMA,175,94.85714285714286,0.5714285714285714,4.571428571428571,0.0
300,0.4,10.0,0.0,DA-BALS-EWMA-Cap,175,94.85714285714286,0.5714285714285714,4.571428571428571,0.0
300,0.4,10.0,0.0,DA-BALS-EWMA-Decay,175,94.85714285714286,0.5714285714285714,4.571428571428571,0.0
300,0.4,10.0,0.0,DA-BALS-Stabilized,175,94.85714285714286,0.5714285714285714,4.571428571428571,0.0
300,0.4,10.0,0.5,DA-BALS-EWMA,175,94.28571428571428,1.1428571428571428,4.571428571428571,0.0
300,0.4,10.0,0.5,DA-BALS-EWMA-Cap,175,94.28571428571428,1.1428571428571428,4.571428571428571,0.0
300,0.4,10.0,0.5,DA-BALS-EWMA-Decay,175,94.28571428571428,1.1428571428571428,4.571428571428571,0.0
300,0.4,10.0,0.5,DA-BALS-Stabilized,175,94.28571428571428,1.1428571428571428,4.571428571428571,0.0
300,0.4,10.0,1.0,DA-BALS-EWMA,175,92.57142857142857,2.2857142857142856,5.142857142857142,0.0
300,0.4,10.0,1.0,DA-BALS-EWMA-Cap,175,92.57142857142857,2.2857142857142856,5.142857142857142,0.0
300,0.4,10.0,1.0,DA-BALS-EWMA-Decay,175,93.14285714285714,2.2857142857142856,4.571428571428571,0.0
300,0.4,10.0,1.0,DA-BALS-Stabilized,175,93.14285714285714,2.2857142857142856,4.571428571428571,0.0
300,0.4,50.0,0.0,DA-BALS-EWMA,175,94.85714285714286,0.5714285714285714,4.571428571428571,0.0
300,0.4,50.0,0.0,DA-BALS-EWMA-Cap,175,94.85714285714286,0.5714285714285714,4.571428571428571,0.0
300,0.4,50.0,0.0,DA-BALS-EWMA-Decay,175,94.85714285714286,0.5714285714285714,4.571428571428571,0.0
300,0.4,50.0,0.0,DA-BALS-Stabilized,175,94.85714285714286,0.5714285714285714,4.571428571428571,0.0
300,0.4,50.0,0.5,DA-BALS-EWMA,175,94.28571428571428,1.1428571428571428,4.571428571428571,0.0
300,0.4,50.0,0.5,DA-BALS-EWMA-Cap,175,94.28571428571428,1.1428571428571428,4.571428571428571,0.0
300,0.4,50.0,0.5,DA-BALS-EWMA-Decay,175,94.28571428571428,1.1428571428571428,4.571428571428571,0.0
300,0.4,50.0,0.5,DA-BALS-Stabilized,175,94.28571428571428,1.1428571428571428,4.571428571428571,0.0
300,0.4,50.0,1.0,DA-BALS-EWMA,175,92.57142857142857,2.2857142857142856,5.142857142857142,0.0
300,0.4,50.0,1.0,DA-BALS-EWMA-Cap,175,92.57142857142857,2.2857142857142856,5.142857142857142,0.0
300,0.4,50.0,1.0,DA-BALS-EWMA-Decay,175,93.14285714285714,2.2857142857142856,4.571428571428571,0.0
300,0.4,50.0,1.0,DA-BALS-Stabilized,175,93.14285714285714,2.2857142857142856,4.571428571428571,0.0
300,0.6,0.0,0.0,DA-BALS-EWMA,310,89.35483870967742,1.2903225806451613,9.35483870967742,0.0
300,0.6,0.0,0.0,DA-BALS-EWMA-Cap,310,89.35483870967742,1.2903225806451613,9.35483870967742,0.0
300,0.6,0.0,0.0,DA-BALS-EWMA-Decay,310,89.35483870967742,1.2903225806451613,9.35483870967742,0.0
300,0.6,0.0,0.0,DA-BALS-Stabilized,310,89.35483870967742,1.2903225806451613,9.35483870967742,0.0
300,0.6,0.0,0.5,DA-BALS-EWMA,310,89.03225806451613,1.2903225806451613,9.67741935483871,0.0
300,0.6,0.0,0.5,DA-BALS-EWMA-Cap,310,89.03225806451613,1.2903225806451613,9.67741935483871,0.0
300,0.6,0.0,0.5,DA-BALS-EWMA-Decay,310,89.03225806451613,1.2903225806451613,9.67741935483871,0.0
300,0.6,0.0,0.5,DA-BALS-Stabilized,310,89.03225806451613,1.2903225806451613,9.67741935483871,0.0
300,0.6,0.0,1.0,DA-BALS-EWMA,310,86.12903225806451,3.225806451612903,10.64516129032258,0.0
300,0.6,0.0,1.0,DA-BALS-EWMA-Cap,310,86.12903225806451,3.225806451612903,10.64516129032258,0.0
300,0.6,0.0,1.0,DA-BALS-EWMA-Decay,310,86.12903225806451,3.225806451612903,10.64516129032258,0.0
300,0.6,0.0,1.0,DA-BALS-Stabilized,310,86.12903225806451,3.225806451612903,10.64516129032258,0.0
300,0.6,10.0,0.0,DA-BALS-EWMA,310,89.35483870967742,1.2903225806451613,9.35483870967742,0.0
300,0.6,10.0,0.0,DA-BALS-EWMA-Cap,310,89.35483870967742,1.2903225806451613,9.35483870967742,0.0
300,0.6,10.0,0.0,DA-BALS-EWMA-Decay,310,89.35483870967742,1.2903225806451613,9.35483870967742,0.0
300,0.6,10.0,0.0,DA-BALS-Stabilized,310,89.35483870967742,1.2903225806451613,9.35483870967742,0.0
300,0.6,10.0,0.5,DA-BALS-EWMA,310,89.03225806451613,1.2903225806451613,9.67741935483871,0.0
300,0.6,10.0,0.5,DA-BALS-EWMA-Cap,310,89.03225806451613,1.2903225806451613,9.67741935483871,0.0
300,0.6,10.0,0.5,DA-BALS-EWMA-Decay,310,89.03225806451613,1.2903225806451613,9.67741935483871,0.0
300,0.6,10.0,0.5,DA-BALS-Stabilized,310,89.03225806451613,1.2903225806451613,9.67741935483871,0.0
300,0.6,10.0,1.0,DA-BALS-EWMA,310,86.45161290322581,3.5483870967741935,10.0,0.0
300,0.6,10.0,1.0,DA-BALS-EWMA-Cap,310,86.45161290322581,3.5483870967741935,10.0,0.0
300,0.6,10.0,1.0,DA-BALS-EWMA-Decay,310,86.45161290322581,3.5483870967741935,10.0,0.0
300,0.6,10.0,1.0,DA-BALS-Stabilized,310,86.45161290322581,3.5483870967741935,10.0,0.0
300,0.6,50.0,0.0,DA-BALS-EWMA,310,89.35483870967742,1.2903225806451613,9.35483870967742,0.0
300,0.6,50.0,0.0,DA-BALS-EWMA-Cap,310,89.35483870967742,1.2903225806451613,9.35483870967742,0.0
300,0.6,50.0,0.0,DA-BALS-EWMA-Decay,310,89.35483870967742,1.2903225806451613,9.35483870967742,0.0
300,0.6,50.0,0.0,DA-BALS-Stabilized,310,89.35483870967742,1.2903225806451613,9.35483870967742,0.0
300,0.6,50.0,0.5,DA-BALS-EWMA,310,89.03225806451613,1.2903225806451613,9.67741935483871,0.0
300,0.6,50.0,0.5,DA-BALS-EWMA-Cap,310,89.03225806451613,1.2903225806451613,9.67741935483871,0.0
300,0.6,50.0,0.5,DA-BALS-EWMA-Decay,310,89.03225806451613,1.2903225806451613,9.67741935483871,0.0
300,0.6,50.0,0.5,DA-BALS-Stabilized,310,89.03225806451613,1.2903225806451613,9.67741935483871,0.0
300,0.6,50.0,1.0,DA-BALS-EWMA,310,86.45161290322581,3.5483870967741935,10.0,0.0
300,0.6,50.0,1.0,DA-BALS-EWMA-Cap,310,86.45161290322581,3.5483870967741935,10.0,0.0
300,0.6,50.0,1.0,DA-BALS-EWMA-Decay,310,86.45161290322581,3.5483870967741935,10.0,0.0
300,0.6,50.0,1.0,DA-BALS-Stabilized,310,86.45161290322581,3.5483870967741935,10.0,0.0
300,0.8,0.0,0.0,DA-BALS-EWMA,419,85.68019093078759,0.47732696897374705,13.842482100238662,0.0
300,0.8,0.0,0.0,DA-BALS-EWMA-Cap,419,85.68019093078759,0.47732696897374705,13.842482100238662,0.0
300,0.8,0.0,0.0,DA-BALS-EWMA-Decay,419,85.68019093078759,0.47732696897374705,13.842482100238662,0.0
300,0.8,0.0,0.0,DA-BALS-Stabilized,419,85.68019093078759,0.47732696897374705,13.842482100238662,0.0
300,0.8,0.0,0.5,DA-BALS-EWMA,419,84.96420047732697,0.47732696897374705,14.558472553699284,0.0
300,0.8,0.0,0.5,DA-BALS-EWMA-Cap,419,84.96420047732697,0.47732696897374705,14.558472553699284,0.0
300,0.8,0.0,0.5,DA-BALS-EWMA-Decay,419,85.20286396181385,0.7159904534606205,14.081145584725538,0.0
300,0.8,0.0,0.5,DA-BALS-Stabilized,419,85.20286396181385,0.7159904534606205,14.081145584725538,0.0
300,0.8,0.0,1.0,DA-BALS-EWMA,419,83.29355608591885,1.9093078758949882,14.797136038186157,0.0
300,0.8,0.0,1.0,DA-BALS-EWMA-Cap,419,83.29355608591885,1.9093078758949882,14.797136038186157,0.0
300,0.8,0.0,1.0,DA-BALS-EWMA-Decay,419,83.29355608591885,1.9093078758949882,14.797136038186157,0.0
300,0.8,0.0,1.0,DA-BALS-Stabilized,419,83.29355608591885,1.9093078758949882,14.797136038186157,0.0
300,0.8,10.0,0.0,DA-BALS-EWMA,419,85.68019093078759,0.47732696897374705,13.842482100238662,0.0
300,0.8,10.0,0.0,DA-BALS-EWMA-Cap,419,85.68019093078759,0.47732696897374705,13.842482100238662,0.0
300,0.8,10.0,0.0,DA-BALS-EWMA-Decay,419,85.68019093078759,0.47732696897374705,13.842482100238662,0.0
300,0.8,10.0,0.0,DA-BALS-Stabilized,419,85.68019093078759,0.47732696897374705,13.842482100238662,0.0
300,0.8,10.0,0.5,DA-BALS-EWMA,419,84.96420047732697,0.7159904534606205,14.319809069212411,0.0
300,0.8,10.0,0.5,DA-BALS-EWMA-Cap,419,84.96420047732697,0.7159904534606205,14.319809069212411,0.0
300,0.8,10.0,0.5,DA-BALS-EWMA-Decay,419,85.20286396181385,0.9546539379474941,13.842482100238662,0.0
300,0.8,10.0,0.5,DA-BALS-Stabilized,419,85.20286396181385,0.9546539379474941,13.842482100238662,0.0
300,0.8,10.0,1.0,DA-BALS-EWMA,419,83.29355608591885,2.1479713603818613,14.558472553699284,0.0
300,0.8,10.0,1.0,DA-BALS-EWMA-Cap,419,83.29355608591885,2.1479713603818613,14.558472553699284,0.0
300,0.8,10.0,1.0,DA-BALS-EWMA-Decay,419,83.29355608591885,2.1479713603818613,14.558472553699284,0.0
300,0.8,10.0,1.0,DA-BALS-Stabilized,419,83.29355608591885,2.1479713603818613,14.558472553699284,0.0
300,0.8,50.0,0.0,DA-BALS-EWMA,419,85.68019093078759,0.47732696897374705,13.842482100238662,0.0
300,0.8,50.0,0.0,DA-BALS-EWMA-Cap,419,85.68019093078759,0.47732696897374705,13.842482100238662,0.0
300,0.8,50.0,0.0,DA-BALS-EWMA-Decay,419,85.68019093078759,0.47732696897374705,13.842482100238662,0.0
300,0.8,50.0,0.0,DA-BALS-Stabilized,419,85.68019093078759,0.47732696897374705,13.842482100238662,0.0
300,0.8,50.0,0.5,DA-BALS-EWMA,419,84.96420047732697,0.7159904534606205,14.319809069212411,0.0
300,0.8,50.0,0.5,DA-BALS-EWMA-Cap,419,84.96420047732697,0.7159904534606205,14.319809069212411,0.0
300,0.8,50.0,0.5,DA-BALS-EWMA-Decay,419,85.20286396181385,0.9546539379474941,13.842482100238662,0.0
300,0.8,50.0,0.5,DA-BALS-Stabilized,419,85.20286396181385,0.9546539379474941,13.842482100238662,0.0
300,0.8,50.0,1.0,DA-BALS-EWMA,419,83.29355608591885,2.1479713603818613,14.558472553699284,0.0
300,0.8,50.0,1.0,DA-BALS-EWMA-Cap,419,83.29355608591885,2.1479713603818613,14.558472553699284,0.0
300,0.8,50.0,1.0,DA-BALS-EWMA-Decay,419,83.29355608591885,2.1479713603818613,14.558472553699284,0.0
300,0.8,50.0,1.0,DA-BALS-Stabilized,419,83.29355608591885,2.1479713603818613,14.558472553699284,0.0
300,1.0,0.0,0.0,DA-BALS-EWMA,531,76.45951035781545,0.9416195856873822,22.598870056497177,0.0
300,1.0,0.0,0.0,DA-BALS-EWMA-Cap,531,76.45951035781545,0.9416195856873822,22.598870056497177,0.0
300,1.0,0.0,0.0,DA-BALS-EWMA-Decay,531,76.45951035781545,1.1299435028248588,22.4105461393597,0.0
300,1.0,0.0,0.0,DA-BALS-Stabilized,531,76.45951035781545,1.1299435028248588,22.4105461393597,0.0
300,1.0,0.0,0.5,DA-BALS-EWMA,531,74.57627118644068,2.6365348399246704,22.78719397363465,0.0
300,1.0,0.0,0.5,DA-BALS-EWMA-Cap,531,74.57627118644068,2.6365348399246704,22.78719397363465,0.0
300,1.0,0.0,0.5,DA-BALS-EWMA-Decay,531,74.3879472693032,2.824858757062147,22.78719397363465,0.0
300,1.0,0.0,0.5,DA-BALS-Stabilized,531,74.3879472693032,2.824858757062147,22.78719397363465,0.0
300,1.0,0.0,1.0,DA-BALS-EWMA,531,70.24482109227873,5.273069679849341,24.48210922787194,0.0
300,1.0,0.0,1.0,DA-BALS-EWMA-Cap,531,70.24482109227873,5.273069679849341,24.48210922787194,0.0
300,1.0,0.0,1.0,DA-BALS-EWMA-Decay,531,70.24482109227873,5.273069679849341,24.48210922787194,0.0
300,1.0,0.0,1.0,DA-BALS-Stabilized,531,70.24482109227873,5.273069679849341,24.48210922787194,0.0
300,1.0,10.0,0.0,DA-BALS-EWMA,531,76.45951035781545,0.9416195856873822,22.598870056497177,0.0
300,1.0,10.0,0.0,DA-BALS-EWMA-Cap,531,76.45951035781545,0.9416195856873822,22.598870056497177,0.0
300,1.0,10.0,0.0,DA-BALS-EWMA-Decay,531,76.45951035781545,1.1299435028248588,22.4105461393597,0.0
300,1.0,10.0,0.0,DA-BALS-Stabilized,531,76.45951035781545,1.1299435028248588,22.4105461393597,0.0
300,1.0,10.0,0.5,DA-BALS-EWMA,531,74.57627118644068,2.6365348399246704,22.78719397363465,0.0
300,1.0,10.0,0.5,DA-BALS-EWMA-Cap,531,74.57627118644068,2.6365348399246704,22.78719397363465,0.0
300,1.0,10.0,0.5,DA-BALS-EWMA-Decay,531,74.3879472693032,2.824858757062147,22.78719397363465,0.0
300,1.0,10.0,0.5,DA-BALS-Stabilized,531,74.3879472693032,2.824858757062147,22.78719397363465,0.0
300,1.0,10.0,1.0,DA-BALS-EWMA,531,70.24482109227873,5.649717514124294,24.105461393596986,0.0
300,1.0,10.0,1.0,DA-BALS-EWMA-Cap,531,70.24482109227873,5.649717514124294,24.105461393596986,0.0
300,1.0,10.0,1.0,DA-BALS-EWMA-Decay,531,70.24482109227873,5.649717514124294,24.105461393596986,0.0
300,1.0,10.0,1.0,DA-BALS-Stabilized,531,70.24482109227873,5.649717514124294,24.105461393596986,0.0
300,1.0,50.0,0.0,DA-BALS-EWMA,531,76.45951035781545,0.9416195856873822,22.598870056497177,0.0
300,1.0,50.0,0.0,DA-BALS-EWMA-Cap,531,76.45951035781545,0.9416195856873822,22.598870056497177,0.0
300,1.0,50.0,0.0,DA-BALS-EWMA-Decay,531,76.45951035781545,1.1299435028248588,22.4105461393597,0.0
300,1.0,50.0,0.0,DA-BALS-Stabilized,531,76.45951035781545,1.1299435028248588,22.4105461393597,0.0
300,1.0,50.0,0.5,DA-BALS-EWMA,531,74.57627118644068,2.6365348399246704,22.78719397363465,0.0
300,1.0,50.0,0.5,DA-BALS-EWMA-Cap,531,74.57627118644068,2.6365348399246704,22.78719397363465,0.0
300,1.0,50.0,0.5,DA-BALS-EWMA-Decay,531,74.3879472693032,2.824858757062147,22.78719397363465,0.0
300,1.0,50.0,0.5,DA-BALS-Stabilized,531,74.3879472693032,2.824858757062147,22.78719397363465,0.0
300,1.0,50.0,1.0,DA-BALS-EWMA,531,69.86817325800376,6.591337099811676,23.540489642184557,0.0
300,1.0,50.0,1.0,DA-BALS-EWMA-Cap,531,69.86817325800376,6.591337099811676,23.540489642184557,0.0
300,1.0,50.0,1.0,DA-BALS-EWMA-Decay,531,70.05649717514125,6.591337099811676,23.35216572504708,0.0
300,1.0,50.0,1.0,DA-BALS-Stabilized,531,70.05649717514125,6.591337099811676,23.35216572504708,0.0
300,1.2,0.0,0.0,DA-BALS-EWMA,559,73.70304114490162,1.6100178890876566,24.686940966010734,0.0
300,1.2,0.0,0.0,DA-BALS-EWMA-Cap,559,73.70304114490162,1.6100178890876566,24.686940966010734,0.0
300,1.2,0.0,0.0,DA-BALS-EWMA-Decay,559,73.70304114490162,1.6100178890876566,24.686940966010734,0.0
300,1.2,0.0,0.0,DA-BALS-Stabilized,559,73.70304114490162,1.6100178890876566,24.686940966010734,0.0
300,1.2,0.0,0.5,DA-BALS-EWMA,559,72.27191413237925,2.862254025044723,24.86583184257603,0.0
300,1.2,0.0,0.5,DA-BALS-EWMA-Cap,559,72.27191413237925,2.862254025044723,24.86583184257603,0.0
300,1.2,0.0,0.5,DA-BALS-EWMA-Decay,559,72.09302325581395,3.041144901610018,24.86583184257603,0.0
300,1.2,0.0,0.5,DA-BALS-Stabilized,559,72.09302325581395,3.041144901610018,24.86583184257603,0.0
300,1.2,0.0,1.0,DA-BALS-EWMA,559,70.30411449016101,4.114490161001789,25.581395348837212,0.0
300,1.2,0.0,1.0,DA-BALS-EWMA-Cap,559,70.30411449016101,4.114490161001789,25.581395348837212,0.0
300,1.2,0.0,1.0,DA-BALS-EWMA-Decay,559,70.12522361359571,4.47227191413238,25.402504472271914,0.0
300,1.2,0.0,1.0,DA-BALS-Stabilized,559,70.12522361359571,4.47227191413238,25.402504472271914,0.0
300,1.2,10.0,0.0,DA-BALS-EWMA,559,73.70304114490162,1.6100178890876566,24.686940966010734,0.0
300,1.2,10.0,0.0,DA-BALS-EWMA-Cap,559,73.70304114490162,1.6100178890876566,24.686940966010734,0.0
300,1.2,10.0,0.0,DA-BALS-EWMA-Decay,559,73.70304114490162,1.6100178890876566,24.686940966010734,0.0
300,1.2,10.0,0.0,DA-BALS-Stabilized,559,73.70304114490162,1.6100178890876566,24.686940966010734,0.0
300,1.2,10.0,0.5,DA-BALS-EWMA,559,72.27191413237925,2.862254025044723,24.86583184257603,0.0
300,1.2,10.0,0.5,DA-BALS-EWMA-Cap,559,72.27191413237925,2.862254025044723,24.86583184257603,0.0
300,1.2,10.0,0.5,DA-BALS-EWMA-Decay,559,72.09302325581395,3.041144901610018,24.86583184257603,0.0
300,1.2,10.0,0.5,DA-BALS-Stabilized,559,72.09302325581395,3.041144901610018,24.86583184257603,0.0
300,1.2,10.0,1.0,DA-BALS-EWMA,559,70.48300536672629,3.9355992844364938,25.581395348837212,0.0
300,1.2,10.0,1.0,DA-BALS-EWMA-Cap,559,70.48300536672629,3.9355992844364938,25.581395348837212,0.0
300,1.2,10.0,1.0,DA-BALS-EWMA-Decay,559,70.30411449016101,4.47227191413238,25.223613595706617,0.0
300,1.2,10.0,1.0,DA-BALS-Stabilized,559,70.30411449016101,4.47227191413238,25.223613595706617,0.0
300,1.2,50.0,0.0,DA-BALS-EWMA,559,73.70304114490162,1.6100178890876566,24.686940966010734,0.0
300,1.2,50.0,0.0,DA-BALS-EWMA-Cap,559,73.70304114490162,1.6100178890876566,24.686940966010734,0.0
300,1.2,50.0,0.0,DA-BALS-EWMA-Decay,559,73.70304114490162,1.6100178890876566,24.686940966010734,0.0
300,1.2,50.0,0.0,DA-BALS-Stabilized,559,73.70304114490162,1.6100178890876566,24.686940966010734,0.0
300,1.2,50.0,0.5,DA-BALS-EWMA,559,72.27191413237925,2.862254025044723,24.86583184257603,0.0
300,1.2,50.0,0.5,DA-BALS-EWMA-Cap,559,72.27191413237925,2.862254025044723,24.86583184257603,0.0
300,1.2,50.0,0.5,DA-BALS-EWMA-Decay,559,72.09302325581395,3.041144901610018,24.86583184257603,0.0
300,1.2,50.0,0.5,DA-BALS-Stabilized,559,72.09302325581395,3.041144901610018,24.86583184257603,0.0
300,1.2,50.0,1.0,DA-BALS-EWMA,559,70.6618962432916,3.9355992844364938,25.402504472271914,0.0
300,1.2,50.0,1.0,DA-BALS-EWMA-Cap,559,70.6618962432916,3.9355992844364938,25.402504472271914,0.0
300,1.2,50.0,1.0,DA-BALS-EWMA-Decay,559,70.48300536672629,4.47227191413238,25.044722719141323,0.0
300,1.2,50.0,1.0,DA-BALS-Stabilized,559,70.48300536672629,4.47227191413238,25.044722719141323,0.0
301,0.2,0.0,0.0,DA-BALS-EWMA,91,96.7032967032967,1.098901098901099,2.197802197802198,0.0
301,0.2,0.0,0.0,DA-BALS-EWMA-Cap,91,96.7032967032967,1.098901098901099,2.197802197802198,0.0
301,0.2,0.0,0.0,DA-BALS-EWMA-Decay,91,96.7032967032967,1.098901098901099,2.197802197802198,0.0
301,0.2,0.0,0.0,DA-BALS-Stabilized,91,96.7032967032967,1.098901098901099,2.197802197802198,0.0
301,0.2,0.0,0.5,DA-BALS-EWMA,91,93.4065934065934,4.395604395604396,2.197802197802198,0.0
301,0.2,0.0,0.5,DA-BALS-EWMA-Cap,91,93.4065934065934,4.395604395604396,2.197802197802198,0.0
301,0.2,0.0,0.5,DA-BALS-EWMA-Decay,91,93.4065934065934,4.395604395604396,2.197802197802198,0.0
301,0.2,0.0,0.5,DA-BALS-Stabilized,91,93.4065934065934,4.395604395604396,2.197802197802198,0.0
301,0.2,0.0,1.0,DA-BALS-EWMA,91,92.3076923076923,5.4945054945054945,2.197802197802198,0.0
301,0.2,0.0,1.0,DA-BALS-EWMA-Cap,91,92.3076923076923,5.4945054945054945,2.197802197802198,0.0
301,0.2,0.0,1.0,DA-BALS-EWMA-Decay,91,92.3076923076923,5.4945054945054945,2.197802197802198,0.0
301,0.2,0.0,1.0,DA-BALS-Stabilized,91,92.3076923076923,5.4945054945054945,2.197802197802198,0.0
301,0.2,10.0,0.0,DA-BALS-EWMA,91,96.7032967032967,1.098901098901099,2.197802197802198,0.0
301,0.2,10.0,0.0,DA-BALS-EWMA-Cap,91,96.7032967032967,1.098901098901099,2.197802197802198,0.0
301,0.2,10.0,0.0,DA-BALS-EWMA-Decay,91,96.7032967032967,1.098901098901099,2.197802197802198,0.0
301,0.2,10.0,0.0,DA-BALS-Stabilized,91,96.7032967032967,1.098901098901099,2.197802197802198,0.0
301,0.2,10.0,0.5,DA-BALS-EWMA,91,93.4065934065934,4.395604395604396,2.197802197802198,0.0
301,0.2,10.0,0.5,DA-BALS-EWMA-Cap,91,93.4065934065934,4.395604395604396,2.197802197802198,0.0
301,0.2,10.0,0.5,DA-BALS-EWMA-Decay,91,93.4065934065934,4.395604395604396,2.197802197802198,0.0
301,0.2,10.0,0.5,DA-BALS-Stabilized,91,93.4065934065934,4.395604395604396,2.197802197802198,0.0
301,0.2,10.0,1.0,DA-BALS-EWMA,91,92.3076923076923,5.4945054945054945,2.197802197802198,0.0
301,0.2,10.0,1.0,DA-BALS-EWMA-Cap,91,92.3076923076923,5.4945054945054945,2.197802197802198,0.0
301,0.2,10.0,1.0,DA-BALS-EWMA-Decay,91,92.3076923076923,5.4945054945054945,2.197802197802198,0.0
301,0.2,10.0,1.0,DA-BALS-Stabilized,91,92.3076923076923,5.4945054945054945,2.197802197802198,0.0
301,0.2,50.0,0.0,DA-BALS-EWMA,91,96.7032967032967,1.098901098901099,2.197802197802198,0.0
301,0.2,50.0,0.0,DA-BALS-EWMA-Cap,91,96.7032967032967,1.098901098901099,2.197802197802198,0.0
301,0.2,50.0,0.0,DA-BALS-EWMA-Decay,91,96.7032967032967,1.098901098901099,2.197802197802198,0.0
301,0.2,50.0,0.0,DA-BALS-Stabilized,91,96.7032967032967,1.098901098901099,2.197802197802198,0.0
301,0.2,50.0,0.5,DA-BALS-EWMA,91,93.4065934065934,4.395604395604396,2.197802197802198,0.0
301,0.2,50.0,0.5,DA-BALS-EWMA-Cap,91,93.4065934065934,4.395604395604396,2.197802197802198,0.0
301,0.2,50.0,0.5,DA-BALS-EWMA-Decay,91,93.4065934065934,4.395604395604396,2.197802197802198,0.0
301,0.2,50.0,0.5,DA-BALS-Stabilized,91,93.4065934065934,4.395604395604396,2.197802197802198,0.0
301,0.2,50.0,1.0,DA-BALS-EWMA,91,92.3076923076923,5.4945054945054945,2.197802197802198,0.0
301,0.2,50.0,1.0,DA-BALS-EWMA-Cap,91,92.3076923076923,5.4945054945054945,2.197802197802198,0.0
301,0.2,50.0,1.0,DA-BALS-EWMA-Decay,91,92.3076923076923,5.4945054945054945,2.197802197802198,0.0
301,0.2,50.0,1.0,DA-BALS-Stabilized,91,92.3076923076923,5.4945054945054945,2.197802197802198,0.0
301,0.4,0.0,0.0,DA-BALS-EWMA,185,96.21621621621622,0.0,3.783783783783784,0.0
301,0.4,0.0,0.0,DA-BALS-EWMA-Cap,185,96.21621621621622,0.0,3.783783783783784,0.0
301,0.4,0.0,0.0,DA-BALS-EWMA-Decay,185,96.21621621621622,0.0,3.783783783783784,0.0
301,0.4,0.0,0.0,DA-BALS-Stabilized,185,96.21621621621622,0.0,3.783783783783784,0.0
301,0.4,0.0,0.5,DA-BALS-EWMA,185,95.67567567567568,0.0,4.324324324324325,0.0
301,0.4,0.0,0.5,DA-BALS-EWMA-Cap,185,95.67567567567568,0.0,4.324324324324325,0.0
301,0.4,0.0,0.5,DA-BALS-EWMA-Decay,185,95.67567567567568,0.0,4.324324324324325,0.0
301,0.4,0.0,0.5,DA-BALS-Stabilized,185,95.67567567567568,0.0,4.324324324324325,0.0
301,0.4,0.0,1.0,DA-BALS-EWMA,185,92.43243243243244,2.7027027027027026,4.864864864864865,0.0
301,0.4,0.0,1.0,DA-BALS-EWMA-Cap,185,92.43243243243244,2.7027027027027026,4.864864864864865,0.0
301,0.4,0.0,1.0,DA-BALS-EWMA-Decay,185,92.43243243243244,2.7027027027027026,4.864864864864865,0.0
301,0.4,0.0,1.0,DA-BALS-Stabilized,185,92.43243243243244,2.7027027027027026,4.864864864864865,0.0
301,0.4,10.0,0.0,DA-BALS-EWMA,185,96.21621621621622,0.0,3.783783783783784,0.0
301,0.4,10.0,0.0,DA-BALS-EWMA-Cap,185,96.21621621621622,0.0,3.783783783783784,0.0
301,0.4,10.0,0.0,DA-BALS-EWMA-Decay,185,96.21621621621622,0.0,3.783783783783784,0.0
301,0.4,10.0,0.0,DA-BALS-Stabilized,185,96.21621621621622,0.0,3.783783783783784,0.0
301,0.4,10.0,0.5,DA-BALS-EWMA,185,95.67567567567568,0.0,4.324324324324325,0.0
301,0.4,10.0,0.5,DA-BALS-EWMA-Cap,185,95.67567567567568,0.0,4.324324324324325,0.0
301,0.4,10.0,0.5,DA-BALS-EWMA-Decay,185,95.67567567567568,0.0,4.324324324324325,0.0
301,0.4,10.0,0.5,DA-BALS-Stabilized,185,95.67567567567568,0.0,4.324324324324325,0.0
301,0.4,10.0,1.0,DA-BALS-EWMA,185,92.43243243243244,2.7027027027027026,4.864864864864865,0.0
301,0.4,10.0,1.0,DA-BALS-EWMA-Cap,185,92.43243243243244,2.7027027027027026,4.864864864864865,0.0
301,0.4,10.0,1.0,DA-BALS-EWMA-Decay,185,92.43243243243244,2.7027027027027026,4.864864864864865,0.0
301,0.4,10.0,1.0,DA-BALS-Stabilized,185,92.43243243243244,2.7027027027027026,4.864864864864865,0.0
301,0.4,50.0,0.0,DA-BALS-EWMA,185,96.21621621621622,0.0,3.783783783783784,0.0
301,0.4,50.0,0.0,DA-BALS-EWMA-Cap,185,96.21621621621622,0.0,3.783783783783784,0.0
301,0.4,50.0,0.0,DA-BALS-EWMA-Decay,185,96.21621621621622,0.0,3.783783783783784,0.0
301,0.4,50.0,0.0,DA-BALS-Stabilized,185,96.21621621621622,0.0,3.783783783783784,0.0
301,0.4,50.0,0.5,DA-BALS-EWMA,185,95.67567567567568,0.0,4.324324324324325,0.0
301,0.4,50.0,0.5,DA-BALS-EWMA-Cap,185,95.67567567567568,0.0,4.324324324324325,0.0
301,0.4,50.0,0.5,DA-BALS-EWMA-Decay,185,95.67567567567568,0.0,4.324324324324325,0.0
301,0.4,50.0,0.5,DA-BALS-Stabilized,185,95.67567567567568,0.0,4.324324324324325,0.0
301,0.4,50.0,1.0,DA-BALS-EWMA,185,92.43243243243244,2.7027027027027026,4.864864864864865,0.0
301,0.4,50.0,1.0,DA-BALS-EWMA-Cap,185,92.43243243243244,2.7027027027027026,4.864864864864865,0.0
301,0.4,50.0,1.0,DA-BALS-EWMA-Decay,185,92.43243243243244,2.7027027027027026,4.864864864864865,0.0
301,0.4,50.0,1.0,DA-BALS-Stabilized,185,92.43243243243244,2.7027027027027026,4.864864864864865,0.0
301,0.6,0.0,0.0,DA-BALS-EWMA,301,90.03322259136213,0.33222591362126247,9.634551495016613,0.0
301,0.6,0.0,0.0,DA-BALS-EWMA-Cap,301,90.03322259136213,0.33222591362126247,9.634551495016613,0.0
301,0.6,0.0,0.0,DA-BALS-EWMA-Decay,301,90.03322259136213,0.33222591362126247,9.634551495016613,0.0
301,0.6,0.0,0.0,DA-BALS-Stabilized,301,90.03322259136213,0.33222591362126247,9.634551495016613,0.0
301,0.6,0.0,0.5,DA-BALS-EWMA,301,89.03654485049833,0.9966777408637874,9.966777408637874,0.0
301,0.6,0.0,0.5,DA-BALS-EWMA-Cap,301,89.03654485049833,0.9966777408637874,9.966777408637874,0.0
301,0.6,0.0,0.5,DA-BALS-EWMA-Decay,301,89.03654485049833,0.9966777408637874,9.966777408637874,0.0
301,0.6,0.0,0.5,DA-BALS-Stabilized,301,89.03654485049833,0.9966777408637874,9.966777408637874,0.0
301,0.6,0.0,1.0,DA-BALS-EWMA,301,88.37209302325581,0.9966777408637874,10.631229235880399,0.0
301,0.6,0.0,1.0,DA-BALS-EWMA-Cap,301,88.37209302325581,0.9966777408637874,10.631229235880399,0.0
301,0.6,0.0,1.0,DA-BALS-EWMA-Decay,301,88.37209302325581,0.9966777408637874,10.631229235880399,0.0
301,0.6,0.0,1.0,DA-BALS-Stabilized,301,88.37209302325581,0.9966777408637874,10.631229235880399,0.0
301,0.6,10.0,0.0,DA-BALS-EWMA,301,90.03322259136213,0.33222591362126247,9.634551495016613,0.0
301,0.6,10.0,0.0,DA-BALS-EWMA-Cap,301,90.03322259136213,0.33222591362126247,9.634551495016613,0.0
301,0.6,10.0,0.0,DA-BALS-EWMA-Decay,301,90.03322259136213,0.33222591362126247,9.634551495016613,0.0
301,0.6,10.0,0.0,DA-BALS-Stabilized,301,90.03322259136213,0.33222591362126247,9.634551495016613,0.0
301,0.6,10.0,0.5,DA-BALS-EWMA,301,88.70431893687709,1.6611295681063125,9.634551495016613,0.0
301,0.6,10.0,0.5,DA-BALS-EWMA-Cap,301,88.70431893687709,1.6611295681063125,9.634551495016613,0.0
301,0.6,10.0,0.5,DA-BALS-EWMA-Decay,301,88.70431893687709,1.6611295681063125,9.634551495016613,0.0
301,0.6,10.0,0.5,DA-BALS-Stabilized,301,88.70431893687709,1.6611295681063125,9.634551495016613,0.0
301,0.6,10.0,1.0,DA-BALS-EWMA,301,88.37209302325581,1.6611295681063125,9.966777408637874,0.0
301,0.6,10.0,1.0,DA-BALS-EWMA-Cap,301,88.37209302325581,1.6611295681063125,9.966777408637874,0.0
301,0.6,10.0,1.0,DA-BALS-EWMA-Decay,301,88.37209302325581,1.6611295681063125,9.966777408637874,0.0
301,0.6,10.0,1.0,DA-BALS-Stabilized,301,88.37209302325581,1.6611295681063125,9.966777408637874,0.0
301,0.6,50.0,0.0,DA-BALS-EWMA,301,90.03322259136213,0.33222591362126247,9.634551495016613,0.0
301,0.6,50.0,0.0,DA-BALS-EWMA-Cap,301,90.03322259136213,0.33222591362126247,9.634551495016613,0.0
301,0.6,50.0,0.0,DA-BALS-EWMA-Decay,301,90.03322259136213,0.33222591362126247,9.634551495016613,0.0
301,0.6,50.0,0.0,DA-BALS-Stabilized,301,90.03322259136213,0.33222591362126247,9.634551495016613,0.0
301,0.6,50.0,0.5,DA-BALS-EWMA,301,88.70431893687709,1.6611295681063125,9.634551495016613,0.0
301,0.6,50.0,0.5,DA-BALS-EWMA-Cap,301,88.70431893687709,1.6611295681063125,9.634551495016613,0.0
301,0.6,50.0,0.5,DA-BALS-EWMA-Decay,301,88.70431893687709,1.6611295681063125,9.634551495016613,0.0
301,0.6,50.0,0.5,DA-BALS-Stabilized,301,88.70431893687709,1.6611295681063125,9.634551495016613,0.0
301,0.6,50.0,1.0,DA-BALS-EWMA,301,88.37209302325581,1.6611295681063125,9.966777408637874,0.0
301,0.6,50.0,1.0,DA-BALS-EWMA-Cap,301,88.37209302325581,1.6611295681063125,9.966777408637874,0.0
301,0.6,50.0,1.0,DA-BALS-EWMA-Decay,301,88.37209302325581,1.6611295681063125,9.966777408637874,0.0
301,0.6,50.0,1.0,DA-BALS-Stabilized,301,88.37209302325581,1.6611295681063125,9.966777408637874,0.0
301,0.8,0.0,0.0,DA-BALS-EWMA,401,82.29426433915212,0.997506234413965,16.708229426433917,0.0
301,0.8,0.0,0.0,DA-BALS-EWMA-Cap,401,82.29426433915212,0.997506234413965,16.708229426433917,0.0
301,0.8,0.0,0.0,DA-BALS-EWMA-Decay,401,82.29426433915212,0.997506234413965,16.708229426433917,0.0
301,0.8,0.0,0.0,DA-BALS-Stabilized,401,82.29426433915212,0.997506234413965,16.708229426433917,0.0
301,0.8,0.0,0.5,DA-BALS-EWMA,401,81.04738154613467,1.4962593516209477,17.45635910224439,0.0
301,0.8,0.0,0.5,DA-BALS-EWMA-Cap,401,81.04738154613467,1.4962593516209477,17.45635910224439,0.0
301,0.8,0.0,0.5,DA-BALS-EWMA-Decay,401,81.29675810473816,1.7456359102244388,16.957605985037407,0.0
301,0.8,0.0,0.5,DA-BALS-Stabilized,401,81.29675810473816,1.7456359102244388,16.957605985037407,0.0
301,0.8,0.0,1.0,DA-BALS-EWMA,401,79.30174563591022,2.7431421446384037,17.955112219451372,0.0
301,0.8,0.0,1.0,DA-BALS-EWMA-Cap,401,79.30174563591022,2.7431421446384037,17.955112219451372,0.0
301,0.8,0.0,1.0,DA-BALS-EWMA-Decay,401,79.30174563591022,2.7431421446384037,17.955112219451372,0.0
301,0.8,0.0,1.0,DA-BALS-Stabilized,401,79.30174563591022,2.7431421446384037,17.955112219451372,0.0
301,0.8,10.0,0.0,DA-BALS-EWMA,401,82.29426433915212,0.997506234413965,16.708229426433917,0.0
301,0.8,10.0,0.0,DA-BALS-EWMA-Cap,401,82.29426433915212,0.997506234413965,16.708229426433917,0.0
301,0.8,10.0,0.0,DA-BALS-EWMA-Decay,401,82.29426433915212,0.997506234413965,16.708229426433917,0.0
301,0.8,10.0,0.0,DA-BALS-Stabilized,401,82.29426433915212,0.997506234413965,16.708229426433917,0.0
301,0.8,10.0,0.5,DA-BALS-EWMA,401,81.04738154613467,1.7456359102244388,17.206982543640898,0.0
301,0.8,10.0,0.5,DA-BALS-EWMA-Cap,401,81.04738154613467,1.7456359102244388,17.206982543640898,0.0
301,0.8,10.0,0.5,DA-BALS-EWMA-Decay,401,81.29675810473816,1.99501246882793,16.708229426433917,0.0
301,0.8,10.0,0.5,DA-BALS-Stabilized,401,81.29675810473816,1.99501246882793,16.708229426433917,0.0
301,0.8,10.0,1.0,DA-BALS-EWMA,401,79.30174563591022,2.7431421446384037,17.955112219451372,0.0
301,0.8,10.0,1.0,DA-BALS-EWMA-Cap,401,79.30174563591022,2.7431421446384037,17.955112219451372,0.0
301,0.8,10.0,1.0,DA-BALS-EWMA-Decay,401,79.30174563591022,2.7431421446384037,17.955112219451372,0.0
301,0.8,10.0,1.0,DA-BALS-Stabilized,401,79.30174563591022,2.7431421446384037,17.955112219451372,0.0
301,0.8,50.0,0.0,DA-BALS-EWMA,401,82.29426433915212,0.997506234413965,16.708229426433917,0.0
301,0.8,50.0,0.0,DA-BALS-EWMA-Cap,401,82.29426433915212,0.997506234413965,16.708229426433917,0.0
301,0.8,50.0,0.0,DA-BALS-EWMA-Decay,401,82.29426433915212,0.997506234413965,16.708229426433917,0.0
301,0.8,50.0,0.0,DA-BALS-Stabilized,401,82.29426433915212,0.997506234413965,16.708229426433917,0.0
301,0.8,50.0,0.5,DA-BALS-EWMA,401,81.04738154613467,1.7456359102244388,17.206982543640898,0.0
301,0.8,50.0,0.5,DA-BALS-EWMA-Cap,401,81.04738154613467,1.7456359102244388,17.206982543640898,0.0
301,0.8,50.0,0.5,DA-BALS-EWMA-Decay,401,81.29675810473816,1.99501246882793,16.708229426433917,0.0
301,0.8,50.0,0.5,DA-BALS-Stabilized,401,81.29675810473816,1.99501246882793,16.708229426433917,0.0
301,0.8,50.0,1.0,DA-BALS-EWMA,401,78.30423940149626,3.99002493765586,17.70573566084788,0.0
301,0.8,50.0,1.0,DA-BALS-EWMA-Cap,401,78.30423940149626,3.99002493765586,17.70573566084788,0.0
301,0.8,50.0,1.0,DA-BALS-EWMA-Decay,401,78.30423940149626,3.99002493765586,17.70573566084788,0.0
301,0.8,50.0,1.0,DA-BALS-Stabilized,401,78.30423940149626,3.99002493765586,17.70573566084788,0.0
301,1.0,0.0,0.0,DA-BALS-EWMA,474,79.53586497890295,1.0548523206751055,19.40928270042194,0.0
301,1.0,0.0,0.0,DA-BALS-EWMA-Cap,474,79.53586497890295,1.0548523206751055,19.40928270042194,0.0
301,1.0,0.0,0.0,DA-BALS-EWMA-Decay,474,79.74683544303798,1.0548523206751055,19.198312236286917,0.0
301,1.0,0.0,0.0,DA-BALS-Stabilized,474,79.74683544303798,1.0548523206751055,19.198312236286917,0.0
301,1.0,0.0,0.5,DA-BALS-EWMA,474,78.69198312236287,1.6877637130801686,19.62025316455696,0.0
301,1.0,0.0,0.5,DA-BALS-EWMA-Cap,474,78.69198312236287,1.6877637130801686,19.62025316455696,0.0
301,1.0,0.0,0.5,DA-BALS-EWMA-Decay,474,78.69198312236287,1.6877637130801686,19.62025316455696,0.0
301,1.0,0.0,0.5,DA-BALS-Stabilized,474,78.69198312236287,1.6877637130801686,19.62025316455696,0.0
301,1.0,0.0,1.0,DA-BALS-EWMA,474,77.42616033755274,1.89873417721519,20.675105485232066,0.0
301,1.0,0.0,1.0,DA-BALS-EWMA-Cap,474,77.42616033755274,1.89873417721519,20.675105485232066,0.0
301,1.0,0.0,1.0,DA-BALS-EWMA-Decay,474,77.42616033755274,1.89873417721519,20.675105485232066,0.0
301,1.0,0.0,1.0,DA-BALS-Stabilized,474,77.42616033755274,1.89873417721519,20.675105485232066,0.0
301,1.0,10.0,0.0,DA-BALS-EWMA,474,79.53586497890295,1.0548523206751055,19.40928270042194,0.0
301,1.0,10.0,0.0,DA-BALS-EWMA-Cap,474,79.53586497890295,1.0548523206751055,19.40928270042194,0.0
301,1.0,10.0,0.0,DA-BALS-EWMA-Decay,474,79.74683544303798,1.0548523206751055,19.198312236286917,0.0
301,1.0,10.0,0.0,DA-BALS-Stabilized,474,79.74683544303798,1.0548523206751055,19.198312236286917,0.0
301,1.0,10.0,0.5,DA-BALS-EWMA,474,78.48101265822784,1.6877637130801686,19.831223628691983,0.0
301,1.0,10.0,0.5,DA-BALS-EWMA-Cap,474,78.48101265822784,1.6877637130801686,19.831223628691983,0.0
301,1.0,10.0,0.5,DA-BALS-EWMA-Decay,474,78.48101265822784,1.6877637130801686,19.831223628691983,0.0
301,1.0,10.0,0.5,DA-BALS-Stabilized,474,78.48101265822784,1.6877637130801686,19.831223628691983,0.0
301,1.0,10.0,1.0,DA-BALS-EWMA,474,77.21518987341773,2.109704641350211,20.675105485232066,0.0
301,1.0,10.0,1.0,DA-BALS-EWMA-Cap,474,77.21518987341773,2.109704641350211,20.675105485232066,0.0
301,1.0,10.0,1.0,DA-BALS-EWMA-Decay,474,77.21518987341773,2.320675105485232,20.464135021097047,0.0
301,1.0,10.0,1.0,DA-BALS-Stabilized,474,77.21518987341773,2.320675105485232,20.464135021097047,0.0
301,1.0,50.0,0.0,DA-BALS-EWMA,474,79.53586497890295,1.0548523206751055,19.40928270042194,0.0
301,1.0,50.0,0.0,DA-BALS-EWMA-Cap,474,79.53586497890295,1.0548523206751055,19.40928270042194,0.0
301,1.0,50.0,0.0,DA-BALS-EWMA-Decay,474,79.74683544303798,1.0548523206751055,19.198312236286917,0.0
301,1.0,50.0,0.0,DA-BALS-Stabilized,474,79.74683544303798,1.0548523206751055,19.198312236286917,0.0
301,1.0,50.0,0.5,DA-BALS-EWMA,474,78.48101265822784,1.6877637130801686,19.831223628691983,0.0
301,1.0,50.0,0.5,DA-BALS-EWMA-Cap,474,78.48101265822784,1.6877637130801686,19.831223628691983,0.0
301,1.0,50.0,0.5,DA-BALS-EWMA-Decay,474,78.48101265822784,1.6877637130801686,19.831223628691983,0.0
301,1.0,50.0,0.5,DA-BALS-Stabilized,474,78.48101265822784,1.6877637130801686,19.831223628691983,0.0
301,1.0,50.0,1.0,DA-BALS-EWMA,474,77.21518987341773,2.109704641350211,20.675105485232066,0.0
301,1.0,50.0,1.0,DA-BALS-EWMA-Cap,474,77.21518987341773,2.109704641350211,20.675105485232066,0.0
301,1.0,50.0,1.0,DA-BALS-EWMA-Decay,474,77.21518987341773,2.320675105485232,20.464135021097047,0.0
301,1.0,50.0,1.0,DA-BALS-Stabilized,474,77.21518987341773,2.320675105485232,20.464135021097047,0.0
301,1.2,0.0,0.0,DA-BALS-EWMA,616,72.56493506493507,1.1363636363636365,26.2987012987013,0.0
301,1.2,0.0,0.0,DA-BALS-EWMA-Cap,616,72.56493506493507,1.1363636363636365,26.2987012987013,0.0
301,1.2,0.0,0.0,DA-BALS-EWMA-Decay,616,72.56493506493507,1.1363636363636365,26.2987012987013,0.0
301,1.2,0.0,0.0,DA-BALS-Stabilized,616,72.56493506493507,1.1363636363636365,26.2987012987013,0.0
301,1.2,0.0,0.5,DA-BALS-EWMA,616,71.5909090909091,2.1103896103896105,26.2987012987013,0.0
301,1.2,0.0,0.5,DA-BALS-EWMA-Cap,616,71.5909090909091,2.1103896103896105,26.2987012987013,0.0
301,1.2,0.0,0.5,DA-BALS-EWMA-Decay,616,71.5909090909091,2.1103896103896105,26.2987012987013,0.0
301,1.2,0.0,0.5,DA-BALS-Stabilized,616,71.5909090909091,2.1103896103896105,26.2987012987013,0.0
301,1.2,0.0,1.0,DA-BALS-EWMA,616,69.48051948051948,3.7337662337662336,26.785714285714285,0.0
301,1.2,0.0,1.0,DA-BALS-EWMA-Cap,616,69.48051948051948,3.7337662337662336,26.785714285714285,0.0
301,1.2,0.0,1.0,DA-BALS-EWMA-Decay,616,69.48051948051948,3.7337662337662336,26.785714285714285,0.0
301,1.2,0.0,1.0,DA-BALS-Stabilized,616,69.48051948051948,3.7337662337662336,26.785714285714285,0.0
301,1.2,10.0,0.0,DA-BALS-EWMA,616,72.56493506493507,1.1363636363636365,26.2987012987013,0.0
301,1.2,10.0,0.0,DA-BALS-EWMA-Cap,616,72.56493506493507,1.1363636363636365,26.2987012987013,0.0
301,1.2,10.0,0.0,DA-BALS-EWMA-Decay,616,72.56493506493507,1.1363636363636365,26.2987012987013,0.0
301,1.2,10.0,0.0,DA-BALS-Stabilized,616,72.56493506493507,1.1363636363636365,26.2987012987013,0.0
301,1.2,10.0,0.5,DA-BALS-EWMA,616,71.5909090909091,2.1103896103896105,26.2987012987013,0.0
301,1.2,10.0,0.5,DA-BALS-EWMA-Cap,616,71.5909090909091,2.1103896103896105,26.2987012987013,0.0
301,1.2,10.0,0.5,DA-BALS-EWMA-Decay,616,71.5909090909091,2.1103896103896105,26.2987012987013,0.0
301,1.2,10.0,0.5,DA-BALS-Stabilized,616,71.5909090909091,2.1103896103896105,26.2987012987013,0.0
301,1.2,10.0,1.0,DA-BALS-EWMA,616,69.48051948051948,3.896103896103896,26.623376623376622,0.0
301,1.2,10.0,1.0,DA-BALS-EWMA-Cap,616,69.48051948051948,3.896103896103896,26.623376623376622,0.0
301,1.2,10.0,1.0,DA-BALS-EWMA-Decay,616,69.48051948051948,3.896103896103896,26.623376623376622,0.0
301,1.2,10.0,1.0,DA-BALS-Stabilized,616,69.48051948051948,3.896103896103896,26.623376623376622,0.0
301,1.2,50.0,0.0,DA-BALS-EWMA,616,72.56493506493507,1.1363636363636365,26.2987012987013,0.0
301,1.2,50.0,0.0,DA-BALS-EWMA-Cap,616,72.56493506493507,1.1363636363636365,26.2987012987013,0.0
301,1.2,50.0,0.0,DA-BALS-EWMA-Decay,616,72.56493506493507,1.1363636363636365,26.2987012987013,0.0
301,1.2,50.0,0.0,DA-BALS-Stabilized,616,72.56493506493507,1.1363636363636365,26.2987012987013,0.0
301,1.2,50.0,0.5,DA-BALS-EWMA,616,71.5909090909091,2.1103896103896105,26.2987012987013,0.0
301,1.2,50.0,0.5,DA-BALS-EWMA-Cap,616,71.5909090909091,2.1103896103896105,26.2987012987013,0.0
301,1.2,50.0,0.5,DA-BALS-EWMA-Decay,616,71.5909090909091,2.1103896103896105,26.2987012987013,0.0
301,1.2,50.0,0.5,DA-BALS-Stabilized,616,71.5909090909091,2.1103896103896105,26.2987012987013,0.0
301,1.2,50.0,1.0,DA-BALS-EWMA,616,69.48051948051948,3.896103896103896,26.623376623376622,0.0
301,1.2,50.0,1.0,DA-BALS-EWMA-Cap,616,69.48051948051948,3.896103896103896,26.623376623376622,0.0
301,1.2,50.0,1.0,DA-BALS-EWMA-Decay,616,69.48051948051948,3.896103896103896,26.623376623376622,0.0
301,1.2,50.0,1.0,DA-BALS-Stabilized,616,69.48051948051948,3.896103896103896,26.623376623376622,0.0
302,0.2,0.0,0.0,DA-BALS-EWMA,110,95.45454545454545,0.0,4.545454545454546,0.0
302,0.2,0.0,0.0,DA-BALS-EWMA-Cap,110,95.45454545454545,0.0,4.545454545454546,0.0
302,0.2,0.0,0.0,DA-BALS-EWMA-Decay,110,95.45454545454545,0.9090909090909091,3.6363636363636362,0.0
302,0.2,0.0,0.0,DA-BALS-Stabilized,110,95.45454545454545,0.9090909090909091,3.6363636363636362,0.0
302,0.2,0.0,0.5,DA-BALS-EWMA,110,93.63636363636364,0.9090909090909091,5.454545454545454,0.0
302,0.2,0.0,0.5,DA-BALS-EWMA-Cap,110,93.63636363636364,0.9090909090909091,5.454545454545454,0.0
302,0.2,0.0,0.5,DA-BALS-EWMA-Decay,110,94.54545454545455,0.9090909090909091,4.545454545454546,0.0
302,0.2,0.0,0.5,DA-BALS-Stabilized,110,94.54545454545455,0.9090909090909091,4.545454545454546,0.0
302,0.2,0.0,1.0,DA-BALS-EWMA,110,91.81818181818183,2.727272727272727,5.454545454545454,0.0
302,0.2,0.0,1.0,DA-BALS-EWMA-Cap,110,91.81818181818183,2.727272727272727,5.454545454545454,0.0
302,0.2,0.0,1.0,DA-BALS-EWMA-Decay,110,91.81818181818183,2.727272727272727,5.454545454545454,0.0
302,0.2,0.0,1.0,DA-BALS-Stabilized,110,91.81818181818183,2.727272727272727,5.454545454545454,0.0
302,0.2,10.0,0.0,DA-BALS-EWMA,110,95.45454545454545,0.0,4.545454545454546,0.0
302,0.2,10.0,0.0,DA-BALS-EWMA-Cap,110,95.45454545454545,0.0,4.545454545454546,0.0
302,0.2,10.0,0.0,DA-BALS-EWMA-Decay,110,95.45454545454545,0.9090909090909091,3.6363636363636362,0.0
302,0.2,10.0,0.0,DA-BALS-Stabilized,110,95.45454545454545,0.9090909090909091,3.6363636363636362,0.0
302,0.2,10.0,0.5,DA-BALS-EWMA,110,93.63636363636364,0.9090909090909091,5.454545454545454,0.0
302,0.2,10.0,0.5,DA-BALS-EWMA-Cap,110,93.63636363636364,0.9090909090909091,5.454545454545454,0.0
302,0.2,10.0,0.5,DA-BALS-EWMA-Decay,110,94.54545454545455,0.9090909090909091,4.545454545454546,0.0
302,0.2,10.0,0.5,DA-BALS-Stabilized,110,94.54545454545455,0.9090909090909091,4.545454545454546,0.0
302,0.2,10.0,1.0,DA-BALS-EWMA,110,91.81818181818183,2.727272727272727,5.454545454545454,0.0
302,0.2,10.0,1.0,DA-BALS-EWMA-Cap,110,91.81818181818183,2.727272727272727,5.454545454545454,0.0
302,0.2,10.0,1.0,DA-BALS-EWMA-Decay,110,91.81818181818183,2.727272727272727,5.454545454545454,0.0
302,0.2,10.0,1.0,DA-BALS-Stabilized,110,91.81818181818183,2.727272727272727,5.454545454545454,0.0
302,0.2,50.0,0.0,DA-BALS-EWMA,110,95.45454545454545,0.0,4.545454545454546,0.0
302,0.2,50.0,0.0,DA-BALS-EWMA-Cap,110,95.45454545454545,0.0,4.545454545454546,0.0
302,0.2,50.0,0.0,DA-BALS-EWMA-Decay,110,95.45454545454545,0.9090909090909091,3.6363636363636362,0.0
302,0.2,50.0,0.0,DA-BALS-Stabilized,110,95.45454545454545,0.9090909090909091,3.6363636363636362,0.0
302,0.2,50.0,0.5,DA-BALS-EWMA,110,93.63636363636364,0.9090909090909091,5.454545454545454,0.0
302,0.2,50.0,0.5,DA-BALS-EWMA-Cap,110,93.63636363636364,0.9090909090909091,5.454545454545454,0.0
302,0.2,50.0,0.5,DA-BALS-EWMA-Decay,110,94.54545454545455,0.9090909090909091,4.545454545454546,0.0
302,0.2,50.0,0.5,DA-BALS-Stabilized,110,94.54545454545455,0.9090909090909091,4.545454545454546,0.0
302,0.2,50.0,1.0,DA-BALS-EWMA,110,91.81818181818183,2.727272727272727,5.454545454545454,0.0
302,0.2,50.0,1.0,DA-BALS-EWMA-Cap,110,91.81818181818183,2.727272727272727,5.454545454545454,0.0
302,0.2,50.0,1.0,DA-BALS-EWMA-Decay,110,91.81818181818183,2.727272727272727,5.454545454545454,0.0
302,0.2,50.0,1.0,DA-BALS-Stabilized,110,91.81818181818183,2.727272727272727,5.454545454545454,0.0
302,0.4,0.0,0.0,DA-BALS-EWMA,206,93.68932038834951,0.48543689320388345,5.825242718446602,0.0
302,0.4,0.0,0.0,DA-BALS-EWMA-Cap,206,93.68932038834951,0.48543689320388345,5.825242718446602,0.0
302,0.4,0.0,0.0,DA-BALS-EWMA-Decay,206,93.68932038834951,0.48543689320388345,5.825242718446602,0.0
302,0.4,0.0,0.0,DA-BALS-Stabilized,206,93.68932038834951,0.48543689320388345,5.825242718446602,0.0
302,0.4,0.0,0.5,DA-BALS-EWMA,206,93.20388349514563,0.9708737864077669,5.825242718446602,0.0
302,0.4,0.0,0.5,DA-BALS-EWMA-Cap,206,93.20388349514563,0.9708737864077669,5.825242718446602,0.0
302,0.4,0.0,0.5,DA-BALS-EWMA-Decay,206,93.20388349514563,0.9708737864077669,5.825242718446602,0.0
302,0.4,0.0,0.5,DA-BALS-Stabilized,206,93.20388349514563,0.9708737864077669,5.825242718446602,0.0
302,0.4,0.0,1.0,DA-BALS-EWMA,206,91.2621359223301,2.4271844660194173,6.310679611650485,0.0
302,0.4,0.0,1.0,DA-BALS-EWMA-Cap,206,91.2621359223301,2.4271844660194173,6.310679611650485,0.0
302,0.4,0.0,1.0,DA-BALS-EWMA-Decay,206,91.2621359223301,2.4271844660194173,6.310679611650485,0.0
302,0.4,0.0,1.0,DA-BALS-Stabilized,206,91.2621359223301,2.4271844660194173,6.310679611650485,0.0
302,0.4,10.0,0.0,DA-BALS-EWMA,206,93.68932038834951,0.48543689320388345,5.825242718446602,0.0
302,0.4,10.0,0.0,DA-BALS-EWMA-Cap,206,93.68932038834951,0.48543689320388345,5.825242718446602,0.0
302,0.4,10.0,0.0,DA-BALS-EWMA-Decay,206,93.68932038834951,0.48543689320388345,5.825242718446602,0.0
302,0.4,10.0,0.0,DA-BALS-Stabilized,206,93.68932038834951,0.48543689320388345,5.825242718446602,0.0
302,0.4,10.0,0.5,DA-BALS-EWMA,206,93.20388349514563,0.9708737864077669,5.825242718446602,0.0
302,0.4,10.0,0.5,DA-BALS-EWMA-Cap,206,93.20388349514563,0.9708737864077669,5.825242718446602,0.0
302,0.4,10.0,0.5,DA-BALS-EWMA-Decay,206,93.20388349514563,0.9708737864077669,5.825242718446602,0.0
302,0.4,10.0,0.5,DA-BALS-Stabilized,206,93.20388349514563,0.9708737864077669,5.825242718446602,0.0
302,0.4,10.0,1.0,DA-BALS-EWMA,206,91.2621359223301,2.4271844660194173,6.310679611650485,0.0
302,0.4,10.0,1.0,DA-BALS-EWMA-Cap,206,91.2621359223301,2.4271844660194173,6.310679611650485,0.0
302,0.4,10.0,1.0,DA-BALS-EWMA-Decay,206,91.2621359223301,2.4271844660194173,6.310679611650485,0.0
302,0.4,10.0,1.0,DA-BALS-Stabilized,206,91.2621359223301,2.4271844660194173,6.310679611650485,0.0
302,0.4,50.0,0.0,DA-BALS-EWMA,206,93.68932038834951,0.48543689320388345,5.825242718446602,0.0
302,0.4,50.0,0.0,DA-BALS-EWMA-Cap,206,93.68932038834951,0.48543689320388345,5.825242718446602,0.0
302,0.4,50.0,0.0,DA-BALS-EWMA-Decay,206,93.68932038834951,0.48543689320388345,5.825242718446602,0.0
302,0.4,50.0,0.0,DA-BALS-Stabilized,206,93.68932038834951,0.48543689320388345,5.825242718446602,0.0
302,0.4,50.0,0.5,DA-BALS-EWMA,206,93.20388349514563,0.9708737864077669,5.825242718446602,0.0
302,0.4,50.0,0.5,DA-BALS-EWMA-Cap,206,93.20388349514563,0.9708737864077669,5.825242718446602,0.0
302,0.4,50.0,0.5,DA-BALS-EWMA-Decay,206,93.20388349514563,0.9708737864077669,5.825242718446602,0.0
302,0.4,50.0,0.5,DA-BALS-Stabilized,206,93.20388349514563,0.9708737864077669,5.825242718446602,0.0
302,0.4,50.0,1.0,DA-BALS-EWMA,206,91.2621359223301,2.4271844660194173,6.310679611650485,0.0
302,0.4,50.0,1.0,DA-BALS-EWMA-Cap,206,91.2621359223301,2.4271844660194173,6.310679611650485,0.0
302,0.4,50.0,1.0,DA-BALS-EWMA-Decay,206,91.2621359223301,2.4271844660194173,6.310679611650485,0.0
302,0.4,50.0,1.0,DA-BALS-Stabilized,206,91.2621359223301,2.4271844660194173,6.310679611650485,0.0
302,0.6,0.0,0.0,DA-BALS-EWMA,318,88.36477987421384,0.0,11.635220125786164,0.0
302,0.6,0.0,0.0,DA-BALS-EWMA-Cap,318,88.36477987421384,0.0,11.635220125786164,0.0
302,0.6,0.0,0.0,DA-BALS-EWMA-Decay,318,88.36477987421384,0.0,11.635220125786164,0.0
302,0.6,0.0,0.0,DA-BALS-Stabilized,318,88.36477987421384,0.0,11.635220125786164,0.0
302,0.6,0.0,0.5,DA-BALS-EWMA,318,86.47798742138365,1.5723270440251573,11.949685534591195,0.0
302,0.6,0.0,0.5,DA-BALS-EWMA-Cap,318,86.47798742138365,1.5723270440251573,11.949685534591195,0.0
302,0.6,0.0,0.5,DA-BALS-EWMA-Decay,318,86.47798742138365,1.5723270440251573,11.949685534591195,0.0
302,0.6,0.0,0.5,DA-BALS-Stabilized,318,86.47798742138365,1.5723270440251573,11.949685534591195,0.0
302,0.6,0.0,1.0,DA-BALS-EWMA,318,82.38993710691824,3.459119496855346,14.150943396226415,0.0
302,0.6,0.0,1.0,DA-BALS-EWMA-Cap,318,82.38993710691824,3.459119496855346,14.150943396226415,0.0
302,0.6,0.0,1.0,DA-BALS-EWMA-Decay,318,82.70440251572327,3.7735849056603774,13.522012578616351,0.0
302,0.6,0.0,1.0,DA-BALS-Stabilized,318,82.70440251572327,3.7735849056603774,13.522012578616351,0.0
302,0.6,10.0,0.0,DA-BALS-EWMA,318,88.36477987421384,0.0,11.635220125786164,0.0
302,0.6,10.0,0.0,DA-BALS-EWMA-Cap,318,88.36477987421384,0.0,11.635220125786164,0.0
302,0.6,10.0,0.0,DA-BALS-EWMA-Decay,318,88.36477987421384,0.0,11.635220125786164,0.0
302,0.6,10.0,0.0,DA-BALS-Stabilized,318,88.36477987421384,0.0,11.635220125786164,0.0
302,0.6,10.0,0.5,DA-BALS-EWMA,318,86.47798742138365,1.5723270440251573,11.949685534591195,0.0
302,0.6,10.0,0.5,DA-BALS-EWMA-Cap,318,86.47798742138365,1.5723270440251573,11.949685534591195,0.0
302,0.6,10.0,0.5,DA-BALS-EWMA-Decay,318,86.47798742138365,1.5723270440251573,11.949685534591195,0.0
302,0.6,10.0,0.5,DA-BALS-Stabilized,318,86.47798742138365,1.5723270440251573,11.949685534591195,0.0
302,0.6,10.0,1.0,DA-BALS-EWMA,318,82.0754716981132,4.40251572327044,13.522012578616351,0.0
302,0.6,10.0,1.0,DA-BALS-EWMA-Cap,318,82.0754716981132,4.40251572327044,13.522012578616351,0.0
302,0.6,10.0,1.0,DA-BALS-EWMA-Decay,318,82.38993710691824,4.716981132075472,12.89308176100629,0.0
302,0.6,10.0,1.0,DA-BALS-Stabilized,318,82.38993710691824,4.716981132075472,12.89308176100629,0.0
302,0.6,50.0,0.0,DA-BALS-EWMA,318,88.36477987421384,0.0,11.635220125786164,0.0
302,0.6,50.0,0.0,DA-BALS-EWMA-Cap,318,88.36477987421384,0.0,11.635220125786164,0.0
302,0.6,50.0,0.0,DA-BALS-EWMA-Decay,318,88.36477987421384,0.0,11.635220125786164,0.0
302,0.6,50.0,0.0,DA-BALS-Stabilized,318,88.36477987421384,0.0,11.635220125786164,0.0
302,0.6,50.0,0.5,DA-BALS-EWMA,318,86.47798742138365,1.5723270440251573,11.949685534591195,0.0
302,0.6,50.0,0.5,DA-BALS-EWMA-Cap,318,86.47798742138365,1.5723270440251573,11.949685534591195,0.0
302,0.6,50.0,0.5,DA-BALS-EWMA-Decay,318,86.47798742138365,1.5723270440251573,11.949685534591195,0.0
302,0.6,50.0,0.5,DA-BALS-Stabilized,318,86.47798742138365,1.5723270440251573,11.949685534591195,0.0
302,0.6,50.0,1.0,DA-BALS-EWMA,318,82.0754716981132,4.40251572327044,13.522012578616351,0.0
302,0.6,50.0,1.0,DA-BALS-EWMA-Cap,318,82.0754716981132,4.40251572327044,13.522012578616351,0.0
302,0.6,50.0,1.0,DA-BALS-EWMA-Decay,318,82.38993710691824,4.716981132075472,12.89308176100629,0.0
302,0.6,50.0,1.0,DA-BALS-Stabilized,318,82.38993710691824,4.716981132075472,12.89308176100629,0.0
302,0.8,0.0,0.0,DA-BALS-EWMA,427,82.20140515222482,0.936768149882904,16.861826697892273,0.0
302,0.8,0.0,0.0,DA-BALS-EWMA-Cap,427,82.20140515222482,0.936768149882904,16.861826697892273,0.0
302,0.8,0.0,0.0,DA-BALS-EWMA-Decay,427,82.20140515222482,0.936768149882904,16.861826697892273,0.0
302,0.8,0.0,0.0,DA-BALS-Stabilized,427,82.20140515222482,0.936768149882904,16.861826697892273,0.0
302,0.8,0.0,0.5,DA-BALS-EWMA,427,80.32786885245902,2.107728337236534,17.56440281030445,0.0
302,0.8,0.0,0.5,DA-BALS-EWMA-Cap,427,80.32786885245902,2.107728337236534,17.56440281030445,0.0
302,0.8,0.0,0.5,DA-BALS-EWMA-Decay,427,80.56206088992974,2.107728337236534,17.330210772833723,0.0
302,0.8,0.0,0.5,DA-BALS-Stabilized,427,80.56206088992974,2.107728337236534,17.330210772833723,0.0
302,0.8,0.0,1.0,DA-BALS-EWMA,427,78.4543325526932,2.810304449648712,18.735362997658083,0.0
302,0.8,0.0,1.0,DA-BALS-EWMA-Cap,427,78.4543325526932,2.810304449648712,18.735362997658083,0.0
302,0.8,0.0,1.0,DA-BALS-EWMA-Decay,427,78.68852459016394,2.810304449648712,18.501170960187356,0.0
302,0.8,0.0,1.0,DA-BALS-Stabilized,427,78.68852459016394,2.810304449648712,18.501170960187356,0.0
302,0.8,10.0,0.0,DA-BALS-EWMA,427,82.20140515222482,0.936768149882904,16.861826697892273,0.0
302,0.8,10.0,0.0,DA-BALS-EWMA-Cap,427,82.20140515222482,0.936768149882904,16.861826697892273,0.0
302,0.8,10.0,0.0,DA-BALS-EWMA-Decay,427,82.20140515222482,0.936768149882904,16.861826697892273,0.0
302,0.8,10.0,0.0,DA-BALS-Stabilized,427,82.20140515222482,0.936768149882904,16.861826697892273,0.0
302,0.8,10.0,0.5,DA-BALS-EWMA,427,80.32786885245902,2.107728337236534,17.56440281030445,0.0
302,0.8,10.0,0.5,DA-BALS-EWMA-Cap,427,80.32786885245902,2.107728337236534,17.56440281030445,0.0
302,0.8,10.0,0.5,DA-BALS-EWMA-Decay,427,80.56206088992974,2.107728337236534,17.330210772833723,0.0
302,0.8,10.0,0.5,DA-BALS-Stabilized,427,80.56206088992974,2.107728337236534,17.330210772833723,0.0
302,0.8,10.0,1.0,DA-BALS-EWMA,427,78.4543325526932,3.278688524590164,18.26697892271663,0.0
302,0.8,10.0,1.0,DA-BALS-EWMA-Cap,427,78.4543325526932,3.278688524590164,18.26697892271663,0.0
302,0.8,10.0,1.0,DA-BALS-EWMA-Decay,427,78.4543325526932,3.278688524590164,18.26697892271663,0.0
302,0.8,10.0,1.0,DA-BALS-Stabilized,427,78.4543325526932,3.278688524590164,18.26697892271663,0.0
302,0.8,50.0,0.0,DA-BALS-EWMA,427,82.20140515222482,0.936768149882904,16.861826697892273,0.0
302,0.8,50.0,0.0,DA-BALS-EWMA-Cap,427,82.20140515222482,0.936768149882904,16.861826697892273,0.0
302,0.8,50.0,0.0,DA-BALS-EWMA-Decay,427,82.20140515222482,0.936768149882904,16.861826697892273,0.0
302,0.8,50.0,0.0,DA-BALS-Stabilized,427,82.20140515222482,0.936768149882904,16.861826697892273,0.0
302,0.8,50.0,0.5,DA-BALS-EWMA,427,80.32786885245902,2.107728337236534,17.56440281030445,0.0
302,0.8,50.0,0.5,DA-BALS-EWMA-Cap,427,80.32786885245902,2.107728337236534,17.56440281030445,0.0
302,0.8,50.0,0.5,DA-BALS-EWMA-Decay,427,80.56206088992974,2.107728337236534,17.330210772833723,0.0
302,0.8,50.0,0.5,DA-BALS-Stabilized,427,80.56206088992974,2.107728337236534,17.330210772833723,0.0
302,0.8,50.0,1.0,DA-BALS-EWMA,427,77.98594847775175,3.747072599531616,18.26697892271663,0.0
302,0.8,50.0,1.0,DA-BALS-EWMA-Cap,427,77.98594847775175,3.747072599531616,18.26697892271663,0.0
302,0.8,50.0,1.0,DA-BALS-EWMA-Decay,427,77.98594847775175,3.747072599531616,18.26697892271663,0.0
302,0.8,50.0,1.0,DA-BALS-Stabilized,427,77.98594847775175,3.747072599531616,18.26697892271663,0.0
302,1.0,0.0,0.0,DA-BALS-EWMA,519,77.84200385356455,0.7707129094412332,21.38728323699422,0.0
302,1.0,0.0,0.0,DA-BALS-EWMA-Cap,519,77.84200385356455,0.7707129094412332,21.38728323699422,0.0
302,1.0,0.0,0.0,DA-BALS-EWMA-Decay,519,77.84200385356455,0.7707129094412332,21.38728323699422,0.0
302,1.0,0.0,0.0,DA-BALS-Stabilized,519,77.84200385356455,0.7707129094412332,21.38728323699422,0.0
302,1.0,0.0,0.5,DA-BALS-EWMA,519,75.91522157996147,2.312138728323699,21.772639691714836,0.0
302,1.0,0.0,0.5,DA-BALS-EWMA-Cap,519,75.91522157996147,2.312138728323699,21.772639691714836,0.0
302,1.0,0.0,0.5,DA-BALS-EWMA-Decay,519,75.91522157996147,2.312138728323699,21.772639691714836,0.0
302,1.0,0.0,0.5,DA-BALS-Stabilized,519,75.91522157996147,2.312138728323699,21.772639691714836,0.0
302,1.0,0.0,1.0,DA-BALS-EWMA,519,74.18111753371869,3.8535645472061653,21.965317919075144,0.0
302,1.0,0.0,1.0,DA-BALS-EWMA-Cap,519,74.18111753371869,3.8535645472061653,21.965317919075144,0.0
302,1.0,0.0,1.0,DA-BALS-EWMA-Decay,519,74.18111753371869,3.8535645472061653,21.965317919075144,0.0
302,1.0,0.0,1.0,DA-BALS-Stabilized,519,74.18111753371869,3.8535645472061653,21.965317919075144,0.0
302,1.0,10.0,0.0,DA-BALS-EWMA,519,77.64932562620423,0.7707129094412332,21.57996146435453,0.0
302,1.0,10.0,0.0,DA-BALS-EWMA-Cap,519,77.64932562620423,0.7707129094412332,21.57996146435453,0.0
302,1.0,10.0,0.0,DA-BALS-EWMA-Decay,519,77.64932562620423,0.7707129094412332,21.57996146435453,0.0
302,1.0,10.0,0.0,DA-BALS-Stabilized,519,77.64932562620423,0.7707129094412332,21.57996146435453,0.0
302,1.0,10.0,0.5,DA-BALS-EWMA,519,75.91522157996147,2.312138728323699,21.772639691714836,0.0
302,1.0,10.0,0.5,DA-BALS-EWMA-Cap,519,75.91522157996147,2.312138728323699,21.772639691714836,0.0
302,1.0,10.0,0.5,DA-BALS-EWMA-Decay,519,75.91522157996147,2.312138728323699,21.772639691714836,0.0
302,1.0,10.0,0.5,DA-BALS-Stabilized,519,75.91522157996147,2.312138728323699,21.772639691714836,0.0
302,1.0,10.0,1.0,DA-BALS-EWMA,519,74.18111753371869,3.8535645472061653,21.965317919075144,0.0
302,1.0,10.0,1.0,DA-BALS-EWMA-Cap,519,74.18111753371869,3.8535645472061653,21.965317919075144,0.0
302,1.0,10.0,1.0,DA-BALS-EWMA-Decay,519,74.18111753371869,3.8535645472061653,21.965317919075144,0.0
302,1.0,10.0,1.0,DA-BALS-Stabilized,519,74.18111753371869,3.8535645472061653,21.965317919075144,0.0
302,1.0,50.0,0.0,DA-BALS-EWMA,519,77.64932562620423,0.7707129094412332,21.57996146435453,0.0
302,1.0,50.0,0.0,DA-BALS-EWMA-Cap,519,77.64932562620423,0.7707129094412332,21.57996146435453,0.0
302,1.0,50.0,0.0,DA-BALS-EWMA-Decay,519,77.64932562620423,0.7707129094412332,21.57996146435453,0.0
302,1.0,50.0,0.0,DA-BALS-Stabilized,519,77.64932562620423,0.7707129094412332,21.57996146435453,0.0
302,1.0,50.0,0.5,DA-BALS-EWMA,519,75.91522157996147,2.312138728323699,21.772639691714836,0.0
302,1.0,50.0,0.5,DA-BALS-EWMA-Cap,519,75.91522157996147,2.312138728323699,21.772639691714836,0.0
302,1.0,50.0,0.5,DA-BALS-EWMA-Decay,519,75.91522157996147,2.312138728323699,21.772639691714836,0.0
302,1.0,50.0,0.5,DA-BALS-Stabilized,519,75.91522157996147,2.312138728323699,21.772639691714836,0.0
302,1.0,50.0,1.0,DA-BALS-EWMA,519,74.18111753371869,3.8535645472061653,21.965317919075144,0.0
302,1.0,50.0,1.0,DA-BALS-EWMA-Cap,519,74.18111753371869,3.8535645472061653,21.965317919075144,0.0
302,1.0,50.0,1.0,DA-BALS-EWMA-Decay,519,74.18111753371869,3.8535645472061653,21.965317919075144,0.0
302,1.0,50.0,1.0,DA-BALS-Stabilized,519,74.18111753371869,3.8535645472061653,21.965317919075144,0.0
302,1.2,0.0,0.0,DA-BALS-EWMA,582,74.74226804123711,1.202749140893471,24.054982817869416,0.0
302,1.2,0.0,0.0,DA-BALS-EWMA-Cap,582,74.74226804123711,1.202749140893471,24.054982817869416,0.0
302,1.2,0.0,0.0,DA-BALS-EWMA-Decay,582,74.74226804123711,1.202749140893471,24.054982817869416,0.0
302,1.2,0.0,0.0,DA-BALS-Stabilized,582,74.74226804123711,1.202749140893471,24.054982817869416,0.0
302,1.2,0.0,0.5,DA-BALS-EWMA,582,73.8831615120275,1.718213058419244,24.398625429553263,0.0
302,1.2,0.0,0.5,DA-BALS-EWMA-Cap,582,73.8831615120275,1.718213058419244,24.398625429553263,0.0
302,1.2,0.0,0.5,DA-BALS-EWMA-Decay,582,73.8831615120275,1.718213058419244,24.398625429553263,0.0
302,1.2,0.0,0.5,DA-BALS-Stabilized,582,73.8831615120275,1.718213058419244,24.398625429553263,0.0
302,1.2,0.0,1.0,DA-BALS-EWMA,582,72.5085910652921,2.2336769759450172,25.257731958762886,0.0
302,1.2,0.0,1.0,DA-BALS-EWMA-Cap,582,72.5085910652921,2.2336769759450172,25.257731958762886,0.0
302,1.2,0.0,1.0,DA-BALS-EWMA-Decay,582,72.33676975945016,2.2336769759450172,25.42955326460481,0.0
302,1.2,0.0,1.0,DA-BALS-Stabilized,582,72.33676975945016,2.2336769759450172,25.42955326460481,0.0
302,1.2,10.0,0.0,DA-BALS-EWMA,582,74.74226804123711,1.202749140893471,24.054982817869416,0.0
302,1.2,10.0,0.0,DA-BALS-EWMA-Cap,582,74.74226804123711,1.202749140893471,24.054982817869416,0.0
302,1.2,10.0,0.0,DA-BALS-EWMA-Decay,582,74.74226804123711,1.202749140893471,24.054982817869416,0.0
302,1.2,10.0,0.0,DA-BALS-Stabilized,582,74.74226804123711,1.202749140893471,24.054982817869416,0.0
302,1.2,10.0,0.5,DA-BALS-EWMA,582,73.8831615120275,1.718213058419244,24.398625429553263,0.0
302,1.2,10.0,0.5,DA-BALS-EWMA-Cap,582,73.8831615120275,1.718213058419244,24.398625429553263,0.0
302,1.2,10.0,0.5,DA-BALS-EWMA-Decay,582,73.8831615120275,1.718213058419244,24.398625429553263,0.0
302,1.2,10.0,0.5,DA-BALS-Stabilized,582,73.8831615120275,1.718213058419244,24.398625429553263,0.0
302,1.2,10.0,1.0,DA-BALS-EWMA,582,72.5085910652921,2.0618556701030926,25.42955326460481,0.0
302,1.2,10.0,1.0,DA-BALS-EWMA-Cap,582,72.5085910652921,2.0618556701030926,25.42955326460481,0.0
302,1.2,10.0,1.0,DA-BALS-EWMA-Decay,582,72.33676975945016,2.405498281786942,25.257731958762886,0.0
302,1.2,10.0,1.0,DA-BALS-Stabilized,582,72.33676975945016,2.405498281786942,25.257731958762886,0.0
302,1.2,50.0,0.0,DA-BALS-EWMA,582,74.74226804123711,1.202749140893471,24.054982817869416,0.0
302,1.2,50.0,0.0,DA-BALS-EWMA-Cap,582,74.74226804123711,1.202749140893471,24.054982817869416,0.0
302,1.2,50.0,0.0,DA-BALS-EWMA-Decay,582,74.74226804123711,1.202749140893471,24.054982817869416,0.0
302,1.2,50.0,0.0,DA-BALS-Stabilized,582,74.74226804123711,1.202749140893471,24.054982817869416,0.0
302,1.2,50.0,0.5,DA-BALS-EWMA,582,73.8831615120275,1.718213058419244,24.398625429553263,0.0
302,1.2,50.0,0.5,DA-BALS-EWMA-Cap,582,73.8831615120275,1.718213058419244,24.398625429553263,0.0
302,1.2,50.0,0.5,DA-BALS-EWMA-Decay,582,73.8831615120275,1.718213058419244,24.398625429553263,0.0
302,1.2,50.0,0.5,DA-BALS-Stabilized,582,73.8831615120275,1.718213058419244,24.398625429553263,0.0
302,1.2,50.0,1.0,DA-BALS-EWMA,582,72.68041237113401,2.0618556701030926,25.257731958762886,0.0
302,1.2,50.0,1.0,DA-BALS-EWMA-Cap,582,72.68041237113401,2.0618556701030926,25.257731958762886,0.0
302,1.2,50.0,1.0,DA-BALS-EWMA-Decay,582,72.33676975945016,2.5773195876288657,25.085910652920962,0.0
302,1.2,50.0,1.0,DA-BALS-Stabilized,582,72.33676975945016,2.5773195876288657,25.085910652920962,0.0
303,0.2,0.0,0.0,DA-BALS-EWMA,102,96.07843137254902,0.0,3.9215686274509802,0.0
303,0.2,0.0,0.0,DA-BALS-EWMA-Cap,102,96.07843137254902,0.0,3.9215686274509802,0.0
303,0.2,0.0,0.0,DA-BALS-EWMA-Decay,102,96.07843137254902,0.0,3.9215686274509802,0.0
303,0.2,0.0,0.0,DA-BALS-Stabilized,102,96.07843137254902,0.0,3.9215686274509802,0.0
303,0.2,0.0,0.5,DA-BALS-EWMA,102,94.11764705882352,1.9607843137254901,3.9215686274509802,0.0
303,0.2,0.0,0.5,DA-BALS-EWMA-Cap,102,94.11764705882352,1.9607843137254901,3.9215686274509802,0.0
303,0.2,0.0,0.5,DA-BALS-EWMA-Decay,102,94.11764705882352,1.9607843137254901,3.9215686274509802,0.0
303,0.2,0.0,0.5,DA-BALS-Stabilized,102,94.11764705882352,1.9607843137254901,3.9215686274509802,0.0
303,0.2,0.0,1.0,DA-BALS-EWMA,102,92.15686274509804,2.941176470588235,4.901960784313726,0.0
303,0.2,0.0,1.0,DA-BALS-EWMA-Cap,102,92.15686274509804,2.941176470588235,4.901960784313726,0.0
303,0.2,0.0,1.0,DA-BALS-EWMA-Decay,102,92.15686274509804,2.941176470588235,4.901960784313726,0.0
303,0.2,0.0,1.0,DA-BALS-Stabilized,102,92.15686274509804,2.941176470588235,4.901960784313726,0.0
303,0.2,10.0,0.0,DA-BALS-EWMA,102,96.07843137254902,0.0,3.9215686274509802,0.0
303,0.2,10.0,0.0,DA-BALS-EWMA-Cap,102,96.07843137254902,0.0,3.9215686274509802,0.0
303,0.2,10.0,0.0,DA-BALS-EWMA-Decay,102,96.07843137254902,0.0,3.9215686274509802,0.0
303,0.2,10.0,0.0,DA-BALS-Stabilized,102,96.07843137254902,0.0,3.9215686274509802,0.0
303,0.2,10.0,0.5,DA-BALS-EWMA,102,94.11764705882352,1.9607843137254901,3.9215686274509802,0.0
303,0.2,10.0,0.5,DA-BALS-EWMA-Cap,102,94.11764705882352,1.9607843137254901,3.9215686274509802,0.0
303,0.2,10.0,0.5,DA-BALS-EWMA-Decay,102,94.11764705882352,1.9607843137254901,3.9215686274509802,0.0
303,0.2,10.0,0.5,DA-BALS-Stabilized,102,94.11764705882352,1.9607843137254901,3.9215686274509802,0.0
303,0.2,10.0,1.0,DA-BALS-EWMA,102,92.15686274509804,2.941176470588235,4.901960784313726,0.0
303,0.2,10.0,1.0,DA-BALS-EWMA-Cap,102,92.15686274509804,2.941176470588235,4.901960784313726,0.0
303,0.2,10.0,1.0,DA-BALS-EWMA-Decay,102,92.15686274509804,2.941176470588235,4.901960784313726,0.0
303,0.2,10.0,1.0,DA-BALS-Stabilized,102,92.15686274509804,2.941176470588235,4.901960784313726,0.0
303,0.2,50.0,0.0,DA-BALS-EWMA,102,96.07843137254902,0.0,3.9215686274509802,0.0
303,0.2,50.0,0.0,DA-BALS-EWMA-Cap,102,96.07843137254902,0.0,3.9215686274509802,0.0
303,0.2,50.0,0.0,DA-BALS-EWMA-Decay,102,96.07843137254902,0.0,3.9215686274509802,0.0
303,0.2,50.0,0.0,DA-BALS-Stabilized,102,96.07843137254902,0.0,3.9215686274509802,0.0
303,0.2,50.0,0.5,DA-BALS-EWMA,102,94.11764705882352,1.9607843137254901,3.9215686274509802,0.0
303,0.2,50.0,0.5,DA-BALS-EWMA-Cap,102,94.11764705882352,1.9607843137254901,3.9215686274509802,0.0
303,0.2,50.0,0.5,DA-BALS-EWMA-Decay,102,94.11764705882352,1.9607843137254901,3.9215686274509802,0.0
303,0.2,50.0,0.5,DA-BALS-Stabilized,102,94.11764705882352,1.9607843137254901,3.9215686274509802,0.0
303,0.2,50.0,1.0,DA-BALS-EWMA,102,92.15686274509804,2.941176470588235,4.901960784313726,0.0
303,0.2,50.0,1.0,DA-BALS-EWMA-Cap,102,92.15686274509804,2.941176470588235,4.901960784313726,0.0
303,0.2,50.0,1.0,DA-BALS-EWMA-Decay,102,92.15686274509804,2.941176470588235,4.901960784313726,0.0
303,0.2,50.0,1.0,DA-BALS-Stabilized,102,92.15686274509804,2.941176470588235,4.901960784313726,0.0
303,0.4,0.0,0.0,DA-BALS-EWMA,180,90.0,0.5555555555555556,9.444444444444445,0.0
303,0.4,0.0,0.0,DA-BALS-EWMA-Cap,180,90.0,0.5555555555555556,9.444444444444445,0.0
303,0.4,0.0,0.0,DA-BALS-EWMA-Decay,180,90.0,0.5555555555555556,9.444444444444445,0.0
303,0.4,0.0,0.0,DA-BALS-Stabilized,180,90.0,0.5555555555555556,9.444444444444445,0.0
303,0.4,0.0,0.5,DA-BALS-EWMA,180,88.88888888888889,1.1111111111111112,10.0,0.0
303,0.4,0.0,0.5,DA-BALS-EWMA-Cap,180,88.88888888888889,1.1111111111111112,10.0,0.0
303,0.4,0.0,0.5,DA-BALS-EWMA-Decay,180,88.88888888888889,1.6666666666666667,9.444444444444445,0.0
303,0.4,0.0,0.5,DA-BALS-Stabilized,180,88.88888888888889,1.6666666666666667,9.444444444444445,0.0
303,0.4,0.0,1.0,DA-BALS-EWMA,180,87.22222222222223,2.2222222222222223,10.555555555555555,0.0
303,0.4,0.0,1.0,DA-BALS-EWMA-Cap,180,87.22222222222223,2.2222222222222223,10.555555555555555,0.0
303,0.4,0.0,1.0,DA-BALS-EWMA-Decay,180,87.22222222222223,2.2222222222222223,10.555555555555555,0.0
303,0.4,0.0,1.0,DA-BALS-Stabilized,180,87.22222222222223,2.2222222222222223,10.555555555555555,0.0
303,0.4,10.0,0.0,DA-BALS-EWMA,180,90.0,0.5555555555555556,9.444444444444445,0.0
303,0.4,10.0,0.0,DA-BALS-EWMA-Cap,180,90.0,0.5555555555555556,9.444444444444445,0.0
303,0.4,10.0,0.0,DA-BALS-EWMA-Decay,180,90.0,0.5555555555555556,9.444444444444445,0.0
303,0.4,10.0,0.0,DA-BALS-Stabilized,180,90.0,0.5555555555555556,9.444444444444445,0.0
303,0.4,10.0,0.5,DA-BALS-EWMA,180,88.88888888888889,1.1111111111111112,10.0,0.0
303,0.4,10.0,0.5,DA-BALS-EWMA-Cap,180,88.88888888888889,1.1111111111111112,10.0,0.0
303,0.4,10.0,0.5,DA-BALS-EWMA-Decay,180,88.88888888888889,1.6666666666666667,9.444444444444445,0.0
303,0.4,10.0,0.5,DA-BALS-Stabilized,180,88.88888888888889,1.6666666666666667,9.444444444444445,0.0
303,0.4,10.0,1.0,DA-BALS-EWMA,180,87.22222222222223,2.7777777777777777,10.0,0.0
303,0.4,10.0,1.0,DA-BALS-EWMA-Cap,180,87.22222222222223,2.7777777777777777,10.0,0.0
303,0.4,10.0,1.0,DA-BALS-EWMA-Decay,180,87.22222222222223,2.7777777777777777,10.0,0.0
303,0.4,10.0,1.0,DA-BALS-Stabilized,180,87.22222222222223,2.7777777777777777,10.0,0.0
303,0.4,50.0,0.0,DA-BALS-EWMA,180,90.0,0.5555555555555556,9.444444444444445,0.0
303,0.4,50.0,0.0,DA-BALS-EWMA-Cap,180,90.0,0.5555555555555556,9.444444444444445,0.0
303,0.4,50.0,0.0,DA-BALS-EWMA-Decay,180,90.0,0.5555555555555556,9.444444444444445,0.0
303,0.4,50.0,0.0,DA-BALS-Stabilized,180,90.0,0.5555555555555556,9.444444444444445,0.0
303,0.4,50.0,0.5,DA-BALS-EWMA,180,88.88888888888889,1.1111111111111112,10.0,0.0
303,0.4,50.0,0.5,DA-BALS-EWMA-Cap,180,88.88888888888889,1.1111111111111112,10.0,0.0
303,0.4,50.0,0.5,DA-BALS-EWMA-Decay,180,88.88888888888889,1.6666666666666667,9.444444444444445,0.0
303,0.4,50.0,0.5,DA-BALS-Stabilized,180,88.88888888888889,1.6666666666666667,9.444444444444445,0.0
303,0.4,50.0,1.0,DA-BALS-EWMA,180,87.22222222222223,2.7777777777777777,10.0,0.0
303,0.4,50.0,1.0,DA-BALS-EWMA-Cap,180,87.22222222222223,2.7777777777777777,10.0,0.0
303,0.4,50.0,1.0,DA-BALS-EWMA-Decay,180,87.22222222222223,2.7777777777777777,10.0,0.0
303,0.4,50.0,1.0,DA-BALS-Stabilized,180,87.22222222222223,2.7777777777777777,10.0,0.0
303,0.6,0.0,0.0,DA-BALS-EWMA,321,89.7196261682243,0.3115264797507788,9.968847352024921,0.0
303,0.6,0.0,0.0,DA-BALS-EWMA-Cap,321,89.7196261682243,0.3115264797507788,9.968847352024921,0.0
303,0.6,0.0,0.0,DA-BALS-EWMA-Decay,321,89.7196261682243,0.3115264797507788,9.968847352024921,0.0
303,0.6,0.0,0.0,DA-BALS-Stabilized,321,89.7196261682243,0.3115264797507788,9.968847352024921,0.0
303,0.6,0.0,0.5,DA-BALS-EWMA,321,88.1619937694704,1.2461059190031152,10.59190031152648,0.0
303,0.6,0.0,0.5,DA-BALS-EWMA-Cap,321,88.1619937694704,1.2461059190031152,10.59190031152648,0.0
303,0.6,0.0,0.5,DA-BALS-EWMA-Decay,321,88.1619937694704,1.2461059190031152,10.59190031152648,0.0
303,0.6,0.0,0.5,DA-BALS-Stabilized,321,88.1619937694704,1.2461059190031152,10.59190031152648,0.0
303,0.6,0.0,1.0,DA-BALS-EWMA,321,85.35825545171339,3.115264797507788,11.526479750778815,0.0
303,0.6,0.0,1.0,DA-BALS-EWMA-Cap,321,85.35825545171339,3.115264797507788,11.526479750778815,0.0
303,0.6,0.0,1.0,DA-BALS-EWMA-Decay,321,85.35825545171339,3.4267912772585665,11.214953271028037,0.0
303,0.6,0.0,1.0,DA-BALS-Stabilized,321,85.35825545171339,3.4267912772585665,11.214953271028037,0.0
303,0.6,10.0,0.0,DA-BALS-EWMA,321,89.7196261682243,0.3115264797507788,9.968847352024921,0.0
303,0.6,10.0,0.0,DA-BALS-EWMA-Cap,321,89.7196261682243,0.3115264797507788,9.968847352024921,0.0
303,0.6,10.0,0.0,DA-BALS-EWMA-Decay,321,89.7196261682243,0.3115264797507788,9.968847352024921,0.0
303,0.6,10.0,0.0,DA-BALS-Stabilized,321,89.7196261682243,0.3115264797507788,9.968847352024921,0.0
303,0.6,10.0,0.5,DA-BALS-EWMA,321,88.1619937694704,1.2461059190031152,10.59190031152648,0.0
303,0.6,10.0,0.5,DA-BALS-EWMA-Cap,321,88.1619937694704,1.2461059190031152,10.59190031152648,0.0
303,0.6,10.0,0.5,DA-BALS-EWMA-Decay,321,88.1619937694704,1.2461059190031152,10.59190031152648,0.0
303,0.6,10.0,0.5,DA-BALS-Stabilized,321,88.1619937694704,1.2461059190031152,10.59190031152648,0.0
303,0.6,10.0,1.0,DA-BALS-EWMA,321,84.73520249221184,4.672897196261682,10.59190031152648,0.0
303,0.6,10.0,1.0,DA-BALS-EWMA-Cap,321,84.73520249221184,4.672897196261682,10.59190031152648,0.0
303,0.6,10.0,1.0,DA-BALS-EWMA-Decay,321,84.73520249221184,4.672897196261682,10.59190031152648,0.0
303,0.6,10.0,1.0,DA-BALS-Stabilized,321,84.73520249221184,4.672897196261682,10.59190031152648,0.0
303,0.6,50.0,0.0,DA-BALS-EWMA,321,89.7196261682243,0.3115264797507788,9.968847352024921,0.0
303,0.6,50.0,0.0,DA-BALS-EWMA-Cap,321,89.7196261682243,0.3115264797507788,9.968847352024921,0.0
303,0.6,50.0,0.0,DA-BALS-EWMA-Decay,321,89.7196261682243,0.3115264797507788,9.968847352024921,0.0
303,0.6,50.0,0.0,DA-BALS-Stabilized,321,89.7196261682243,0.3115264797507788,9.968847352024921,0.0
303,0.6,50.0,0.5,DA-BALS-EWMA,321,88.1619937694704,1.2461059190031152,10.59190031152648,0.0
303,0.6,50.0,0.5,DA-BALS-EWMA-Cap,321,88.1619937694704,1.2461059190031152,10.59190031152648,0.0
303,0.6,50.0,0.5,DA-BALS-EWMA-Decay,321,88.1619937694704,1.2461059190031152,10.59190031152648,0.0
303,0.6,50.0,0.5,DA-BALS-Stabilized,321,88.1619937694704,1.2461059190031152,10.59190031152648,0.0
303,0.6,50.0,1.0,DA-BALS-EWMA,321,85.04672897196261,4.361370716510903,10.59190031152648,0.0
303,0.6,50.0,1.0,DA-BALS-EWMA-Cap,321,85.04672897196261,4.361370716510903,10.59190031152648,0.0
303,0.6,50.0,1.0,DA-BALS-EWMA-Decay,321,84.73520249221184,4.672897196261682,10.59190031152648,0.0
303,0.6,50.0,1.0,DA-BALS-Stabilized,321,84.73520249221184,4.672897196261682,10.59190031152648,0.0
303,0.8,0.0,0.0,DA-BALS-EWMA,393,86.25954198473282,0.2544529262086514,13.486005089058525,0.0
303,0.8,0.0,0.0,DA-BALS-EWMA-Cap,393,86.25954198473282,0.2544529262086514,13.486005089058525,0.0
303,0.8,0.0,0.0,DA-BALS-EWMA-Decay,393,86.25954198473282,0.2544529262086514,13.486005089058525,0.0
303,0.8,0.0,0.0,DA-BALS-Stabilized,393,86.25954198473282,0.2544529262086514,13.486005089058525,0.0
303,0.8,0.0,0.5,DA-BALS-EWMA,393,84.98727735368958,1.5267175572519083,13.486005089058525,0.0
303,0.8,0.0,0.5,DA-BALS-EWMA-Cap,393,84.98727735368958,1.5267175572519083,13.486005089058525,0.0
303,0.8,0.0,0.5,DA-BALS-EWMA-Decay,393,84.98727735368958,1.5267175572519083,13.486005089058525,0.0
303,0.8,0.0,0.5,DA-BALS-Stabilized,393,84.98727735368958,1.5267175572519083,13.486005089058525,0.0
303,0.8,0.0,1.0,DA-BALS-EWMA,393,83.7150127226463,2.5445292620865136,13.740458015267176,0.0
303,0.8,0.0,1.0,DA-BALS-EWMA-Cap,393,83.7150127226463,2.5445292620865136,13.740458015267176,0.0
303,0.8,0.0,1.0,DA-BALS-EWMA-Decay,393,83.46055979643766,3.0534351145038165,13.486005089058525,0.0
303,0.8,0.0,1.0,DA-BALS-Stabilized,393,83.46055979643766,3.0534351145038165,13.486005089058525,0.0
303,0.8,10.0,0.0,DA-BALS-EWMA,393,86.25954198473282,0.2544529262086514,13.486005089058525,0.0
303,0.8,10.0,0.0,DA-BALS-EWMA-Cap,393,86.25954198473282,0.2544529262086514,13.486005089058525,0.0
303,0.8,10.0,0.0,DA-BALS-EWMA-Decay,393,86.25954198473282,0.2544529262086514,13.486005089058525,0.0
303,0.8,10.0,0.0,DA-BALS-Stabilized,393,86.25954198473282,0.2544529262086514,13.486005089058525,0.0
303,0.8,10.0,0.5,DA-BALS-EWMA,393,84.98727735368958,1.5267175572519083,13.486005089058525,0.0
303,0.8,10.0,0.5,DA-BALS-EWMA-Cap,393,84.98727735368958,1.5267175572519083,13.486005089058525,0.0
303,0.8,10.0,0.5,DA-BALS-EWMA-Decay,393,84.98727735368958,1.5267175572519083,13.486005089058525,0.0
303,0.8,10.0,0.5,DA-BALS-Stabilized,393,84.98727735368958,1.5267175572519083,13.486005089058525,0.0
303,0.8,10.0,1.0,DA-BALS-EWMA,393,83.7150127226463,2.5445292620865136,13.740458015267176,0.0
303,0.8,10.0,1.0,DA-BALS-EWMA-Cap,393,83.7150127226463,2.5445292620865136,13.740458015267176,0.0
303,0.8,10.0,1.0,DA-BALS-EWMA-Decay,393,83.46055979643766,3.0534351145038165,13.486005089058525,0.0
303,0.8,10.0,1.0,DA-BALS-Stabilized,393,83.46055979643766,3.0534351145038165,13.486005089058525,0.0
303,0.8,50.0,0.0,DA-BALS-EWMA,393,86.25954198473282,0.2544529262086514,13.486005089058525,0.0
303,0.8,50.0,0.0,DA-BALS-EWMA-Cap,393,86.25954198473282,0.2544529262086514,13.486005089058525,0.0
303,0.8,50.0,0.0,DA-BALS-EWMA-Decay,393,86.25954198473282,0.2544529262086514,13.486005089058525,0.0
303,0.8,50.0,0.0,DA-BALS-Stabilized,393,86.25954198473282,0.2544529262086514,13.486005089058525,0.0
303,0.8,50.0,0.5,DA-BALS-EWMA,393,84.98727735368958,1.5267175572519083,13.486005089058525,0.0
303,0.8,50.0,0.5,DA-BALS-EWMA-Cap,393,84.98727735368958,1.5267175572519083,13.486005089058525,0.0
303,0.8,50.0,0.5,DA-BALS-EWMA-Decay,393,84.98727735368958,1.5267175572519083,13.486005089058525,0.0
303,0.8,50.0,0.5,DA-BALS-Stabilized,393,84.98727735368958,1.5267175572519083,13.486005089058525,0.0
303,0.8,50.0,1.0,DA-BALS-EWMA,393,83.7150127226463,2.5445292620865136,13.740458015267176,0.0
303,0.8,50.0,1.0,DA-BALS-EWMA-Cap,393,83.7150127226463,2.5445292620865136,13.740458015267176,0.0
303,0.8,50.0,1.0,DA-BALS-EWMA-Decay,393,83.46055979643766,3.0534351145038165,13.486005089058525,0.0
303,0.8,50.0,1.0,DA-BALS-Stabilized,393,83.46055979643766,3.0534351145038165,13.486005089058525,0.0
303,1.0,0.0,0.0,DA-BALS-EWMA,511,77.10371819960861,1.36986301369863,21.52641878669276,0.0
303,1.0,0.0,0.0,DA-BALS-EWMA-Cap,511,77.10371819960861,1.36986301369863,21.52641878669276,0.0
303,1.0,0.0,0.0,DA-BALS-EWMA-Decay,511,77.10371819960861,1.36986301369863,21.52641878669276,0.0
303,1.0,0.0,0.0,DA-BALS-Stabilized,511,77.10371819960861,1.36986301369863,21.52641878669276,0.0
303,1.0,0.0,0.5,DA-BALS-EWMA,511,75.92954990215264,2.5440313111545985,21.52641878669276,0.0
303,1.0,0.0,0.5,DA-BALS-EWMA-Cap,511,75.92954990215264,2.5440313111545985,21.52641878669276,0.0
303,1.0,0.0,0.5,DA-BALS-EWMA-Decay,511,75.92954990215264,2.5440313111545985,21.52641878669276,0.0
303,1.0,0.0,0.5,DA-BALS-Stabilized,511,75.92954990215264,2.5440313111545985,21.52641878669276,0.0
303,1.0,0.0,1.0,DA-BALS-EWMA,511,71.23287671232876,5.6751467710371815,23.09197651663405,0.0
303,1.0,0.0,1.0,DA-BALS-EWMA-Cap,511,71.23287671232876,5.6751467710371815,23.09197651663405,0.0
303,1.0,0.0,1.0,DA-BALS-EWMA-Decay,511,71.42857142857143,5.870841487279844,22.700587084148726,0.0
303,1.0,0.0,1.0,DA-BALS-Stabilized,511,71.42857142857143,5.870841487279844,22.700587084148726,0.0
303,1.0,10.0,0.0,DA-BALS-EWMA,511,77.10371819960861,1.36986301369863,21.52641878669276,0.0
303,1.0,10.0,0.0,DA-BALS-EWMA-Cap,511,77.10371819960861,1.36986301369863,21.52641878669276,0.0
303,1.0,10.0,0.0,DA-BALS-EWMA-Decay,511,77.10371819960861,1.36986301369863,21.52641878669276,0.0
303,1.0,10.0,0.0,DA-BALS-Stabilized,511,77.10371819960861,1.36986301369863,21.52641878669276,0.0
303,1.0,10.0,0.5,DA-BALS-EWMA,511,75.92954990215264,2.5440313111545985,21.52641878669276,0.0
303,1.0,10.0,0.5,DA-BALS-EWMA-Cap,511,75.92954990215264,2.5440313111545985,21.52641878669276,0.0
303,1.0,10.0,0.5,DA-BALS-EWMA-Decay,511,75.92954990215264,2.5440313111545985,21.52641878669276,0.0
303,1.0,10.0,0.5,DA-BALS-Stabilized,511,75.92954990215264,2.5440313111545985,21.52641878669276,0.0
303,1.0,10.0,1.0,DA-BALS-EWMA,511,71.23287671232876,5.6751467710371815,23.09197651663405,0.0
303,1.0,10.0,1.0,DA-BALS-EWMA-Cap,511,71.23287671232876,5.6751467710371815,23.09197651663405,0.0
303,1.0,10.0,1.0,DA-BALS-EWMA-Decay,511,71.42857142857143,5.870841487279844,22.700587084148726,0.0
303,1.0,10.0,1.0,DA-BALS-Stabilized,511,71.42857142857143,5.870841487279844,22.700587084148726,0.0
303,1.0,50.0,0.0,DA-BALS-EWMA,511,77.10371819960861,1.36986301369863,21.52641878669276,0.0
303,1.0,50.0,0.0,DA-BALS-EWMA-Cap,511,77.10371819960861,1.36986301369863,21.52641878669276,0.0
303,1.0,50.0,0.0,DA-BALS-EWMA-Decay,511,77.10371819960861,1.36986301369863,21.52641878669276,0.0
303,1.0,50.0,0.0,DA-BALS-Stabilized,511,77.10371819960861,1.36986301369863,21.52641878669276,0.0
303,1.0,50.0,0.5,DA-BALS-EWMA,511,75.92954990215264,2.5440313111545985,21.52641878669276,0.0
303,1.0,50.0,0.5,DA-BALS-EWMA-Cap,511,75.92954990215264,2.5440313111545985,21.52641878669276,0.0
303,1.0,50.0,0.5,DA-BALS-EWMA-Decay,511,75.92954990215264,2.5440313111545985,21.52641878669276,0.0
303,1.0,50.0,0.5,DA-BALS-Stabilized,511,75.92954990215264,2.5440313111545985,21.52641878669276,0.0
303,1.0,50.0,1.0,DA-BALS-EWMA,511,71.23287671232876,5.6751467710371815,23.09197651663405,0.0
303,1.0,50.0,1.0,DA-BALS-EWMA-Cap,511,71.23287671232876,5.6751467710371815,23.09197651663405,0.0
303,1.0,50.0,1.0,DA-BALS-EWMA-Decay,511,71.42857142857143,5.870841487279844,22.700587084148726,0.0
303,1.0,50.0,1.0,DA-BALS-Stabilized,511,71.42857142857143,5.870841487279844,22.700587084148726,0.0
303,1.2,0.0,0.0,DA-BALS-EWMA,587,72.7427597955707,1.192504258943782,26.064735945485516,0.0
303,1.2,0.0,0.0,DA-BALS-EWMA-Cap,587,72.7427597955707,1.192504258943782,26.064735945485516,0.0
303,1.2,0.0,0.0,DA-BALS-EWMA-Decay,587,72.7427597955707,1.192504258943782,26.064735945485516,0.0
303,1.2,0.0,0.0,DA-BALS-Stabilized,587,72.7427597955707,1.192504258943782,26.064735945485516,0.0
303,1.2,0.0,0.5,DA-BALS-EWMA,587,69.84667802385009,3.577512776831346,26.575809199318567,0.0
303,1.2,0.0,0.5,DA-BALS-EWMA-Cap,587,69.84667802385009,3.577512776831346,26.575809199318567,0.0
303,1.2,0.0,0.5,DA-BALS-EWMA-Decay,587,69.84667802385009,3.577512776831346,26.575809199318567,0.0
303,1.2,0.0,0.5,DA-BALS-Stabilized,587,69.84667802385009,3.577512776831346,26.575809199318567,0.0
303,1.2,0.0,1.0,DA-BALS-EWMA,587,68.14310051107326,4.770017035775128,27.086882453151617,0.0
303,1.2,0.0,1.0,DA-BALS-EWMA-Cap,587,68.14310051107326,4.770017035775128,27.086882453151617,0.0
303,1.2,0.0,1.0,DA-BALS-EWMA-Decay,587,68.14310051107326,4.770017035775128,27.086882453151617,0.0
303,1.2,0.0,1.0,DA-BALS-Stabilized,587,68.14310051107326,4.770017035775128,27.086882453151617,0.0
303,1.2,10.0,0.0,DA-BALS-EWMA,587,72.7427597955707,1.192504258943782,26.064735945485516,0.0
303,1.2,10.0,0.0,DA-BALS-EWMA-Cap,587,72.7427597955707,1.192504258943782,26.064735945485516,0.0
303,1.2,10.0,0.0,DA-BALS-EWMA-Decay,587,72.7427597955707,1.192504258943782,26.064735945485516,0.0
303,1.2,10.0,0.0,DA-BALS-Stabilized,587,72.7427597955707,1.192504258943782,26.064735945485516,0.0
303,1.2,10.0,0.5,DA-BALS-EWMA,587,69.84667802385009,3.577512776831346,26.575809199318567,0.0
303,1.2,10.0,0.5,DA-BALS-EWMA-Cap,587,69.84667802385009,3.577512776831346,26.575809199318567,0.0
303,1.2,10.0,0.5,DA-BALS-EWMA-Decay,587,69.84667802385009,3.577512776831346,26.575809199318567,0.0
303,1.2,10.0,0.5,DA-BALS-Stabilized,587,69.84667802385009,3.577512776831346,26.575809199318567,0.0
303,1.2,10.0,1.0,DA-BALS-EWMA,587,67.97274275979557,5.110732538330494,26.916524701873932,0.0
303,1.2,10.0,1.0,DA-BALS-EWMA-Cap,587,67.97274275979557,5.110732538330494,26.916524701873932,0.0
303,1.2,10.0,1.0,DA-BALS-EWMA-Decay,587,67.97274275979557,5.110732538330494,26.916524701873932,0.0
303,1.2,10.0,1.0,DA-BALS-Stabilized,587,67.97274275979557,5.110732538330494,26.916524701873932,0.0
303,1.2,50.0,0.0,DA-BALS-EWMA,587,72.7427597955707,1.192504258943782,26.064735945485516,0.0
303,1.2,50.0,0.0,DA-BALS-EWMA-Cap,587,72.7427597955707,1.192504258943782,26.064735945485516,0.0
303,1.2,50.0,0.0,DA-BALS-EWMA-Decay,587,72.7427597955707,1.192504258943782,26.064735945485516,0.0
303,1.2,50.0,0.0,DA-BALS-Stabilized,587,72.7427597955707,1.192504258943782,26.064735945485516,0.0
303,1.2,50.0,0.5,DA-BALS-EWMA,587,69.84667802385009,3.577512776831346,26.575809199318567,0.0
303,1.2,50.0,0.5,DA-BALS-EWMA-Cap,587,69.84667802385009,3.577512776831346,26.575809199318567,0.0
303,1.2,50.0,0.5,DA-BALS-EWMA-Decay,587,69.84667802385009,3.577512776831346,26.575809199318567,0.0
303,1.2,50.0,0.5,DA-BALS-Stabilized,587,69.84667802385009,3.577512776831346,26.575809199318567,0.0
303,1.2,50.0,1.0,DA-BALS-EWMA,587,67.97274275979557,5.110732538330494,26.916524701873932,0.0
303,1.2,50.0,1.0,DA-BALS-EWMA-Cap,587,67.97274275979557,5.110732538330494,26.916524701873932,0.0
303,1.2,50.0,1.0,DA-BALS-EWMA-Decay,587,67.97274275979557,5.110732538330494,26.916524701873932,0.0
303,1.2,50.0,1.0,DA-BALS-Stabilized,587,67.97274275979557,5.110732538330494,26.916524701873932,0.0
304,0.2,0.0,0.0,DA-BALS-EWMA,90,94.44444444444444,0.0,5.555555555555555,0.0
304,0.2,0.0,0.0,DA-BALS-EWMA-Cap,90,94.44444444444444,0.0,5.555555555555555,0.0
304,0.2,0.0,0.0,DA-BALS-EWMA-Decay,90,94.44444444444444,0.0,5.555555555555555,0.0
304,0.2,0.0,0.0,DA-BALS-Stabilized,90,94.44444444444444,0.0,5.555555555555555,0.0
304,0.2,0.0,0.5,DA-BALS-EWMA,90,94.44444444444444,0.0,5.555555555555555,0.0
304,0.2,0.0,0.5,DA-BALS-EWMA-Cap,90,94.44444444444444,0.0,5.555555555555555,0.0
304,0.2,0.0,0.5,DA-BALS-EWMA-Decay,90,94.44444444444444,0.0,5.555555555555555,0.0
304,0.2,0.0,0.5,DA-BALS-Stabilized,90,94.44444444444444,0.0,5.555555555555555,0.0
304,0.2,0.0,1.0,DA-BALS-EWMA,90,92.22222222222223,1.1111111111111112,6.666666666666667,0.0
304,0.2,0.0,1.0,DA-BALS-EWMA-Cap,90,92.22222222222223,1.1111111111111112,6.666666666666667,0.0
304,0.2,0.0,1.0,DA-BALS-EWMA-Decay,90,93.33333333333333,1.1111111111111112,5.555555555555555,0.0
304,0.2,0.0,1.0,DA-BALS-Stabilized,90,93.33333333333333,1.1111111111111112,5.555555555555555,0.0
304,0.2,10.0,0.0,DA-BALS-EWMA,90,94.44444444444444,0.0,5.555555555555555,0.0
304,0.2,10.0,0.0,DA-BALS-EWMA-Cap,90,94.44444444444444,0.0,5.555555555555555,0.0
304,0.2,10.0,0.0,DA-BALS-EWMA-Decay,90,94.44444444444444,0.0,5.555555555555555,0.0
304,0.2,10.0,0.0,DA-BALS-Stabilized,90,94.44444444444444,0.0,5.555555555555555,0.0
304,0.2,10.0,0.5,DA-BALS-EWMA,90,94.44444444444444,0.0,5.555555555555555,0.0
304,0.2,10.0,0.5,DA-BALS-EWMA-Cap,90,94.44444444444444,0.0,5.555555555555555,0.0
304,0.2,10.0,0.5,DA-BALS-EWMA-Decay,90,94.44444444444444,0.0,5.555555555555555,0.0
304,0.2,10.0,0.5,DA-BALS-Stabilized,90,94.44444444444444,0.0,5.555555555555555,0.0
304,0.2,10.0,1.0,DA-BALS-EWMA,90,92.22222222222223,1.1111111111111112,6.666666666666667,0.0
304,0.2,10.0,1.0,DA-BALS-EWMA-Cap,90,92.22222222222223,1.1111111111111112,6.666666666666667,0.0
304,0.2,10.0,1.0,DA-BALS-EWMA-Decay,90,93.33333333333333,1.1111111111111112,5.555555555555555,0.0
304,0.2,10.0,1.0,DA-BALS-Stabilized,90,93.33333333333333,1.1111111111111112,5.555555555555555,0.0
304,0.2,50.0,0.0,DA-BALS-EWMA,90,94.44444444444444,0.0,5.555555555555555,0.0
304,0.2,50.0,0.0,DA-BALS-EWMA-Cap,90,94.44444444444444,0.0,5.555555555555555,0.0
304,0.2,50.0,0.0,DA-BALS-EWMA-Decay,90,94.44444444444444,0.0,5.555555555555555,0.0
304,0.2,50.0,0.0,DA-BALS-Stabilized,90,94.44444444444444,0.0,5.555555555555555,0.0
304,0.2,50.0,0.5,DA-BALS-EWMA,90,94.44444444444444,0.0,5.555555555555555,0.0
304,0.2,50.0,0.5,DA-BALS-EWMA-Cap,90,94.44444444444444,0.0,5.555555555555555,0.0
304,0.2,50.0,0.5,DA-BALS-EWMA-Decay,90,94.44444444444444,0.0,5.555555555555555,0.0
304,0.2,50.0,0.5,DA-BALS-Stabilized,90,94.44444444444444,0.0,5.555555555555555,0.0
304,0.2,50.0,1.0,DA-BALS-EWMA,90,92.22222222222223,1.1111111111111112,6.666666666666667,0.0
304,0.2,50.0,1.0,DA-BALS-EWMA-Cap,90,92.22222222222223,1.1111111111111112,6.666666666666667,0.0
304,0.2,50.0,1.0,DA-BALS-EWMA-Decay,90,93.33333333333333,1.1111111111111112,5.555555555555555,0.0
304,0.2,50.0,1.0,DA-BALS-Stabilized,90,93.33333333333333,1.1111111111111112,5.555555555555555,0.0
304,0.4,0.0,0.0,DA-BALS-EWMA,183,93.98907103825137,0.0,6.0109289617486334,0.0
304,0.4,0.0,0.0,DA-BALS-EWMA-Cap,183,93.98907103825137,0.0,6.0109289617486334,0.0
304,0.4,0.0,0.0,DA-BALS-EWMA-Decay,183,93.98907103825137,0.0,6.0109289617486334,0.0
304,0.4,0.0,0.0,DA-BALS-Stabilized,183,93.98907103825137,0.0,6.0109289617486334,0.0
304,0.4,0.0,0.5,DA-BALS-EWMA,183,93.44262295081968,0.546448087431694,6.0109289617486334,0.0
304,0.4,0.0,0.5,DA-BALS-EWMA-Cap,183,93.44262295081968,0.546448087431694,6.0109289617486334,0.0
304,0.4,0.0,0.5,DA-BALS-EWMA-Decay,183,93.44262295081968,0.546448087431694,6.0109289617486334,0.0
304,0.4,0.0,0.5,DA-BALS-Stabilized,183,93.44262295081968,0.546448087431694,6.0109289617486334,0.0
304,0.4,0.0,1.0,DA-BALS-EWMA,183,91.80327868852459,2.185792349726776,6.0109289617486334,0.0
304,0.4,0.0,1.0,DA-BALS-EWMA-Cap,183,91.80327868852459,2.185792349726776,6.0109289617486334,0.0
304,0.4,0.0,1.0,DA-BALS-EWMA-Decay,183,91.80327868852459,2.185792349726776,6.0109289617486334,0.0
304,0.4,0.0,1.0,DA-BALS-Stabilized,183,91.80327868852459,2.185792349726776,6.0109289617486334,0.0
304,0.4,10.0,0.0,DA-BALS-EWMA,183,93.98907103825137,0.0,6.0109289617486334,0.0
304,0.4,10.0,0.0,DA-BALS-EWMA-Cap,183,93.98907103825137,0.0,6.0109289617486334,0.0
304,0.4,10.0,0.0,DA-BALS-EWMA-Decay,183,93.98907103825137,0.0,6.0109289617486334,0.0
304,0.4,10.0,0.0,DA-BALS-Stabilized,183,93.98907103825137,0.0,6.0109289617486334,0.0
304,0.4,10.0,0.5,DA-BALS-EWMA,183,93.44262295081968,0.546448087431694,6.0109289617486334,0.0
304,0.4,10.0,0.5,DA-BALS-EWMA-Cap,183,93.44262295081968,0.546448087431694,6.0109289617486334,0.0
304,0.4,10.0,0.5,DA-BALS-EWMA-Decay,183,93.44262295081968,0.546448087431694,6.0109289617486334,0.0
304,0.4,10.0,0.5,DA-BALS-Stabilized,183,93.44262295081968,0.546448087431694,6.0109289617486334,0.0
304,0.4,10.0,1.0,DA-BALS-EWMA,183,91.80327868852459,2.185792349726776,6.0109289617486334,0.0
304,0.4,10.0,1.0,DA-BALS-EWMA-Cap,183,91.80327868852459,2.185792349726776,6.0109289617486334,0.0
304,0.4,10.0,1.0,DA-BALS-EWMA-Decay,183,91.80327868852459,2.185792349726776,6.0109289617486334,0.0
304,0.4,10.0,1.0,DA-BALS-Stabilized,183,91.80327868852459,2.185792349726776,6.0109289617486334,0.0
304,0.4,50.0,0.0,DA-BALS-EWMA,183,93.98907103825137,0.0,6.0109289617486334,0.0
304,0.4,50.0,0.0,DA-BALS-EWMA-Cap,183,93.98907103825137,0.0,6.0109289617486334,0.0
304,0.4,50.0,0.0,DA-BALS-EWMA-Decay,183,93.98907103825137,0.0,6.0109289617486334,0.0
304,0.4,50.0,0.0,DA-BALS-Stabilized,183,93.98907103825137,0.0,6.0109289617486334,0.0
304,0.4,50.0,0.5,DA-BALS-EWMA,183,93.44262295081968,0.546448087431694,6.0109289617486334,0.0
304,0.4,50.0,0.5,DA-BALS-EWMA-Cap,183,93.44262295081968,0.546448087431694,6.0109289617486334,0.0
304,0.4,50.0,0.5,DA-BALS-EWMA-Decay,183,93.44262295081968,0.546448087431694,6.0109289617486334,0.0
304,0.4,50.0,0.5,DA-BALS-Stabilized,183,93.44262295081968,0.546448087431694,6.0109289617486334,0.0
304,0.4,50.0,1.0,DA-BALS-EWMA,183,91.80327868852459,2.185792349726776,6.0109289617486334,0.0
304,0.4,50.0,1.0,DA-BALS-EWMA-Cap,183,91.80327868852459,2.185792349726776,6.0109289617486334,0.0
304,0.4,50.0,1.0,DA-BALS-EWMA-Decay,183,91.80327868852459,2.185792349726776,6.0109289617486334,0.0
304,0.4,50.0,1.0,DA-BALS-Stabilized,183,91.80327868852459,2.185792349726776,6.0109289617486334,0.0
304,0.6,0.0,0.0,DA-BALS-EWMA,299,90.63545150501672,0.33444816053511706,9.03010033444816,0.0
304,0.6,0.0,0.0,DA-BALS-EWMA-Cap,299,90.63545150501672,0.33444816053511706,9.03010033444816,0.0
304,0.6,0.0,0.0,DA-BALS-EWMA-Decay,299,90.63545150501672,0.33444816053511706,9.03010033444816,0.0
304,0.6,0.0,0.0,DA-BALS-Stabilized,299,90.63545150501672,0.33444816053511706,9.03010033444816,0.0
304,0.6,0.0,0.5,DA-BALS-EWMA,299,89.63210702341136,0.6688963210702341,9.698996655518394,0.0
304,0.6,0.0,0.5,DA-BALS-EWMA-Cap,299,89.63210702341136,0.6688963210702341,9.698996655518394,0.0
304,0.6,0.0,0.5,DA-BALS-EWMA-Decay,299,89.63210702341136,0.6688963210702341,9.698996655518394,0.0
304,0.6,0.0,0.5,DA-BALS-Stabilized,299,89.63210702341136,0.6688963210702341,9.698996655518394,0.0
304,0.6,0.0,1.0,DA-BALS-EWMA,299,87.29096989966555,2.6755852842809364,10.033444816053512,0.0
304,0.6,0.0,1.0,DA-BALS-EWMA-Cap,299,87.29096989966555,2.6755852842809364,10.033444816053512,0.0
304,0.6,0.0,1.0,DA-BALS-EWMA-Decay,299,87.29096989966555,2.6755852842809364,10.033444816053512,0.0
304,0.6,0.0,1.0,DA-BALS-Stabilized,299,87.29096989966555,2.6755852842809364,10.033444816053512,0.0
304,0.6,10.0,0.0,DA-BALS-EWMA,299,90.63545150501672,0.33444816053511706,9.03010033444816,0.0
304,0.6,10.0,0.0,DA-BALS-EWMA-Cap,299,90.63545150501672,0.33444816053511706,9.03010033444816,0.0
304,0.6,10.0,0.0,DA-BALS-EWMA-Decay,299,90.63545150501672,0.33444816053511706,9.03010033444816,0.0
304,0.6,10.0,0.0,DA-BALS-Stabilized,299,90.63545150501672,0.33444816053511706,9.03010033444816,0.0
304,0.6,10.0,0.5,DA-BALS-EWMA,299,89.63210702341136,0.6688963210702341,9.698996655518394,0.0
304,0.6,10.0,0.5,DA-BALS-EWMA-Cap,299,89.63210702341136,0.6688963210702341,9.698996655518394,0.0
304,0.6,10.0,0.5,DA-BALS-EWMA-Decay,299,89.63210702341136,0.6688963210702341,9.698996655518394,0.0
304,0.6,10.0,0.5,DA-BALS-Stabilized,299,89.63210702341136,0.6688963210702341,9.698996655518394,0.0
304,0.6,10.0,1.0,DA-BALS-EWMA,299,86.62207357859532,3.0100334448160537,10.367892976588628,0.0
304,0.6,10.0,1.0,DA-BALS-EWMA-Cap,299,86.62207357859532,3.0100334448160537,10.367892976588628,0.0
304,0.6,10.0,1.0,DA-BALS-EWMA-Decay,299,86.95652173913044,3.0100334448160537,10.033444816053512,0.0
304,0.6,10.0,1.0,DA-BALS-Stabilized,299,86.95652173913044,3.0100334448160537,10.033444816053512,0.0
304,0.6,50.0,0.0,DA-BALS-EWMA,299,90.63545150501672,0.33444816053511706,9.03010033444816,0.0
304,0.6,50.0,0.0,DA-BALS-EWMA-Cap,299,90.63545150501672,0.33444816053511706,9.03010033444816,0.0
304,0.6,50.0,0.0,DA-BALS-EWMA-Decay,299,90.63545150501672,0.33444816053511706,9.03010033444816,0.0
304,0.6,50.0,0.0,DA-BALS-Stabilized,299,90.63545150501672,0.33444816053511706,9.03010033444816,0.0
304,0.6,50.0,0.5,DA-BALS-EWMA,299,89.63210702341136,0.6688963210702341,9.698996655518394,0.0
304,0.6,50.0,0.5,DA-BALS-EWMA-Cap,299,89.63210702341136,0.6688963210702341,9.698996655518394,0.0
304,0.6,50.0,0.5,DA-BALS-EWMA-Decay,299,89.63210702341136,0.6688963210702341,9.698996655518394,0.0
304,0.6,50.0,0.5,DA-BALS-Stabilized,299,89.63210702341136,0.6688963210702341,9.698996655518394,0.0
304,0.6,50.0,1.0,DA-BALS-EWMA,299,86.62207357859532,3.0100334448160537,10.367892976588628,0.0
304,0.6,50.0,1.0,DA-BALS-EWMA-Cap,299,86.62207357859532,3.0100334448160537,10.367892976588628,0.0
304,0.6,50.0,1.0,DA-BALS-EWMA-Decay,299,86.95652173913044,3.0100334448160537,10.033444816053512,0.0
304,0.6,50.0,1.0,DA-BALS-Stabilized,299,86.95652173913044,3.0100334448160537,10.033444816053512,0.0
304,0.8,0.0,0.0,DA-BALS-EWMA,395,84.05063291139241,1.0126582278481013,14.936708860759493,0.0
304,0.8,0.0,0.0,DA-BALS-EWMA-Cap,395,84.05063291139241,1.0126582278481013,14.936708860759493,0.0
304,0.8,0.0,0.0,DA-BALS-EWMA-Decay,395,84.05063291139241,1.0126582278481013,14.936708860759493,0.0
304,0.8,0.0,0.0,DA-BALS-Stabilized,395,84.05063291139241,1.0126582278481013,14.936708860759493,0.0
304,0.8,0.0,0.5,DA-BALS-EWMA,395,83.54430379746836,1.0126582278481013,15.443037974683543,0.0
304,0.8,0.0,0.5,DA-BALS-EWMA-Cap,395,83.54430379746836,1.0126582278481013,15.443037974683543,0.0
304,0.8,0.0,0.5,DA-BALS-EWMA-Decay,395,83.54430379746836,1.0126582278481013,15.443037974683543,0.0
304,0.8,0.0,0.5,DA-BALS-Stabilized,395,83.54430379746836,1.0126582278481013,15.443037974683543,0.0
304,0.8,0.0,1.0,DA-BALS-EWMA,395,81.77215189873418,2.278481012658228,15.949367088607595,0.0
304,0.8,0.0,1.0,DA-BALS-EWMA-Cap,395,81.77215189873418,2.278481012658228,15.949367088607595,0.0
304,0.8,0.0,1.0,DA-BALS-EWMA-Decay,395,81.77215189873418,2.278481012658228,15.949367088607595,0.0
304,0.8,0.0,1.0,DA-BALS-Stabilized,395,81.77215189873418,2.278481012658228,15.949367088607595,0.0
304,0.8,10.0,0.0,DA-BALS-EWMA,395,84.05063291139241,1.0126582278481013,14.936708860759493,0.0
304,0.8,10.0,0.0,DA-BALS-EWMA-Cap,395,84.05063291139241,1.0126582278481013,14.936708860759493,0.0
304,0.8,10.0,0.0,DA-BALS-EWMA-Decay,395,84.05063291139241,1.0126582278481013,14.936708860759493,0.0
304,0.8,10.0,0.0,DA-BALS-Stabilized,395,84.05063291139241,1.0126582278481013,14.936708860759493,0.0
304,0.8,10.0,0.5,DA-BALS-EWMA,395,83.54430379746836,0.7594936708860759,15.69620253164557,0.0
304,0.8,10.0,0.5,DA-BALS-EWMA-Cap,395,83.54430379746836,0.7594936708860759,15.69620253164557,0.0
304,0.8,10.0,0.5,DA-BALS-EWMA-Decay,395,83.54430379746836,1.0126582278481013,15.443037974683543,0.0
304,0.8,10.0,0.5,DA-BALS-Stabilized,395,83.54430379746836,1.0126582278481013,15.443037974683543,0.0
304,0.8,10.0,1.0,DA-BALS-EWMA,395,81.77215189873418,2.5316455696202533,15.69620253164557,0.0
304,0.8,10.0,1.0,DA-BALS-EWMA-Cap,395,81.77215189873418,2.5316455696202533,15.69620253164557,0.0
304,0.8,10.0,1.0,DA-BALS-EWMA-Decay,395,81.77215189873418,2.5316455696202533,15.69620253164557,0.0
304,0.8,10.0,1.0,DA-BALS-Stabilized,395,81.77215189873418,2.5316455696202533,15.69620253164557,0.0
304,0.8,50.0,0.0,DA-BALS-EWMA,395,84.05063291139241,1.0126582278481013,14.936708860759493,0.0
304,0.8,50.0,0.0,DA-BALS-EWMA-Cap,395,84.05063291139241,1.0126582278481013,14.936708860759493,0.0
304,0.8,50.0,0.0,DA-BALS-EWMA-Decay,395,84.05063291139241,1.0126582278481013,14.936708860759493,0.0
304,0.8,50.0,0.0,DA-BALS-Stabilized,395,84.05063291139241,1.0126582278481013,14.936708860759493,0.0
304,0.8,50.0,0.5,DA-BALS-EWMA,395,83.54430379746836,0.7594936708860759,15.69620253164557,0.0
304,0.8,50.0,0.5,DA-BALS-EWMA-Cap,395,83.54430379746836,0.7594936708860759,15.69620253164557,0.0
304,0.8,50.0,0.5,DA-BALS-EWMA-Decay,395,83.54430379746836,1.0126582278481013,15.443037974683543,0.0
304,0.8,50.0,0.5,DA-BALS-Stabilized,395,83.54430379746836,1.0126582278481013,15.443037974683543,0.0
304,0.8,50.0,1.0,DA-BALS-EWMA,395,81.77215189873418,2.5316455696202533,15.69620253164557,0.0
304,0.8,50.0,1.0,DA-BALS-EWMA-Cap,395,81.77215189873418,2.5316455696202533,15.69620253164557,0.0
304,0.8,50.0,1.0,DA-BALS-EWMA-Decay,395,81.77215189873418,2.5316455696202533,15.69620253164557,0.0
304,0.8,50.0,1.0,DA-BALS-Stabilized,395,81.77215189873418,2.5316455696202533,15.69620253164557,0.0
304,1.0,0.0,0.0,DA-BALS-EWMA,513,76.41325536062378,0.9746588693957114,22.612085769980506,0.0
304,1.0,0.0,0.0,DA-BALS-EWMA-Cap,513,76.41325536062378,0.9746588693957114,22.612085769980506,0.0
304,1.0,0.0,0.0,DA-BALS-EWMA-Decay,513,76.60818713450293,0.9746588693957114,22.417153996101362,0.0
304,1.0,0.0,0.0,DA-BALS-Stabilized,513,76.60818713450293,0.9746588693957114,22.417153996101362,0.0
304,1.0,0.0,0.5,DA-BALS-EWMA,513,75.24366471734892,1.7543859649122806,23.00194931773879,0.0
304,1.0,0.0,0.5,DA-BALS-EWMA-Cap,513,75.24366471734892,1.7543859649122806,23.00194931773879,0.0
304,1.0,0.0,0.5,DA-BALS-EWMA-Decay,513,75.24366471734892,1.7543859649122806,23.00194931773879,0.0
304,1.0,0.0,0.5,DA-BALS-Stabilized,513,75.24366471734892,1.7543859649122806,23.00194931773879,0.0
304,1.0,0.0,1.0,DA-BALS-EWMA,513,72.31968810916179,3.313840155945419,24.366471734892787,0.0
304,1.0,0.0,1.0,DA-BALS-EWMA-Cap,513,72.31968810916179,3.313840155945419,24.366471734892787,0.0
304,1.0,0.0,1.0,DA-BALS-EWMA-Decay,513,72.31968810916179,3.7037037037037033,23.976608187134502,0.0
304,1.0,0.0,1.0,DA-BALS-Stabilized,513,72.31968810916179,3.7037037037037033,23.976608187134502,0.0
304,1.0,10.0,0.0,DA-BALS-EWMA,513,76.41325536062378,0.9746588693957114,22.612085769980506,0.0
304,1.0,10.0,0.0,DA-BALS-EWMA-Cap,513,76.41325536062378,0.9746588693957114,22.612085769980506,0.0
304,1.0,10.0,0.0,DA-BALS-EWMA-Decay,513,76.60818713450293,0.9746588693957114,22.417153996101362,0.0
304,1.0,10.0,0.0,DA-BALS-Stabilized,513,76.60818713450293,0.9746588693957114,22.417153996101362,0.0
304,1.0,10.0,0.5,DA-BALS-EWMA,513,74.85380116959064,1.7543859649122806,23.391812865497073,0.0
304,1.0,10.0,0.5,DA-BALS-EWMA-Cap,513,74.85380116959064,1.7543859649122806,23.391812865497073,0.0
304,1.0,10.0,0.5,DA-BALS-EWMA-Decay,513,75.04873294346979,1.7543859649122806,23.196881091617932,0.0
304,1.0,10.0,0.5,DA-BALS-Stabilized,513,75.04873294346979,1.7543859649122806,23.196881091617932,0.0
304,1.0,10.0,1.0,DA-BALS-EWMA,513,71.9298245614035,3.7037037037037033,24.366471734892787,0.0
304,1.0,10.0,1.0,DA-BALS-EWMA-Cap,513,71.9298245614035,3.7037037037037033,24.366471734892787,0.0
304,1.0,10.0,1.0,DA-BALS-EWMA-Decay,513,72.31968810916179,3.898635477582846,23.781676413255358,0.0
304,1.0,10.0,1.0,DA-BALS-Stabilized,513,72.31968810916179,3.898635477582846,23.781676413255358,0.0
304,1.0,50.0,0.0,DA-BALS-EWMA,513,76.41325536062378,0.9746588693957114,22.612085769980506,0.0
304,1.0,50.0,0.0,DA-BALS-EWMA-Cap,513,76.41325536062378,0.9746588693957114,22.612085769980506,0.0
304,1.0,50.0,0.0,DA-BALS-EWMA-Decay,513,76.60818713450293,0.9746588693957114,22.417153996101362,0.0
304,1.0,50.0,0.0,DA-BALS-Stabilized,513,76.60818713450293,0.9746588693957114,22.417153996101362,0.0
304,1.0,50.0,0.5,DA-BALS-EWMA,513,74.85380116959064,1.7543859649122806,23.391812865497073,0.0
304,1.0,50.0,0.5,DA-BALS-EWMA-Cap,513,74.85380116959064,1.7543859649122806,23.391812865497073,0.0
304,1.0,50.0,0.5,DA-BALS-EWMA-Decay,513,75.04873294346979,1.7543859649122806,23.196881091617932,0.0
304,1.0,50.0,0.5,DA-BALS-Stabilized,513,75.04873294346979,1.7543859649122806,23.196881091617932,0.0
304,1.0,50.0,1.0,DA-BALS-EWMA,513,71.9298245614035,3.898635477582846,24.171539961013643,0.0
304,1.0,50.0,1.0,DA-BALS-EWMA-Cap,513,71.9298245614035,3.898635477582846,24.171539961013643,0.0
304,1.0,50.0,1.0,DA-BALS-EWMA-Decay,513,72.12475633528264,4.093567251461988,23.781676413255358,0.0
304,1.0,50.0,1.0,DA-BALS-Stabilized,513,72.12475633528264,4.093567251461988,23.781676413255358,0.0
304,1.2,0.0,0.0,DA-BALS-EWMA,593,73.0185497470489,0.8431703204047217,26.138279932546375,0.0
304,1.2,0.0,0.0,DA-BALS-EWMA-Cap,593,73.0185497470489,0.8431703204047217,26.138279932546375,0.0
304,1.2,0.0,0.0,DA-BALS-EWMA-Decay,593,73.0185497470489,0.8431703204047217,26.138279932546375,0.0
304,1.2,0.0,0.0,DA-BALS-Stabilized,593,73.0185497470489,0.8431703204047217,26.138279932546375,0.0
304,1.2,0.0,0.5,DA-BALS-EWMA,593,71.8381112984823,2.0236087689713322,26.138279932546375,0.0
304,1.2,0.0,0.5,DA-BALS-EWMA-Cap,593,71.8381112984823,2.0236087689713322,26.138279932546375,0.0
304,1.2,0.0,0.5,DA-BALS-EWMA-Decay,593,71.8381112984823,2.0236087689713322,26.138279932546375,0.0
304,1.2,0.0,0.5,DA-BALS-Stabilized,593,71.8381112984823,2.0236087689713322,26.138279932546375,0.0
304,1.2,0.0,1.0,DA-BALS-EWMA,593,70.65767284991568,2.360876897133221,26.981450252951095,0.0
304,1.2,0.0,1.0,DA-BALS-EWMA-Cap,593,70.65767284991568,2.360876897133221,26.981450252951095,0.0
304,1.2,0.0,1.0,DA-BALS-EWMA-Decay,593,70.65767284991568,2.5295109612141653,26.812816188870155,0.0
304,1.2,0.0,1.0,DA-BALS-Stabilized,593,70.65767284991568,2.5295109612141653,26.812816188870155,0.0
304,1.2,10.0,0.0,DA-BALS-EWMA,593,73.0185497470489,0.8431703204047217,26.138279932546375,0.0
304,1.2,10.0,0.0,DA-BALS-EWMA-Cap,593,73.0185497470489,0.8431703204047217,26.138279932546375,0.0
304,1.2,10.0,0.0,DA-BALS-EWMA-Decay,593,73.0185497470489,0.8431703204047217,26.138279932546375,0.0
304,1.2,10.0,0.0,DA-BALS-Stabilized,593,73.0185497470489,0.8431703204047217,26.138279932546375,0.0
304,1.2,10.0,0.5,DA-BALS-EWMA,593,71.8381112984823,2.0236087689713322,26.138279932546375,0.0
304,1.2,10.0,0.5,DA-BALS-EWMA-Cap,593,71.8381112984823,2.0236087689713322,26.138279932546375,0.0
304,1.2,10.0,0.5,DA-BALS-EWMA-Decay,593,71.8381112984823,2.0236087689713322,26.138279932546375,0.0
304,1.2,10.0,0.5,DA-BALS-Stabilized,593,71.8381112984823,2.0236087689713322,26.138279932546375,0.0
304,1.2,10.0,1.0,DA-BALS-EWMA,593,70.65767284991568,2.5295109612141653,26.812816188870155,0.0
304,1.2,10.0,1.0,DA-BALS-EWMA-Cap,593,70.65767284991568,2.5295109612141653,26.812816188870155,0.0
304,1.2,10.0,1.0,DA-BALS-EWMA-Decay,593,70.65767284991568,2.6981450252951094,26.644182124789207,0.0
304,1.2,10.0,1.0,DA-BALS-Stabilized,593,70.65767284991568,2.6981450252951094,26.644182124789207,0.0
304,1.2,50.0,0.0,DA-BALS-EWMA,593,73.0185497470489,0.8431703204047217,26.138279932546375,0.0
304,1.2,50.0,0.0,DA-BALS-EWMA-Cap,593,73.0185497470489,0.8431703204047217,26.138279932546375,0.0
304,1.2,50.0,0.0,DA-BALS-EWMA-Decay,593,73.0185497470489,0.8431703204047217,26.138279932546375,0.0
304,1.2,50.0,0.0,DA-BALS-Stabilized,593,73.0185497470489,0.8431703204047217,26.138279932546375,0.0
304,1.2,50.0,0.5,DA-BALS-EWMA,593,71.8381112984823,2.0236087689713322,26.138279932546375,0.0
304,1.2,50.0,0.5,DA-BALS-EWMA-Cap,593,71.8381112984823,2.0236087689713322,26.138279932546375,0.0
304,1.2,50.0,0.5,DA-BALS-EWMA-Decay,593,71.8381112984823,2.0236087689713322,26.138279932546375,0.0
304,1.2,50.0,0.5,DA-BALS-Stabilized,593,71.8381112984823,2.0236087689713322,26.138279932546375,0.0
304,1.2,50.0,1.0,DA-BALS-EWMA,593,70.65767284991568,2.866779089376054,26.475548060708263,0.0
304,1.2,50.0,1.0,DA-BALS-EWMA-Cap,593,70.65767284991568,2.866779089376054,26.475548060708263,0.0
304,1.2,50.0,1.0,DA-BALS-EWMA-Decay,593,70.65767284991568,2.866779089376054,26.475548060708263,0.0
304,1.2,50.0,1.0,DA-BALS-Stabilized,593,70.65767284991568,2.866779089376054,26.475548060708263,0.0
305,0.2,0.0,0.0,DA-BALS-EWMA,102,97.05882352941177,0.0,2.941176470588235,0.0
305,0.2,0.0,0.0,DA-BALS-EWMA-Cap,102,97.05882352941177,0.0,2.941176470588235,0.0
305,0.2,0.0,0.0,DA-BALS-EWMA-Decay,102,97.05882352941177,0.0,2.941176470588235,0.0
305,0.2,0.0,0.0,DA-BALS-Stabilized,102,97.05882352941177,0.0,2.941176470588235,0.0
305,0.2,0.0,0.5,DA-BALS-EWMA,102,97.05882352941177,0.0,2.941176470588235,0.0
305,0.2,0.0,0.5,DA-BALS-EWMA-Cap,102,97.05882352941177,0.0,2.941176470588235,0.0
305,0.2,0.0,0.5,DA-BALS-EWMA-Decay,102,97.05882352941177,0.0,2.941176470588235,0.0
305,0.2,0.0,0.5,DA-BALS-Stabilized,102,97.05882352941177,0.0,2.941176470588235,0.0
305,0.2,0.0,1.0,DA-BALS-EWMA,102,93.13725490196079,1.9607843137254901,4.901960784313726,0.0
305,0.2,0.0,1.0,DA-BALS-EWMA-Cap,102,93.13725490196079,1.9607843137254901,4.901960784313726,0.0
305,0.2,0.0,1.0,DA-BALS-EWMA-Decay,102,95.09803921568627,1.9607843137254901,2.941176470588235,0.0
305,0.2,0.0,1.0,DA-BALS-Stabilized,102,95.09803921568627,1.9607843137254901,2.941176470588235,0.0
305,0.2,10.0,0.0,DA-BALS-EWMA,102,97.05882352941177,0.0,2.941176470588235,0.0
305,0.2,10.0,0.0,DA-BALS-EWMA-Cap,102,97.05882352941177,0.0,2.941176470588235,0.0
305,0.2,10.0,0.0,DA-BALS-EWMA-Decay,102,97.05882352941177,0.0,2.941176470588235,0.0
305,0.2,10.0,0.0,DA-BALS-Stabilized,102,97.05882352941177,0.0,2.941176470588235,0.0
305,0.2,10.0,0.5,DA-BALS-EWMA,102,97.05882352941177,0.0,2.941176470588235,0.0
305,0.2,10.0,0.5,DA-BALS-EWMA-Cap,102,97.05882352941177,0.0,2.941176470588235,0.0
305,0.2,10.0,0.5,DA-BALS-EWMA-Decay,102,97.05882352941177,0.0,2.941176470588235,0.0
305,0.2,10.0,0.5,DA-BALS-Stabilized,102,97.05882352941177,0.0,2.941176470588235,0.0
305,0.2,10.0,1.0,DA-BALS-EWMA,102,93.13725490196079,1.9607843137254901,4.901960784313726,0.0
305,0.2,10.0,1.0,DA-BALS-EWMA-Cap,102,93.13725490196079,1.9607843137254901,4.901960784313726,0.0
305,0.2,10.0,1.0,DA-BALS-EWMA-Decay,102,95.09803921568627,1.9607843137254901,2.941176470588235,0.0
305,0.2,10.0,1.0,DA-BALS-Stabilized,102,95.09803921568627,1.9607843137254901,2.941176470588235,0.0
305,0.2,50.0,0.0,DA-BALS-EWMA,102,97.05882352941177,0.0,2.941176470588235,0.0
305,0.2,50.0,0.0,DA-BALS-EWMA-Cap,102,97.05882352941177,0.0,2.941176470588235,0.0
305,0.2,50.0,0.0,DA-BALS-EWMA-Decay,102,97.05882352941177,0.0,2.941176470588235,0.0
305,0.2,50.0,0.0,DA-BALS-Stabilized,102,97.05882352941177,0.0,2.941176470588235,0.0
305,0.2,50.0,0.5,DA-BALS-EWMA,102,97.05882352941177,0.0,2.941176470588235,0.0
305,0.2,50.0,0.5,DA-BALS-EWMA-Cap,102,97.05882352941177,0.0,2.941176470588235,0.0
305,0.2,50.0,0.5,DA-BALS-EWMA-Decay,102,97.05882352941177,0.0,2.941176470588235,0.0
305,0.2,50.0,0.5,DA-BALS-Stabilized,102,97.05882352941177,0.0,2.941176470588235,0.0
305,0.2,50.0,1.0,DA-BALS-EWMA,102,94.11764705882352,1.9607843137254901,3.9215686274509802,0.0
305,0.2,50.0,1.0,DA-BALS-EWMA-Cap,102,94.11764705882352,1.9607843137254901,3.9215686274509802,0.0
305,0.2,50.0,1.0,DA-BALS-EWMA-Decay,102,95.09803921568627,1.9607843137254901,2.941176470588235,0.0
305,0.2,50.0,1.0,DA-BALS-Stabilized,102,95.09803921568627,1.9607843137254901,2.941176470588235,0.0
305,0.4,0.0,0.0,DA-BALS-EWMA,181,95.58011049723757,0.0,4.41988950276243,0.0
305,0.4,0.0,0.0,DA-BALS-EWMA-Cap,181,95.58011049723757,0.0,4.41988950276243,0.0
305,0.4,0.0,0.0,DA-BALS-EWMA-Decay,181,95.58011049723757,0.0,4.41988950276243,0.0
305,0.4,0.0,0.0,DA-BALS-Stabilized,181,95.58011049723757,0.0,4.41988950276243,0.0
305,0.4,0.0,0.5,DA-BALS-EWMA,181,95.02762430939227,0.5524861878453038,4.41988950276243,0.0
305,0.4,0.0,0.5,DA-BALS-EWMA-Cap,181,95.02762430939227,0.5524861878453038,4.41988950276243,0.0
305,0.4,0.0,0.5,DA-BALS-EWMA-Decay,181,95.02762430939227,0.5524861878453038,4.41988950276243,0.0
305,0.4,0.0,0.5,DA-BALS-Stabilized,181,95.02762430939227,0.5524861878453038,4.41988950276243,0.0
305,0.4,0.0,1.0,DA-BALS-EWMA,181,91.16022099447514,3.314917127071823,5.524861878453039,0.0
305,0.4,0.0,1.0,DA-BALS-EWMA-Cap,181,91.16022099447514,3.314917127071823,5.524861878453039,0.0
305,0.4,0.0,1.0,DA-BALS-EWMA-Decay,181,91.16022099447514,3.314917127071823,5.524861878453039,0.0
305,0.4,0.0,1.0,DA-BALS-Stabilized,181,91.16022099447514,3.314917127071823,5.524861878453039,0.0
305,0.4,10.0,0.0,DA-BALS-EWMA,181,95.58011049723757,0.0,4.41988950276243,0.0
305,0.4,10.0,0.0,DA-BALS-EWMA-Cap,181,95.58011049723757,0.0,4.41988950276243,0.0
305,0.4,10.0,0.0,DA-BALS-EWMA-Decay,181,95.58011049723757,0.0,4.41988950276243,0.0
305,0.4,10.0,0.0,DA-BALS-Stabilized,181,95.58011049723757,0.0,4.41988950276243,0.0
305,0.4,10.0,0.5,DA-BALS-EWMA,181,95.02762430939227,0.5524861878453038,4.41988950276243,0.0
305,0.4,10.0,0.5,DA-BALS-EWMA-Cap,181,95.02762430939227,0.5524861878453038,4.41988950276243,0.0
305,0.4,10.0,0.5,DA-BALS-EWMA-Decay,181,95.02762430939227,0.5524861878453038,4.41988950276243,0.0
305,0.4,10.0,0.5,DA-BALS-Stabilized,181,95.02762430939227,0.5524861878453038,4.41988950276243,0.0
305,0.4,10.0,1.0,DA-BALS-EWMA,181,91.16022099447514,3.867403314917127,4.972375690607735,0.0
305,0.4,10.0,1.0,DA-BALS-EWMA-Cap,181,91.16022099447514,3.867403314917127,4.972375690607735,0.0
305,0.4,10.0,1.0,DA-BALS-EWMA-Decay,181,91.16022099447514,3.867403314917127,4.972375690607735,0.0
305,0.4,10.0,1.0,DA-BALS-Stabilized,181,91.16022099447514,3.867403314917127,4.972375690607735,0.0
305,0.4,50.0,0.0,DA-BALS-EWMA,181,95.58011049723757,0.0,4.41988950276243,0.0
305,0.4,50.0,0.0,DA-BALS-EWMA-Cap,181,95.58011049723757,0.0,4.41988950276243,0.0
305,0.4,50.0,0.0,DA-BALS-EWMA-Decay,181,95.58011049723757,0.0,4.41988950276243,0.0
305,0.4,50.0,0.0,DA-BALS-Stabilized,181,95.58011049723757,0.0,4.41988950276243,0.0
305,0.4,50.0,0.5,DA-BALS-EWMA,181,95.02762430939227,0.5524861878453038,4.41988950276243,0.0
305,0.4,50.0,0.5,DA-BALS-EWMA-Cap,181,95.02762430939227,0.5524861878453038,4.41988950276243,0.0
305,0.4,50.0,0.5,DA-BALS-EWMA-Decay,181,95.02762430939227,0.5524861878453038,4.41988950276243,0.0
305,0.4,50.0,0.5,DA-BALS-Stabilized,181,95.02762430939227,0.5524861878453038,4.41988950276243,0.0
305,0.4,50.0,1.0,DA-BALS-EWMA,181,91.16022099447514,3.867403314917127,4.972375690607735,0.0
305,0.4,50.0,1.0,DA-BALS-EWMA-Cap,181,91.16022099447514,3.867403314917127,4.972375690607735,0.0
305,0.4,50.0,1.0,DA-BALS-EWMA-Decay,181,91.16022099447514,3.867403314917127,4.972375690607735,0.0
305,0.4,50.0,1.0,DA-BALS-Stabilized,181,91.16022099447514,3.867403314917127,4.972375690607735,0.0
305,0.6,0.0,0.0,DA-BALS-EWMA,269,86.98884758364312,0.7434944237918215,12.267657992565056,0.0
305,0.6,0.0,0.0,DA-BALS-EWMA-Cap,269,86.98884758364312,0.7434944237918215,12.267657992565056,0.0
305,0.6,0.0,0.0,DA-BALS-EWMA-Decay,269,87.36059479553904,0.7434944237918215,11.895910780669144,0.0
305,0.6,0.0,0.0,DA-BALS-Stabilized,269,87.36059479553904,0.7434944237918215,11.895910780669144,0.0
305,0.6,0.0,0.5,DA-BALS-EWMA,269,86.61710037174721,1.486988847583643,11.895910780669144,0.0
305,0.6,0.0,0.5,DA-BALS-EWMA-Cap,269,86.61710037174721,1.486988847583643,11.895910780669144,0.0
305,0.6,0.0,0.5,DA-BALS-EWMA-Decay,269,86.61710037174721,1.486988847583643,11.895910780669144,0.0
305,0.6,0.0,0.5,DA-BALS-Stabilized,269,86.61710037174721,1.486988847583643,11.895910780669144,0.0
305,0.6,0.0,1.0,DA-BALS-EWMA,269,85.50185873605948,2.2304832713754648,12.267657992565056,0.0
305,0.6,0.0,1.0,DA-BALS-EWMA-Cap,269,85.50185873605948,2.2304832713754648,12.267657992565056,0.0
305,0.6,0.0,1.0,DA-BALS-EWMA-Decay,269,85.87360594795538,2.2304832713754648,11.895910780669144,0.0
305,0.6,0.0,1.0,DA-BALS-Stabilized,269,85.87360594795538,2.2304832713754648,11.895910780669144,0.0
305,0.6,10.0,0.0,DA-BALS-EWMA,269,86.98884758364312,0.7434944237918215,12.267657992565056,0.0
305,0.6,10.0,0.0,DA-BALS-EWMA-Cap,269,86.98884758364312,0.7434944237918215,12.267657992565056,0.0
305,0.6,10.0,0.0,DA-BALS-EWMA-Decay,269,87.36059479553904,0.7434944237918215,11.895910780669144,0.0
305,0.6,10.0,0.0,DA-BALS-Stabilized,269,87.36059479553904,0.7434944237918215,11.895910780669144,0.0
305,0.6,10.0,0.5,DA-BALS-EWMA,269,86.61710037174721,1.486988847583643,11.895910780669144,0.0
305,0.6,10.0,0.5,DA-BALS-EWMA-Cap,269,86.61710037174721,1.486988847583643,11.895910780669144,0.0
305,0.6,10.0,0.5,DA-BALS-EWMA-Decay,269,86.61710037174721,1.486988847583643,11.895910780669144,0.0
305,0.6,10.0,0.5,DA-BALS-Stabilized,269,86.61710037174721,1.486988847583643,11.895910780669144,0.0
305,0.6,10.0,1.0,DA-BALS-EWMA,269,85.50185873605948,2.2304832713754648,12.267657992565056,0.0
305,0.6,10.0,1.0,DA-BALS-EWMA-Cap,269,85.50185873605948,2.2304832713754648,12.267657992565056,0.0
305,0.6,10.0,1.0,DA-BALS-EWMA-Decay,269,85.87360594795538,2.2304832713754648,11.895910780669144,0.0
305,0.6,10.0,1.0,DA-BALS-Stabilized,269,85.87360594795538,2.2304832713754648,11.895910780669144,0.0
305,0.6,50.0,0.0,DA-BALS-EWMA,269,86.98884758364312,0.7434944237918215,12.267657992565056,0.0
305,0.6,50.0,0.0,DA-BALS-EWMA-Cap,269,86.98884758364312,0.7434944237918215,12.267657992565056,0.0
305,0.6,50.0,0.0,DA-BALS-EWMA-Decay,269,87.36059479553904,0.7434944237918215,11.895910780669144,0.0
305,0.6,50.0,0.0,DA-BALS-Stabilized,269,87.36059479553904,0.7434944237918215,11.895910780669144,0.0
305,0.6,50.0,0.5,DA-BALS-EWMA,269,86.61710037174721,1.486988847583643,11.895910780669144,0.0
305,0.6,50.0,0.5,DA-BALS-EWMA-Cap,269,86.61710037174721,1.486988847583643,11.895910780669144,0.0
305,0.6,50.0,0.5,DA-BALS-EWMA-Decay,269,86.61710037174721,1.486988847583643,11.895910780669144,0.0
305,0.6,50.0,0.5,DA-BALS-Stabilized,269,86.61710037174721,1.486988847583643,11.895910780669144,0.0
305,0.6,50.0,1.0,DA-BALS-EWMA,269,85.50185873605948,2.2304832713754648,12.267657992565056,0.0
305,0.6,50.0,1.0,DA-BALS-EWMA-Cap,269,85.50185873605948,2.2304832713754648,12.267657992565056,0.0
305,0.6,50.0,1.0,DA-BALS-EWMA-Decay,269,85.87360594795538,2.2304832713754648,11.895910780669144,0.0
305,0.6,50.0,1.0,DA-BALS-Stabilized,269,85.87360594795538,2.2304832713754648,11.895910780669144,0.0
305,0.8,0.0,0.0,DA-BALS-EWMA,409,85.08557457212714,0.4889975550122249,14.425427872860636,0.0
305,0.8,0.0,0.0,DA-BALS-EWMA-Cap,409,85.08557457212714,0.4889975550122249,14.425427872860636,0.0
305,0.8,0.0,0.0,DA-BALS-EWMA-Decay,409,85.08557457212714,0.4889975550122249,14.425427872860636,0.0
305,0.8,0.0,0.0,DA-BALS-Stabilized,409,85.08557457212714,0.4889975550122249,14.425427872860636,0.0
305,0.8,0.0,0.5,DA-BALS-EWMA,409,83.86308068459658,1.466992665036675,14.66992665036675,0.0
305,0.8,0.0,0.5,DA-BALS-EWMA-Cap,409,83.86308068459658,1.466992665036675,14.66992665036675,0.0
305,0.8,0.0,0.5,DA-BALS-EWMA-Decay,409,84.10757946210269,1.466992665036675,14.425427872860636,0.0
305,0.8,0.0,0.5,DA-BALS-Stabilized,409,84.10757946210269,1.466992665036675,14.425427872860636,0.0
305,0.8,0.0,1.0,DA-BALS-EWMA,409,80.68459657701712,3.4229828850855744,15.892420537897312,0.0
305,0.8,0.0,1.0,DA-BALS-EWMA-Cap,409,80.68459657701712,3.4229828850855744,15.892420537897312,0.0
305,0.8,0.0,1.0,DA-BALS-EWMA-Decay,409,80.92909535452323,3.9119804400977993,15.158924205378973,0.0
305,0.8,0.0,1.0,DA-BALS-Stabilized,409,80.92909535452323,3.9119804400977993,15.158924205378973,0.0
305,0.8,10.0,0.0,DA-BALS-EWMA,409,85.08557457212714,0.7334963325183375,14.180929095354522,0.0
305,0.8,10.0,0.0,DA-BALS-EWMA-Cap,409,85.08557457212714,0.7334963325183375,14.180929095354522,0.0
305,0.8,10.0,0.0,DA-BALS-EWMA-Decay,409,85.08557457212714,0.7334963325183375,14.180929095354522,0.0
305,0.8,10.0,0.0,DA-BALS-Stabilized,409,85.08557457212714,0.7334963325183375,14.180929095354522,0.0
305,0.8,10.0,0.5,DA-BALS-EWMA,409,83.37408312958435,2.2004889975550124,14.425427872860636,0.0
305,0.8,10.0,0.5,DA-BALS-EWMA-Cap,409,83.37408312958435,2.2004889975550124,14.425427872860636,0.0
305,0.8,10.0,0.5,DA-BALS-EWMA-Decay,409,83.37408312958435,2.2004889975550124,14.425427872860636,0.0
305,0.8,10.0,0.5,DA-BALS-Stabilized,409,83.37408312958435,2.2004889975550124,14.425427872860636,0.0
305,0.8,10.0,1.0,DA-BALS-EWMA,409,80.440097799511,3.9119804400977993,15.647921760391197,0.0
305,0.8,10.0,1.0,DA-BALS-EWMA-Cap,409,80.440097799511,3.9119804400977993,15.647921760391197,0.0
305,0.8,10.0,1.0,DA-BALS-EWMA-Decay,409,80.68459657701712,3.9119804400977993,15.403422982885084,0.0
305,0.8,10.0,1.0,DA-BALS-Stabilized,409,80.68459657701712,3.9119804400977993,15.403422982885084,0.0
305,0.8,50.0,0.0,DA-BALS-EWMA,409,85.08557457212714,0.7334963325183375,14.180929095354522,0.0
305,0.8,50.0,0.0,DA-BALS-EWMA-Cap,409,85.08557457212714,0.7334963325183375,14.180929095354522,0.0
305,0.8,50.0,0.0,DA-BALS-EWMA-Decay,409,85.08557457212714,0.7334963325183375,14.180929095354522,0.0
305,0.8,50.0,0.0,DA-BALS-Stabilized,409,85.08557457212714,0.7334963325183375,14.180929095354522,0.0
305,0.8,50.0,0.5,DA-BALS-EWMA,409,83.37408312958435,2.2004889975550124,14.425427872860636,0.0
305,0.8,50.0,0.5,DA-BALS-EWMA-Cap,409,83.37408312958435,2.2004889975550124,14.425427872860636,0.0
305,0.8,50.0,0.5,DA-BALS-EWMA-Decay,409,83.37408312958435,2.2004889975550124,14.425427872860636,0.0
305,0.8,50.0,0.5,DA-BALS-Stabilized,409,83.37408312958435,2.2004889975550124,14.425427872860636,0.0
305,0.8,50.0,1.0,DA-BALS-EWMA,409,75.55012224938875,7.090464547677261,17.359413202933986,0.0
305,0.8,50.0,1.0,DA-BALS-EWMA-Cap,409,76.28361858190709,7.334963325183375,16.381418092909534,0.0
305,0.8,50.0,1.0,DA-BALS-EWMA-Decay,409,76.5281173594132,7.334963325183375,16.13691931540342,0.0
305,0.8,50.0,1.0,DA-BALS-Stabilized,409,77.01711491442543,7.579462102689487,15.403422982885084,0.0
305,1.0,0.0,0.0,DA-BALS-EWMA,530,75.84905660377359,1.1320754716981132,23.0188679245283,0.0
305,1.0,0.0,0.0,DA-BALS-EWMA-Cap,530,75.84905660377359,1.1320754716981132,23.0188679245283,0.0
305,1.0,0.0,0.0,DA-BALS-EWMA-Decay,530,75.84905660377359,1.1320754716981132,23.0188679245283,0.0
305,1.0,0.0,0.0,DA-BALS-Stabilized,530,75.84905660377359,1.1320754716981132,23.0188679245283,0.0
305,1.0,0.0,0.5,DA-BALS-EWMA,530,75.28301886792454,1.3207547169811322,23.39622641509434,0.0
305,1.0,0.0,0.5,DA-BALS-EWMA-Cap,530,75.28301886792454,1.3207547169811322,23.39622641509434,0.0
305,1.0,0.0,0.5,DA-BALS-EWMA-Decay,530,75.09433962264151,1.6981132075471699,23.20754716981132,0.0
305,1.0,0.0,0.5,DA-BALS-Stabilized,530,75.09433962264151,1.6981132075471699,23.20754716981132,0.0
305,1.0,0.0,1.0,DA-BALS-EWMA,530,73.58490566037736,3.018867924528302,23.39622641509434,0.0
305,1.0,0.0,1.0,DA-BALS-EWMA-Cap,530,73.58490566037736,3.018867924528302,23.39622641509434,0.0
305,1.0,0.0,1.0,DA-BALS-EWMA-Decay,530,73.58490566037736,3.018867924528302,23.39622641509434,0.0
305,1.0,0.0,1.0,DA-BALS-Stabilized,530,73.58490566037736,3.018867924528302,23.39622641509434,0.0
305,1.0,10.0,0.0,DA-BALS-EWMA,530,75.84905660377359,1.1320754716981132,23.0188679245283,0.0
305,1.0,10.0,0.0,DA-BALS-EWMA-Cap,530,75.84905660377359,1.1320754716981132,23.0188679245283,0.0
305,1.0,10.0,0.0,DA-BALS-EWMA-Decay,530,75.84905660377359,1.1320754716981132,23.0188679245283,0.0
305,1.0,10.0,0.0,DA-BALS-Stabilized,530,75.84905660377359,1.1320754716981132,23.0188679245283,0.0
305,1.0,10.0,0.5,DA-BALS-EWMA,530,75.28301886792454,1.3207547169811322,23.39622641509434,0.0
305,1.0,10.0,0.5,DA-BALS-EWMA-Cap,530,75.28301886792454,1.3207547169811322,23.39622641509434,0.0
305,1.0,10.0,0.5,DA-BALS-EWMA-Decay,530,75.09433962264151,1.6981132075471699,23.20754716981132,0.0
305,1.0,10.0,0.5,DA-BALS-Stabilized,530,75.09433962264151,1.6981132075471699,23.20754716981132,0.0
305,1.0,10.0,1.0,DA-BALS-EWMA,530,73.58490566037736,3.018867924528302,23.39622641509434,0.0
305,1.0,10.0,1.0,DA-BALS-EWMA-Cap,530,73.58490566037736,3.018867924528302,23.39622641509434,0.0
305,1.0,10.0,1.0,DA-BALS-EWMA-Decay,530,73.58490566037736,3.018867924528302,23.39622641509434,0.0
305,1.0,10.0,1.0,DA-BALS-Stabilized,530,73.58490566037736,3.018867924528302,23.39622641509434,0.0
305,1.0,50.0,0.0,DA-BALS-EWMA,530,75.84905660377359,1.1320754716981132,23.0188679245283,0.0
305,1.0,50.0,0.0,DA-BALS-EWMA-Cap,530,75.84905660377359,1.1320754716981132,23.0188679245283,0.0
305,1.0,50.0,0.0,DA-BALS-EWMA-Decay,530,75.84905660377359,1.1320754716981132,23.0188679245283,0.0
305,1.0,50.0,0.0,DA-BALS-Stabilized,530,75.84905660377359,1.1320754716981132,23.0188679245283,0.0
305,1.0,50.0,0.5,DA-BALS-EWMA,530,75.28301886792454,1.3207547169811322,23.39622641509434,0.0
305,1.0,50.0,0.5,DA-BALS-EWMA-Cap,530,75.28301886792454,1.3207547169811322,23.39622641509434,0.0
305,1.0,50.0,0.5,DA-BALS-EWMA-Decay,530,75.09433962264151,1.6981132075471699,23.20754716981132,0.0
305,1.0,50.0,0.5,DA-BALS-Stabilized,530,75.09433962264151,1.6981132075471699,23.20754716981132,0.0
305,1.0,50.0,1.0,DA-BALS-EWMA,530,73.58490566037736,3.018867924528302,23.39622641509434,0.0
305,1.0,50.0,1.0,DA-BALS-EWMA-Cap,530,73.58490566037736,3.018867924528302,23.39622641509434,0.0
305,1.0,50.0,1.0,DA-BALS-EWMA-Decay,530,73.58490566037736,3.018867924528302,23.39622641509434,0.0
305,1.0,50.0,1.0,DA-BALS-Stabilized,530,73.58490566037736,3.018867924528302,23.39622641509434,0.0
305,1.2,0.0,0.0,DA-BALS-EWMA,589,71.81663837011885,2.3769100169779285,25.806451612903224,0.0
305,1.2,0.0,0.0,DA-BALS-EWMA-Cap,589,71.81663837011885,2.3769100169779285,25.806451612903224,0.0
305,1.2,0.0,0.0,DA-BALS-EWMA-Decay,589,71.98641765704585,2.3769100169779285,25.636672325976228,0.0
305,1.2,0.0,0.0,DA-BALS-Stabilized,589,71.98641765704585,2.3769100169779285,25.636672325976228,0.0
305,1.2,0.0,0.5,DA-BALS-EWMA,589,70.79796264855688,3.395585738539898,25.806451612903224,0.0
305,1.2,0.0,0.5,DA-BALS-EWMA-Cap,589,70.79796264855688,3.395585738539898,25.806451612903224,0.0
305,1.2,0.0,0.5,DA-BALS-EWMA-Decay,589,70.62818336162988,3.395585738539898,25.97623089983022,0.0
305,1.2,0.0,0.5,DA-BALS-Stabilized,589,70.62818336162988,3.395585738539898,25.97623089983022,0.0
305,1.2,0.0,1.0,DA-BALS-EWMA,589,69.10016977928693,4.074702886247878,26.825127334465193,0.0
305,1.2,0.0,1.0,DA-BALS-EWMA-Cap,589,69.10016977928693,4.074702886247878,26.825127334465193,0.0
305,1.2,0.0,1.0,DA-BALS-EWMA-Decay,589,68.93039049235993,4.4142614601018675,26.6553480475382,0.0
305,1.2,0.0,1.0,DA-BALS-Stabilized,589,68.93039049235993,4.4142614601018675,26.6553480475382,0.0
305,1.2,10.0,0.0,DA-BALS-EWMA,589,71.81663837011885,2.3769100169779285,25.806451612903224,0.0
305,1.2,10.0,0.0,DA-BALS-EWMA-Cap,589,71.81663837011885,2.3769100169779285,25.806451612903224,0.0
305,1.2,10.0,0.0,DA-BALS-EWMA-Decay,589,71.98641765704585,2.3769100169779285,25.636672325976228,0.0
305,1.2,10.0,0.0,DA-BALS-Stabilized,589,71.98641765704585,2.3769100169779285,25.636672325976228,0.0
305,1.2,10.0,0.5,DA-BALS-EWMA,589,70.79796264855688,3.395585738539898,25.806451612903224,0.0
305,1.2,10.0,0.5,DA-BALS-EWMA-Cap,589,70.79796264855688,3.395585738539898,25.806451612903224,0.0
305,1.2,10.0,0.5,DA-BALS-EWMA-Decay,589,70.62818336162988,3.395585738539898,25.97623089983022,0.0
305,1.2,10.0,0.5,DA-BALS-Stabilized,589,70.62818336162988,3.395585738539898,25.97623089983022,0.0
305,1.2,10.0,1.0,DA-BALS-EWMA,589,68.76061120543294,4.4142614601018675,26.825127334465193,0.0
305,1.2,10.0,1.0,DA-BALS-EWMA-Cap,589,68.76061120543294,4.4142614601018675,26.825127334465193,0.0
305,1.2,10.0,1.0,DA-BALS-EWMA-Decay,589,68.76061120543294,4.753820033955857,26.485568760611205,0.0
305,1.2,10.0,1.0,DA-BALS-Stabilized,589,68.76061120543294,4.753820033955857,26.485568760611205,0.0
305,1.2,50.0,0.0,DA-BALS-EWMA,589,71.81663837011885,2.3769100169779285,25.806451612903224,0.0
305,1.2,50.0,0.0,DA-BALS-EWMA-Cap,589,71.81663837011885,2.3769100169779285,25.806451612903224,0.0
305,1.2,50.0,0.0,DA-BALS-EWMA-Decay,589,71.98641765704585,2.3769100169779285,25.636672325976228,0.0
305,1.2,50.0,0.0,DA-BALS-Stabilized,589,71.98641765704585,2.3769100169779285,25.636672325976228,0.0
305,1.2,50.0,0.5,DA-BALS-EWMA,589,70.79796264855688,3.395585738539898,25.806451612903224,0.0
305,1.2,50.0,0.5,DA-BALS-EWMA-Cap,589,70.79796264855688,3.395585738539898,25.806451612903224,0.0
305,1.2,50.0,0.5,DA-BALS-EWMA-Decay,589,70.62818336162988,3.395585738539898,25.97623089983022,0.0
305,1.2,50.0,0.5,DA-BALS-Stabilized,589,70.62818336162988,3.395585738539898,25.97623089983022,0.0
305,1.2,50.0,1.0,DA-BALS-EWMA,589,68.42105263157895,5.263157894736842,26.31578947368421,0.0
305,1.2,50.0,1.0,DA-BALS-EWMA-Cap,589,68.42105263157895,5.263157894736842,26.31578947368421,0.0
305,1.2,50.0,1.0,DA-BALS-EWMA-Decay,589,68.42105263157895,5.602716468590832,25.97623089983022,0.0
305,1.2,50.0,1.0,DA-BALS-Stabilized,589,68.42105263157895,5.602716468590832,25.97623089983022,0.0
306,0.2,0.0,0.0,DA-BALS-EWMA,113,93.80530973451327,0.0,6.1946902654867255,0.0
306,0.2,0.0,0.0,DA-BALS-EWMA-Cap,113,93.80530973451327,0.0,6.1946902654867255,0.0
306,0.2,0.0,0.0,DA-BALS-EWMA-Decay,113,93.80530973451327,0.0,6.1946902654867255,0.0
306,0.2,0.0,0.0,DA-BALS-Stabilized,113,93.80530973451327,0.0,6.1946902654867255,0.0
306,0.2,0.0,0.5,DA-BALS-EWMA,113,92.92035398230088,0.8849557522123894,6.1946902654867255,0.0
306,0.2,0.0,0.5,DA-BALS-EWMA-Cap,113,92.92035398230088,0.8849557522123894,6.1946902654867255,0.0
306,0.2,0.0,0.5,DA-BALS-EWMA-Decay,113,92.92035398230088,0.8849557522123894,6.1946902654867255,0.0
306,0.2,0.0,0.5,DA-BALS-Stabilized,113,92.92035398230088,0.8849557522123894,6.1946902654867255,0.0
306,0.2,0.0,1.0,DA-BALS-EWMA,113,90.2654867256637,3.5398230088495577,6.1946902654867255,0.0
306,0.2,0.0,1.0,DA-BALS-EWMA-Cap,113,90.2654867256637,3.5398230088495577,6.1946902654867255,0.0
306,0.2,0.0,1.0,DA-BALS-EWMA-Decay,113,90.2654867256637,3.5398230088495577,6.1946902654867255,0.0
306,0.2,0.0,1.0,DA-BALS-Stabilized,113,90.2654867256637,3.5398230088495577,6.1946902654867255,0.0
306,0.2,10.0,0.0,DA-BALS-EWMA,113,93.80530973451327,0.0,6.1946902654867255,0.0
306,0.2,10.0,0.0,DA-BALS-EWMA-Cap,113,93.80530973451327,0.0,6.1946902654867255,0.0
306,0.2,10.0,0.0,DA-BALS-EWMA-Decay,113,93.80530973451327,0.0,6.1946902654867255,0.0
306,0.2,10.0,0.0,DA-BALS-Stabilized,113,93.80530973451327,0.0,6.1946902654867255,0.0
306,0.2,10.0,0.5,DA-BALS-EWMA,113,92.92035398230088,0.8849557522123894,6.1946902654867255,0.0
306,0.2,10.0,0.5,DA-BALS-EWMA-Cap,113,92.92035398230088,0.8849557522123894,6.1946902654867255,0.0
306,0.2,10.0,0.5,DA-BALS-EWMA-Decay,113,92.92035398230088,0.8849557522123894,6.1946902654867255,0.0
306,0.2,10.0,0.5,DA-BALS-Stabilized,113,92.92035398230088,0.8849557522123894,6.1946902654867255,0.0
306,0.2,10.0,1.0,DA-BALS-EWMA,113,90.2654867256637,3.5398230088495577,6.1946902654867255,0.0
306,0.2,10.0,1.0,DA-BALS-EWMA-Cap,113,90.2654867256637,3.5398230088495577,6.1946902654867255,0.0
306,0.2,10.0,1.0,DA-BALS-EWMA-Decay,113,90.2654867256637,3.5398230088495577,6.1946902654867255,0.0
306,0.2,10.0,1.0,DA-BALS-Stabilized,113,90.2654867256637,3.5398230088495577,6.1946902654867255,0.0
306,0.2,50.0,0.0,DA-BALS-EWMA,113,93.80530973451327,0.0,6.1946902654867255,0.0
306,0.2,50.0,0.0,DA-BALS-EWMA-Cap,113,93.80530973451327,0.0,6.1946902654867255,0.0
306,0.2,50.0,0.0,DA-BALS-EWMA-Decay,113,93.80530973451327,0.0,6.1946902654867255,0.0
306,0.2,50.0,0.0,DA-BALS-Stabilized,113,93.80530973451327,0.0,6.1946902654867255,0.0
306,0.2,50.0,0.5,DA-BALS-EWMA,113,92.92035398230088,0.8849557522123894,6.1946902654867255,0.0
306,0.2,50.0,0.5,DA-BALS-EWMA-Cap,113,92.92035398230088,0.8849557522123894,6.1946902654867255,0.0
306,0.2,50.0,0.5,DA-BALS-EWMA-Decay,113,92.92035398230088,0.8849557522123894,6.1946902654867255,0.0
306,0.2,50.0,0.5,DA-BALS-Stabilized,113,92.92035398230088,0.8849557522123894,6.1946902654867255,0.0
306,0.2,50.0,1.0,DA-BALS-EWMA,113,90.2654867256637,3.5398230088495577,6.1946902654867255,0.0
306,0.2,50.0,1.0,DA-BALS-EWMA-Cap,113,90.2654867256637,3.5398230088495577,6.1946902654867255,0.0
306,0.2,50.0,1.0,DA-BALS-EWMA-Decay,113,90.2654867256637,3.5398230088495577,6.1946902654867255,0.0
306,0.2,50.0,1.0,DA-BALS-Stabilized,113,90.2654867256637,3.5398230088495577,6.1946902654867255,0.0
306,0.4,0.0,0.0,DA-BALS-EWMA,172,94.76744186046511,1.1627906976744187,4.069767441860465,0.0
306,0.4,0.0,0.0,DA-BALS-EWMA-Cap,172,94.76744186046511,1.1627906976744187,4.069767441860465,0.0
306,0.4,0.0,0.0,DA-BALS-EWMA-Decay,172,94.76744186046511,1.1627906976744187,4.069767441860465,0.0
306,0.4,0.0,0.0,DA-BALS-Stabilized,172,94.76744186046511,1.1627906976744187,4.069767441860465,0.0
306,0.4,0.0,0.5,DA-BALS-EWMA,172,93.6046511627907,1.1627906976744187,5.232558139534884,0.0
306,0.4,0.0,0.5,DA-BALS-EWMA-Cap,172,93.6046511627907,1.1627906976744187,5.232558139534884,0.0
306,0.4,0.0,0.5,DA-BALS-EWMA-Decay,172,93.6046511627907,1.1627906976744187,5.232558139534884,0.0
306,0.4,0.0,0.5,DA-BALS-Stabilized,172,93.6046511627907,1.1627906976744187,5.232558139534884,0.0
306,0.4,0.0,1.0,DA-BALS-EWMA,172,94.18604651162791,0.5813953488372093,5.232558139534884,0.0
306,0.4,0.0,1.0,DA-BALS-EWMA-Cap,172,94.18604651162791,0.5813953488372093,5.232558139534884,0.0
306,0.4,0.0,1.0,DA-BALS-EWMA-Decay,172,94.18604651162791,0.5813953488372093,5.232558139534884,0.0
306,0.4,0.0,1.0,DA-BALS-Stabilized,172,94.18604651162791,0.5813953488372093,5.232558139534884,0.0
306,0.4,10.0,0.0,DA-BALS-EWMA,172,94.76744186046511,1.1627906976744187,4.069767441860465,0.0
306,0.4,10.0,0.0,DA-BALS-EWMA-Cap,172,94.76744186046511,1.1627906976744187,4.069767441860465,0.0
306,0.4,10.0,0.0,DA-BALS-EWMA-Decay,172,94.76744186046511,1.1627906976744187,4.069767441860465,0.0
306,0.4,10.0,0.0,DA-BALS-Stabilized,172,94.76744186046511,1.1627906976744187,4.069767441860465,0.0
306,0.4,10.0,0.5,DA-BALS-EWMA,172,93.6046511627907,1.1627906976744187,5.232558139534884,0.0
306,0.4,10.0,0.5,DA-BALS-EWMA-Cap,172,93.6046511627907,1.1627906976744187,5.232558139534884,0.0
306,0.4,10.0,0.5,DA-BALS-EWMA-Decay,172,93.6046511627907,1.1627906976744187,5.232558139534884,0.0
306,0.4,10.0,0.5,DA-BALS-Stabilized,172,93.6046511627907,1.1627906976744187,5.232558139534884,0.0
306,0.4,10.0,1.0,DA-BALS-EWMA,172,94.18604651162791,0.5813953488372093,5.232558139534884,0.0
306,0.4,10.0,1.0,DA-BALS-EWMA-Cap,172,94.18604651162791,0.5813953488372093,5.232558139534884,0.0
306,0.4,10.0,1.0,DA-BALS-EWMA-Decay,172,94.18604651162791,0.5813953488372093,5.232558139534884,0.0
306,0.4,10.0,1.0,DA-BALS-Stabilized,172,94.18604651162791,0.5813953488372093,5.232558139534884,0.0
306,0.4,50.0,0.0,DA-BALS-EWMA,172,94.76744186046511,1.1627906976744187,4.069767441860465,0.0
306,0.4,50.0,0.0,DA-BALS-EWMA-Cap,172,94.76744186046511,1.1627906976744187,4.069767441860465,0.0
306,0.4,50.0,0.0,DA-BALS-EWMA-Decay,172,94.76744186046511,1.1627906976744187,4.069767441860465,0.0
306,0.4,50.0,0.0,DA-BALS-Stabilized,172,94.76744186046511,1.1627906976744187,4.069767441860465,0.0
306,0.4,50.0,0.5,DA-BALS-EWMA,172,93.6046511627907,1.1627906976744187,5.232558139534884,0.0
306,0.4,50.0,0.5,DA-BALS-EWMA-Cap,172,93.6046511627907,1.1627906976744187,5.232558139534884,0.0
306,0.4,50.0,0.5,DA-BALS-EWMA-Decay,172,93.6046511627907,1.1627906976744187,5.232558139534884,0.0
306,0.4,50.0,0.5,DA-BALS-Stabilized,172,93.6046511627907,1.1627906976744187,5.232558139534884,0.0
306,0.4,50.0,1.0,DA-BALS-EWMA,172,94.18604651162791,0.5813953488372093,5.232558139534884,0.0
306,0.4,50.0,1.0,DA-BALS-EWMA-Cap,172,94.18604651162791,0.5813953488372093,5.232558139534884,0.0
306,0.4,50.0,1.0,DA-BALS-EWMA-Decay,172,94.18604651162791,0.5813953488372093,5.232558139534884,0.0
306,0.4,50.0,1.0,DA-BALS-Stabilized,172,94.18604651162791,0.5813953488372093,5.232558139534884,0.0
306,0.6,0.0,0.0,DA-BALS-EWMA,300,89.33333333333333,0.0,10.666666666666668,0.0
306,0.6,0.0,0.0,DA-BALS-EWMA-Cap,300,89.33333333333333,0.0,10.666666666666668,0.0
306,0.6,0.0,0.0,DA-BALS-EWMA-Decay,300,89.33333333333333,0.0,10.666666666666668,0.0
306,0.6,0.0,0.0,DA-BALS-Stabilized,300,89.33333333333333,0.0,10.666666666666668,0.0
306,0.6,0.0,0.5,DA-BALS-EWMA,300,88.33333333333333,0.6666666666666667,11.0,0.0
306,0.6,0.0,0.5,DA-BALS-EWMA-Cap,300,88.33333333333333,0.6666666666666667,11.0,0.0
306,0.6,0.0,0.5,DA-BALS-EWMA-Decay,300,88.33333333333333,0.6666666666666667,11.0,0.0
306,0.6,0.0,0.5,DA-BALS-Stabilized,300,88.33333333333333,0.6666666666666667,11.0,0.0
306,0.6,0.0,1.0,DA-BALS-EWMA,300,87.0,2.0,11.0,0.0
306,0.6,0.0,1.0,DA-BALS-EWMA-Cap,300,87.0,2.0,11.0,0.0
306,0.6,0.0,1.0,DA-BALS-EWMA-Decay,300,87.0,2.0,11.0,0.0
306,0.6,0.0,1.0,DA-BALS-Stabilized,300,87.0,2.0,11.0,0.0
306,0.6,10.0,0.0,DA-BALS-EWMA,300,89.33333333333333,0.0,10.666666666666668,0.0
306,0.6,10.0,0.0,DA-BALS-EWMA-Cap,300,89.33333333333333,0.0,10.666666666666668,0.0
306,0.6,10.0,0.0,DA-BALS-EWMA-Decay,300,89.33333333333333,0.0,10.666666666666668,0.0
306,0.6,10.0,0.0,DA-BALS-Stabilized,300,89.33333333333333,0.0,10.666666666666668,0.0
306,0.6,10.0,0.5,DA-BALS-EWMA,300,88.33333333333333,0.6666666666666667,11.0,0.0
306,0.6,10.0,0.5,DA-BALS-EWMA-Cap,300,88.33333333333333,0.6666666666666667,11.0,0.0
306,0.6,10.0,0.5,DA-BALS-EWMA-Decay,300,88.33333333333333,0.6666666666666667,11.0,0.0
306,0.6,10.0,0.5,DA-BALS-Stabilized,300,88.33333333333333,0.6666666666666667,11.0,0.0
306,0.6,10.0,1.0,DA-BALS-EWMA,300,87.0,2.0,11.0,0.0
306,0.6,10.0,1.0,DA-BALS-EWMA-Cap,300,87.0,2.0,11.0,0.0
306,0.6,10.0,1.0,DA-BALS-EWMA-Decay,300,87.0,2.0,11.0,0.0
306,0.6,10.0,1.0,DA-BALS-Stabilized,300,87.0,2.0,11.0,0.0
306,0.6,50.0,0.0,DA-BALS-EWMA,300,89.33333333333333,0.0,10.666666666666668,0.0
306,0.6,50.0,0.0,DA-BALS-EWMA-Cap,300,89.33333333333333,0.0,10.666666666666668,0.0
306,0.6,50.0,0.0,DA-BALS-EWMA-Decay,300,89.33333333333333,0.0,10.666666666666668,0.0
306,0.6,50.0,0.0,DA-BALS-Stabilized,300,89.33333333333333,0.0,10.666666666666668,0.0
306,0.6,50.0,0.5,DA-BALS-EWMA,300,88.33333333333333,0.6666666666666667,11.0,0.0
306,0.6,50.0,0.5,DA-BALS-EWMA-Cap,300,88.33333333333333,0.6666666666666667,11.0,0.0
306,0.6,50.0,0.5,DA-BALS-EWMA-Decay,300,88.33333333333333,0.6666666666666667,11.0,0.0
306,0.6,50.0,0.5,DA-BALS-Stabilized,300,88.33333333333333,0.6666666666666667,11.0,0.0
306,0.6,50.0,1.0,DA-BALS-EWMA,300,87.0,2.0,11.0,0.0
306,0.6,50.0,1.0,DA-BALS-EWMA-Cap,300,87.0,2.0,11.0,0.0
306,0.6,50.0,1.0,DA-BALS-EWMA-Decay,300,87.0,2.0,11.0,0.0
306,0.6,50.0,1.0,DA-BALS-Stabilized,300,87.0,2.0,11.0,0.0
306,0.8,0.0,0.0,DA-BALS-EWMA,429,82.75058275058275,0.2331002331002331,17.016317016317018,0.0
306,0.8,0.0,0.0,DA-BALS-EWMA-Cap,429,82.75058275058275,0.2331002331002331,17.016317016317018,0.0
306,0.8,0.0,0.0,DA-BALS-EWMA-Decay,429,82.75058275058275,0.2331002331002331,17.016317016317018,0.0
306,0.8,0.0,0.0,DA-BALS-Stabilized,429,82.75058275058275,0.2331002331002331,17.016317016317018,0.0
306,0.8,0.0,0.5,DA-BALS-EWMA,429,81.81818181818183,0.6993006993006993,17.482517482517483,0.0
306,0.8,0.0,0.5,DA-BALS-EWMA-Cap,429,81.81818181818183,0.6993006993006993,17.482517482517483,0.0
306,0.8,0.0,0.5,DA-BALS-EWMA-Decay,429,82.05128205128204,0.6993006993006993,17.24941724941725,0.0
306,0.8,0.0,0.5,DA-BALS-Stabilized,429,82.05128205128204,0.6993006993006993,17.24941724941725,0.0
306,0.8,0.0,1.0,DA-BALS-EWMA,429,80.1864801864802,1.8648018648018647,17.94871794871795,0.0
306,0.8,0.0,1.0,DA-BALS-EWMA-Cap,429,80.1864801864802,1.8648018648018647,17.94871794871795,0.0
306,0.8,0.0,1.0,DA-BALS-EWMA-Decay,429,80.65268065268066,1.3986013986013985,17.94871794871795,0.0
306,0.8,0.0,1.0,DA-BALS-Stabilized,429,80.65268065268066,1.3986013986013985,17.94871794871795,0.0
306,0.8,10.0,0.0,DA-BALS-EWMA,429,82.75058275058275,0.2331002331002331,17.016317016317018,0.0
306,0.8,10.0,0.0,DA-BALS-EWMA-Cap,429,82.75058275058275,0.2331002331002331,17.016317016317018,0.0
306,0.8,10.0,0.0,DA-BALS-EWMA-Decay,429,82.75058275058275,0.2331002331002331,17.016317016317018,0.0
306,0.8,10.0,0.0,DA-BALS-Stabilized,429,82.75058275058275,0.2331002331002331,17.016317016317018,0.0
306,0.8,10.0,0.5,DA-BALS-EWMA,429,81.81818181818183,0.6993006993006993,17.482517482517483,0.0
306,0.8,10.0,0.5,DA-BALS-EWMA-Cap,429,81.81818181818183,0.6993006993006993,17.482517482517483,0.0
306,0.8,10.0,0.5,DA-BALS-EWMA-Decay,429,82.05128205128204,0.6993006993006993,17.24941724941725,0.0
306,0.8,10.0,0.5,DA-BALS-Stabilized,429,82.05128205128204,0.6993006993006993,17.24941724941725,0.0
306,0.8,10.0,1.0,DA-BALS-EWMA,429,80.1864801864802,1.8648018648018647,17.94871794871795,0.0
306,0.8,10.0,1.0,DA-BALS-EWMA-Cap,429,80.1864801864802,1.8648018648018647,17.94871794871795,0.0
306,0.8,10.0,1.0,DA-BALS-EWMA-Decay,429,80.65268065268066,1.3986013986013985,17.94871794871795,0.0
306,0.8,10.0,1.0,DA-BALS-Stabilized,429,80.65268065268066,1.3986013986013985,17.94871794871795,0.0
306,0.8,50.0,0.0,DA-BALS-EWMA,429,82.75058275058275,0.2331002331002331,17.016317016317018,0.0
306,0.8,50.0,0.0,DA-BALS-EWMA-Cap,429,82.75058275058275,0.2331002331002331,17.016317016317018,0.0
306,0.8,50.0,0.0,DA-BALS-EWMA-Decay,429,82.75058275058275,0.2331002331002331,17.016317016317018,0.0
306,0.8,50.0,0.0,DA-BALS-Stabilized,429,82.75058275058275,0.2331002331002331,17.016317016317018,0.0
306,0.8,50.0,0.5,DA-BALS-EWMA,429,81.81818181818183,0.6993006993006993,17.482517482517483,0.0
306,0.8,50.0,0.5,DA-BALS-EWMA-Cap,429,81.81818181818183,0.6993006993006993,17.482517482517483,0.0
306,0.8,50.0,0.5,DA-BALS-EWMA-Decay,429,82.05128205128204,0.6993006993006993,17.24941724941725,0.0
306,0.8,50.0,0.5,DA-BALS-Stabilized,429,82.05128205128204,0.6993006993006993,17.24941724941725,0.0
306,0.8,50.0,1.0,DA-BALS-EWMA,429,80.1864801864802,1.8648018648018647,17.94871794871795,0.0
306,0.8,50.0,1.0,DA-BALS-EWMA-Cap,429,80.1864801864802,1.8648018648018647,17.94871794871795,0.0
306,0.8,50.0,1.0,DA-BALS-EWMA-Decay,429,80.65268065268066,1.3986013986013985,17.94871794871795,0.0
306,0.8,50.0,1.0,DA-BALS-Stabilized,429,80.65268065268066,1.3986013986013985,17.94871794871795,0.0
306,1.0,0.0,0.0,DA-BALS-EWMA,527,75.14231499051233,0.3795066413662239,24.47817836812144,0.0
306,1.0,0.0,0.0,DA-BALS-EWMA-Cap,527,75.14231499051233,0.3795066413662239,24.47817836812144,0.0
306,1.0,0.0,0.0,DA-BALS-EWMA-Decay,527,75.33206831119544,0.3795066413662239,24.28842504743833,0.0
306,1.0,0.0,0.0,DA-BALS-Stabilized,527,75.33206831119544,0.3795066413662239,24.28842504743833,0.0
306,1.0,0.0,0.5,DA-BALS-EWMA,527,74.00379506641366,1.1385199240986716,24.857685009487664,0.0
306,1.0,0.0,0.5,DA-BALS-EWMA-Cap,527,74.00379506641366,1.1385199240986716,24.857685009487664,0.0
306,1.0,0.0,0.5,DA-BALS-EWMA-Decay,527,74.00379506641366,1.1385199240986716,24.857685009487664,0.0
306,1.0,0.0,0.5,DA-BALS-Stabilized,527,74.00379506641366,1.1385199240986716,24.857685009487664,0.0
306,1.0,0.0,1.0,DA-BALS-EWMA,527,70.77798861480076,4.364326375711575,24.857685009487664,0.0
306,1.0,0.0,1.0,DA-BALS-EWMA-Cap,527,70.77798861480076,4.364326375711575,24.857685009487664,0.0
306,1.0,0.0,1.0,DA-BALS-EWMA-Decay,527,70.77798861480076,4.364326375711575,24.857685009487664,0.0
306,1.0,0.0,1.0,DA-BALS-Stabilized,527,70.77798861480076,4.364326375711575,24.857685009487664,0.0
306,1.0,10.0,0.0,DA-BALS-EWMA,527,75.14231499051233,0.3795066413662239,24.47817836812144,0.0
306,1.0,10.0,0.0,DA-BALS-EWMA-Cap,527,75.14231499051233,0.3795066413662239,24.47817836812144,0.0
306,1.0,10.0,0.0,DA-BALS-EWMA-Decay,527,75.33206831119544,0.3795066413662239,24.28842504743833,0.0
306,1.0,10.0,0.0,DA-BALS-Stabilized,527,75.33206831119544,0.3795066413662239,24.28842504743833,0.0
306,1.0,10.0,0.5,DA-BALS-EWMA,527,74.19354838709677,1.1385199240986716,24.667931688804554,0.0
306,1.0,10.0,0.5,DA-BALS-EWMA-Cap,527,74.19354838709677,1.1385199240986716,24.667931688804554,0.0
306,1.0,10.0,0.5,DA-BALS-EWMA-Decay,527,74.19354838709677,1.1385199240986716,24.667931688804554,0.0
306,1.0,10.0,0.5,DA-BALS-Stabilized,527,74.19354838709677,1.1385199240986716,24.667931688804554,0.0
306,1.0,10.0,1.0,DA-BALS-EWMA,527,70.77798861480076,4.364326375711575,24.857685009487664,0.0
306,1.0,10.0,1.0,DA-BALS-EWMA-Cap,527,70.77798861480076,4.364326375711575,24.857685009487664,0.0
306,1.0,10.0,1.0,DA-BALS-EWMA-Decay,527,70.77798861480076,4.554079696394687,24.667931688804554,0.0
306,1.0,10.0,1.0,DA-BALS-Stabilized,527,70.77798861480076,4.554079696394687,24.667931688804554,0.0
306,1.0,50.0,0.0,DA-BALS-EWMA,527,75.14231499051233,0.3795066413662239,24.47817836812144,0.0
306,1.0,50.0,0.0,DA-BALS-EWMA-Cap,527,75.14231499051233,0.3795066413662239,24.47817836812144,0.0
306,1.0,50.0,0.0,DA-BALS-EWMA-Decay,527,75.33206831119544,0.3795066413662239,24.28842504743833,0.0
306,1.0,50.0,0.0,DA-BALS-Stabilized,527,75.33206831119544,0.3795066413662239,24.28842504743833,0.0
306,1.0,50.0,0.5,DA-BALS-EWMA,527,74.19354838709677,1.1385199240986716,24.667931688804554,0.0
306,1.0,50.0,0.5,DA-BALS-EWMA-Cap,527,74.19354838709677,1.1385199240986716,24.667931688804554,0.0
306,1.0,50.0,0.5,DA-BALS-EWMA-Decay,527,74.19354838709677,1.1385199240986716,24.667931688804554,0.0
306,1.0,50.0,0.5,DA-BALS-Stabilized,527,74.19354838709677,1.1385199240986716,24.667931688804554,0.0
306,1.0,50.0,1.0,DA-BALS-EWMA,527,70.77798861480076,4.364326375711575,24.857685009487664,0.0
306,1.0,50.0,1.0,DA-BALS-EWMA-Cap,527,70.77798861480076,4.364326375711575,24.857685009487664,0.0
306,1.0,50.0,1.0,DA-BALS-EWMA-Decay,527,70.77798861480076,4.554079696394687,24.667931688804554,0.0
306,1.0,50.0,1.0,DA-BALS-Stabilized,527,70.77798861480076,4.554079696394687,24.667931688804554,0.0
306,1.2,0.0,0.0,DA-BALS-EWMA,586,73.72013651877133,0.3412969283276451,25.938566552901023,0.0
306,1.2,0.0,0.0,DA-BALS-EWMA-Cap,586,73.72013651877133,0.3412969283276451,25.938566552901023,0.0
306,1.2,0.0,0.0,DA-BALS-EWMA-Decay,586,73.72013651877133,0.3412969283276451,25.938566552901023,0.0
306,1.2,0.0,0.0,DA-BALS-Stabilized,586,73.72013651877133,0.3412969283276451,25.938566552901023,0.0
306,1.2,0.0,0.5,DA-BALS-EWMA,586,72.18430034129693,1.877133105802048,25.938566552901023,0.0
306,1.2,0.0,0.5,DA-BALS-EWMA-Cap,586,72.18430034129693,1.877133105802048,25.938566552901023,0.0
306,1.2,0.0,0.5,DA-BALS-EWMA-Decay,586,72.18430034129693,1.877133105802048,25.938566552901023,0.0
306,1.2,0.0,0.5,DA-BALS-Stabilized,586,72.18430034129693,1.877133105802048,25.938566552901023,0.0
306,1.2,0.0,1.0,DA-BALS-EWMA,586,70.4778156996587,3.4129692832764507,26.109215017064848,0.0
306,1.2,0.0,1.0,DA-BALS-EWMA-Cap,586,70.4778156996587,3.4129692832764507,26.109215017064848,0.0
306,1.2,0.0,1.0,DA-BALS-EWMA-Decay,586,70.4778156996587,3.4129692832764507,26.109215017064848,0.0
306,1.2,0.0,1.0,DA-BALS-Stabilized,586,70.4778156996587,3.4129692832764507,26.109215017064848,0.0
306,1.2,10.0,0.0,DA-BALS-EWMA,586,73.72013651877133,0.3412969283276451,25.938566552901023,0.0
306,1.2,10.0,0.0,DA-BALS-EWMA-Cap,586,73.72013651877133,0.3412969283276451,25.938566552901023,0.0
306,1.2,10.0,0.0,DA-BALS-EWMA-Decay,586,73.72013651877133,0.3412969283276451,25.938566552901023,0.0
306,1.2,10.0,0.0,DA-BALS-Stabilized,586,73.72013651877133,0.3412969283276451,25.938566552901023,0.0
306,1.2,10.0,0.5,DA-BALS-EWMA,586,72.18430034129693,1.877133105802048,25.938566552901023,0.0
306,1.2,10.0,0.5,DA-BALS-EWMA-Cap,586,72.18430034129693,1.877133105802048,25.938566552901023,0.0
306,1.2,10.0,0.5,DA-BALS-EWMA-Decay,586,72.18430034129693,1.877133105802048,25.938566552901023,0.0
306,1.2,10.0,0.5,DA-BALS-Stabilized,586,72.18430034129693,1.877133105802048,25.938566552901023,0.0
306,1.2,10.0,1.0,DA-BALS-EWMA,586,70.4778156996587,3.4129692832764507,26.109215017064848,0.0
306,1.2,10.0,1.0,DA-BALS-EWMA-Cap,586,70.4778156996587,3.4129692832764507,26.109215017064848,0.0
306,1.2,10.0,1.0,DA-BALS-EWMA-Decay,586,70.4778156996587,3.4129692832764507,26.109215017064848,0.0
306,1.2,10.0,1.0,DA-BALS-Stabilized,586,70.4778156996587,3.4129692832764507,26.109215017064848,0.0
306,1.2,50.0,0.0,DA-BALS-EWMA,586,73.72013651877133,0.3412969283276451,25.938566552901023,0.0
306,1.2,50.0,0.0,DA-BALS-EWMA-Cap,586,73.72013651877133,0.3412969283276451,25.938566552901023,0.0
306,1.2,50.0,0.0,DA-BALS-EWMA-Decay,586,73.72013651877133,0.3412969283276451,25.938566552901023,0.0
306,1.2,50.0,0.0,DA-BALS-Stabilized,586,73.72013651877133,0.3412969283276451,25.938566552901023,0.0
306,1.2,50.0,0.5,DA-BALS-EWMA,586,72.18430034129693,1.877133105802048,25.938566552901023,0.0
306,1.2,50.0,0.5,DA-BALS-EWMA-Cap,586,72.18430034129693,1.877133105802048,25.938566552901023,0.0
306,1.2,50.0,0.5,DA-BALS-EWMA-Decay,586,72.18430034129693,1.877133105802048,25.938566552901023,0.0
306,1.2,50.0,0.5,DA-BALS-Stabilized,586,72.18430034129693,1.877133105802048,25.938566552901023,0.0
306,1.2,50.0,1.0,DA-BALS-EWMA,586,70.4778156996587,3.4129692832764507,26.109215017064848,0.0
306,1.2,50.0,1.0,DA-BALS-EWMA-Cap,586,70.4778156996587,3.4129692832764507,26.109215017064848,0.0
306,1.2,50.0,1.0,DA-BALS-EWMA-Decay,586,70.4778156996587,3.4129692832764507,26.109215017064848,0.0
306,1.2,50.0,1.0,DA-BALS-Stabilized,586,70.4778156996587,3.4129692832764507,26.109215017064848,0.0
307,0.2,0.0,0.0,DA-BALS-EWMA,102,94.11764705882352,0.9803921568627451,4.901960784313726,0.0
307,0.2,0.0,0.0,DA-BALS-EWMA-Cap,102,94.11764705882352,0.9803921568627451,4.901960784313726,0.0
307,0.2,0.0,0.0,DA-BALS-EWMA-Decay,102,94.11764705882352,0.9803921568627451,4.901960784313726,0.0
307,0.2,0.0,0.0,DA-BALS-Stabilized,102,94.11764705882352,0.9803921568627451,4.901960784313726,0.0
307,0.2,0.0,0.5,DA-BALS-EWMA,102,94.11764705882352,0.9803921568627451,4.901960784313726,0.0
307,0.2,0.0,0.5,DA-BALS-EWMA-Cap,102,94.11764705882352,0.9803921568627451,4.901960784313726,0.0
307,0.2,0.0,0.5,DA-BALS-EWMA-Decay,102,94.11764705882352,0.9803921568627451,4.901960784313726,0.0
307,0.2,0.0,0.5,DA-BALS-Stabilized,102,94.11764705882352,0.9803921568627451,4.901960784313726,0.0
307,0.2,0.0,1.0,DA-BALS-EWMA,102,94.11764705882352,0.0,5.88235294117647,0.0
307,0.2,0.0,1.0,DA-BALS-EWMA-Cap,102,94.11764705882352,0.0,5.88235294117647,0.0
307,0.2,0.0,1.0,DA-BALS-EWMA-Decay,102,95.09803921568627,0.0,4.901960784313726,0.0
307,0.2,0.0,1.0,DA-BALS-Stabilized,102,95.09803921568627,0.0,4.901960784313726,0.0
307,0.2,10.0,0.0,DA-BALS-EWMA,102,94.11764705882352,0.9803921568627451,4.901960784313726,0.0
307,0.2,10.0,0.0,DA-BALS-EWMA-Cap,102,94.11764705882352,0.9803921568627451,4.901960784313726,0.0
307,0.2,10.0,0.0,DA-BALS-EWMA-Decay,102,94.11764705882352,0.9803921568627451,4.901960784313726,0.0
307,0.2,10.0,0.0,DA-BALS-Stabilized,102,94.11764705882352,0.9803921568627451,4.901960784313726,0.0
307,0.2,10.0,0.5,DA-BALS-EWMA,102,94.11764705882352,0.9803921568627451,4.901960784313726,0.0
307,0.2,10.0,0.5,DA-BALS-EWMA-Cap,102,94.11764705882352,0.9803921568627451,4.901960784313726,0.0
307,0.2,10.0,0.5,DA-BALS-EWMA-Decay,102,94.11764705882352,0.9803921568627451,4.901960784313726,0.0
307,0.2,10.0,0.5,DA-BALS-Stabilized,102,94.11764705882352,0.9803921568627451,4.901960784313726,0.0
307,0.2,10.0,1.0,DA-BALS-EWMA,102,94.11764705882352,0.0,5.88235294117647,0.0
307,0.2,10.0,1.0,DA-BALS-EWMA-Cap,102,94.11764705882352,0.0,5.88235294117647,0.0
307,0.2,10.0,1.0,DA-BALS-EWMA-Decay,102,95.09803921568627,0.0,4.901960784313726,0.0
307,0.2,10.0,1.0,DA-BALS-Stabilized,102,95.09803921568627,0.0,4.901960784313726,0.0
307,0.2,50.0,0.0,DA-BALS-EWMA,102,94.11764705882352,0.9803921568627451,4.901960784313726,0.0
307,0.2,50.0,0.0,DA-BALS-EWMA-Cap,102,94.11764705882352,0.9803921568627451,4.901960784313726,0.0
307,0.2,50.0,0.0,DA-BALS-EWMA-Decay,102,94.11764705882352,0.9803921568627451,4.901960784313726,0.0
307,0.2,50.0,0.0,DA-BALS-Stabilized,102,94.11764705882352,0.9803921568627451,4.901960784313726,0.0
307,0.2,50.0,0.5,DA-BALS-EWMA,102,94.11764705882352,0.9803921568627451,4.901960784313726,0.0
307,0.2,50.0,0.5,DA-BALS-EWMA-Cap,102,94.11764705882352,0.9803921568627451,4.901960784313726,0.0
307,0.2,50.0,0.5,DA-BALS-EWMA-Decay,102,94.11764705882352,0.9803921568627451,4.901960784313726,0.0
307,0.2,50.0,0.5,DA-BALS-Stabilized,102,94.11764705882352,0.9803921568627451,4.901960784313726,0.0
307,0.2,50.0,1.0,DA-BALS-EWMA,102,94.11764705882352,0.0,5.88235294117647,0.0
307,0.2,50.0,1.0,DA-BALS-EWMA-Cap,102,94.11764705882352,0.0,5.88235294117647,0.0
307,0.2,50.0,1.0,DA-BALS-EWMA-Decay,102,95.09803921568627,0.0,4.901960784313726,0.0
307,0.2,50.0,1.0,DA-BALS-Stabilized,102,95.09803921568627,0.0,4.901960784313726,0.0
307,0.4,0.0,0.0,DA-BALS-EWMA,197,93.90862944162437,0.5076142131979695,5.583756345177665,0.0
307,0.4,0.0,0.0,DA-BALS-EWMA-Cap,197,93.90862944162437,0.5076142131979695,5.583756345177665,0.0
307,0.4,0.0,0.0,DA-BALS-EWMA-Decay,197,93.90862944162437,0.5076142131979695,5.583756345177665,0.0
307,0.4,0.0,0.0,DA-BALS-Stabilized,197,93.90862944162437,0.5076142131979695,5.583756345177665,0.0
307,0.4,0.0,0.5,DA-BALS-EWMA,197,92.38578680203045,1.5228426395939088,6.091370558375635,0.0
307,0.4,0.0,0.5,DA-BALS-EWMA-Cap,197,92.38578680203045,1.5228426395939088,6.091370558375635,0.0
307,0.4,0.0,0.5,DA-BALS-EWMA-Decay,197,92.38578680203045,1.5228426395939088,6.091370558375635,0.0
307,0.4,0.0,0.5,DA-BALS-Stabilized,197,92.38578680203045,1.5228426395939088,6.091370558375635,0.0
307,0.4,0.0,1.0,DA-BALS-EWMA,197,91.37055837563452,2.5380710659898478,6.091370558375635,0.0
307,0.4,0.0,1.0,DA-BALS-EWMA-Cap,197,91.37055837563452,2.5380710659898478,6.091370558375635,0.0
307,0.4,0.0,1.0,DA-BALS-EWMA-Decay,197,91.37055837563452,2.5380710659898478,6.091370558375635,0.0
307,0.4,0.0,1.0,DA-BALS-Stabilized,197,91.37055837563452,2.5380710659898478,6.091370558375635,0.0
307,0.4,10.0,0.0,DA-BALS-EWMA,197,93.90862944162437,0.5076142131979695,5.583756345177665,0.0
307,0.4,10.0,0.0,DA-BALS-EWMA-Cap,197,93.90862944162437,0.5076142131979695,5.583756345177665,0.0
307,0.4,10.0,0.0,DA-BALS-EWMA-Decay,197,93.90862944162437,0.5076142131979695,5.583756345177665,0.0
307,0.4,10.0,0.0,DA-BALS-Stabilized,197,93.90862944162437,0.5076142131979695,5.583756345177665,0.0
307,0.4,10.0,0.5,DA-BALS-EWMA,197,92.38578680203045,1.5228426395939088,6.091370558375635,0.0
307,0.4,10.0,0.5,DA-BALS-EWMA-Cap,197,92.38578680203045,1.5228426395939088,6.091370558375635,0.0
307,0.4,10.0,0.5,DA-BALS-EWMA-Decay,197,92.38578680203045,1.5228426395939088,6.091370558375635,0.0
307,0.4,10.0,0.5,DA-BALS-Stabilized,197,92.38578680203045,1.5228426395939088,6.091370558375635,0.0
307,0.4,10.0,1.0,DA-BALS-EWMA,197,91.37055837563452,2.5380710659898478,6.091370558375635,0.0
307,0.4,10.0,1.0,DA-BALS-EWMA-Cap,197,91.37055837563452,2.5380710659898478,6.091370558375635,0.0
307,0.4,10.0,1.0,DA-BALS-EWMA-Decay,197,91.37055837563452,2.5380710659898478,6.091370558375635,0.0
307,0.4,10.0,1.0,DA-BALS-Stabilized,197,91.37055837563452,2.5380710659898478,6.091370558375635,0.0
307,0.4,50.0,0.0,DA-BALS-EWMA,197,93.90862944162437,0.5076142131979695,5.583756345177665,0.0
307,0.4,50.0,0.0,DA-BALS-EWMA-Cap,197,93.90862944162437,0.5076142131979695,5.583756345177665,0.0
307,0.4,50.0,0.0,DA-BALS-EWMA-Decay,197,93.90862944162437,0.5076142131979695,5.583756345177665,0.0
307,0.4,50.0,0.0,DA-BALS-Stabilized,197,93.90862944162437,0.5076142131979695,5.583756345177665,0.0
307,0.4,50.0,0.5,DA-BALS-EWMA,197,92.38578680203045,1.5228426395939088,6.091370558375635,0.0
307,0.4,50.0,0.5,DA-BALS-EWMA-Cap,197,92.38578680203045,1.5228426395939088,6.091370558375635,0.0
307,0.4,50.0,0.5,DA-BALS-EWMA-Decay,197,92.38578680203045,1.5228426395939088,6.091370558375635,0.0
307,0.4,50.0,0.5,DA-BALS-Stabilized,197,92.38578680203045,1.5228426395939088,6.091370558375635,0.0
307,0.4,50.0,1.0,DA-BALS-EWMA,197,91.37055837563452,2.5380710659898478,6.091370558375635,0.0
307,0.4,50.0,1.0,DA-BALS-EWMA-Cap,197,91.37055837563452,2.5380710659898478,6.091370558375635,0.0
307,0.4,50.0,1.0,DA-BALS-EWMA-Decay,197,91.37055837563452,2.5380710659898478,6.091370558375635,0.0
307,0.4,50.0,1.0,DA-BALS-Stabilized,197,91.37055837563452,2.5380710659898478,6.091370558375635,0.0
307,0.6,0.0,0.0,DA-BALS-EWMA,311,87.45980707395499,1.2861736334405145,11.254019292604502,0.0
307,0.6,0.0,0.0,DA-BALS-EWMA-Cap,311,87.45980707395499,1.2861736334405145,11.254019292604502,0.0
307,0.6,0.0,0.0,DA-BALS-EWMA-Decay,311,87.45980707395499,1.2861736334405145,11.254019292604502,0.0
307,0.6,0.0,0.0,DA-BALS-Stabilized,311,87.45980707395499,1.2861736334405145,11.254019292604502,0.0
307,0.6,0.0,0.5,DA-BALS-EWMA,311,86.17363344051448,2.572347266881029,11.254019292604502,0.0
307,0.6,0.0,0.5,DA-BALS-EWMA-Cap,311,86.17363344051448,2.572347266881029,11.254019292604502,0.0
307,0.6,0.0,0.5,DA-BALS-EWMA-Decay,311,86.17363344051448,2.572347266881029,11.254019292604502,0.0
307,0.6,0.0,0.5,DA-BALS-Stabilized,311,86.17363344051448,2.572347266881029,11.254019292604502,0.0
307,0.6,0.0,1.0,DA-BALS-EWMA,311,83.92282958199357,4.501607717041801,11.57556270096463,0.0
307,0.6,0.0,1.0,DA-BALS-EWMA-Cap,311,83.92282958199357,4.501607717041801,11.57556270096463,0.0
307,0.6,0.0,1.0,DA-BALS-EWMA-Decay,311,83.92282958199357,4.501607717041801,11.57556270096463,0.0
307,0.6,0.0,1.0,DA-BALS-Stabilized,311,83.92282958199357,4.501607717041801,11.57556270096463,0.0
307,0.6,10.0,0.0,DA-BALS-EWMA,311,87.45980707395499,1.2861736334405145,11.254019292604502,0.0
307,0.6,10.0,0.0,DA-BALS-EWMA-Cap,311,87.45980707395499,1.2861736334405145,11.254019292604502,0.0
307,0.6,10.0,0.0,DA-BALS-EWMA-Decay,311,87.45980707395499,1.2861736334405145,11.254019292604502,0.0
307,0.6,10.0,0.0,DA-BALS-Stabilized,311,87.45980707395499,1.2861736334405145,11.254019292604502,0.0
307,0.6,10.0,0.5,DA-BALS-EWMA,311,86.17363344051448,2.572347266881029,11.254019292604502,0.0
307,0.6,10.0,0.5,DA-BALS-EWMA-Cap,311,86.17363344051448,2.572347266881029,11.254019292604502,0.0
307,0.6,10.0,0.5,DA-BALS-EWMA-Decay,311,86.17363344051448,2.572347266881029,11.254019292604502,0.0
307,0.6,10.0,0.5,DA-BALS-Stabilized,311,86.17363344051448,2.572347266881029,11.254019292604502,0.0
307,0.6,10.0,1.0,DA-BALS-EWMA,311,83.92282958199357,4.501607717041801,11.57556270096463,0.0
307,0.6,10.0,1.0,DA-BALS-EWMA-Cap,311,83.92282958199357,4.501607717041801,11.57556270096463,0.0
307,0.6,10.0,1.0,DA-BALS-EWMA-Decay,311,83.92282958199357,4.501607717041801,11.57556270096463,0.0
307,0.6,10.0,1.0,DA-BALS-Stabilized,311,83.92282958199357,4.501607717041801,11.57556270096463,0.0
307,0.6,50.0,0.0,DA-BALS-EWMA,311,87.45980707395499,1.2861736334405145,11.254019292604502,0.0
307,0.6,50.0,0.0,DA-BALS-EWMA-Cap,311,87.45980707395499,1.2861736334405145,11.254019292604502,0.0
307,0.6,50.0,0.0,DA-BALS-EWMA-Decay,311,87.45980707395499,1.2861736334405145,11.254019292604502,0.0
307,0.6,50.0,0.0,DA-BALS-Stabilized,311,87.45980707395499,1.2861736334405145,11.254019292604502,0.0
307,0.6,50.0,0.5,DA-BALS-EWMA,311,86.17363344051448,2.572347266881029,11.254019292604502,0.0
307,0.6,50.0,0.5,DA-BALS-EWMA-Cap,311,86.17363344051448,2.572347266881029,11.254019292604502,0.0
307,0.6,50.0,0.5,DA-BALS-EWMA-Decay,311,86.17363344051448,2.572347266881029,11.254019292604502,0.0
307,0.6,50.0,0.5,DA-BALS-Stabilized,311,86.17363344051448,2.572347266881029,11.254019292604502,0.0
307,0.6,50.0,1.0,DA-BALS-EWMA,311,83.60128617363344,4.501607717041801,11.89710610932476,0.0
307,0.6,50.0,1.0,DA-BALS-EWMA-Cap,311,83.60128617363344,4.501607717041801,11.89710610932476,0.0
307,0.6,50.0,1.0,DA-BALS-EWMA-Decay,311,83.92282958199357,4.501607717041801,11.57556270096463,0.0
307,0.6,50.0,1.0,DA-BALS-Stabilized,311,83.92282958199357,4.501607717041801,11.57556270096463,0.0
307,0.8,0.0,0.0,DA-BALS-EWMA,396,84.34343434343434,0.7575757575757576,14.898989898989898,0.0
307,0.8,0.0,0.0,DA-BALS-EWMA-Cap,396,84.34343434343434,0.7575757575757576,14.898989898989898,0.0
307,0.8,0.0,0.0,DA-BALS-EWMA-Decay,396,84.59595959595958,0.7575757575757576,14.646464646464647,0.0
307,0.8,0.0,0.0,DA-BALS-Stabilized,396,84.59595959595958,0.7575757575757576,14.646464646464647,0.0
307,0.8,0.0,0.5,DA-BALS-EWMA,396,84.0909090909091,1.0101010101010102,14.898989898989898,0.0
307,0.8,0.0,0.5,DA-BALS-EWMA-Cap,396,84.0909090909091,1.0101010101010102,14.898989898989898,0.0
307,0.8,0.0,0.5,DA-BALS-EWMA-Decay,396,84.0909090909091,1.0101010101010102,14.898989898989898,0.0
307,0.8,0.0,0.5,DA-BALS-Stabilized,396,84.0909090909091,1.0101010101010102,14.898989898989898,0.0
307,0.8,0.0,1.0,DA-BALS-EWMA,396,81.31313131313132,2.525252525252525,16.161616161616163,0.0
307,0.8,0.0,1.0,DA-BALS-EWMA-Cap,396,81.31313131313132,2.525252525252525,16.161616161616163,0.0
307,0.8,0.0,1.0,DA-BALS-EWMA-Decay,396,81.31313131313132,2.525252525252525,16.161616161616163,0.0
307,0.8,0.0,1.0,DA-BALS-Stabilized,396,81.31313131313132,2.525252525252525,16.161616161616163,0.0
307,0.8,10.0,0.0,DA-BALS-EWMA,396,84.34343434343434,0.7575757575757576,14.898989898989898,0.0
307,0.8,10.0,0.0,DA-BALS-EWMA-Cap,396,84.34343434343434,0.7575757575757576,14.898989898989898,0.0
307,0.8,10.0,0.0,DA-BALS-EWMA-Decay,396,84.59595959595958,0.7575757575757576,14.646464646464647,0.0
307,0.8,10.0,0.0,DA-BALS-Stabilized,396,84.59595959595958,0.7575757575757576,14.646464646464647,0.0
307,0.8,10.0,0.5,DA-BALS-EWMA,396,83.83838383838383,1.0101010101010102,15.151515151515152,0.0
307,0.8,10.0,0.5,DA-BALS-EWMA-Cap,396,83.83838383838383,1.0101010101010102,15.151515151515152,0.0
307,0.8,10.0,0.5,DA-BALS-EWMA-Decay,396,84.0909090909091,1.0101010101010102,14.898989898989898,0.0
307,0.8,10.0,0.5,DA-BALS-Stabilized,396,84.0909090909091,1.0101010101010102,14.898989898989898,0.0
307,0.8,10.0,1.0,DA-BALS-EWMA,396,81.31313131313132,2.525252525252525,16.161616161616163,0.0
307,0.8,10.0,1.0,DA-BALS-EWMA-Cap,396,81.31313131313132,2.525252525252525,16.161616161616163,0.0
307,0.8,10.0,1.0,DA-BALS-EWMA-Decay,396,81.31313131313132,2.525252525252525,16.161616161616163,0.0
307,0.8,10.0,1.0,DA-BALS-Stabilized,396,81.31313131313132,2.525252525252525,16.161616161616163,0.0
307,0.8,50.0,0.0,DA-BALS-EWMA,396,84.34343434343434,0.7575757575757576,14.898989898989898,0.0
307,0.8,50.0,0.0,DA-BALS-EWMA-Cap,396,84.34343434343434,0.7575757575757576,14.898989898989898,0.0
307,0.8,50.0,0.0,DA-BALS-EWMA-Decay,396,84.59595959595958,0.7575757575757576,14.646464646464647,0.0
307,0.8,50.0,0.0,DA-BALS-Stabilized,396,84.59595959595958,0.7575757575757576,14.646464646464647,0.0
307,0.8,50.0,0.5,DA-BALS-EWMA,396,83.83838383838383,1.0101010101010102,15.151515151515152,0.0
307,0.8,50.0,0.5,DA-BALS-EWMA-Cap,396,83.83838383838383,1.0101010101010102,15.151515151515152,0.0
307,0.8,50.0,0.5,DA-BALS-EWMA-Decay,396,84.0909090909091,1.0101010101010102,14.898989898989898,0.0
307,0.8,50.0,0.5,DA-BALS-Stabilized,396,84.0909090909091,1.0101010101010102,14.898989898989898,0.0
307,0.8,50.0,1.0,DA-BALS-EWMA,396,81.31313131313132,3.0303030303030303,15.656565656565657,0.0
307,0.8,50.0,1.0,DA-BALS-EWMA-Cap,396,81.31313131313132,3.0303030303030303,15.656565656565657,0.0
307,0.8,50.0,1.0,DA-BALS-EWMA-Decay,396,81.31313131313132,3.0303030303030303,15.656565656565657,0.0
307,0.8,50.0,1.0,DA-BALS-Stabilized,396,81.31313131313132,3.0303030303030303,15.656565656565657,0.0
307,1.0,0.0,0.0,DA-BALS-EWMA,507,76.92307692307693,0.19723865877712032,22.879684418145956,0.0
307,1.0,0.0,0.0,DA-BALS-EWMA-Cap,507,76.92307692307693,0.19723865877712032,22.879684418145956,0.0
307,1.0,0.0,0.0,DA-BALS-EWMA-Decay,507,76.92307692307693,0.19723865877712032,22.879684418145956,0.0
307,1.0,0.0,0.0,DA-BALS-Stabilized,507,76.92307692307693,0.19723865877712032,22.879684418145956,0.0
307,1.0,0.0,0.5,DA-BALS-EWMA,507,75.93688362919131,0.9861932938856016,23.076923076923077,0.0
307,1.0,0.0,0.5,DA-BALS-EWMA-Cap,507,75.93688362919131,0.9861932938856016,23.076923076923077,0.0
307,1.0,0.0,0.5,DA-BALS-EWMA-Decay,507,75.93688362919131,0.9861932938856016,23.076923076923077,0.0
307,1.0,0.0,0.5,DA-BALS-Stabilized,507,75.93688362919131,0.9861932938856016,23.076923076923077,0.0
307,1.0,0.0,1.0,DA-BALS-EWMA,507,74.55621301775149,2.1696252465483234,23.274161735700197,0.0
307,1.0,0.0,1.0,DA-BALS-EWMA-Cap,507,74.55621301775149,2.1696252465483234,23.274161735700197,0.0
307,1.0,0.0,1.0,DA-BALS-EWMA-Decay,507,74.55621301775149,2.1696252465483234,23.274161735700197,0.0
307,1.0,0.0,1.0,DA-BALS-Stabilized,507,74.55621301775149,2.1696252465483234,23.274161735700197,0.0
307,1.0,10.0,0.0,DA-BALS-EWMA,507,76.92307692307693,0.19723865877712032,22.879684418145956,0.0
307,1.0,10.0,0.0,DA-BALS-EWMA-Cap,507,76.92307692307693,0.19723865877712032,22.879684418145956,0.0
307,1.0,10.0,0.0,DA-BALS-EWMA-Decay,507,76.92307692307693,0.19723865877712032,22.879684418145956,0.0
307,1.0,10.0,0.0,DA-BALS-Stabilized,507,76.92307692307693,0.19723865877712032,22.879684418145956,0.0
307,1.0,10.0,0.5,DA-BALS-EWMA,507,75.93688362919131,0.9861932938856016,23.076923076923077,0.0
307,1.0,10.0,0.5,DA-BALS-EWMA-Cap,507,75.93688362919131,0.9861932938856016,23.076923076923077,0.0
307,1.0,10.0,0.5,DA-BALS-EWMA-Decay,507,75.93688362919131,0.9861932938856016,23.076923076923077,0.0
307,1.0,10.0,0.5,DA-BALS-Stabilized,507,75.93688362919131,0.9861932938856016,23.076923076923077,0.0
307,1.0,10.0,1.0,DA-BALS-EWMA,507,74.55621301775149,2.1696252465483234,23.274161735700197,0.0
307,1.0,10.0,1.0,DA-BALS-EWMA-Cap,507,74.55621301775149,2.1696252465483234,23.274161735700197,0.0
307,1.0,10.0,1.0,DA-BALS-EWMA-Decay,507,74.55621301775149,2.1696252465483234,23.274161735700197,0.0
307,1.0,10.0,1.0,DA-BALS-Stabilized,507,74.55621301775149,2.1696252465483234,23.274161735700197,0.0
307,1.0,50.0,0.0,DA-BALS-EWMA,507,76.92307692307693,0.19723865877712032,22.879684418145956,0.0
307,1.0,50.0,0.0,DA-BALS-EWMA-Cap,507,76.92307692307693,0.19723865877712032,22.879684418145956,0.0
307,1.0,50.0,0.0,DA-BALS-EWMA-Decay,507,76.92307692307693,0.19723865877712032,22.879684418145956,0.0
307,1.0,50.0,0.0,DA-BALS-Stabilized,507,76.92307692307693,0.19723865877712032,22.879684418145956,0.0
307,1.0,50.0,0.5,DA-BALS-EWMA,507,75.93688362919131,0.9861932938856016,23.076923076923077,0.0
307,1.0,50.0,0.5,DA-BALS-EWMA-Cap,507,75.93688362919131,0.9861932938856016,23.076923076923077,0.0
307,1.0,50.0,0.5,DA-BALS-EWMA-Decay,507,75.93688362919131,0.9861932938856016,23.076923076923077,0.0
307,1.0,50.0,0.5,DA-BALS-Stabilized,507,75.93688362919131,0.9861932938856016,23.076923076923077,0.0
307,1.0,50.0,1.0,DA-BALS-EWMA,507,74.55621301775149,2.1696252465483234,23.274161735700197,0.0
307,1.0,50.0,1.0,DA-BALS-EWMA-Cap,507,74.55621301775149,2.1696252465483234,23.274161735700197,0.0
307,1.0,50.0,1.0,DA-BALS-EWMA-Decay,507,74.55621301775149,2.1696252465483234,23.274161735700197,0.0
307,1.0,50.0,1.0,DA-BALS-Stabilized,507,74.55621301775149,2.1696252465483234,23.274161735700197,0.0
307,1.2,0.0,0.0,DA-BALS-EWMA,604,73.50993377483444,0.9933774834437087,25.496688741721858,0.0
307,1.2,0.0,0.0,DA-BALS-EWMA-Cap,604,73.50993377483444,0.9933774834437087,25.496688741721858,0.0
307,1.2,0.0,0.0,DA-BALS-EWMA-Decay,604,73.67549668874173,0.9933774834437087,25.33112582781457,0.0
307,1.2,0.0,0.0,DA-BALS-Stabilized,604,73.67549668874173,0.9933774834437087,25.33112582781457,0.0
307,1.2,0.0,0.5,DA-BALS-EWMA,604,73.01324503311258,1.1589403973509933,25.82781456953642,0.0
307,1.2,0.0,0.5,DA-BALS-EWMA-Cap,604,73.01324503311258,1.1589403973509933,25.82781456953642,0.0
307,1.2,0.0,0.5,DA-BALS-EWMA-Decay,604,72.84768211920529,1.3245033112582782,25.82781456953642,0.0
307,1.2,0.0,0.5,DA-BALS-Stabilized,604,72.84768211920529,1.3245033112582782,25.82781456953642,0.0
307,1.2,0.0,1.0,DA-BALS-EWMA,604,71.8543046357616,2.152317880794702,25.99337748344371,0.0
307,1.2,0.0,1.0,DA-BALS-EWMA-Cap,604,71.8543046357616,2.152317880794702,25.99337748344371,0.0
307,1.2,0.0,1.0,DA-BALS-EWMA-Decay,604,71.8543046357616,2.152317880794702,25.99337748344371,0.0
307,1.2,0.0,1.0,DA-BALS-Stabilized,604,71.8543046357616,2.152317880794702,25.99337748344371,0.0
307,1.2,10.0,0.0,DA-BALS-EWMA,604,73.50993377483444,0.9933774834437087,25.496688741721858,0.0
307,1.2,10.0,0.0,DA-BALS-EWMA-Cap,604,73.50993377483444,0.9933774834437087,25.496688741721858,0.0
307,1.2,10.0,0.0,DA-BALS-EWMA-Decay,604,73.67549668874173,0.9933774834437087,25.33112582781457,0.0
307,1.2,10.0,0.0,DA-BALS-Stabilized,604,73.67549668874173,0.9933774834437087,25.33112582781457,0.0
307,1.2,10.0,0.5,DA-BALS-EWMA,604,73.01324503311258,1.1589403973509933,25.82781456953642,0.0
307,1.2,10.0,0.5,DA-BALS-EWMA-Cap,604,73.01324503311258,1.1589403973509933,25.82781456953642,0.0
307,1.2,10.0,0.5,DA-BALS-EWMA-Decay,604,72.84768211920529,1.3245033112582782,25.82781456953642,0.0
307,1.2,10.0,0.5,DA-BALS-Stabilized,604,72.84768211920529,1.3245033112582782,25.82781456953642,0.0
307,1.2,10.0,1.0,DA-BALS-EWMA,604,71.8543046357616,2.152317880794702,25.99337748344371,0.0
307,1.2,10.0,1.0,DA-BALS-EWMA-Cap,604,71.8543046357616,2.152317880794702,25.99337748344371,0.0
307,1.2,10.0,1.0,DA-BALS-EWMA-Decay,604,71.8543046357616,2.152317880794702,25.99337748344371,0.0
307,1.2,10.0,1.0,DA-BALS-Stabilized,604,71.8543046357616,2.152317880794702,25.99337748344371,0.0
307,1.2,50.0,0.0,DA-BALS-EWMA,604,73.50993377483444,0.9933774834437087,25.496688741721858,0.0
307,1.2,50.0,0.0,DA-BALS-EWMA-Cap,604,73.50993377483444,0.9933774834437087,25.496688741721858,0.0
307,1.2,50.0,0.0,DA-BALS-EWMA-Decay,604,73.67549668874173,0.9933774834437087,25.33112582781457,0.0
307,1.2,50.0,0.0,DA-BALS-Stabilized,604,73.67549668874173,0.9933774834437087,25.33112582781457,0.0
307,1.2,50.0,0.5,DA-BALS-EWMA,604,73.01324503311258,1.1589403973509933,25.82781456953642,0.0
307,1.2,50.0,0.5,DA-BALS-EWMA-Cap,604,73.01324503311258,1.1589403973509933,25.82781456953642,0.0
307,1.2,50.0,0.5,DA-BALS-EWMA-Decay,604,72.84768211920529,1.3245033112582782,25.82781456953642,0.0
307,1.2,50.0,0.5,DA-BALS-Stabilized,604,72.84768211920529,1.3245033112582782,25.82781456953642,0.0
307,1.2,50.0,1.0,DA-BALS-EWMA,604,71.8543046357616,2.152317880794702,25.99337748344371,0.0
307,1.2,50.0,1.0,DA-BALS-EWMA-Cap,604,71.8543046357616,2.152317880794702,25.99337748344371,0.0
307,1.2,50.0,1.0,DA-BALS-EWMA-Decay,604,71.8543046357616,2.152317880794702,25.99337748344371,0.0
307,1.2,50.0,1.0,DA-BALS-Stabilized,604,71.8543046357616,2.152317880794702,25.99337748344371,0.0
308,0.2,0.0,0.0,DA-BALS-EWMA,90,97.77777777777777,0.0,2.2222222222222223,0.0
308,0.2,0.0,0.0,DA-BALS-EWMA-Cap,90,97.77777777777777,0.0,2.2222222222222223,0.0
308,0.2,0.0,0.0,DA-BALS-EWMA-Decay,90,97.77777777777777,0.0,2.2222222222222223,0.0
308,0.2,0.0,0.0,DA-BALS-Stabilized,90,97.77777777777777,0.0,2.2222222222222223,0.0
308,0.2,0.0,0.5,DA-BALS-EWMA,90,97.77777777777777,0.0,2.2222222222222223,0.0
308,0.2,0.0,0.5,DA-BALS-EWMA-Cap,90,97.77777777777777,0.0,2.2222222222222223,0.0
308,0.2,0.0,0.5,DA-BALS-EWMA-Decay,90,97.77777777777777,0.0,2.2222222222222223,0.0
308,0.2,0.0,0.5,DA-BALS-Stabilized,90,97.77777777777777,0.0,2.2222222222222223,0.0
308,0.2,0.0,1.0,DA-BALS-EWMA,90,93.33333333333333,4.444444444444445,2.2222222222222223,0.0
308,0.2,0.0,1.0,DA-BALS-EWMA-Cap,90,93.33333333333333,4.444444444444445,2.2222222222222223,0.0
308,0.2,0.0,1.0,DA-BALS-EWMA-Decay,90,93.33333333333333,4.444444444444445,2.2222222222222223,0.0
308,0.2,0.0,1.0,DA-BALS-Stabilized,90,93.33333333333333,4.444444444444445,2.2222222222222223,0.0
308,0.2,10.0,0.0,DA-BALS-EWMA,90,97.77777777777777,0.0,2.2222222222222223,0.0
308,0.2,10.0,0.0,DA-BALS-EWMA-Cap,90,97.77777777777777,0.0,2.2222222222222223,0.0
308,0.2,10.0,0.0,DA-BALS-EWMA-Decay,90,97.77777777777777,0.0,2.2222222222222223,0.0
308,0.2,10.0,0.0,DA-BALS-Stabilized,90,97.77777777777777,0.0,2.2222222222222223,0.0
308,0.2,10.0,0.5,DA-BALS-EWMA,90,97.77777777777777,0.0,2.2222222222222223,0.0
308,0.2,10.0,0.5,DA-BALS-EWMA-Cap,90,97.77777777777777,0.0,2.2222222222222223,0.0
308,0.2,10.0,0.5,DA-BALS-EWMA-Decay,90,97.77777777777777,0.0,2.2222222222222223,0.0
308,0.2,10.0,0.5,DA-BALS-Stabilized,90,97.77777777777777,0.0,2.2222222222222223,0.0
308,0.2,10.0,1.0,DA-BALS-EWMA,90,93.33333333333333,4.444444444444445,2.2222222222222223,0.0
308,0.2,10.0,1.0,DA-BALS-EWMA-Cap,90,93.33333333333333,4.444444444444445,2.2222222222222223,0.0
308,0.2,10.0,1.0,DA-BALS-EWMA-Decay,90,93.33333333333333,4.444444444444445,2.2222222222222223,0.0
308,0.2,10.0,1.0,DA-BALS-Stabilized,90,93.33333333333333,4.444444444444445,2.2222222222222223,0.0
308,0.2,50.0,0.0,DA-BALS-EWMA,90,97.77777777777777,0.0,2.2222222222222223,0.0
308,0.2,50.0,0.0,DA-BALS-EWMA-Cap,90,97.77777777777777,0.0,2.2222222222222223,0.0
308,0.2,50.0,0.0,DA-BALS-EWMA-Decay,90,97.77777777777777,0.0,2.2222222222222223,0.0
308,0.2,50.0,0.0,DA-BALS-Stabilized,90,97.77777777777777,0.0,2.2222222222222223,0.0
308,0.2,50.0,0.5,DA-BALS-EWMA,90,97.77777777777777,0.0,2.2222222222222223,0.0
308,0.2,50.0,0.5,DA-BALS-EWMA-Cap,90,97.77777777777777,0.0,2.2222222222222223,0.0
308,0.2,50.0,0.5,DA-BALS-EWMA-Decay,90,97.77777777777777,0.0,2.2222222222222223,0.0
308,0.2,50.0,0.5,DA-BALS-Stabilized,90,97.77777777777777,0.0,2.2222222222222223,0.0
308,0.2,50.0,1.0,DA-BALS-EWMA,90,93.33333333333333,4.444444444444445,2.2222222222222223,0.0
308,0.2,50.0,1.0,DA-BALS-EWMA-Cap,90,93.33333333333333,4.444444444444445,2.2222222222222223,0.0
308,0.2,50.0,1.0,DA-BALS-EWMA-Decay,90,93.33333333333333,4.444444444444445,2.2222222222222223,0.0
308,0.2,50.0,1.0,DA-BALS-Stabilized,90,93.33333333333333,4.444444444444445,2.2222222222222223,0.0
308,0.4,0.0,0.0,DA-BALS-EWMA,205,96.58536585365853,0.4878048780487805,2.9268292682926833,0.0
308,0.4,0.0,0.0,DA-BALS-EWMA-Cap,205,96.58536585365853,0.4878048780487805,2.9268292682926833,0.0
308,0.4,0.0,0.0,DA-BALS-EWMA-Decay,205,96.58536585365853,0.4878048780487805,2.9268292682926833,0.0
308,0.4,0.0,0.0,DA-BALS-Stabilized,205,96.58536585365853,0.4878048780487805,2.9268292682926833,0.0
308,0.4,0.0,0.5,DA-BALS-EWMA,205,94.14634146341463,2.4390243902439024,3.414634146341464,0.0
308,0.4,0.0,0.5,DA-BALS-EWMA-Cap,205,94.14634146341463,2.4390243902439024,3.414634146341464,0.0
308,0.4,0.0,0.5,DA-BALS-EWMA-Decay,205,94.14634146341463,2.9268292682926833,2.9268292682926833,0.0
308,0.4,0.0,0.5,DA-BALS-Stabilized,205,94.14634146341463,2.9268292682926833,2.9268292682926833,0.0
308,0.4,0.0,1.0,DA-BALS-EWMA,205,91.70731707317074,3.902439024390244,4.390243902439024,0.0
308,0.4,0.0,1.0,DA-BALS-EWMA-Cap,205,91.70731707317074,3.902439024390244,4.390243902439024,0.0
308,0.4,0.0,1.0,DA-BALS-EWMA-Decay,205,91.70731707317074,4.878048780487805,3.414634146341464,0.0
308,0.4,0.0,1.0,DA-BALS-Stabilized,205,91.70731707317074,4.878048780487805,3.414634146341464,0.0
308,0.4,10.0,0.0,DA-BALS-EWMA,205,96.58536585365853,0.4878048780487805,2.9268292682926833,0.0
308,0.4,10.0,0.0,DA-BALS-EWMA-Cap,205,96.58536585365853,0.4878048780487805,2.9268292682926833,0.0
308,0.4,10.0,0.0,DA-BALS-EWMA-Decay,205,96.58536585365853,0.4878048780487805,2.9268292682926833,0.0
308,0.4,10.0,0.0,DA-BALS-Stabilized,205,96.58536585365853,0.4878048780487805,2.9268292682926833,0.0
308,0.4,10.0,0.5,DA-BALS-EWMA,205,94.14634146341463,2.4390243902439024,3.414634146341464,0.0
308,0.4,10.0,0.5,DA-BALS-EWMA-Cap,205,94.14634146341463,2.4390243902439024,3.414634146341464,0.0
308,0.4,10.0,0.5,DA-BALS-EWMA-Decay,205,94.14634146341463,2.9268292682926833,2.9268292682926833,0.0
308,0.4,10.0,0.5,DA-BALS-Stabilized,205,94.14634146341463,2.9268292682926833,2.9268292682926833,0.0
308,0.4,10.0,1.0,DA-BALS-EWMA,205,91.70731707317074,3.902439024390244,4.390243902439024,0.0
308,0.4,10.0,1.0,DA-BALS-EWMA-Cap,205,91.70731707317074,3.902439024390244,4.390243902439024,0.0
308,0.4,10.0,1.0,DA-BALS-EWMA-Decay,205,91.70731707317074,4.878048780487805,3.414634146341464,0.0
308,0.4,10.0,1.0,DA-BALS-Stabilized,205,91.70731707317074,4.878048780487805,3.414634146341464,0.0
308,0.4,50.0,0.0,DA-BALS-EWMA,205,96.58536585365853,0.4878048780487805,2.9268292682926833,0.0
308,0.4,50.0,0.0,DA-BALS-EWMA-Cap,205,96.58536585365853,0.4878048780487805,2.9268292682926833,0.0
308,0.4,50.0,0.0,DA-BALS-EWMA-Decay,205,96.58536585365853,0.4878048780487805,2.9268292682926833,0.0
308,0.4,50.0,0.0,DA-BALS-Stabilized,205,96.58536585365853,0.4878048780487805,2.9268292682926833,0.0
308,0.4,50.0,0.5,DA-BALS-EWMA,205,94.14634146341463,2.4390243902439024,3.414634146341464,0.0
308,0.4,50.0,0.5,DA-BALS-EWMA-Cap,205,94.14634146341463,2.4390243902439024,3.414634146341464,0.0
308,0.4,50.0,0.5,DA-BALS-EWMA-Decay,205,94.14634146341463,2.9268292682926833,2.9268292682926833,0.0
308,0.4,50.0,0.5,DA-BALS-Stabilized,205,94.14634146341463,2.9268292682926833,2.9268292682926833,0.0
308,0.4,50.0,1.0,DA-BALS-EWMA,205,91.70731707317074,3.902439024390244,4.390243902439024,0.0
308,0.4,50.0,1.0,DA-BALS-EWMA-Cap,205,91.70731707317074,3.902439024390244,4.390243902439024,0.0
308,0.4,50.0,1.0,DA-BALS-EWMA-Decay,205,91.70731707317074,4.878048780487805,3.414634146341464,0.0
308,0.4,50.0,1.0,DA-BALS-Stabilized,205,91.70731707317074,4.878048780487805,3.414634146341464,0.0
308,0.6,0.0,0.0,DA-BALS-EWMA,281,91.10320284697508,0.3558718861209964,8.540925266903916,0.0
308,0.6,0.0,0.0,DA-BALS-EWMA-Cap,281,91.10320284697508,0.3558718861209964,8.540925266903916,0.0
308,0.6,0.0,0.0,DA-BALS-EWMA-Decay,281,91.10320284697508,0.3558718861209964,8.540925266903916,0.0
308,0.6,0.0,0.0,DA-BALS-Stabilized,281,91.10320284697508,0.3558718861209964,8.540925266903916,0.0
308,0.6,0.0,0.5,DA-BALS-EWMA,281,89.6797153024911,1.0676156583629894,9.252669039145907,0.0
308,0.6,0.0,0.5,DA-BALS-EWMA-Cap,281,89.6797153024911,1.0676156583629894,9.252669039145907,0.0
308,0.6,0.0,0.5,DA-BALS-EWMA-Decay,281,89.6797153024911,1.0676156583629894,9.252669039145907,0.0
308,0.6,0.0,0.5,DA-BALS-Stabilized,281,89.6797153024911,1.0676156583629894,9.252669039145907,0.0
308,0.6,0.0,1.0,DA-BALS-EWMA,281,88.61209964412812,1.4234875444839856,9.9644128113879,0.0
308,0.6,0.0,1.0,DA-BALS-EWMA-Cap,281,88.61209964412812,1.4234875444839856,9.9644128113879,0.0
308,0.6,0.0,1.0,DA-BALS-EWMA-Decay,281,88.61209964412812,1.4234875444839856,9.9644128113879,0.0
308,0.6,0.0,1.0,DA-BALS-Stabilized,281,88.61209964412812,1.4234875444839856,9.9644128113879,0.0
308,0.6,10.0,0.0,DA-BALS-EWMA,281,91.10320284697508,0.3558718861209964,8.540925266903916,0.0
308,0.6,10.0,0.0,DA-BALS-EWMA-Cap,281,91.10320284697508,0.3558718861209964,8.540925266903916,0.0
308,0.6,10.0,0.0,DA-BALS-EWMA-Decay,281,91.10320284697508,0.3558718861209964,8.540925266903916,0.0
308,0.6,10.0,0.0,DA-BALS-Stabilized,281,91.10320284697508,0.3558718861209964,8.540925266903916,0.0
308,0.6,10.0,0.5,DA-BALS-EWMA,281,89.6797153024911,1.0676156583629894,9.252669039145907,0.0
308,0.6,10.0,0.5,DA-BALS-EWMA-Cap,281,89.6797153024911,1.0676156583629894,9.252669039145907,0.0
308,0.6,10.0,0.5,DA-BALS-EWMA-Decay,281,89.6797153024911,1.0676156583629894,9.252669039145907,0.0
308,0.6,10.0,0.5,DA-BALS-Stabilized,281,89.6797153024911,1.0676156583629894,9.252669039145907,0.0
308,0.6,10.0,1.0,DA-BALS-EWMA,281,87.54448398576513,2.491103202846975,9.9644128113879,0.0
308,0.6,10.0,1.0,DA-BALS-EWMA-Cap,281,87.54448398576513,2.491103202846975,9.9644128113879,0.0
308,0.6,10.0,1.0,DA-BALS-EWMA-Decay,281,87.90035587188612,2.491103202846975,9.608540925266903,0.0
308,0.6,10.0,1.0,DA-BALS-Stabilized,281,87.90035587188612,2.491103202846975,9.608540925266903,0.0
308,0.6,50.0,0.0,DA-BALS-EWMA,281,91.10320284697508,0.3558718861209964,8.540925266903916,0.0
308,0.6,50.0,0.0,DA-BALS-EWMA-Cap,281,91.10320284697508,0.3558718861209964,8.540925266903916,0.0
308,0.6,50.0,0.0,DA-BALS-EWMA-Decay,281,91.10320284697508,0.3558718861209964,8.540925266903916,0.0
308,0.6,50.0,0.0,DA-BALS-Stabilized,281,91.10320284697508,0.3558718861209964,8.540925266903916,0.0
308,0.6,50.0,0.5,DA-BALS-EWMA,281,89.6797153024911,1.0676156583629894,9.252669039145907,0.0
308,0.6,50.0,0.5,DA-BALS-EWMA-Cap,281,89.6797153024911,1.0676156583629894,9.252669039145907,0.0
308,0.6,50.0,0.5,DA-BALS-EWMA-Decay,281,89.6797153024911,1.0676156583629894,9.252669039145907,0.0
308,0.6,50.0,0.5,DA-BALS-Stabilized,281,89.6797153024911,1.0676156583629894,9.252669039145907,0.0
308,0.6,50.0,1.0,DA-BALS-EWMA,281,87.18861209964413,2.8469750889679712,9.9644128113879,0.0
308,0.6,50.0,1.0,DA-BALS-EWMA-Cap,281,87.18861209964413,2.8469750889679712,9.9644128113879,0.0
308,0.6,50.0,1.0,DA-BALS-EWMA-Decay,281,87.90035587188612,2.8469750889679712,9.252669039145907,0.0
308,0.6,50.0,1.0,DA-BALS-Stabilized,281,87.90035587188612,2.8469750889679712,9.252669039145907,0.0
308,0.8,0.0,0.0,DA-BALS-EWMA,375,88.53333333333333,0.0,11.466666666666667,0.0
308,0.8,0.0,0.0,DA-BALS-EWMA-Cap,375,88.53333333333333,0.0,11.466666666666667,0.0
308,0.8,0.0,0.0,DA-BALS-EWMA-Decay,375,88.53333333333333,0.0,11.466666666666667,0.0
308,0.8,0.0,0.0,DA-BALS-Stabilized,375,88.53333333333333,0.0,11.466666666666667,0.0
308,0.8,0.0,0.5,DA-BALS-EWMA,375,87.2,1.0666666666666667,11.733333333333333,0.0
308,0.8,0.0,0.5,DA-BALS-EWMA-Cap,375,87.2,1.0666666666666667,11.733333333333333,0.0
308,0.8,0.0,0.5,DA-BALS-EWMA-Decay,375,87.2,1.0666666666666667,11.733333333333333,0.0
308,0.8,0.0,0.5,DA-BALS-Stabilized,375,87.2,1.0666666666666667,11.733333333333333,0.0
308,0.8,0.0,1.0,DA-BALS-EWMA,375,85.33333333333334,2.666666666666667,12.0,0.0
308,0.8,0.0,1.0,DA-BALS-EWMA-Cap,375,85.33333333333334,2.666666666666667,12.0,0.0
308,0.8,0.0,1.0,DA-BALS-EWMA-Decay,375,85.33333333333334,2.666666666666667,12.0,0.0
308,0.8,0.0,1.0,DA-BALS-Stabilized,375,85.33333333333334,2.666666666666667,12.0,0.0
308,0.8,10.0,0.0,DA-BALS-EWMA,375,88.53333333333333,0.0,11.466666666666667,0.0
308,0.8,10.0,0.0,DA-BALS-EWMA-Cap,375,88.53333333333333,0.0,11.466666666666667,0.0
308,0.8,10.0,0.0,DA-BALS-EWMA-Decay,375,88.53333333333333,0.0,11.466666666666667,0.0
308,0.8,10.0,0.0,DA-BALS-Stabilized,375,88.53333333333333,0.0,11.466666666666667,0.0
308,0.8,10.0,0.5,DA-BALS-EWMA,375,87.2,1.0666666666666667,11.733333333333333,0.0
308,0.8,10.0,0.5,DA-BALS-EWMA-Cap,375,87.2,1.0666666666666667,11.733333333333333,0.0
308,0.8,10.0,0.5,DA-BALS-EWMA-Decay,375,87.2,1.0666666666666667,11.733333333333333,0.0
308,0.8,10.0,0.5,DA-BALS-Stabilized,375,87.2,1.0666666666666667,11.733333333333333,0.0
308,0.8,10.0,1.0,DA-BALS-EWMA,375,85.33333333333334,2.666666666666667,12.0,0.0
308,0.8,10.0,1.0,DA-BALS-EWMA-Cap,375,85.33333333333334,2.666666666666667,12.0,0.0
308,0.8,10.0,1.0,DA-BALS-EWMA-Decay,375,85.33333333333334,2.666666666666667,12.0,0.0
308,0.8,10.0,1.0,DA-BALS-Stabilized,375,85.33333333333334,2.666666666666667,12.0,0.0
308,0.8,50.0,0.0,DA-BALS-EWMA,375,88.53333333333333,0.0,11.466666666666667,0.0
308,0.8,50.0,0.0,DA-BALS-EWMA-Cap,375,88.53333333333333,0.0,11.466666666666667,0.0
308,0.8,50.0,0.0,DA-BALS-EWMA-Decay,375,88.53333333333333,0.0,11.466666666666667,0.0
308,0.8,50.0,0.0,DA-BALS-Stabilized,375,88.53333333333333,0.0,11.466666666666667,0.0
308,0.8,50.0,0.5,DA-BALS-EWMA,375,87.2,1.0666666666666667,11.733333333333333,0.0
308,0.8,50.0,0.5,DA-BALS-EWMA-Cap,375,87.2,1.0666666666666667,11.733333333333333,0.0
308,0.8,50.0,0.5,DA-BALS-EWMA-Decay,375,87.2,1.0666666666666667,11.733333333333333,0.0
308,0.8,50.0,0.5,DA-BALS-Stabilized,375,87.2,1.0666666666666667,11.733333333333333,0.0
308,0.8,50.0,1.0,DA-BALS-EWMA,375,85.33333333333334,2.666666666666667,12.0,0.0
308,0.8,50.0,1.0,DA-BALS-EWMA-Cap,375,85.33333333333334,2.666666666666667,12.0,0.0
308,0.8,50.0,1.0,DA-BALS-EWMA-Decay,375,85.33333333333334,2.666666666666667,12.0,0.0
308,0.8,50.0,1.0,DA-BALS-Stabilized,375,85.33333333333334,2.666666666666667,12.0,0.0
308,1.0,0.0,0.0,DA-BALS-EWMA,507,78.10650887573965,0.591715976331361,21.301775147928996,0.0
308,1.0,0.0,0.0,DA-BALS-EWMA-Cap,507,78.10650887573965,0.591715976331361,21.301775147928996,0.0
308,1.0,0.0,0.0,DA-BALS-EWMA-Decay,507,78.10650887573965,0.591715976331361,21.301775147928996,0.0
308,1.0,0.0,0.0,DA-BALS-Stabilized,507,78.10650887573965,0.591715976331361,21.301775147928996,0.0
308,1.0,0.0,0.5,DA-BALS-EWMA,507,76.52859960552269,0.9861932938856016,22.485207100591715,0.0
308,1.0,0.0,0.5,DA-BALS-EWMA-Cap,507,76.52859960552269,0.9861932938856016,22.485207100591715,0.0
308,1.0,0.0,0.5,DA-BALS-EWMA-Decay,507,76.72583826429981,0.9861932938856016,22.287968441814595,0.0
308,1.0,0.0,0.5,DA-BALS-Stabilized,507,76.72583826429981,0.9861932938856016,22.287968441814595,0.0
308,1.0,0.0,1.0,DA-BALS-EWMA,507,73.76725838264299,3.155818540433925,23.076923076923077,0.0
308,1.0,0.0,1.0,DA-BALS-EWMA-Cap,507,73.76725838264299,3.155818540433925,23.076923076923077,0.0
308,1.0,0.0,1.0,DA-BALS-EWMA-Decay,507,73.76725838264299,3.155818540433925,23.076923076923077,0.0
308,1.0,0.0,1.0,DA-BALS-Stabilized,507,73.76725838264299,3.155818540433925,23.076923076923077,0.0
308,1.0,10.0,0.0,DA-BALS-EWMA,507,78.10650887573965,0.591715976331361,21.301775147928996,0.0
308,1.0,10.0,0.0,DA-BALS-EWMA-Cap,507,78.10650887573965,0.591715976331361,21.301775147928996,0.0
308,1.0,10.0,0.0,DA-BALS-EWMA-Decay,507,78.10650887573965,0.591715976331361,21.301775147928996,0.0
308,1.0,10.0,0.0,DA-BALS-Stabilized,507,78.10650887573965,0.591715976331361,21.301775147928996,0.0
308,1.0,10.0,0.5,DA-BALS-EWMA,507,76.33136094674556,1.3806706114398422,22.287968441814595,0.0
308,1.0,10.0,0.5,DA-BALS-EWMA-Cap,507,76.33136094674556,1.3806706114398422,22.287968441814595,0.0
308,1.0,10.0,0.5,DA-BALS-EWMA-Decay,507,76.52859960552269,1.3806706114398422,22.090729783037474,0.0
308,1.0,10.0,0.5,DA-BALS-Stabilized,507,76.52859960552269,1.3806706114398422,22.090729783037474,0.0
308,1.0,10.0,1.0,DA-BALS-EWMA,507,72.7810650887574,4.733727810650888,22.485207100591715,0.0
308,1.0,10.0,1.0,DA-BALS-EWMA-Cap,507,72.7810650887574,4.733727810650888,22.485207100591715,0.0
308,1.0,10.0,1.0,DA-BALS-EWMA-Decay,507,73.96449704142012,3.5502958579881656,22.485207100591715,0.0
308,1.0,10.0,1.0,DA-BALS-Stabilized,507,73.96449704142012,3.5502958579881656,22.485207100591715,0.0
308,1.0,50.0,0.0,DA-BALS-EWMA,507,78.10650887573965,0.591715976331361,21.301775147928996,0.0
308,1.0,50.0,0.0,DA-BALS-EWMA-Cap,507,78.10650887573965,0.591715976331361,21.301775147928996,0.0
308,1.0,50.0,0.0,DA-BALS-EWMA-Decay,507,78.10650887573965,0.591715976331361,21.301775147928996,0.0
308,1.0,50.0,0.0,DA-BALS-Stabilized,507,78.10650887573965,0.591715976331361,21.301775147928996,0.0
308,1.0,50.0,0.5,DA-BALS-EWMA,507,76.33136094674556,1.3806706114398422,22.287968441814595,0.0
308,1.0,50.0,0.5,DA-BALS-EWMA-Cap,507,76.33136094674556,1.3806706114398422,22.287968441814595,0.0
308,1.0,50.0,0.5,DA-BALS-EWMA-Decay,507,76.52859960552269,1.3806706114398422,22.090729783037474,0.0
308,1.0,50.0,0.5,DA-BALS-Stabilized,507,76.52859960552269,1.3806706114398422,22.090729783037474,0.0
308,1.0,50.0,1.0,DA-BALS-EWMA,507,72.58382642998028,4.733727810650888,22.682445759368836,0.0
308,1.0,50.0,1.0,DA-BALS-EWMA-Cap,507,72.58382642998028,4.733727810650888,22.682445759368836,0.0
308,1.0,50.0,1.0,DA-BALS-EWMA-Decay,507,73.96449704142012,3.7475345167652856,22.287968441814595,0.0
308,1.0,50.0,1.0,DA-BALS-Stabilized,507,73.96449704142012,3.7475345167652856,22.287968441814595,0.0
308,1.2,0.0,0.0,DA-BALS-EWMA,598,72.74247491638796,0.5016722408026756,26.755852842809364,0.0
308,1.2,0.0,0.0,DA-BALS-EWMA-Cap,598,72.74247491638796,0.5016722408026756,26.755852842809364,0.0
308,1.2,0.0,0.0,DA-BALS-EWMA-Decay,598,72.74247491638796,0.5016722408026756,26.755852842809364,0.0
308,1.2,0.0,0.0,DA-BALS-Stabilized,598,72.74247491638796,0.5016722408026756,26.755852842809364,0.0
308,1.2,0.0,0.5,DA-BALS-EWMA,598,70.73578595317726,2.508361204013378,26.755852842809364,0.0
308,1.2,0.0,0.5,DA-BALS-EWMA-Cap,598,70.73578595317726,2.508361204013378,26.755852842809364,0.0
308,1.2,0.0,0.5,DA-BALS-EWMA-Decay,598,70.73578595317726,2.508361204013378,26.755852842809364,0.0
308,1.2,0.0,0.5,DA-BALS-Stabilized,598,70.73578595317726,2.508361204013378,26.755852842809364,0.0
308,1.2,0.0,1.0,DA-BALS-EWMA,598,68.56187290969899,2.842809364548495,28.595317725752505,0.0
308,1.2,0.0,1.0,DA-BALS-EWMA-Cap,598,68.56187290969899,2.842809364548495,28.595317725752505,0.0
308,1.2,0.0,1.0,DA-BALS-EWMA-Decay,598,68.72909698996655,2.842809364548495,28.428093645484946,0.0
308,1.2,0.0,1.0,DA-BALS-Stabilized,598,68.72909698996655,2.842809364548495,28.428093645484946,0.0
308,1.2,10.0,0.0,DA-BALS-EWMA,598,72.74247491638796,0.5016722408026756,26.755852842809364,0.0
308,1.2,10.0,0.0,DA-BALS-EWMA-Cap,598,72.74247491638796,0.5016722408026756,26.755852842809364,0.0
308,1.2,10.0,0.0,DA-BALS-EWMA-Decay,598,72.74247491638796,0.5016722408026756,26.755852842809364,0.0
308,1.2,10.0,0.0,DA-BALS-Stabilized,598,72.74247491638796,0.5016722408026756,26.755852842809364,0.0
308,1.2,10.0,0.5,DA-BALS-EWMA,598,70.73578595317726,2.508361204013378,26.755852842809364,0.0
308,1.2,10.0,0.5,DA-BALS-EWMA-Cap,598,70.73578595317726,2.508361204013378,26.755852842809364,0.0
308,1.2,10.0,0.5,DA-BALS-EWMA-Decay,598,70.73578595317726,2.508361204013378,26.755852842809364,0.0
308,1.2,10.0,0.5,DA-BALS-Stabilized,598,70.73578595317726,2.508361204013378,26.755852842809364,0.0
308,1.2,10.0,1.0,DA-BALS-EWMA,598,68.72909698996655,3.0100334448160537,28.26086956521739,0.0
308,1.2,10.0,1.0,DA-BALS-EWMA-Cap,598,68.72909698996655,3.0100334448160537,28.26086956521739,0.0
308,1.2,10.0,1.0,DA-BALS-EWMA-Decay,598,68.72909698996655,3.0100334448160537,28.26086956521739,0.0
308,1.2,10.0,1.0,DA-BALS-Stabilized,598,68.72909698996655,3.0100334448160537,28.26086956521739,0.0
308,1.2,50.0,0.0,DA-BALS-EWMA,598,72.74247491638796,0.5016722408026756,26.755852842809364,0.0
308,1.2,50.0,0.0,DA-BALS-EWMA-Cap,598,72.74247491638796,0.5016722408026756,26.755852842809364,0.0
308,1.2,50.0,0.0,DA-BALS-EWMA-Decay,598,72.74247491638796,0.5016722408026756,26.755852842809364,0.0
308,1.2,50.0,0.0,DA-BALS-Stabilized,598,72.74247491638796,0.5016722408026756,26.755852842809364,0.0
308,1.2,50.0,0.5,DA-BALS-EWMA,598,70.73578595317726,2.508361204013378,26.755852842809364,0.0
308,1.2,50.0,0.5,DA-BALS-EWMA-Cap,598,70.73578595317726,2.508361204013378,26.755852842809364,0.0
308,1.2,50.0,0.5,DA-BALS-EWMA-Decay,598,70.73578595317726,2.508361204013378,26.755852842809364,0.0
308,1.2,50.0,0.5,DA-BALS-Stabilized,598,70.73578595317726,2.508361204013378,26.755852842809364,0.0
308,1.2,50.0,1.0,DA-BALS-EWMA,598,68.39464882943143,3.8461538461538463,27.759197324414714,0.0
308,1.2,50.0,1.0,DA-BALS-EWMA-Cap,598,68.39464882943143,3.8461538461538463,27.759197324414714,0.0
308,1.2,50.0,1.0,DA-BALS-EWMA-Decay,598,68.39464882943143,3.8461538461538463,27.759197324414714,0.0
308,1.2,50.0,1.0,DA-BALS-Stabilized,598,68.39464882943143,3.8461538461538463,27.759197324414714,0.0
309,0.2,0.0,0.0,DA-BALS-EWMA,103,95.14563106796116,0.9708737864077669,3.8834951456310676,0.0
309,0.2,0.0,0.0,DA-BALS-EWMA-Cap,103,95.14563106796116,0.9708737864077669,3.8834951456310676,0.0
309,0.2,0.0,0.0,DA-BALS-EWMA-Decay,103,95.14563106796116,0.9708737864077669,3.8834951456310676,0.0
309,0.2,0.0,0.0,DA-BALS-Stabilized,103,95.14563106796116,0.9708737864077669,3.8834951456310676,0.0
309,0.2,0.0,0.5,DA-BALS-EWMA,103,94.1747572815534,1.9417475728155338,3.8834951456310676,0.0
309,0.2,0.0,0.5,DA-BALS-EWMA-Cap,103,94.1747572815534,1.9417475728155338,3.8834951456310676,0.0
309,0.2,0.0,0.5,DA-BALS-EWMA-Decay,103,94.1747572815534,1.9417475728155338,3.8834951456310676,0.0
309,0.2,0.0,0.5,DA-BALS-Stabilized,103,94.1747572815534,1.9417475728155338,3.8834951456310676,0.0
309,0.2,0.0,1.0,DA-BALS-EWMA,103,94.1747572815534,0.9708737864077669,4.854368932038835,0.0
309,0.2,0.0,1.0,DA-BALS-EWMA-Cap,103,94.1747572815534,0.9708737864077669,4.854368932038835,0.0
309,0.2,0.0,1.0,DA-BALS-EWMA-Decay,103,95.14563106796116,0.9708737864077669,3.8834951456310676,0.0
309,0.2,0.0,1.0,DA-BALS-Stabilized,103,95.14563106796116,0.9708737864077669,3.8834951456310676,0.0
309,0.2,10.0,0.0,DA-BALS-EWMA,103,95.14563106796116,0.9708737864077669,3.8834951456310676,0.0
309,0.2,10.0,0.0,DA-BALS-EWMA-Cap,103,95.14563106796116,0.9708737864077669,3.8834951456310676,0.0
309,0.2,10.0,0.0,DA-BALS-EWMA-Decay,103,95.14563106796116,0.9708737864077669,3.8834951456310676,0.0
309,0.2,10.0,0.0,DA-BALS-Stabilized,103,95.14563106796116,0.9708737864077669,3.8834951456310676,0.0
309,0.2,10.0,0.5,DA-BALS-EWMA,103,94.1747572815534,1.9417475728155338,3.8834951456310676,0.0
309,0.2,10.0,0.5,DA-BALS-EWMA-Cap,103,94.1747572815534,1.9417475728155338,3.8834951456310676,0.0
309,0.2,10.0,0.5,DA-BALS-EWMA-Decay,103,94.1747572815534,1.9417475728155338,3.8834951456310676,0.0
309,0.2,10.0,0.5,DA-BALS-Stabilized,103,94.1747572815534,1.9417475728155338,3.8834951456310676,0.0
309,0.2,10.0,1.0,DA-BALS-EWMA,103,94.1747572815534,0.9708737864077669,4.854368932038835,0.0
309,0.2,10.0,1.0,DA-BALS-EWMA-Cap,103,94.1747572815534,0.9708737864077669,4.854368932038835,0.0
309,0.2,10.0,1.0,DA-BALS-EWMA-Decay,103,95.14563106796116,0.9708737864077669,3.8834951456310676,0.0
309,0.2,10.0,1.0,DA-BALS-Stabilized,103,95.14563106796116,0.9708737864077669,3.8834951456310676,0.0
309,0.2,50.0,0.0,DA-BALS-EWMA,103,95.14563106796116,0.9708737864077669,3.8834951456310676,0.0
309,0.2,50.0,0.0,DA-BALS-EWMA-Cap,103,95.14563106796116,0.9708737864077669,3.8834951456310676,0.0
309,0.2,50.0,0.0,DA-BALS-EWMA-Decay,103,95.14563106796116,0.9708737864077669,3.8834951456310676,0.0
309,0.2,50.0,0.0,DA-BALS-Stabilized,103,95.14563106796116,0.9708737864077669,3.8834951456310676,0.0
309,0.2,50.0,0.5,DA-BALS-EWMA,103,94.1747572815534,1.9417475728155338,3.8834951456310676,0.0
309,0.2,50.0,0.5,DA-BALS-EWMA-Cap,103,94.1747572815534,1.9417475728155338,3.8834951456310676,0.0
309,0.2,50.0,0.5,DA-BALS-EWMA-Decay,103,94.1747572815534,1.9417475728155338,3.8834951456310676,0.0
309,0.2,50.0,0.5,DA-BALS-Stabilized,103,94.1747572815534,1.9417475728155338,3.8834951456310676,0.0
309,0.2,50.0,1.0,DA-BALS-EWMA,103,94.1747572815534,0.9708737864077669,4.854368932038835,0.0
309,0.2,50.0,1.0,DA-BALS-EWMA-Cap,103,94.1747572815534,0.9708737864077669,4.854368932038835,0.0
309,0.2,50.0,1.0,DA-BALS-EWMA-Decay,103,95.14563106796116,0.9708737864077669,3.8834951456310676,0.0
309,0.2,50.0,1.0,DA-BALS-Stabilized,103,95.14563106796116,0.9708737864077669,3.8834951456310676,0.0
309,0.4,0.0,0.0,DA-BALS-EWMA,181,95.02762430939227,0.0,4.972375690607735,0.0
309,0.4,0.0,0.0,DA-BALS-EWMA-Cap,181,95.02762430939227,0.0,4.972375690607735,0.0
309,0.4,0.0,0.0,DA-BALS-EWMA-Decay,181,95.58011049723757,0.0,4.41988950276243,0.0
309,0.4,0.0,0.0,DA-BALS-Stabilized,181,95.58011049723757,0.0,4.41988950276243,0.0
309,0.4,0.0,0.5,DA-BALS-EWMA,181,94.47513812154696,0.5524861878453038,4.972375690607735,0.0
309,0.4,0.0,0.5,DA-BALS-EWMA-Cap,181,94.47513812154696,0.5524861878453038,4.972375690607735,0.0
309,0.4,0.0,0.5,DA-BALS-EWMA-Decay,181,95.02762430939227,0.5524861878453038,4.41988950276243,0.0
309,0.4,0.0,0.5,DA-BALS-Stabilized,181,95.02762430939227,0.5524861878453038,4.41988950276243,0.0
309,0.4,0.0,1.0,DA-BALS-EWMA,181,92.81767955801105,2.209944751381215,4.972375690607735,0.0
309,0.4,0.0,1.0,DA-BALS-EWMA-Cap,181,92.81767955801105,2.209944751381215,4.972375690607735,0.0
309,0.4,0.0,1.0,DA-BALS-EWMA-Decay,181,92.81767955801105,2.209944751381215,4.972375690607735,0.0
309,0.4,0.0,1.0,DA-BALS-Stabilized,181,92.81767955801105,2.209944751381215,4.972375690607735,0.0
309,0.4,10.0,0.0,DA-BALS-EWMA,181,95.02762430939227,0.0,4.972375690607735,0.0
309,0.4,10.0,0.0,DA-BALS-EWMA-Cap,181,95.02762430939227,0.0,4.972375690607735,0.0
309,0.4,10.0,0.0,DA-BALS-EWMA-Decay,181,95.58011049723757,0.0,4.41988950276243,0.0
309,0.4,10.0,0.0,DA-BALS-Stabilized,181,95.58011049723757,0.0,4.41988950276243,0.0
309,0.4,10.0,0.5,DA-BALS-EWMA,181,94.47513812154696,0.5524861878453038,4.972375690607735,0.0
309,0.4,10.0,0.5,DA-BALS-EWMA-Cap,181,94.47513812154696,0.5524861878453038,4.972375690607735,0.0
309,0.4,10.0,0.5,DA-BALS-EWMA-Decay,181,95.02762430939227,0.5524861878453038,4.41988950276243,0.0
309,0.4,10.0,0.5,DA-BALS-Stabilized,181,95.02762430939227,0.5524861878453038,4.41988950276243,0.0
309,0.4,10.0,1.0,DA-BALS-EWMA,181,92.81767955801105,2.209944751381215,4.972375690607735,0.0
309,0.4,10.0,1.0,DA-BALS-EWMA-Cap,181,92.81767955801105,2.209944751381215,4.972375690607735,0.0
309,0.4,10.0,1.0,DA-BALS-EWMA-Decay,181,92.81767955801105,2.209944751381215,4.972375690607735,0.0
309,0.4,10.0,1.0,DA-BALS-Stabilized,181,92.81767955801105,2.209944751381215,4.972375690607735,0.0
309,0.4,50.0,0.0,DA-BALS-EWMA,181,95.02762430939227,0.0,4.972375690607735,0.0
309,0.4,50.0,0.0,DA-BALS-EWMA-Cap,181,95.02762430939227,0.0,4.972375690607735,0.0
309,0.4,50.0,0.0,DA-BALS-EWMA-Decay,181,95.58011049723757,0.0,4.41988950276243,0.0
309,0.4,50.0,0.0,DA-BALS-Stabilized,181,95.58011049723757,0.0,4.41988950276243,0.0
309,0.4,50.0,0.5,DA-BALS-EWMA,181,94.47513812154696,0.5524861878453038,4.972375690607735,0.0
309,0.4,50.0,0.5,DA-BALS-EWMA-Cap,181,94.47513812154696,0.5524861878453038,4.972375690607735,0.0
309,0.4,50.0,0.5,DA-BALS-EWMA-Decay,181,95.02762430939227,0.5524861878453038,4.41988950276243,0.0
309,0.4,50.0,0.5,DA-BALS-Stabilized,181,95.02762430939227,0.5524861878453038,4.41988950276243,0.0
309,0.4,50.0,1.0,DA-BALS-EWMA,181,92.81767955801105,2.209944751381215,4.972375690607735,0.0
309,0.4,50.0,1.0,DA-BALS-EWMA-Cap,181,92.81767955801105,2.209944751381215,4.972375690607735,0.0
309,0.4,50.0,1.0,DA-BALS-EWMA-Decay,181,92.81767955801105,2.209944751381215,4.972375690607735,0.0
309,0.4,50.0,1.0,DA-BALS-Stabilized,181,92.81767955801105,2.209944751381215,4.972375690607735,0.0
309,0.6,0.0,0.0,DA-BALS-EWMA,278,91.72661870503596,0.0,8.273381294964029,0.0
309,0.6,0.0,0.0,DA-BALS-EWMA-Cap,278,91.72661870503596,0.0,8.273381294964029,0.0
309,0.6,0.0,0.0,DA-BALS-EWMA-Decay,278,91.72661870503596,0.0,8.273381294964029,0.0
309,0.6,0.0,0.0,DA-BALS-Stabilized,278,91.72661870503596,0.0,8.273381294964029,0.0
309,0.6,0.0,0.5,DA-BALS-EWMA,278,90.28776978417267,1.4388489208633095,8.273381294964029,0.0
309,0.6,0.0,0.5,DA-BALS-EWMA-Cap,278,90.28776978417267,1.4388489208633095,8.273381294964029,0.0
309,0.6,0.0,0.5,DA-BALS-EWMA-Decay,278,90.28776978417267,1.4388489208633095,8.273381294964029,0.0
309,0.6,0.0,0.5,DA-BALS-Stabilized,278,90.28776978417267,1.4388489208633095,8.273381294964029,0.0
309,0.6,0.0,1.0,DA-BALS-EWMA,278,89.20863309352518,2.5179856115107913,8.273381294964029,0.0
309,0.6,0.0,1.0,DA-BALS-EWMA-Cap,278,89.20863309352518,2.5179856115107913,8.273381294964029,0.0
309,0.6,0.0,1.0,DA-BALS-EWMA-Decay,278,89.20863309352518,2.5179856115107913,8.273381294964029,0.0
309,0.6,0.0,1.0,DA-BALS-Stabilized,278,89.20863309352518,2.5179856115107913,8.273381294964029,0.0
309,0.6,10.0,0.0,DA-BALS-EWMA,278,91.72661870503596,0.0,8.273381294964029,0.0
309,0.6,10.0,0.0,DA-BALS-EWMA-Cap,278,91.72661870503596,0.0,8.273381294964029,0.0
309,0.6,10.0,0.0,DA-BALS-EWMA-Decay,278,91.72661870503596,0.0,8.273381294964029,0.0
309,0.6,10.0,0.0,DA-BALS-Stabilized,278,91.72661870503596,0.0,8.273381294964029,0.0
309,0.6,10.0,0.5,DA-BALS-EWMA,278,90.28776978417267,1.4388489208633095,8.273381294964029,0.0
309,0.6,10.0,0.5,DA-BALS-EWMA-Cap,278,90.28776978417267,1.4388489208633095,8.273381294964029,0.0
309,0.6,10.0,0.5,DA-BALS-EWMA-Decay,278,90.28776978417267,1.4388489208633095,8.273381294964029,0.0
309,0.6,10.0,0.5,DA-BALS-Stabilized,278,90.28776978417267,1.4388489208633095,8.273381294964029,0.0
309,0.6,10.0,1.0,DA-BALS-EWMA,278,89.20863309352518,2.5179856115107913,8.273381294964029,0.0
309,0.6,10.0,1.0,DA-BALS-EWMA-Cap,278,89.20863309352518,2.5179856115107913,8.273381294964029,0.0
309,0.6,10.0,1.0,DA-BALS-EWMA-Decay,278,89.20863309352518,2.5179856115107913,8.273381294964029,0.0
309,0.6,10.0,1.0,DA-BALS-Stabilized,278,89.20863309352518,2.5179856115107913,8.273381294964029,0.0
309,0.6,50.0,0.0,DA-BALS-EWMA,278,91.72661870503596,0.0,8.273381294964029,0.0
309,0.6,50.0,0.0,DA-BALS-EWMA-Cap,278,91.72661870503596,0.0,8.273381294964029,0.0
309,0.6,50.0,0.0,DA-BALS-EWMA-Decay,278,91.72661870503596,0.0,8.273381294964029,0.0
309,0.6,50.0,0.0,DA-BALS-Stabilized,278,91.72661870503596,0.0,8.273381294964029,0.0
309,0.6,50.0,0.5,DA-BALS-EWMA,278,90.28776978417267,1.4388489208633095,8.273381294964029,0.0
309,0.6,50.0,0.5,DA-BALS-EWMA-Cap,278,90.28776978417267,1.4388489208633095,8.273381294964029,0.0
309,0.6,50.0,0.5,DA-BALS-EWMA-Decay,278,90.28776978417267,1.4388489208633095,8.273381294964029,0.0
309,0.6,50.0,0.5,DA-BALS-Stabilized,278,90.28776978417267,1.4388489208633095,8.273381294964029,0.0
309,0.6,50.0,1.0,DA-BALS-EWMA,278,89.20863309352518,2.5179856115107913,8.273381294964029,0.0
309,0.6,50.0,1.0,DA-BALS-EWMA-Cap,278,89.20863309352518,2.5179856115107913,8.273381294964029,0.0
309,0.6,50.0,1.0,DA-BALS-EWMA-Decay,278,89.20863309352518,2.5179856115107913,8.273381294964029,0.0
309,0.6,50.0,1.0,DA-BALS-Stabilized,278,89.20863309352518,2.5179856115107913,8.273381294964029,0.0
309,0.8,0.0,0.0,DA-BALS-EWMA,359,87.1866295264624,0.5571030640668524,12.256267409470752,0.0
309,0.8,0.0,0.0,DA-BALS-EWMA-Cap,359,87.1866295264624,0.5571030640668524,12.256267409470752,0.0
309,0.8,0.0,0.0,DA-BALS-EWMA-Decay,359,87.1866295264624,0.5571030640668524,12.256267409470752,0.0
309,0.8,0.0,0.0,DA-BALS-Stabilized,359,87.1866295264624,0.5571030640668524,12.256267409470752,0.0
309,0.8,0.0,0.5,DA-BALS-EWMA,359,86.35097493036211,1.392757660167131,12.256267409470752,0.0
309,0.8,0.0,0.5,DA-BALS-EWMA-Cap,359,86.35097493036211,1.392757660167131,12.256267409470752,0.0
309,0.8,0.0,0.5,DA-BALS-EWMA-Decay,359,86.35097493036211,1.392757660167131,12.256267409470752,0.0
309,0.8,0.0,0.5,DA-BALS-Stabilized,359,86.35097493036211,1.392757660167131,12.256267409470752,0.0
309,0.8,0.0,1.0,DA-BALS-EWMA,359,83.56545961002786,3.3426183844011144,13.09192200557103,0.0
309,0.8,0.0,1.0,DA-BALS-EWMA-Cap,359,83.56545961002786,3.3426183844011144,13.09192200557103,0.0
309,0.8,0.0,1.0,DA-BALS-EWMA-Decay,359,83.56545961002786,3.064066852367688,13.370473537604457,0.0
309,0.8,0.0,1.0,DA-BALS-Stabilized,359,83.56545961002786,3.064066852367688,13.370473537604457,0.0
309,0.8,10.0,0.0,DA-BALS-EWMA,359,87.1866295264624,0.5571030640668524,12.256267409470752,0.0
309,0.8,10.0,0.0,DA-BALS-EWMA-Cap,359,87.1866295264624,0.5571030640668524,12.256267409470752,0.0
309,0.8,10.0,0.0,DA-BALS-EWMA-Decay,359,87.1866295264624,0.5571030640668524,12.256267409470752,0.0
309,0.8,10.0,0.0,DA-BALS-Stabilized,359,87.1866295264624,0.5571030640668524,12.256267409470752,0.0
309,0.8,10.0,0.5,DA-BALS-EWMA,359,86.35097493036211,1.392757660167131,12.256267409470752,0.0
309,0.8,10.0,0.5,DA-BALS-EWMA-Cap,359,86.35097493036211,1.392757660167131,12.256267409470752,0.0
309,0.8,10.0,0.5,DA-BALS-EWMA-Decay,359,86.35097493036211,1.392757660167131,12.256267409470752,0.0
309,0.8,10.0,0.5,DA-BALS-Stabilized,359,86.35097493036211,1.392757660167131,12.256267409470752,0.0
309,0.8,10.0,1.0,DA-BALS-EWMA,359,83.28690807799443,3.3426183844011144,13.370473537604457,0.0
309,0.8,10.0,1.0,DA-BALS-EWMA-Cap,359,83.28690807799443,3.3426183844011144,13.370473537604457,0.0
309,0.8,10.0,1.0,DA-BALS-EWMA-Decay,359,83.008356545961,3.6211699164345403,13.370473537604457,0.0
309,0.8,10.0,1.0,DA-BALS-Stabilized,359,83.008356545961,3.6211699164345403,13.370473537604457,0.0
309,0.8,50.0,0.0,DA-BALS-EWMA,359,87.1866295264624,0.5571030640668524,12.256267409470752,0.0
309,0.8,50.0,0.0,DA-BALS-EWMA-Cap,359,87.1866295264624,0.5571030640668524,12.256267409470752,0.0
309,0.8,50.0,0.0,DA-BALS-EWMA-Decay,359,87.1866295264624,0.5571030640668524,12.256267409470752,0.0
309,0.8,50.0,0.0,DA-BALS-Stabilized,359,87.1866295264624,0.5571030640668524,12.256267409470752,0.0
309,0.8,50.0,0.5,DA-BALS-EWMA,359,86.35097493036211,1.392757660167131,12.256267409470752,0.0
309,0.8,50.0,0.5,DA-BALS-EWMA-Cap,359,86.35097493036211,1.392757660167131,12.256267409470752,0.0
309,0.8,50.0,0.5,DA-BALS-EWMA-Decay,359,86.35097493036211,1.392757660167131,12.256267409470752,0.0
309,0.8,50.0,0.5,DA-BALS-Stabilized,359,86.35097493036211,1.392757660167131,12.256267409470752,0.0
309,0.8,50.0,1.0,DA-BALS-EWMA,359,83.28690807799443,3.6211699164345403,13.09192200557103,0.0
309,0.8,50.0,1.0,DA-BALS-EWMA-Cap,359,83.28690807799443,3.6211699164345403,13.09192200557103,0.0
309,0.8,50.0,1.0,DA-BALS-EWMA-Decay,359,83.28690807799443,3.6211699164345403,13.09192200557103,0.0
309,0.8,50.0,1.0,DA-BALS-Stabilized,359,83.28690807799443,3.6211699164345403,13.09192200557103,0.0
309,1.0,0.0,0.0,DA-BALS-EWMA,515,74.5631067961165,0.7766990291262136,24.660194174757283,0.0
309,1.0,0.0,0.0,DA-BALS-EWMA-Cap,515,74.5631067961165,0.7766990291262136,24.660194174757283,0.0
309,1.0,0.0,0.0,DA-BALS-EWMA-Decay,515,74.75728155339806,0.7766990291262136,24.466019417475728,0.0
309,1.0,0.0,0.0,DA-BALS-Stabilized,515,74.75728155339806,0.7766990291262136,24.466019417475728,0.0
309,1.0,0.0,0.5,DA-BALS-EWMA,515,72.62135922330097,2.3300970873786406,25.04854368932039,0.0
309,1.0,0.0,0.5,DA-BALS-EWMA-Cap,515,72.62135922330097,2.3300970873786406,25.04854368932039,0.0
309,1.0,0.0,0.5,DA-BALS-EWMA-Decay,515,72.62135922330097,2.3300970873786406,25.04854368932039,0.0
309,1.0,0.0,0.5,DA-BALS-Stabilized,515,72.62135922330097,2.3300970873786406,25.04854368932039,0.0
309,1.0,0.0,1.0,DA-BALS-EWMA,515,70.67961165048544,3.4951456310679614,25.8252427184466,0.0
309,1.0,0.0,1.0,DA-BALS-EWMA-Cap,515,70.67961165048544,3.4951456310679614,25.8252427184466,0.0
309,1.0,0.0,1.0,DA-BALS-EWMA-Decay,515,70.87378640776699,3.4951456310679614,25.631067961165048,0.0
309,1.0,0.0,1.0,DA-BALS-Stabilized,515,70.87378640776699,3.4951456310679614,25.631067961165048,0.0
309,1.0,10.0,0.0,DA-BALS-EWMA,515,74.5631067961165,0.7766990291262136,24.660194174757283,0.0
309,1.0,10.0,0.0,DA-BALS-EWMA-Cap,515,74.5631067961165,0.7766990291262136,24.660194174757283,0.0
309,1.0,10.0,0.0,DA-BALS-EWMA-Decay,515,74.75728155339806,0.7766990291262136,24.466019417475728,0.0
309,1.0,10.0,0.0,DA-BALS-Stabilized,515,74.75728155339806,0.7766990291262136,24.466019417475728,0.0
309,1.0,10.0,0.5,DA-BALS-EWMA,515,72.62135922330097,2.3300970873786406,25.04854368932039,0.0
309,1.0,10.0,0.5,DA-BALS-EWMA-Cap,515,72.62135922330097,2.3300970873786406,25.04854368932039,0.0
309,1.0,10.0,0.5,DA-BALS-EWMA-Decay,515,72.62135922330097,2.3300970873786406,25.04854368932039,0.0
309,1.0,10.0,0.5,DA-BALS-Stabilized,515,72.62135922330097,2.3300970873786406,25.04854368932039,0.0
309,1.0,10.0,1.0,DA-BALS-EWMA,515,70.87378640776699,3.300970873786408,25.8252427184466,0.0
309,1.0,10.0,1.0,DA-BALS-EWMA-Cap,515,70.87378640776699,3.300970873786408,25.8252427184466,0.0
309,1.0,10.0,1.0,DA-BALS-EWMA-Decay,515,71.06796116504854,3.300970873786408,25.631067961165048,0.0
309,1.0,10.0,1.0,DA-BALS-Stabilized,515,71.06796116504854,3.300970873786408,25.631067961165048,0.0
309,1.0,50.0,0.0,DA-BALS-EWMA,515,74.5631067961165,0.7766990291262136,24.660194174757283,0.0
309,1.0,50.0,0.0,DA-BALS-EWMA-Cap,515,74.5631067961165,0.7766990291262136,24.660194174757283,0.0
309,1.0,50.0,0.0,DA-BALS-EWMA-Decay,515,74.75728155339806,0.7766990291262136,24.466019417475728,0.0
309,1.0,50.0,0.0,DA-BALS-Stabilized,515,74.75728155339806,0.7766990291262136,24.466019417475728,0.0
309,1.0,50.0,0.5,DA-BALS-EWMA,515,72.62135922330097,2.3300970873786406,25.04854368932039,0.0
309,1.0,50.0,0.5,DA-BALS-EWMA-Cap,515,72.62135922330097,2.3300970873786406,25.04854368932039,0.0
309,1.0,50.0,0.5,DA-BALS-EWMA-Decay,515,72.62135922330097,2.3300970873786406,25.04854368932039,0.0
309,1.0,50.0,0.5,DA-BALS-Stabilized,515,72.62135922330097,2.3300970873786406,25.04854368932039,0.0
309,1.0,50.0,1.0,DA-BALS-EWMA,515,70.87378640776699,3.300970873786408,25.8252427184466,0.0
309,1.0,50.0,1.0,DA-BALS-EWMA-Cap,515,70.87378640776699,3.300970873786408,25.8252427184466,0.0
309,1.0,50.0,1.0,DA-BALS-EWMA-Decay,515,71.06796116504854,3.300970873786408,25.631067961165048,0.0
309,1.0,50.0,1.0,DA-BALS-Stabilized,515,71.06796116504854,3.300970873786408,25.631067961165048,0.0
309,1.2,0.0,0.0,DA-BALS-EWMA,644,70.65217391304348,0.15527950310559005,29.19254658385093,0.0
309,1.2,0.0,0.0,DA-BALS-EWMA-Cap,644,70.65217391304348,0.15527950310559005,29.19254658385093,0.0
309,1.2,0.0,0.0,DA-BALS-EWMA-Decay,644,70.65217391304348,0.15527950310559005,29.19254658385093,0.0
309,1.2,0.0,0.0,DA-BALS-Stabilized,644,70.65217391304348,0.15527950310559005,29.19254658385093,0.0
309,1.2,0.0,0.5,DA-BALS-EWMA,644,68.01242236024845,2.484472049689441,29.503105590062113,0.0
309,1.2,0.0,0.5,DA-BALS-EWMA-Cap,644,68.01242236024845,2.484472049689441,29.503105590062113,0.0
309,1.2,0.0,0.5,DA-BALS-EWMA-Decay,644,68.01242236024845,2.484472049689441,29.503105590062113,0.0
309,1.2,0.0,0.5,DA-BALS-Stabilized,644,68.01242236024845,2.484472049689441,29.503105590062113,0.0
309,1.2,0.0,1.0,DA-BALS-EWMA,644,65.21739130434783,4.3478260869565215,30.434782608695656,0.0
309,1.2,0.0,1.0,DA-BALS-EWMA-Cap,644,65.21739130434783,4.3478260869565215,30.434782608695656,0.0
309,1.2,0.0,1.0,DA-BALS-EWMA-Decay,644,65.21739130434783,4.3478260869565215,30.434782608695656,0.0
309,1.2,0.0,1.0,DA-BALS-Stabilized,644,65.21739130434783,4.3478260869565215,30.434782608695656,0.0
309,1.2,10.0,0.0,DA-BALS-EWMA,644,70.65217391304348,0.15527950310559005,29.19254658385093,0.0
309,1.2,10.0,0.0,DA-BALS-EWMA-Cap,644,70.65217391304348,0.15527950310559005,29.19254658385093,0.0
309,1.2,10.0,0.0,DA-BALS-EWMA-Decay,644,70.65217391304348,0.15527950310559005,29.19254658385093,0.0
309,1.2,10.0,0.0,DA-BALS-Stabilized,644,70.65217391304348,0.15527950310559005,29.19254658385093,0.0
309,1.2,10.0,0.5,DA-BALS-EWMA,644,68.01242236024845,2.484472049689441,29.503105590062113,0.0
309,1.2,10.0,0.5,DA-BALS-EWMA-Cap,644,68.01242236024845,2.484472049689441,29.503105590062113,0.0
309,1.2,10.0,0.5,DA-BALS-EWMA-Decay,644,68.01242236024845,2.484472049689441,29.503105590062113,0.0
309,1.2,10.0,0.5,DA-BALS-Stabilized,644,68.01242236024845,2.484472049689441,29.503105590062113,0.0
309,1.2,10.0,1.0,DA-BALS-EWMA,644,65.527950310559,4.3478260869565215,30.124223602484474,0.0
309,1.2,10.0,1.0,DA-BALS-EWMA-Cap,644,65.527950310559,4.3478260869565215,30.124223602484474,0.0
309,1.2,10.0,1.0,DA-BALS-EWMA-Decay,644,65.527950310559,4.3478260869565215,30.124223602484474,0.0
309,1.2,10.0,1.0,DA-BALS-Stabilized,644,65.527950310559,4.3478260869565215,30.124223602484474,0.0
309,1.2,50.0,0.0,DA-BALS-EWMA,644,70.65217391304348,0.15527950310559005,29.19254658385093,0.0
309,1.2,50.0,0.0,DA-BALS-EWMA-Cap,644,70.65217391304348,0.15527950310559005,29.19254658385093,0.0
309,1.2,50.0,0.0,DA-BALS-EWMA-Decay,644,70.65217391304348,0.15527950310559005,29.19254658385093,0.0
309,1.2,50.0,0.0,DA-BALS-Stabilized,644,70.65217391304348,0.15527950310559005,29.19254658385093,0.0
309,1.2,50.0,0.5,DA-BALS-EWMA,644,68.01242236024845,2.484472049689441,29.503105590062113,0.0
309,1.2,50.0,0.5,DA-BALS-EWMA-Cap,644,68.01242236024845,2.484472049689441,29.503105590062113,0.0
309,1.2,50.0,0.5,DA-BALS-EWMA-Decay,644,68.01242236024845,2.484472049689441,29.503105590062113,0.0
309,1.2,50.0,0.5,DA-BALS-Stabilized,644,68.01242236024845,2.484472049689441,29.503105590062113,0.0
309,1.2,50.0,1.0,DA-BALS-EWMA,644,65.06211180124224,4.813664596273292,30.124223602484474,0.0
309,1.2,50.0,1.0,DA-BALS-EWMA-Cap,644,65.06211180124224,4.813664596273292,30.124223602484474,0.0
309,1.2,50.0,1.0,DA-BALS-EWMA-Decay,644,65.06211180124224,4.813664596273292,30.124223602484474,0.0
309,1.2,50.0,1.0,DA-BALS-Stabilized,644,65.06211180124224,4.813664596273292,30.124223602484474,0.0
310,0.2,0.0,0.0,DA-BALS-EWMA,89,95.50561797752809,0.0,4.49438202247191,0.0
310,0.2,0.0,0.0,DA-BALS-EWMA-Cap,89,95.50561797752809,0.0,4.49438202247191,0.0
310,0.2,0.0,0.0,DA-BALS-EWMA-Decay,89,95.50561797752809,0.0,4.49438202247191,0.0
310,0.2,0.0,0.0,DA-BALS-Stabilized,89,95.50561797752809,0.0,4.49438202247191,0.0
310,0.2,0.0,0.5,DA-BALS-EWMA,89,94.3820224719101,0.0,5.617977528089887,0.0
310,0.2,0.0,0.5,DA-BALS-EWMA-Cap,89,94.3820224719101,0.0,5.617977528089887,0.0
310,0.2,0.0,0.5,DA-BALS-EWMA-Decay,89,95.50561797752809,0.0,4.49438202247191,0.0
310,0.2,0.0,0.5,DA-BALS-Stabilized,89,95.50561797752809,0.0,4.49438202247191,0.0
310,0.2,0.0,1.0,DA-BALS-EWMA,89,92.13483146067416,2.247191011235955,5.617977528089887,0.0
310,0.2,0.0,1.0,DA-BALS-EWMA-Cap,89,92.13483146067416,2.247191011235955,5.617977528089887,0.0
310,0.2,0.0,1.0,DA-BALS-EWMA-Decay,89,93.25842696629213,2.247191011235955,4.49438202247191,0.0
310,0.2,0.0,1.0,DA-BALS-Stabilized,89,93.25842696629213,2.247191011235955,4.49438202247191,0.0
310,0.2,10.0,0.0,DA-BALS-EWMA,89,95.50561797752809,0.0,4.49438202247191,0.0
310,0.2,10.0,0.0,DA-BALS-EWMA-Cap,89,95.50561797752809,0.0,4.49438202247191,0.0
310,0.2,10.0,0.0,DA-BALS-EWMA-Decay,89,95.50561797752809,0.0,4.49438202247191,0.0
310,0.2,10.0,0.0,DA-BALS-Stabilized,89,95.50561797752809,0.0,4.49438202247191,0.0
310,0.2,10.0,0.5,DA-BALS-EWMA,89,94.3820224719101,0.0,5.617977528089887,0.0
310,0.2,10.0,0.5,DA-BALS-EWMA-Cap,89,94.3820224719101,0.0,5.617977528089887,0.0
310,0.2,10.0,0.5,DA-BALS-EWMA-Decay,89,95.50561797752809,0.0,4.49438202247191,0.0
310,0.2,10.0,0.5,DA-BALS-Stabilized,89,95.50561797752809,0.0,4.49438202247191,0.0
310,0.2,10.0,1.0,DA-BALS-EWMA,89,92.13483146067416,2.247191011235955,5.617977528089887,0.0
310,0.2,10.0,1.0,DA-BALS-EWMA-Cap,89,92.13483146067416,2.247191011235955,5.617977528089887,0.0
310,0.2,10.0,1.0,DA-BALS-EWMA-Decay,89,92.13483146067416,2.247191011235955,5.617977528089887,0.0
310,0.2,10.0,1.0,DA-BALS-Stabilized,89,92.13483146067416,2.247191011235955,5.617977528089887,0.0
310,0.2,50.0,0.0,DA-BALS-EWMA,89,95.50561797752809,0.0,4.49438202247191,0.0
310,0.2,50.0,0.0,DA-BALS-EWMA-Cap,89,95.50561797752809,0.0,4.49438202247191,0.0
310,0.2,50.0,0.0,DA-BALS-EWMA-Decay,89,95.50561797752809,0.0,4.49438202247191,0.0
310,0.2,50.0,0.0,DA-BALS-Stabilized,89,95.50561797752809,0.0,4.49438202247191,0.0
310,0.2,50.0,0.5,DA-BALS-EWMA,89,94.3820224719101,0.0,5.617977528089887,0.0
310,0.2,50.0,0.5,DA-BALS-EWMA-Cap,89,94.3820224719101,0.0,5.617977528089887,0.0
310,0.2,50.0,0.5,DA-BALS-EWMA-Decay,89,95.50561797752809,0.0,4.49438202247191,0.0
310,0.2,50.0,0.5,DA-BALS-Stabilized,89,95.50561797752809,0.0,4.49438202247191,0.0
310,0.2,50.0,1.0,DA-BALS-EWMA,89,92.13483146067416,2.247191011235955,5.617977528089887,0.0
310,0.2,50.0,1.0,DA-BALS-EWMA-Cap,89,92.13483146067416,2.247191011235955,5.617977528089887,0.0
310,0.2,50.0,1.0,DA-BALS-EWMA-Decay,89,92.13483146067416,2.247191011235955,5.617977528089887,0.0
310,0.2,50.0,1.0,DA-BALS-Stabilized,89,92.13483146067416,2.247191011235955,5.617977528089887,0.0
310,0.4,0.0,0.0,DA-BALS-EWMA,191,93.717277486911,0.0,6.282722513089005,0.0
310,0.4,0.0,0.0,DA-BALS-EWMA-Cap,191,93.717277486911,0.0,6.282722513089005,0.0
310,0.4,0.0,0.0,DA-BALS-EWMA-Decay,191,93.717277486911,0.0,6.282722513089005,0.0
310,0.4,0.0,0.0,DA-BALS-Stabilized,191,93.717277486911,0.0,6.282722513089005,0.0
310,0.4,0.0,0.5,DA-BALS-EWMA,191,92.67015706806284,0.0,7.329842931937172,0.0
310,0.4,0.0,0.5,DA-BALS-EWMA-Cap,191,92.67015706806284,0.0,7.329842931937172,0.0
310,0.4,0.0,0.5,DA-BALS-EWMA-Decay,191,93.19371727748691,0.0,6.806282722513089,0.0
310,0.4,0.0,0.5,DA-BALS-Stabilized,191,93.19371727748691,0.0,6.806282722513089,0.0
310,0.4,0.0,1.0,DA-BALS-EWMA,191,92.67015706806284,0.0,7.329842931937172,0.0
310,0.4,0.0,1.0,DA-BALS-EWMA-Cap,191,92.67015706806284,0.0,7.329842931937172,0.0
310,0.4,0.0,1.0,DA-BALS-EWMA-Decay,191,92.67015706806284,0.0,7.329842931937172,0.0
310,0.4,0.0,1.0,DA-BALS-Stabilized,191,92.67015706806284,0.0,7.329842931937172,0.0
310,0.4,10.0,0.0,DA-BALS-EWMA,191,93.717277486911,0.0,6.282722513089005,0.0
310,0.4,10.0,0.0,DA-BALS-EWMA-Cap,191,93.717277486911,0.0,6.282722513089005,0.0
310,0.4,10.0,0.0,DA-BALS-EWMA-Decay,191,93.717277486911,0.0,6.282722513089005,0.0
310,0.4,10.0,0.0,DA-BALS-Stabilized,191,93.717277486911,0.0,6.282722513089005,0.0
310,0.4,10.0,0.5,DA-BALS-EWMA,191,92.67015706806284,0.0,7.329842931937172,0.0
310,0.4,10.0,0.5,DA-BALS-EWMA-Cap,191,92.67015706806284,0.0,7.329842931937172,0.0
310,0.4,10.0,0.5,DA-BALS-EWMA-Decay,191,93.19371727748691,0.0,6.806282722513089,0.0
310,0.4,10.0,0.5,DA-BALS-Stabilized,191,93.19371727748691,0.0,6.806282722513089,0.0
310,0.4,10.0,1.0,DA-BALS-EWMA,191,92.67015706806284,0.0,7.329842931937172,0.0
310,0.4,10.0,1.0,DA-BALS-EWMA-Cap,191,92.67015706806284,0.0,7.329842931937172,0.0
310,0.4,10.0,1.0,DA-BALS-EWMA-Decay,191,92.67015706806284,0.0,7.329842931937172,0.0
310,0.4,10.0,1.0,DA-BALS-Stabilized,191,92.67015706806284,0.0,7.329842931937172,0.0
310,0.4,50.0,0.0,DA-BALS-EWMA,191,93.717277486911,0.0,6.282722513089005,0.0
310,0.4,50.0,0.0,DA-BALS-EWMA-Cap,191,93.717277486911,0.0,6.282722513089005,0.0
310,0.4,50.0,0.0,DA-BALS-EWMA-Decay,191,93.717277486911,0.0,6.282722513089005,0.0
310,0.4,50.0,0.0,DA-BALS-Stabilized,191,93.717277486911,0.0,6.282722513089005,0.0
310,0.4,50.0,0.5,DA-BALS-EWMA,191,92.67015706806284,0.0,7.329842931937172,0.0
310,0.4,50.0,0.5,DA-BALS-EWMA-Cap,191,92.67015706806284,0.0,7.329842931937172,0.0
310,0.4,50.0,0.5,DA-BALS-EWMA-Decay,191,93.19371727748691,0.0,6.806282722513089,0.0
310,0.4,50.0,0.5,DA-BALS-Stabilized,191,93.19371727748691,0.0,6.806282722513089,0.0
310,0.4,50.0,1.0,DA-BALS-EWMA,191,92.67015706806284,0.0,7.329842931937172,0.0
310,0.4,50.0,1.0,DA-BALS-EWMA-Cap,191,92.67015706806284,0.0,7.329842931937172,0.0
310,0.4,50.0,1.0,DA-BALS-EWMA-Decay,191,92.67015706806284,0.0,7.329842931937172,0.0
310,0.4,50.0,1.0,DA-BALS-Stabilized,191,92.67015706806284,0.0,7.329842931937172,0.0
310,0.6,0.0,0.0,DA-BALS-EWMA,289,91.34948096885813,0.0,8.650519031141869,0.0
310,0.6,0.0,0.0,DA-BALS-EWMA-Cap,289,91.34948096885813,0.0,8.650519031141869,0.0
310,0.6,0.0,0.0,DA-BALS-EWMA-Decay,289,91.34948096885813,0.0,8.650519031141869,0.0
310,0.6,0.0,0.0,DA-BALS-Stabilized,289,91.34948096885813,0.0,8.650519031141869,0.0
310,0.6,0.0,0.5,DA-BALS-EWMA,289,91.00346020761245,0.0,8.996539792387544,0.0
310,0.6,0.0,0.5,DA-BALS-EWMA-Cap,289,91.00346020761245,0.0,8.996539792387544,0.0
310,0.6,0.0,0.5,DA-BALS-EWMA-Decay,289,91.00346020761245,0.0,8.996539792387544,0.0
310,0.6,0.0,0.5,DA-BALS-Stabilized,289,91.00346020761245,0.0,8.996539792387544,0.0
310,0.6,0.0,1.0,DA-BALS-EWMA,289,90.3114186851211,0.6920415224913495,8.996539792387544,0.0
310,0.6,0.0,1.0,DA-BALS-EWMA-Cap,289,90.3114186851211,0.6920415224913495,8.996539792387544,0.0
310,0.6,0.0,1.0,DA-BALS-EWMA-Decay,289,90.3114186851211,0.6920415224913495,8.996539792387544,0.0
310,0.6,0.0,1.0,DA-BALS-Stabilized,289,90.3114186851211,0.6920415224913495,8.996539792387544,0.0
310,0.6,10.0,0.0,DA-BALS-EWMA,289,91.34948096885813,0.0,8.650519031141869,0.0
310,0.6,10.0,0.0,DA-BALS-EWMA-Cap,289,91.34948096885813,0.0,8.650519031141869,0.0
310,0.6,10.0,0.0,DA-BALS-EWMA-Decay,289,91.34948096885813,0.0,8.650519031141869,0.0
310,0.6,10.0,0.0,DA-BALS-Stabilized,289,91.34948096885813,0.0,8.650519031141869,0.0
310,0.6,10.0,0.5,DA-BALS-EWMA,289,91.00346020761245,0.0,8.996539792387544,0.0
310,0.6,10.0,0.5,DA-BALS-EWMA-Cap,289,91.00346020761245,0.0,8.996539792387544,0.0
310,0.6,10.0,0.5,DA-BALS-EWMA-Decay,289,91.00346020761245,0.0,8.996539792387544,0.0
310,0.6,10.0,0.5,DA-BALS-Stabilized,289,91.00346020761245,0.0,8.996539792387544,0.0
310,0.6,10.0,1.0,DA-BALS-EWMA,289,90.3114186851211,0.6920415224913495,8.996539792387544,0.0
310,0.6,10.0,1.0,DA-BALS-EWMA-Cap,289,90.3114186851211,0.6920415224913495,8.996539792387544,0.0
310,0.6,10.0,1.0,DA-BALS-EWMA-Decay,289,90.3114186851211,0.6920415224913495,8.996539792387544,0.0
310,0.6,10.0,1.0,DA-BALS-Stabilized,289,90.3114186851211,0.6920415224913495,8.996539792387544,0.0
310,0.6,50.0,0.0,DA-BALS-EWMA,289,91.34948096885813,0.0,8.650519031141869,0.0
310,0.6,50.0,0.0,DA-BALS-EWMA-Cap,289,91.34948096885813,0.0,8.650519031141869,0.0
310,0.6,50.0,0.0,DA-BALS-EWMA-Decay,289,91.34948096885813,0.0,8.650519031141869,0.0
310,0.6,50.0,0.0,DA-BALS-Stabilized,289,91.34948096885813,0.0,8.650519031141869,0.0
310,0.6,50.0,0.5,DA-BALS-EWMA,289,91.00346020761245,0.0,8.996539792387544,0.0
310,0.6,50.0,0.5,DA-BALS-EWMA-Cap,289,91.00346020761245,0.0,8.996539792387544,0.0
310,0.6,50.0,0.5,DA-BALS-EWMA-Decay,289,91.00346020761245,0.0,8.996539792387544,0.0
310,0.6,50.0,0.5,DA-BALS-Stabilized,289,91.00346020761245,0.0,8.996539792387544,0.0
310,0.6,50.0,1.0,DA-BALS-EWMA,289,90.3114186851211,0.6920415224913495,8.996539792387544,0.0
310,0.6,50.0,1.0,DA-BALS-EWMA-Cap,289,90.3114186851211,0.6920415224913495,8.996539792387544,0.0
310,0.6,50.0,1.0,DA-BALS-EWMA-Decay,289,90.3114186851211,0.6920415224913495,8.996539792387544,0.0
310,0.6,50.0,1.0,DA-BALS-Stabilized,289,90.3114186851211,0.6920415224913495,8.996539792387544,0.0
310,0.8,0.0,0.0,DA-BALS-EWMA,412,86.16504854368931,0.48543689320388345,13.349514563106796,0.0
310,0.8,0.0,0.0,DA-BALS-EWMA-Cap,412,86.16504854368931,0.48543689320388345,13.349514563106796,0.0
310,0.8,0.0,0.0,DA-BALS-EWMA-Decay,412,86.16504854368931,0.48543689320388345,13.349514563106796,0.0
310,0.8,0.0,0.0,DA-BALS-Stabilized,412,86.16504854368931,0.48543689320388345,13.349514563106796,0.0
310,0.8,0.0,0.5,DA-BALS-EWMA,412,84.70873786407766,0.9708737864077669,14.320388349514563,0.0
310,0.8,0.0,0.5,DA-BALS-EWMA-Cap,412,84.70873786407766,0.9708737864077669,14.320388349514563,0.0
310,0.8,0.0,0.5,DA-BALS-EWMA-Decay,412,84.70873786407766,0.9708737864077669,14.320388349514563,0.0
310,0.8,0.0,0.5,DA-BALS-Stabilized,412,84.70873786407766,0.9708737864077669,14.320388349514563,0.0
310,0.8,0.0,1.0,DA-BALS-EWMA,412,82.52427184466019,2.669902912621359,14.805825242718445,0.0
310,0.8,0.0,1.0,DA-BALS-EWMA-Cap,412,82.52427184466019,2.669902912621359,14.805825242718445,0.0
310,0.8,0.0,1.0,DA-BALS-EWMA-Decay,412,82.52427184466019,2.669902912621359,14.805825242718445,0.0
310,0.8,0.0,1.0,DA-BALS-Stabilized,412,82.52427184466019,2.669902912621359,14.805825242718445,0.0
310,0.8,10.0,0.0,DA-BALS-EWMA,412,86.16504854368931,0.48543689320388345,13.349514563106796,0.0
310,0.8,10.0,0.0,DA-BALS-EWMA-Cap,412,86.16504854368931,0.48543689320388345,13.349514563106796,0.0
310,0.8,10.0,0.0,DA-BALS-EWMA-Decay,412,86.16504854368931,0.48543689320388345,13.349514563106796,0.0
310,0.8,10.0,0.0,DA-BALS-Stabilized,412,86.16504854368931,0.48543689320388345,13.349514563106796,0.0
310,0.8,10.0,0.5,DA-BALS-EWMA,412,84.70873786407766,0.9708737864077669,14.320388349514563,0.0
310,0.8,10.0,0.5,DA-BALS-EWMA-Cap,412,84.70873786407766,0.9708737864077669,14.320388349514563,0.0
310,0.8,10.0,0.5,DA-BALS-EWMA-Decay,412,84.70873786407766,0.9708737864077669,14.320388349514563,0.0
310,0.8,10.0,0.5,DA-BALS-Stabilized,412,84.70873786407766,0.9708737864077669,14.320388349514563,0.0
310,0.8,10.0,1.0,DA-BALS-EWMA,412,82.52427184466019,2.669902912621359,14.805825242718445,0.0
310,0.8,10.0,1.0,DA-BALS-EWMA-Cap,412,82.52427184466019,2.669902912621359,14.805825242718445,0.0
310,0.8,10.0,1.0,DA-BALS-EWMA-Decay,412,82.52427184466019,2.669902912621359,14.805825242718445,0.0
310,0.8,10.0,1.0,DA-BALS-Stabilized,412,82.52427184466019,2.669902912621359,14.805825242718445,0.0
310,0.8,50.0,0.0,DA-BALS-EWMA,412,86.16504854368931,0.48543689320388345,13.349514563106796,0.0
310,0.8,50.0,0.0,DA-BALS-EWMA-Cap,412,86.16504854368931,0.48543689320388345,13.349514563106796,0.0
310,0.8,50.0,0.0,DA-BALS-EWMA-Decay,412,86.16504854368931,0.48543689320388345,13.349514563106796,0.0
310,0.8,50.0,0.0,DA-BALS-Stabilized,412,86.16504854368931,0.48543689320388345,13.349514563106796,0.0
310,0.8,50.0,0.5,DA-BALS-EWMA,412,84.70873786407766,0.9708737864077669,14.320388349514563,0.0
310,0.8,50.0,0.5,DA-BALS-EWMA-Cap,412,84.70873786407766,0.9708737864077669,14.320388349514563,0.0
310,0.8,50.0,0.5,DA-BALS-EWMA-Decay,412,84.70873786407766,0.9708737864077669,14.320388349514563,0.0
310,0.8,50.0,0.5,DA-BALS-Stabilized,412,84.70873786407766,0.9708737864077669,14.320388349514563,0.0
310,0.8,50.0,1.0,DA-BALS-EWMA,412,82.52427184466019,2.669902912621359,14.805825242718445,0.0
310,0.8,50.0,1.0,DA-BALS-EWMA-Cap,412,82.52427184466019,2.669902912621359,14.805825242718445,0.0
310,0.8,50.0,1.0,DA-BALS-EWMA-Decay,412,82.52427184466019,2.669902912621359,14.805825242718445,0.0
310,0.8,50.0,1.0,DA-BALS-Stabilized,412,82.52427184466019,2.669902912621359,14.805825242718445,0.0
310,1.0,0.0,0.0,DA-BALS-EWMA,528,76.70454545454545,0.7575757575757576,22.53787878787879,0.0
310,1.0,0.0,0.0,DA-BALS-EWMA-Cap,528,76.70454545454545,0.7575757575757576,22.53787878787879,0.0
310,1.0,0.0,0.0,DA-BALS-EWMA-Decay,528,76.70454545454545,0.7575757575757576,22.53787878787879,0.0
310,1.0,0.0,0.0,DA-BALS-Stabilized,528,76.70454545454545,0.7575757575757576,22.53787878787879,0.0
310,1.0,0.0,0.5,DA-BALS-EWMA,528,75.18939393939394,1.7045454545454544,23.106060606060606,0.0
310,1.0,0.0,0.5,DA-BALS-EWMA-Cap,528,75.18939393939394,1.7045454545454544,23.106060606060606,0.0
310,1.0,0.0,0.5,DA-BALS-EWMA-Decay,528,75.37878787878788,1.7045454545454544,22.916666666666664,0.0
310,1.0,0.0,0.5,DA-BALS-Stabilized,528,75.37878787878788,1.7045454545454544,22.916666666666664,0.0
310,1.0,0.0,1.0,DA-BALS-EWMA,528,73.48484848484848,3.0303030303030303,23.484848484848484,0.0
310,1.0,0.0,1.0,DA-BALS-EWMA-Cap,528,73.48484848484848,3.0303030303030303,23.484848484848484,0.0
310,1.0,0.0,1.0,DA-BALS-EWMA-Decay,528,73.48484848484848,3.2196969696969697,23.295454545454543,0.0
310,1.0,0.0,1.0,DA-BALS-Stabilized,528,73.48484848484848,3.2196969696969697,23.295454545454543,0.0
310,1.0,10.0,0.0,DA-BALS-EWMA,528,76.70454545454545,0.7575757575757576,22.53787878787879,0.0
310,1.0,10.0,0.0,DA-BALS-EWMA-Cap,528,76.70454545454545,0.7575757575757576,22.53787878787879,0.0
310,1.0,10.0,0.0,DA-BALS-EWMA-Decay,528,76.70454545454545,0.7575757575757576,22.53787878787879,0.0
310,1.0,10.0,0.0,DA-BALS-Stabilized,528,76.70454545454545,0.7575757575757576,22.53787878787879,0.0
310,1.0,10.0,0.5,DA-BALS-EWMA,528,75.18939393939394,1.7045454545454544,23.106060606060606,0.0
310,1.0,10.0,0.5,DA-BALS-EWMA-Cap,528,75.18939393939394,1.7045454545454544,23.106060606060606,0.0
310,1.0,10.0,0.5,DA-BALS-EWMA-Decay,528,75.37878787878788,1.7045454545454544,22.916666666666664,0.0
310,1.0,10.0,0.5,DA-BALS-Stabilized,528,75.37878787878788,1.7045454545454544,22.916666666666664,0.0
310,1.0,10.0,1.0,DA-BALS-EWMA,528,73.48484848484848,3.0303030303030303,23.484848484848484,0.0
310,1.0,10.0,1.0,DA-BALS-EWMA-Cap,528,73.48484848484848,3.0303030303030303,23.484848484848484,0.0
310,1.0,10.0,1.0,DA-BALS-EWMA-Decay,528,73.48484848484848,3.2196969696969697,23.295454545454543,0.0
310,1.0,10.0,1.0,DA-BALS-Stabilized,528,73.48484848484848,3.2196969696969697,23.295454545454543,0.0
310,1.0,50.0,0.0,DA-BALS-EWMA,528,76.70454545454545,0.7575757575757576,22.53787878787879,0.0
310,1.0,50.0,0.0,DA-BALS-EWMA-Cap,528,76.70454545454545,0.7575757575757576,22.53787878787879,0.0
310,1.0,50.0,0.0,DA-BALS-EWMA-Decay,528,76.70454545454545,0.7575757575757576,22.53787878787879,0.0
310,1.0,50.0,0.0,DA-BALS-Stabilized,528,76.70454545454545,0.7575757575757576,22.53787878787879,0.0
310,1.0,50.0,0.5,DA-BALS-EWMA,528,75.18939393939394,1.7045454545454544,23.106060606060606,0.0
310,1.0,50.0,0.5,DA-BALS-EWMA-Cap,528,75.18939393939394,1.7045454545454544,23.106060606060606,0.0
310,1.0,50.0,0.5,DA-BALS-EWMA-Decay,528,75.37878787878788,1.7045454545454544,22.916666666666664,0.0
310,1.0,50.0,0.5,DA-BALS-Stabilized,528,75.37878787878788,1.7045454545454544,22.916666666666664,0.0
310,1.0,50.0,1.0,DA-BALS-EWMA,528,73.48484848484848,3.0303030303030303,23.484848484848484,0.0
310,1.0,50.0,1.0,DA-BALS-EWMA-Cap,528,73.48484848484848,3.0303030303030303,23.484848484848484,0.0
310,1.0,50.0,1.0,DA-BALS-EWMA-Decay,528,73.48484848484848,3.2196969696969697,23.295454545454543,0.0
310,1.0,50.0,1.0,DA-BALS-Stabilized,528,73.48484848484848,3.2196969696969697,23.295454545454543,0.0
310,1.2,0.0,0.0,DA-BALS-EWMA,630,70.0,1.5873015873015872,28.41269841269841,0.0
310,1.2,0.0,0.0,DA-BALS-EWMA-Cap,630,70.0,1.5873015873015872,28.41269841269841,0.0
310,1.2,0.0,0.0,DA-BALS-EWMA-Decay,630,70.0,1.5873015873015872,28.41269841269841,0.0
310,1.2,0.0,0.0,DA-BALS-Stabilized,630,70.0,1.5873015873015872,28.41269841269841,0.0
310,1.2,0.0,0.5,DA-BALS-EWMA,630,68.88888888888889,2.5396825396825395,28.57142857142857,0.0
310,1.2,0.0,0.5,DA-BALS-EWMA-Cap,630,68.88888888888889,2.5396825396825395,28.57142857142857,0.0
310,1.2,0.0,0.5,DA-BALS-EWMA-Decay,630,69.04761904761905,2.5396825396825395,28.41269841269841,0.0
310,1.2,0.0,0.5,DA-BALS-Stabilized,630,69.04761904761905,2.5396825396825395,28.41269841269841,0.0
310,1.2,0.0,1.0,DA-BALS-EWMA,630,65.07936507936508,4.285714285714286,30.634920634920636,0.0
310,1.2,0.0,1.0,DA-BALS-EWMA-Cap,630,65.07936507936508,4.285714285714286,30.634920634920636,0.0
310,1.2,0.0,1.0,DA-BALS-EWMA-Decay,630,65.23809523809524,4.285714285714286,30.476190476190478,0.0
310,1.2,0.0,1.0,DA-BALS-Stabilized,630,65.23809523809524,4.285714285714286,30.476190476190478,0.0
310,1.2,10.0,0.0,DA-BALS-EWMA,630,70.0,1.5873015873015872,28.41269841269841,0.0
310,1.2,10.0,0.0,DA-BALS-EWMA-Cap,630,70.0,1.5873015873015872,28.41269841269841,0.0
310,1.2,10.0,0.0,DA-BALS-EWMA-Decay,630,70.0,1.5873015873015872,28.41269841269841,0.0
310,1.2,10.0,0.0,DA-BALS-Stabilized,630,70.0,1.5873015873015872,28.41269841269841,0.0
310,1.2,10.0,0.5,DA-BALS-EWMA,630,68.88888888888889,2.5396825396825395,28.57142857142857,0.0
310,1.2,10.0,0.5,DA-BALS-EWMA-Cap,630,68.88888888888889,2.5396825396825395,28.57142857142857,0.0
310,1.2,10.0,0.5,DA-BALS-EWMA-Decay,630,69.04761904761905,2.5396825396825395,28.41269841269841,0.0
310,1.2,10.0,0.5,DA-BALS-Stabilized,630,69.04761904761905,2.5396825396825395,28.41269841269841,0.0
310,1.2,10.0,1.0,DA-BALS-EWMA,630,65.07936507936508,4.444444444444445,30.476190476190478,0.0
310,1.2,10.0,1.0,DA-BALS-EWMA-Cap,630,65.07936507936508,4.444444444444445,30.476190476190478,0.0
310,1.2,10.0,1.0,DA-BALS-EWMA-Decay,630,65.23809523809524,4.444444444444445,30.317460317460316,0.0
310,1.2,10.0,1.0,DA-BALS-Stabilized,630,65.23809523809524,4.444444444444445,30.317460317460316,0.0
310,1.2,50.0,0.0,DA-BALS-EWMA,630,70.0,1.5873015873015872,28.41269841269841,0.0
310,1.2,50.0,0.0,DA-BALS-EWMA-Cap,630,70.0,1.5873015873015872,28.41269841269841,0.0
310,1.2,50.0,0.0,DA-BALS-EWMA-Decay,630,70.0,1.5873015873015872,28.41269841269841,0.0
310,1.2,50.0,0.0,DA-BALS-Stabilized,630,70.0,1.5873015873015872,28.41269841269841,0.0
310,1.2,50.0,0.5,DA-BALS-EWMA,630,68.88888888888889,2.5396825396825395,28.57142857142857,0.0
310,1.2,50.0,0.5,DA-BALS-EWMA-Cap,630,68.88888888888889,2.5396825396825395,28.57142857142857,0.0
310,1.2,50.0,0.5,DA-BALS-EWMA-Decay,630,69.04761904761905,2.5396825396825395,28.41269841269841,0.0
310,1.2,50.0,0.5,DA-BALS-Stabilized,630,69.04761904761905,2.5396825396825395,28.41269841269841,0.0
310,1.2,50.0,1.0,DA-BALS-EWMA,630,64.12698412698413,5.873015873015873,30.0,0.0
310,1.2,50.0,1.0,DA-BALS-EWMA-Cap,630,64.12698412698413,6.031746031746032,29.841269841269842,0.0
310,1.2,50.0,1.0,DA-BALS-EWMA-Decay,630,64.12698412698413,5.873015873015873,30.0,0.0
310,1.2,50.0,1.0,DA-BALS-Stabilized,630,64.44444444444444,6.031746031746032,29.523809523809526,0.0
311,0.2,0.0,0.0,DA-BALS-EWMA,99,97.97979797979798,0.0,2.0202020202020203,0.0
311,0.2,0.0,0.0,DA-BALS-EWMA-Cap,99,97.97979797979798,0.0,2.0202020202020203,0.0
311,0.2,0.0,0.0,DA-BALS-EWMA-Decay,99,97.97979797979798,0.0,2.0202020202020203,0.0
311,0.2,0.0,0.0,DA-BALS-Stabilized,99,97.97979797979798,0.0,2.0202020202020203,0.0
311,0.2,0.0,0.5,DA-BALS-EWMA,99,96.96969696969697,1.0101010101010102,2.0202020202020203,0.0
311,0.2,0.0,0.5,DA-BALS-EWMA-Cap,99,96.96969696969697,1.0101010101010102,2.0202020202020203,0.0
311,0.2,0.0,0.5,DA-BALS-EWMA-Decay,99,96.96969696969697,1.0101010101010102,2.0202020202020203,0.0
311,0.2,0.0,0.5,DA-BALS-Stabilized,99,96.96969696969697,1.0101010101010102,2.0202020202020203,0.0
311,0.2,0.0,1.0,DA-BALS-EWMA,99,95.95959595959596,2.0202020202020203,2.0202020202020203,0.0
311,0.2,0.0,1.0,DA-BALS-EWMA-Cap,99,95.95959595959596,2.0202020202020203,2.0202020202020203,0.0
311,0.2,0.0,1.0,DA-BALS-EWMA-Decay,99,95.95959595959596,2.0202020202020203,2.0202020202020203,0.0
311,0.2,0.0,1.0,DA-BALS-Stabilized,99,95.95959595959596,2.0202020202020203,2.0202020202020203,0.0
311,0.2,10.0,0.0,DA-BALS-EWMA,99,97.97979797979798,0.0,2.0202020202020203,0.0
311,0.2,10.0,0.0,DA-BALS-EWMA-Cap,99,97.97979797979798,0.0,2.0202020202020203,0.0
311,0.2,10.0,0.0,DA-BALS-EWMA-Decay,99,97.97979797979798,0.0,2.0202020202020203,0.0
311,0.2,10.0,0.0,DA-BALS-Stabilized,99,97.97979797979798,0.0,2.0202020202020203,0.0
311,0.2,10.0,0.5,DA-BALS-EWMA,99,96.96969696969697,1.0101010101010102,2.0202020202020203,0.0
311,0.2,10.0,0.5,DA-BALS-EWMA-Cap,99,96.96969696969697,1.0101010101010102,2.0202020202020203,0.0
311,0.2,10.0,0.5,DA-BALS-EWMA-Decay,99,96.96969696969697,1.0101010101010102,2.0202020202020203,0.0
311,0.2,10.0,0.5,DA-BALS-Stabilized,99,96.96969696969697,1.0101010101010102,2.0202020202020203,0.0
311,0.2,10.0,1.0,DA-BALS-EWMA,99,95.95959595959596,2.0202020202020203,2.0202020202020203,0.0
311,0.2,10.0,1.0,DA-BALS-EWMA-Cap,99,95.95959595959596,2.0202020202020203,2.0202020202020203,0.0
311,0.2,10.0,1.0,DA-BALS-EWMA-Decay,99,95.95959595959596,2.0202020202020203,2.0202020202020203,0.0
311,0.2,10.0,1.0,DA-BALS-Stabilized,99,95.95959595959596,2.0202020202020203,2.0202020202020203,0.0
311,0.2,50.0,0.0,DA-BALS-EWMA,99,97.97979797979798,0.0,2.0202020202020203,0.0
311,0.2,50.0,0.0,DA-BALS-EWMA-Cap,99,97.97979797979798,0.0,2.0202020202020203,0.0
311,0.2,50.0,0.0,DA-BALS-EWMA-Decay,99,97.97979797979798,0.0,2.0202020202020203,0.0
311,0.2,50.0,0.0,DA-BALS-Stabilized,99,97.97979797979798,0.0,2.0202020202020203,0.0
311,0.2,50.0,0.5,DA-BALS-EWMA,99,96.96969696969697,1.0101010101010102,2.0202020202020203,0.0
311,0.2,50.0,0.5,DA-BALS-EWMA-Cap,99,96.96969696969697,1.0101010101010102,2.0202020202020203,0.0
311,0.2,50.0,0.5,DA-BALS-EWMA-Decay,99,96.96969696969697,1.0101010101010102,2.0202020202020203,0.0
311,0.2,50.0,0.5,DA-BALS-Stabilized,99,96.96969696969697,1.0101010101010102,2.0202020202020203,0.0
311,0.2,50.0,1.0,DA-BALS-EWMA,99,95.95959595959596,2.0202020202020203,2.0202020202020203,0.0
311,0.2,50.0,1.0,DA-BALS-EWMA-Cap,99,95.95959595959596,2.0202020202020203,2.0202020202020203,0.0
311,0.2,50.0,1.0,DA-BALS-EWMA-Decay,99,95.95959595959596,2.0202020202020203,2.0202020202020203,0.0
311,0.2,50.0,1.0,DA-BALS-Stabilized,99,95.95959595959596,2.0202020202020203,2.0202020202020203,0.0
311,0.4,0.0,0.0,DA-BALS-EWMA,205,92.6829268292683,0.0,7.317073170731707,0.0
311,0.4,0.0,0.0,DA-BALS-EWMA-Cap,205,92.6829268292683,0.0,7.317073170731707,0.0
311,0.4,0.0,0.0,DA-BALS-EWMA-Decay,205,92.6829268292683,0.0,7.317073170731707,0.0
311,0.4,0.0,0.0,DA-BALS-Stabilized,205,92.6829268292683,0.0,7.317073170731707,0.0
311,0.4,0.0,0.5,DA-BALS-EWMA,205,92.6829268292683,0.0,7.317073170731707,0.0
311,0.4,0.0,0.5,DA-BALS-EWMA-Cap,205,92.6829268292683,0.0,7.317073170731707,0.0
311,0.4,0.0,0.5,DA-BALS-EWMA-Decay,205,92.6829268292683,0.0,7.317073170731707,0.0
311,0.4,0.0,0.5,DA-BALS-Stabilized,205,92.6829268292683,0.0,7.317073170731707,0.0
311,0.4,0.0,1.0,DA-BALS-EWMA,205,92.19512195121952,0.4878048780487805,7.317073170731707,0.0
311,0.4,0.0,1.0,DA-BALS-EWMA-Cap,205,92.19512195121952,0.4878048780487805,7.317073170731707,0.0
311,0.4,0.0,1.0,DA-BALS-EWMA-Decay,205,92.19512195121952,0.4878048780487805,7.317073170731707,0.0
311,0.4,0.0,1.0,DA-BALS-Stabilized,205,92.19512195121952,0.4878048780487805,7.317073170731707,0.0
311,0.4,10.0,0.0,DA-BALS-EWMA,205,92.6829268292683,0.0,7.317073170731707,0.0
311,0.4,10.0,0.0,DA-BALS-EWMA-Cap,205,92.6829268292683,0.0,7.317073170731707,0.0
311,0.4,10.0,0.0,DA-BALS-EWMA-Decay,205,92.6829268292683,0.0,7.317073170731707,0.0
311,0.4,10.0,0.0,DA-BALS-Stabilized,205,92.6829268292683,0.0,7.317073170731707,0.0
311,0.4,10.0,0.5,DA-BALS-EWMA,205,92.6829268292683,0.0,7.317073170731707,0.0
311,0.4,10.0,0.5,DA-BALS-EWMA-Cap,205,92.6829268292683,0.0,7.317073170731707,0.0
311,0.4,10.0,0.5,DA-BALS-EWMA-Decay,205,92.6829268292683,0.0,7.317073170731707,0.0
311,0.4,10.0,0.5,DA-BALS-Stabilized,205,92.6829268292683,0.0,7.317073170731707,0.0
311,0.4,10.0,1.0,DA-BALS-EWMA,205,92.19512195121952,0.4878048780487805,7.317073170731707,0.0
311,0.4,10.0,1.0,DA-BALS-EWMA-Cap,205,92.19512195121952,0.4878048780487805,7.317073170731707,0.0
311,0.4,10.0,1.0,DA-BALS-EWMA-Decay,205,92.19512195121952,0.4878048780487805,7.317073170731707,0.0
311,0.4,10.0,1.0,DA-BALS-Stabilized,205,92.19512195121952,0.4878048780487805,7.317073170731707,0.0
311,0.4,50.0,0.0,DA-BALS-EWMA,205,92.6829268292683,0.0,7.317073170731707,0.0
311,0.4,50.0,0.0,DA-BALS-EWMA-Cap,205,92.6829268292683,0.0,7.317073170731707,0.0
311,0.4,50.0,0.0,DA-BALS-EWMA-Decay,205,92.6829268292683,0.0,7.317073170731707,0.0
311,0.4,50.0,0.0,DA-BALS-Stabilized,205,92.6829268292683,0.0,7.317073170731707,0.0
311,0.4,50.0,0.5,DA-BALS-EWMA,205,92.6829268292683,0.0,7.317073170731707,0.0
311,0.4,50.0,0.5,DA-BALS-EWMA-Cap,205,92.6829268292683,0.0,7.317073170731707,0.0
311,0.4,50.0,0.5,DA-BALS-EWMA-Decay,205,92.6829268292683,0.0,7.317073170731707,0.0
311,0.4,50.0,0.5,DA-BALS-Stabilized,205,92.6829268292683,0.0,7.317073170731707,0.0
311,0.4,50.0,1.0,DA-BALS-EWMA,205,92.19512195121952,0.4878048780487805,7.317073170731707,0.0
311,0.4,50.0,1.0,DA-BALS-EWMA-Cap,205,92.19512195121952,0.4878048780487805,7.317073170731707,0.0
311,0.4,50.0,1.0,DA-BALS-EWMA-Decay,205,92.19512195121952,0.4878048780487805,7.317073170731707,0.0
311,0.4,50.0,1.0,DA-BALS-Stabilized,205,92.19512195121952,0.4878048780487805,7.317073170731707,0.0
311,0.6,0.0,0.0,DA-BALS-EWMA,301,88.70431893687709,0.33222591362126247,10.96345514950166,0.0
311,0.6,0.0,0.0,DA-BALS-EWMA-Cap,301,88.70431893687709,0.33222591362126247,10.96345514950166,0.0
311,0.6,0.0,0.0,DA-BALS-EWMA-Decay,301,89.03654485049833,0.33222591362126247,10.631229235880399,0.0
311,0.6,0.0,0.0,DA-BALS-Stabilized,301,89.03654485049833,0.33222591362126247,10.631229235880399,0.0
311,0.6,0.0,0.5,DA-BALS-EWMA,301,86.71096345514951,1.6611295681063125,11.627906976744185,0.0
311,0.6,0.0,0.5,DA-BALS-EWMA-Cap,301,86.71096345514951,1.6611295681063125,11.627906976744185,0.0
311,0.6,0.0,0.5,DA-BALS-EWMA-Decay,301,86.71096345514951,1.9933554817275747,11.295681063122924,0.0
311,0.6,0.0,0.5,DA-BALS-Stabilized,301,86.71096345514951,1.9933554817275747,11.295681063122924,0.0
311,0.6,0.0,1.0,DA-BALS-EWMA,301,85.38205980066445,2.3255813953488373,12.29235880398671,0.0
311,0.6,0.0,1.0,DA-BALS-EWMA-Cap,301,85.38205980066445,2.3255813953488373,12.29235880398671,0.0
311,0.6,0.0,1.0,DA-BALS-EWMA-Decay,301,85.71428571428571,2.3255813953488373,11.960132890365449,0.0
311,0.6,0.0,1.0,DA-BALS-Stabilized,301,85.71428571428571,2.3255813953488373,11.960132890365449,0.0
311,0.6,10.0,0.0,DA-BALS-EWMA,301,88.70431893687709,0.33222591362126247,10.96345514950166,0.0
311,0.6,10.0,0.0,DA-BALS-EWMA-Cap,301,88.70431893687709,0.33222591362126247,10.96345514950166,0.0
311,0.6,10.0,0.0,DA-BALS-EWMA-Decay,301,89.03654485049833,0.33222591362126247,10.631229235880399,0.0
311,0.6,10.0,0.0,DA-BALS-Stabilized,301,89.03654485049833,0.33222591362126247,10.631229235880399,0.0
311,0.6,10.0,0.5,DA-BALS-EWMA,301,86.71096345514951,1.6611295681063125,11.627906976744185,0.0
311,0.6,10.0,0.5,DA-BALS-EWMA-Cap,301,86.71096345514951,1.6611295681063125,11.627906976744185,0.0
311,0.6,10.0,0.5,DA-BALS-EWMA-Decay,301,86.71096345514951,1.9933554817275747,11.295681063122924,0.0
311,0.6,10.0,0.5,DA-BALS-Stabilized,301,86.71096345514951,1.9933554817275747,11.295681063122924,0.0
311,0.6,10.0,1.0,DA-BALS-EWMA,301,85.38205980066445,2.3255813953488373,12.29235880398671,0.0
311,0.6,10.0,1.0,DA-BALS-EWMA-Cap,301,85.38205980066445,2.3255813953488373,12.29235880398671,0.0
311,0.6,10.0,1.0,DA-BALS-EWMA-Decay,301,85.71428571428571,2.3255813953488373,11.960132890365449,0.0
311,0.6,10.0,1.0,DA-BALS-Stabilized,301,85.71428571428571,2.3255813953488373,11.960132890365449,0.0
311,0.6,50.0,0.0,DA-BALS-EWMA,301,88.70431893687709,0.33222591362126247,10.96345514950166,0.0
311,0.6,50.0,0.0,DA-BALS-EWMA-Cap,301,88.70431893687709,0.33222591362126247,10.96345514950166,0.0
311,0.6,50.0,0.0,DA-BALS-EWMA-Decay,301,89.03654485049833,0.33222591362126247,10.631229235880399,0.0
311,0.6,50.0,0.0,DA-BALS-Stabilized,301,89.03654485049833,0.33222591362126247,10.631229235880399,0.0
311,0.6,50.0,0.5,DA-BALS-EWMA,301,86.71096345514951,1.6611295681063125,11.627906976744185,0.0
311,0.6,50.0,0.5,DA-BALS-EWMA-Cap,301,86.71096345514951,1.6611295681063125,11.627906976744185,0.0
311,0.6,50.0,0.5,DA-BALS-EWMA-Decay,301,86.71096345514951,1.9933554817275747,11.295681063122924,0.0
311,0.6,50.0,0.5,DA-BALS-Stabilized,301,86.71096345514951,1.9933554817275747,11.295681063122924,0.0
311,0.6,50.0,1.0,DA-BALS-EWMA,301,85.38205980066445,2.3255813953488373,12.29235880398671,0.0
311,0.6,50.0,1.0,DA-BALS-EWMA-Cap,301,85.38205980066445,2.3255813953488373,12.29235880398671,0.0
311,0.6,50.0,1.0,DA-BALS-EWMA-Decay,301,85.71428571428571,2.3255813953488373,11.960132890365449,0.0
311,0.6,50.0,1.0,DA-BALS-Stabilized,301,85.71428571428571,2.3255813953488373,11.960132890365449,0.0
311,0.8,0.0,0.0,DA-BALS-EWMA,401,84.78802992518703,0.997506234413965,14.214463840399002,0.0
311,0.8,0.0,0.0,DA-BALS-EWMA-Cap,401,84.78802992518703,0.997506234413965,14.214463840399002,0.0
311,0.8,0.0,0.0,DA-BALS-EWMA-Decay,401,84.78802992518703,0.997506234413965,14.214463840399002,0.0
311,0.8,0.0,0.0,DA-BALS-Stabilized,401,84.78802992518703,0.997506234413965,14.214463840399002,0.0
311,0.8,0.0,0.5,DA-BALS-EWMA,401,83.0423940149626,2.2443890274314215,14.713216957605985,0.0
311,0.8,0.0,0.5,DA-BALS-EWMA-Cap,401,83.0423940149626,2.2443890274314215,14.713216957605985,0.0
311,0.8,0.0,0.5,DA-BALS-EWMA-Decay,401,83.29177057356608,2.2443890274314215,14.463840399002494,0.0
311,0.8,0.0,0.5,DA-BALS-Stabilized,401,83.29177057356608,2.2443890274314215,14.463840399002494,0.0
311,0.8,0.0,1.0,DA-BALS-EWMA,401,81.54613466334165,3.7406483790523692,14.713216957605985,0.0
311,0.8,0.0,1.0,DA-BALS-EWMA-Cap,401,81.54613466334165,3.7406483790523692,14.713216957605985,0.0
311,0.8,0.0,1.0,DA-BALS-EWMA-Decay,401,80.79800498753117,4.488778054862843,14.713216957605985,0.0
311,0.8,0.0,1.0,DA-BALS-Stabilized,401,80.79800498753117,4.488778054862843,14.713216957605985,0.0
311,0.8,10.0,0.0,DA-BALS-EWMA,401,84.78802992518703,0.997506234413965,14.214463840399002,0.0
311,0.8,10.0,0.0,DA-BALS-EWMA-Cap,401,84.78802992518703,0.997506234413965,14.214463840399002,0.0
311,0.8,10.0,0.0,DA-BALS-EWMA-Decay,401,84.78802992518703,0.997506234413965,14.214463840399002,0.0
311,0.8,10.0,0.0,DA-BALS-Stabilized,401,84.78802992518703,0.997506234413965,14.214463840399002,0.0
311,0.8,10.0,0.5,DA-BALS-EWMA,401,83.0423940149626,2.2443890274314215,14.713216957605985,0.0
311,0.8,10.0,0.5,DA-BALS-EWMA-Cap,401,83.0423940149626,2.2443890274314215,14.713216957605985,0.0
311,0.8,10.0,0.5,DA-BALS-EWMA-Decay,401,83.29177057356608,2.2443890274314215,14.463840399002494,0.0
311,0.8,10.0,0.5,DA-BALS-Stabilized,401,83.29177057356608,2.2443890274314215,14.463840399002494,0.0
311,0.8,10.0,1.0,DA-BALS-EWMA,401,81.54613466334165,3.7406483790523692,14.713216957605985,0.0
311,0.8,10.0,1.0,DA-BALS-EWMA-Cap,401,81.54613466334165,3.7406483790523692,14.713216957605985,0.0
311,0.8,10.0,1.0,DA-BALS-EWMA-Decay,401,80.54862842892769,4.488778054862843,14.962593516209477,0.0
311,0.8,10.0,1.0,DA-BALS-Stabilized,401,80.54862842892769,4.488778054862843,14.962593516209477,0.0
311,0.8,50.0,0.0,DA-BALS-EWMA,401,84.78802992518703,0.997506234413965,14.214463840399002,0.0
311,0.8,50.0,0.0,DA-BALS-EWMA-Cap,401,84.78802992518703,0.997506234413965,14.214463840399002,0.0
311,0.8,50.0,0.0,DA-BALS-EWMA-Decay,401,84.78802992518703,0.997506234413965,14.214463840399002,0.0
311,0.8,50.0,0.0,DA-BALS-Stabilized,401,84.78802992518703,0.997506234413965,14.214463840399002,0.0
311,0.8,50.0,0.5,DA-BALS-EWMA,401,83.0423940149626,2.2443890274314215,14.713216957605985,0.0
311,0.8,50.0,0.5,DA-BALS-EWMA-Cap,401,83.0423940149626,2.2443890274314215,14.713216957605985,0.0
311,0.8,50.0,0.5,DA-BALS-EWMA-Decay,401,83.29177057356608,2.2443890274314215,14.463840399002494,0.0
311,0.8,50.0,0.5,DA-BALS-Stabilized,401,83.29177057356608,2.2443890274314215,14.463840399002494,0.0
311,0.8,50.0,1.0,DA-BALS-EWMA,401,81.54613466334165,3.7406483790523692,14.713216957605985,0.0
311,0.8,50.0,1.0,DA-BALS-EWMA-Cap,401,81.54613466334165,3.7406483790523692,14.713216957605985,0.0
311,0.8,50.0,1.0,DA-BALS-EWMA-Decay,401,80.54862842892769,4.488778054862843,14.962593516209477,0.0
311,0.8,50.0,1.0,DA-BALS-Stabilized,401,80.54862842892769,4.488778054862843,14.962593516209477,0.0
311,1.0,0.0,0.0,DA-BALS-EWMA,488,82.78688524590164,0.6147540983606558,16.598360655737704,0.0
311,1.0,0.0,0.0,DA-BALS-EWMA-Cap,488,82.78688524590164,0.6147540983606558,16.598360655737704,0.0
311,1.0,0.0,0.0,DA-BALS-EWMA-Decay,488,82.78688524590164,0.6147540983606558,16.598360655737704,0.0
311,1.0,0.0,0.0,DA-BALS-Stabilized,488,82.78688524590164,0.6147540983606558,16.598360655737704,0.0
311,1.0,0.0,0.5,DA-BALS-EWMA,488,81.55737704918032,1.2295081967213115,17.21311475409836,0.0
311,1.0,0.0,0.5,DA-BALS-EWMA-Cap,488,81.55737704918032,1.2295081967213115,17.21311475409836,0.0
311,1.0,0.0,0.5,DA-BALS-EWMA-Decay,488,81.55737704918032,1.2295081967213115,17.21311475409836,0.0
311,1.0,0.0,0.5,DA-BALS-Stabilized,488,81.55737704918032,1.2295081967213115,17.21311475409836,0.0
311,1.0,0.0,1.0,DA-BALS-EWMA,488,79.30327868852459,3.278688524590164,17.418032786885245,0.0
311,1.0,0.0,1.0,DA-BALS-EWMA-Cap,488,79.30327868852459,3.278688524590164,17.418032786885245,0.0
311,1.0,0.0,1.0,DA-BALS-EWMA-Decay,488,79.30327868852459,3.278688524590164,17.418032786885245,0.0
311,1.0,0.0,1.0,DA-BALS-Stabilized,488,79.30327868852459,3.278688524590164,17.418032786885245,0.0
311,1.0,10.0,0.0,DA-BALS-EWMA,488,82.78688524590164,0.6147540983606558,16.598360655737704,0.0
311,1.0,10.0,0.0,DA-BALS-EWMA-Cap,488,82.78688524590164,0.6147540983606558,16.598360655737704,0.0
311,1.0,10.0,0.0,DA-BALS-EWMA-Decay,488,82.78688524590164,0.6147540983606558,16.598360655737704,0.0
311,1.0,10.0,0.0,DA-BALS-Stabilized,488,82.78688524590164,0.6147540983606558,16.598360655737704,0.0
311,1.0,10.0,0.5,DA-BALS-EWMA,488,81.55737704918032,1.2295081967213115,17.21311475409836,0.0
311,1.0,10.0,0.5,DA-BALS-EWMA-Cap,488,81.55737704918032,1.2295081967213115,17.21311475409836,0.0
311,1.0,10.0,0.5,DA-BALS-EWMA-Decay,488,81.55737704918032,1.2295081967213115,17.21311475409836,0.0
311,1.0,10.0,0.5,DA-BALS-Stabilized,488,81.55737704918032,1.2295081967213115,17.21311475409836,0.0
311,1.0,10.0,1.0,DA-BALS-EWMA,488,78.68852459016394,3.483606557377049,17.827868852459016,0.0
311,1.0,10.0,1.0,DA-BALS-EWMA-Cap,488,78.68852459016394,3.483606557377049,17.827868852459016,0.0
311,1.0,10.0,1.0,DA-BALS-EWMA-Decay,488,78.68852459016394,3.483606557377049,17.827868852459016,0.0
311,1.0,10.0,1.0,DA-BALS-Stabilized,488,78.68852459016394,3.483606557377049,17.827868852459016,0.0
311,1.0,50.0,0.0,DA-BALS-EWMA,488,82.78688524590164,0.6147540983606558,16.598360655737704,0.0
311,1.0,50.0,0.0,DA-BALS-EWMA-Cap,488,82.78688524590164,0.6147540983606558,16.598360655737704,0.0
311,1.0,50.0,0.0,DA-BALS-EWMA-Decay,488,82.78688524590164,0.6147540983606558,16.598360655737704,0.0
311,1.0,50.0,0.0,DA-BALS-Stabilized,488,82.78688524590164,0.6147540983606558,16.598360655737704,0.0
311,1.0,50.0,0.5,DA-BALS-EWMA,488,81.55737704918032,1.2295081967213115,17.21311475409836,0.0
311,1.0,50.0,0.5,DA-BALS-EWMA-Cap,488,81.55737704918032,1.2295081967213115,17.21311475409836,0.0
311,1.0,50.0,0.5,DA-BALS-EWMA-Decay,488,81.55737704918032,1.2295081967213115,17.21311475409836,0.0
311,1.0,50.0,0.5,DA-BALS-Stabilized,488,81.55737704918032,1.2295081967213115,17.21311475409836,0.0
311,1.0,50.0,1.0,DA-BALS-EWMA,488,78.07377049180327,3.8934426229508197,18.0327868852459,0.0
311,1.0,50.0,1.0,DA-BALS-EWMA-Cap,488,78.07377049180327,3.8934426229508197,18.0327868852459,0.0
311,1.0,50.0,1.0,DA-BALS-EWMA-Decay,488,78.07377049180327,4.098360655737705,17.827868852459016,0.0
311,1.0,50.0,1.0,DA-BALS-Stabilized,488,78.07377049180327,4.098360655737705,17.827868852459016,0.0
311,1.2,0.0,0.0,DA-BALS-EWMA,555,76.93693693693695,0.5405405405405406,22.52252252252252,0.0
311,1.2,0.0,0.0,DA-BALS-EWMA-Cap,555,76.93693693693695,0.5405405405405406,22.52252252252252,0.0
311,1.2,0.0,0.0,DA-BALS-EWMA-Decay,555,77.11711711711712,0.5405405405405406,22.34234234234234,0.0
311,1.2,0.0,0.0,DA-BALS-Stabilized,555,77.11711711711712,0.5405405405405406,22.34234234234234,0.0
311,1.2,0.0,0.5,DA-BALS-EWMA,555,75.67567567567568,1.6216216216216217,22.702702702702705,0.0
311,1.2,0.0,0.5,DA-BALS-EWMA-Cap,555,75.67567567567568,1.6216216216216217,22.702702702702705,0.0
311,1.2,0.0,0.5,DA-BALS-EWMA-Decay,555,75.67567567567568,1.6216216216216217,22.702702702702705,0.0
311,1.2,0.0,0.5,DA-BALS-Stabilized,555,75.67567567567568,1.6216216216216217,22.702702702702705,0.0
311,1.2,0.0,1.0,DA-BALS-EWMA,555,74.5945945945946,2.7027027027027026,22.702702702702705,0.0
311,1.2,0.0,1.0,DA-BALS-EWMA-Cap,555,74.5945945945946,2.7027027027027026,22.702702702702705,0.0
311,1.2,0.0,1.0,DA-BALS-EWMA-Decay,555,74.5945945945946,2.5225225225225225,22.882882882882882,0.0
311,1.2,0.0,1.0,DA-BALS-Stabilized,555,74.5945945945946,2.5225225225225225,22.882882882882882,0.0
311,1.2,10.0,0.0,DA-BALS-EWMA,555,76.93693693693695,0.5405405405405406,22.52252252252252,0.0
311,1.2,10.0,0.0,DA-BALS-EWMA-Cap,555,76.93693693693695,0.5405405405405406,22.52252252252252,0.0
311,1.2,10.0,0.0,DA-BALS-EWMA-Decay,555,77.11711711711712,0.5405405405405406,22.34234234234234,0.0
311,1.2,10.0,0.0,DA-BALS-Stabilized,555,77.11711711711712,0.5405405405405406,22.34234234234234,0.0
311,1.2,10.0,0.5,DA-BALS-EWMA,555,75.67567567567568,1.6216216216216217,22.702702702702705,0.0
311,1.2,10.0,0.5,DA-BALS-EWMA-Cap,555,75.67567567567568,1.6216216216216217,22.702702702702705,0.0
311,1.2,10.0,0.5,DA-BALS-EWMA-Decay,555,75.67567567567568,1.6216216216216217,22.702702702702705,0.0
311,1.2,10.0,0.5,DA-BALS-Stabilized,555,75.67567567567568,1.6216216216216217,22.702702702702705,0.0
311,1.2,10.0,1.0,DA-BALS-EWMA,555,74.41441441441441,2.7027027027027026,22.882882882882882,0.0
311,1.2,10.0,1.0,DA-BALS-EWMA-Cap,555,74.41441441441441,2.7027027027027026,22.882882882882882,0.0
311,1.2,10.0,1.0,DA-BALS-EWMA-Decay,555,74.5945945945946,2.7027027027027026,22.702702702702705,0.0
311,1.2,10.0,1.0,DA-BALS-Stabilized,555,74.5945945945946,2.7027027027027026,22.702702702702705,0.0
311,1.2,50.0,0.0,DA-BALS-EWMA,555,76.93693693693695,0.5405405405405406,22.52252252252252,0.0
311,1.2,50.0,0.0,DA-BALS-EWMA-Cap,555,76.93693693693695,0.5405405405405406,22.52252252252252,0.0
311,1.2,50.0,0.0,DA-BALS-EWMA-Decay,555,77.11711711711712,0.5405405405405406,22.34234234234234,0.0
311,1.2,50.0,0.0,DA-BALS-Stabilized,555,77.11711711711712,0.5405405405405406,22.34234234234234,0.0
311,1.2,50.0,0.5,DA-BALS-EWMA,555,75.67567567567568,1.6216216216216217,22.702702702702705,0.0
311,1.2,50.0,0.5,DA-BALS-EWMA-Cap,555,75.67567567567568,1.6216216216216217,22.702702702702705,0.0
311,1.2,50.0,0.5,DA-BALS-EWMA-Decay,555,75.67567567567568,1.6216216216216217,22.702702702702705,0.0
311,1.2,50.0,0.5,DA-BALS-Stabilized,555,75.67567567567568,1.6216216216216217,22.702702702702705,0.0
311,1.2,50.0,1.0,DA-BALS-EWMA,555,74.41441441441441,2.7027027027027026,22.882882882882882,0.0
311,1.2,50.0,1.0,DA-BALS-EWMA-Cap,555,74.41441441441441,2.7027027027027026,22.882882882882882,0.0
311,1.2,50.0,1.0,DA-BALS-EWMA-Decay,555,74.5945945945946,2.7027027027027026,22.702702702702705,0.0
311,1.2,50.0,1.0,DA-BALS-Stabilized,555,74.5945945945946,2.7027027027027026,22.702702702702705,0.0
312,0.2,0.0,0.0,DA-BALS-EWMA,91,96.7032967032967,0.0,3.296703296703297,0.0
312,0.2,0.0,0.0,DA-BALS-EWMA-Cap,91,96.7032967032967,0.0,3.296703296703297,0.0
312,0.2,0.0,0.0,DA-BALS-EWMA-Decay,91,96.7032967032967,0.0,3.296703296703297,0.0
312,0.2,0.0,0.0,DA-BALS-Stabilized,91,96.7032967032967,0.0,3.296703296703297,0.0
312,0.2,0.0,0.5,DA-BALS-EWMA,91,95.6043956043956,1.098901098901099,3.296703296703297,0.0
312,0.2,0.0,0.5,DA-BALS-EWMA-Cap,91,95.6043956043956,1.098901098901099,3.296703296703297,0.0
312,0.2,0.0,0.5,DA-BALS-EWMA-Decay,91,95.6043956043956,1.098901098901099,3.296703296703297,0.0
312,0.2,0.0,0.5,DA-BALS-Stabilized,91,95.6043956043956,1.098901098901099,3.296703296703297,0.0
312,0.2,0.0,1.0,DA-BALS-EWMA,91,92.3076923076923,2.197802197802198,5.4945054945054945,0.0
312,0.2,0.0,1.0,DA-BALS-EWMA-Cap,91,92.3076923076923,2.197802197802198,5.4945054945054945,0.0
312,0.2,0.0,1.0,DA-BALS-EWMA-Decay,91,93.4065934065934,3.296703296703297,3.296703296703297,0.0
312,0.2,0.0,1.0,DA-BALS-Stabilized,91,93.4065934065934,3.296703296703297,3.296703296703297,0.0
312,0.2,10.0,0.0,DA-BALS-EWMA,91,96.7032967032967,0.0,3.296703296703297,0.0
312,0.2,10.0,0.0,DA-BALS-EWMA-Cap,91,96.7032967032967,0.0,3.296703296703297,0.0
312,0.2,10.0,0.0,DA-BALS-EWMA-Decay,91,96.7032967032967,0.0,3.296703296703297,0.0
312,0.2,10.0,0.0,DA-BALS-Stabilized,91,96.7032967032967,0.0,3.296703296703297,0.0
312,0.2,10.0,0.5,DA-BALS-EWMA,91,95.6043956043956,1.098901098901099,3.296703296703297,0.0
312,0.2,10.0,0.5,DA-BALS-EWMA-Cap,91,95.6043956043956,1.098901098901099,3.296703296703297,0.0
312,0.2,10.0,0.5,DA-BALS-EWMA-Decay,91,95.6043956043956,1.098901098901099,3.296703296703297,0.0
312,0.2,10.0,0.5,DA-BALS-Stabilized,91,95.6043956043956,1.098901098901099,3.296703296703297,0.0
312,0.2,10.0,1.0,DA-BALS-EWMA,91,92.3076923076923,2.197802197802198,5.4945054945054945,0.0
312,0.2,10.0,1.0,DA-BALS-EWMA-Cap,91,92.3076923076923,2.197802197802198,5.4945054945054945,0.0
312,0.2,10.0,1.0,DA-BALS-EWMA-Decay,91,93.4065934065934,3.296703296703297,3.296703296703297,0.0
312,0.2,10.0,1.0,DA-BALS-Stabilized,91,93.4065934065934,3.296703296703297,3.296703296703297,0.0
312,0.2,50.0,0.0,DA-BALS-EWMA,91,96.7032967032967,0.0,3.296703296703297,0.0
312,0.2,50.0,0.0,DA-BALS-EWMA-Cap,91,96.7032967032967,0.0,3.296703296703297,0.0
312,0.2,50.0,0.0,DA-BALS-EWMA-Decay,91,96.7032967032967,0.0,3.296703296703297,0.0
312,0.2,50.0,0.0,DA-BALS-Stabilized,91,96.7032967032967,0.0,3.296703296703297,0.0
312,0.2,50.0,0.5,DA-BALS-EWMA,91,95.6043956043956,1.098901098901099,3.296703296703297,0.0
312,0.2,50.0,0.5,DA-BALS-EWMA-Cap,91,95.6043956043956,1.098901098901099,3.296703296703297,0.0
312,0.2,50.0,0.5,DA-BALS-EWMA-Decay,91,95.6043956043956,1.098901098901099,3.296703296703297,0.0
312,0.2,50.0,0.5,DA-BALS-Stabilized,91,95.6043956043956,1.098901098901099,3.296703296703297,0.0
312,0.2,50.0,1.0,DA-BALS-EWMA,91,92.3076923076923,2.197802197802198,5.4945054945054945,0.0
312,0.2,50.0,1.0,DA-BALS-EWMA-Cap,91,92.3076923076923,2.197802197802198,5.4945054945054945,0.0
312,0.2,50.0,1.0,DA-BALS-EWMA-Decay,91,93.4065934065934,3.296703296703297,3.296703296703297,0.0
312,0.2,50.0,1.0,DA-BALS-Stabilized,91,93.4065934065934,3.296703296703297,3.296703296703297,0.0
312,0.4,0.0,0.0,DA-BALS-EWMA,203,94.58128078817734,0.0,5.41871921182266,0.0
312,0.4,0.0,0.0,DA-BALS-EWMA-Cap,203,94.58128078817734,0.0,5.41871921182266,0.0
312,0.4,0.0,0.0,DA-BALS-EWMA-Decay,203,94.58128078817734,0.0,5.41871921182266,0.0
312,0.4,0.0,0.0,DA-BALS-Stabilized,203,94.58128078817734,0.0,5.41871921182266,0.0
312,0.4,0.0,0.5,DA-BALS-EWMA,203,93.10344827586206,1.477832512315271,5.41871921182266,0.0
312,0.4,0.0,0.5,DA-BALS-EWMA-Cap,203,93.10344827586206,1.477832512315271,5.41871921182266,0.0
312,0.4,0.0,0.5,DA-BALS-EWMA-Decay,203,93.10344827586206,1.477832512315271,5.41871921182266,0.0
312,0.4,0.0,0.5,DA-BALS-Stabilized,203,93.10344827586206,1.477832512315271,5.41871921182266,0.0
312,0.4,0.0,1.0,DA-BALS-EWMA,203,91.13300492610837,1.477832512315271,7.389162561576355,0.0
312,0.4,0.0,1.0,DA-BALS-EWMA-Cap,203,91.13300492610837,1.477832512315271,7.389162561576355,0.0
312,0.4,0.0,1.0,DA-BALS-EWMA-Decay,203,91.13300492610837,1.477832512315271,7.389162561576355,0.0
312,0.4,0.0,1.0,DA-BALS-Stabilized,203,91.13300492610837,1.477832512315271,7.389162561576355,0.0
312,0.4,10.0,0.0,DA-BALS-EWMA,203,94.58128078817734,0.0,5.41871921182266,0.0
312,0.4,10.0,0.0,DA-BALS-EWMA-Cap,203,94.58128078817734,0.0,5.41871921182266,0.0
312,0.4,10.0,0.0,DA-BALS-EWMA-Decay,203,94.58128078817734,0.0,5.41871921182266,0.0
312,0.4,10.0,0.0,DA-BALS-Stabilized,203,94.58128078817734,0.0,5.41871921182266,0.0
312,0.4,10.0,0.5,DA-BALS-EWMA,203,93.10344827586206,1.477832512315271,5.41871921182266,0.0
312,0.4,10.0,0.5,DA-BALS-EWMA-Cap,203,93.10344827586206,1.477832512315271,5.41871921182266,0.0
312,0.4,10.0,0.5,DA-BALS-EWMA-Decay,203,93.10344827586206,1.477832512315271,5.41871921182266,0.0
312,0.4,10.0,0.5,DA-BALS-Stabilized,203,93.10344827586206,1.477832512315271,5.41871921182266,0.0
312,0.4,10.0,1.0,DA-BALS-EWMA,203,91.13300492610837,2.4630541871921183,6.403940886699508,0.0
312,0.4,10.0,1.0,DA-BALS-EWMA-Cap,203,91.13300492610837,2.4630541871921183,6.403940886699508,0.0
312,0.4,10.0,1.0,DA-BALS-EWMA-Decay,203,91.13300492610837,2.955665024630542,5.911330049261084,0.0
312,0.4,10.0,1.0,DA-BALS-Stabilized,203,91.13300492610837,2.955665024630542,5.911330049261084,0.0
312,0.4,50.0,0.0,DA-BALS-EWMA,203,94.58128078817734,0.0,5.41871921182266,0.0
312,0.4,50.0,0.0,DA-BALS-EWMA-Cap,203,94.58128078817734,0.0,5.41871921182266,0.0
312,0.4,50.0,0.0,DA-BALS-EWMA-Decay,203,94.58128078817734,0.0,5.41871921182266,0.0
312,0.4,50.0,0.0,DA-BALS-Stabilized,203,94.58128078817734,0.0,5.41871921182266,0.0
312,0.4,50.0,0.5,DA-BALS-EWMA,203,93.10344827586206,1.477832512315271,5.41871921182266,0.0
312,0.4,50.0,0.5,DA-BALS-EWMA-Cap,203,93.10344827586206,1.477832512315271,5.41871921182266,0.0
312,0.4,50.0,0.5,DA-BALS-EWMA-Decay,203,93.10344827586206,1.477832512315271,5.41871921182266,0.0
312,0.4,50.0,0.5,DA-BALS-Stabilized,203,93.10344827586206,1.477832512315271,5.41871921182266,0.0
312,0.4,50.0,1.0,DA-BALS-EWMA,203,91.13300492610837,2.4630541871921183,6.403940886699508,0.0
312,0.4,50.0,1.0,DA-BALS-EWMA-Cap,203,91.13300492610837,2.4630541871921183,6.403940886699508,0.0
312,0.4,50.0,1.0,DA-BALS-EWMA-Decay,203,91.13300492610837,2.955665024630542,5.911330049261084,0.0
312,0.4,50.0,1.0,DA-BALS-Stabilized,203,91.13300492610837,2.955665024630542,5.911330049261084,0.0
312,0.6,0.0,0.0,DA-BALS-EWMA,332,88.25301204819277,0.30120481927710846,11.44578313253012,0.0
312,0.6,0.0,0.0,DA-BALS-EWMA-Cap,332,88.25301204819277,0.30120481927710846,11.44578313253012,0.0
312,0.6,0.0,0.0,DA-BALS-EWMA-Decay,332,88.55421686746988,0.30120481927710846,11.144578313253012,0.0
312,0.6,0.0,0.0,DA-BALS-Stabilized,332,88.55421686746988,0.30120481927710846,11.144578313253012,0.0
312,0.6,0.0,0.5,DA-BALS-EWMA,332,87.34939759036145,1.2048192771084338,11.44578313253012,0.0
312,0.6,0.0,0.5,DA-BALS-EWMA-Cap,332,87.34939759036145,1.2048192771084338,11.44578313253012,0.0
312,0.6,0.0,0.5,DA-BALS-EWMA-Decay,332,87.34939759036145,1.2048192771084338,11.44578313253012,0.0
312,0.6,0.0,0.5,DA-BALS-Stabilized,332,87.34939759036145,1.2048192771084338,11.44578313253012,0.0
312,0.6,0.0,1.0,DA-BALS-EWMA,332,85.2409638554217,2.710843373493976,12.048192771084338,0.0
312,0.6,0.0,1.0,DA-BALS-EWMA-Cap,332,85.2409638554217,2.710843373493976,12.048192771084338,0.0
312,0.6,0.0,1.0,DA-BALS-EWMA-Decay,332,85.2409638554217,2.710843373493976,12.048192771084338,0.0
312,0.6,0.0,1.0,DA-BALS-Stabilized,332,85.2409638554217,2.710843373493976,12.048192771084338,0.0
312,0.6,10.0,0.0,DA-BALS-EWMA,332,88.25301204819277,0.30120481927710846,11.44578313253012,0.0
312,0.6,10.0,0.0,DA-BALS-EWMA-Cap,332,88.25301204819277,0.30120481927710846,11.44578313253012,0.0
312,0.6,10.0,0.0,DA-BALS-EWMA-Decay,332,88.55421686746988,0.30120481927710846,11.144578313253012,0.0
312,0.6,10.0,0.0,DA-BALS-Stabilized,332,88.55421686746988,0.30120481927710846,11.144578313253012,0.0
312,0.6,10.0,0.5,DA-BALS-EWMA,332,87.34939759036145,1.2048192771084338,11.44578313253012,0.0
312,0.6,10.0,0.5,DA-BALS-EWMA-Cap,332,87.34939759036145,1.2048192771084338,11.44578313253012,0.0
312,0.6,10.0,0.5,DA-BALS-EWMA-Decay,332,87.34939759036145,1.2048192771084338,11.44578313253012,0.0
312,0.6,10.0,0.5,DA-BALS-Stabilized,332,87.34939759036145,1.2048192771084338,11.44578313253012,0.0
312,0.6,10.0,1.0,DA-BALS-EWMA,332,85.2409638554217,3.313253012048193,11.44578313253012,0.0
312,0.6,10.0,1.0,DA-BALS-EWMA-Cap,332,85.2409638554217,3.313253012048193,11.44578313253012,0.0
312,0.6,10.0,1.0,DA-BALS-EWMA-Decay,332,85.2409638554217,3.313253012048193,11.44578313253012,0.0
312,0.6,10.0,1.0,DA-BALS-Stabilized,332,85.2409638554217,3.313253012048193,11.44578313253012,0.0
312,0.6,50.0,0.0,DA-BALS-EWMA,332,88.25301204819277,0.30120481927710846,11.44578313253012,0.0
312,0.6,50.0,0.0,DA-BALS-EWMA-Cap,332,88.25301204819277,0.30120481927710846,11.44578313253012,0.0
312,0.6,50.0,0.0,DA-BALS-EWMA-Decay,332,88.55421686746988,0.30120481927710846,11.144578313253012,0.0
312,0.6,50.0,0.0,DA-BALS-Stabilized,332,88.55421686746988,0.30120481927710846,11.144578313253012,0.0
312,0.6,50.0,0.5,DA-BALS-EWMA,332,87.34939759036145,1.2048192771084338,11.44578313253012,0.0
312,0.6,50.0,0.5,DA-BALS-EWMA-Cap,332,87.34939759036145,1.2048192771084338,11.44578313253012,0.0
312,0.6,50.0,0.5,DA-BALS-EWMA-Decay,332,87.34939759036145,1.2048192771084338,11.44578313253012,0.0
312,0.6,50.0,0.5,DA-BALS-Stabilized,332,87.34939759036145,1.2048192771084338,11.44578313253012,0.0
312,0.6,50.0,1.0,DA-BALS-EWMA,332,85.2409638554217,3.313253012048193,11.44578313253012,0.0
312,0.6,50.0,1.0,DA-BALS-EWMA-Cap,332,85.2409638554217,3.313253012048193,11.44578313253012,0.0
312,0.6,50.0,1.0,DA-BALS-EWMA-Decay,332,85.2409638554217,3.313253012048193,11.44578313253012,0.0
312,0.6,50.0,1.0,DA-BALS-Stabilized,332,85.2409638554217,3.313253012048193,11.44578313253012,0.0
312,0.8,0.0,0.0,DA-BALS-EWMA,387,83.4625322997416,0.516795865633075,16.020671834625322,0.0
312,0.8,0.0,0.0,DA-BALS-EWMA-Cap,387,83.4625322997416,0.516795865633075,16.020671834625322,0.0
312,0.8,0.0,0.0,DA-BALS-EWMA-Decay,387,83.4625322997416,0.516795865633075,16.020671834625322,0.0
312,0.8,0.0,0.0,DA-BALS-Stabilized,387,83.4625322997416,0.516795865633075,16.020671834625322,0.0
312,0.8,0.0,0.5,DA-BALS-EWMA,387,82.42894056847545,1.03359173126615,16.5374677002584,0.0
312,0.8,0.0,0.5,DA-BALS-EWMA-Cap,387,82.42894056847545,1.03359173126615,16.5374677002584,0.0
312,0.8,0.0,0.5,DA-BALS-EWMA-Decay,387,82.42894056847545,1.2919896640826873,16.27906976744186,0.0
312,0.8,0.0,0.5,DA-BALS-Stabilized,387,82.42894056847545,1.2919896640826873,16.27906976744186,0.0
312,0.8,0.0,1.0,DA-BALS-EWMA,387,81.13695090439276,2.0671834625323,16.795865633074936,0.0
312,0.8,0.0,1.0,DA-BALS-EWMA-Cap,387,81.13695090439276,2.0671834625323,16.795865633074936,0.0
312,0.8,0.0,1.0,DA-BALS-EWMA-Decay,387,81.3953488372093,2.0671834625323,16.5374677002584,0.0
312,0.8,0.0,1.0,DA-BALS-Stabilized,387,81.3953488372093,2.0671834625323,16.5374677002584,0.0
312,0.8,10.0,0.0,DA-BALS-EWMA,387,83.4625322997416,0.516795865633075,16.020671834625322,0.0
312,0.8,10.0,0.0,DA-BALS-EWMA-Cap,387,83.4625322997416,0.516795865633075,16.020671834625322,0.0
312,0.8,10.0,0.0,DA-BALS-EWMA-Decay,387,83.4625322997416,0.516795865633075,16.020671834625322,0.0
312,0.8,10.0,0.0,DA-BALS-Stabilized,387,83.4625322997416,0.516795865633075,16.020671834625322,0.0
312,0.8,10.0,0.5,DA-BALS-EWMA,387,82.42894056847545,1.03359173126615,16.5374677002584,0.0
312,0.8,10.0,0.5,DA-BALS-EWMA-Cap,387,82.42894056847545,1.03359173126615,16.5374677002584,0.0
312,0.8,10.0,0.5,DA-BALS-EWMA-Decay,387,82.42894056847545,1.2919896640826873,16.27906976744186,0.0
312,0.8,10.0,0.5,DA-BALS-Stabilized,387,82.42894056847545,1.2919896640826873,16.27906976744186,0.0
312,0.8,10.0,1.0,DA-BALS-EWMA,387,81.13695090439276,2.0671834625323,16.795865633074936,0.0
312,0.8,10.0,1.0,DA-BALS-EWMA-Cap,387,81.13695090439276,2.0671834625323,16.795865633074936,0.0
312,0.8,10.0,1.0,DA-BALS-EWMA-Decay,387,81.3953488372093,2.0671834625323,16.5374677002584,0.0
312,0.8,10.0,1.0,DA-BALS-Stabilized,387,81.3953488372093,2.0671834625323,16.5374677002584,0.0
312,0.8,50.0,0.0,DA-BALS-EWMA,387,83.4625322997416,0.516795865633075,16.020671834625322,0.0
312,0.8,50.0,0.0,DA-BALS-EWMA-Cap,387,83.4625322997416,0.516795865633075,16.020671834625322,0.0
312,0.8,50.0,0.0,DA-BALS-EWMA-Decay,387,83.4625322997416,0.516795865633075,16.020671834625322,0.0
312,0.8,50.0,0.0,DA-BALS-Stabilized,387,83.4625322997416,0.516795865633075,16.020671834625322,0.0
312,0.8,50.0,0.5,DA-BALS-EWMA,387,82.42894056847545,1.03359173126615,16.5374677002584,0.0
312,0.8,50.0,0.5,DA-BALS-EWMA-Cap,387,82.42894056847545,1.03359173126615,16.5374677002584,0.0
312,0.8,50.0,0.5,DA-BALS-EWMA-Decay,387,82.42894056847545,1.2919896640826873,16.27906976744186,0.0
312,0.8,50.0,0.5,DA-BALS-Stabilized,387,82.42894056847545,1.2919896640826873,16.27906976744186,0.0
312,0.8,50.0,1.0,DA-BALS-EWMA,387,80.62015503875969,2.842377260981912,16.5374677002584,0.0
312,0.8,50.0,1.0,DA-BALS-EWMA-Cap,387,80.62015503875969,2.842377260981912,16.5374677002584,0.0
312,0.8,50.0,1.0,DA-BALS-EWMA-Decay,387,80.87855297157623,2.842377260981912,16.27906976744186,0.0
312,0.8,50.0,1.0,DA-BALS-Stabilized,387,80.87855297157623,2.842377260981912,16.27906976744186,0.0
312,1.0,0.0,0.0,DA-BALS-EWMA,503,77.33598409542743,0.7952286282306162,21.868787276341948,0.0
312,1.0,0.0,0.0,DA-BALS-EWMA-Cap,503,77.33598409542743,0.7952286282306162,21.868787276341948,0.0
312,1.0,0.0,0.0,DA-BALS-EWMA-Decay,503,77.33598409542743,0.7952286282306162,21.868787276341948,0.0
312,1.0,0.0,0.0,DA-BALS-Stabilized,503,77.33598409542743,0.7952286282306162,21.868787276341948,0.0
312,1.0,0.0,0.5,DA-BALS-EWMA,503,76.73956262425448,1.3916500994035785,21.868787276341948,0.0
312,1.0,0.0,0.5,DA-BALS-EWMA-Cap,503,76.73956262425448,1.3916500994035785,21.868787276341948,0.0
312,1.0,0.0,0.5,DA-BALS-EWMA-Decay,503,76.73956262425448,1.3916500994035785,21.868787276341948,0.0
312,1.0,0.0,0.5,DA-BALS-Stabilized,503,76.73956262425448,1.3916500994035785,21.868787276341948,0.0
312,1.0,0.0,1.0,DA-BALS-EWMA,503,73.35984095427436,3.3797216699801194,23.26043737574553,0.0
312,1.0,0.0,1.0,DA-BALS-EWMA-Cap,503,73.35984095427436,3.3797216699801194,23.26043737574553,0.0
312,1.0,0.0,1.0,DA-BALS-EWMA-Decay,503,73.558648111332,3.3797216699801194,23.061630218687874,0.0
312,1.0,0.0,1.0,DA-BALS-Stabilized,503,73.558648111332,3.3797216699801194,23.061630218687874,0.0
312,1.0,10.0,0.0,DA-BALS-EWMA,503,77.33598409542743,0.7952286282306162,21.868787276341948,0.0
312,1.0,10.0,0.0,DA-BALS-EWMA-Cap,503,77.33598409542743,0.7952286282306162,21.868787276341948,0.0
312,1.0,10.0,0.0,DA-BALS-EWMA-Decay,503,77.33598409542743,0.7952286282306162,21.868787276341948,0.0
312,1.0,10.0,0.0,DA-BALS-Stabilized,503,77.33598409542743,0.7952286282306162,21.868787276341948,0.0
312,1.0,10.0,0.5,DA-BALS-EWMA,503,76.73956262425448,1.3916500994035785,21.868787276341948,0.0
312,1.0,10.0,0.5,DA-BALS-EWMA-Cap,503,76.73956262425448,1.3916500994035785,21.868787276341948,0.0
312,1.0,10.0,0.5,DA-BALS-EWMA-Decay,503,76.73956262425448,1.3916500994035785,21.868787276341948,0.0
312,1.0,10.0,0.5,DA-BALS-Stabilized,503,76.73956262425448,1.3916500994035785,21.868787276341948,0.0
312,1.0,10.0,1.0,DA-BALS-EWMA,503,73.35984095427436,3.3797216699801194,23.26043737574553,0.0
312,1.0,10.0,1.0,DA-BALS-EWMA-Cap,503,73.35984095427436,3.3797216699801194,23.26043737574553,0.0
312,1.0,10.0,1.0,DA-BALS-EWMA-Decay,503,73.558648111332,3.3797216699801194,23.061630218687874,0.0
312,1.0,10.0,1.0,DA-BALS-Stabilized,503,73.558648111332,3.3797216699801194,23.061630218687874,0.0
312,1.0,50.0,0.0,DA-BALS-EWMA,503,77.33598409542743,0.7952286282306162,21.868787276341948,0.0
312,1.0,50.0,0.0,DA-BALS-EWMA-Cap,503,77.33598409542743,0.7952286282306162,21.868787276341948,0.0
312,1.0,50.0,0.0,DA-BALS-EWMA-Decay,503,77.33598409542743,0.7952286282306162,21.868787276341948,0.0
312,1.0,50.0,0.0,DA-BALS-Stabilized,503,77.33598409542743,0.7952286282306162,21.868787276341948,0.0
312,1.0,50.0,0.5,DA-BALS-EWMA,503,76.73956262425448,1.3916500994035785,21.868787276341948,0.0
312,1.0,50.0,0.5,DA-BALS-EWMA-Cap,503,76.73956262425448,1.3916500994035785,21.868787276341948,0.0
312,1.0,50.0,0.5,DA-BALS-EWMA-Decay,503,76.73956262425448,1.3916500994035785,21.868787276341948,0.0
312,1.0,50.0,0.5,DA-BALS-Stabilized,503,76.73956262425448,1.3916500994035785,21.868787276341948,0.0
312,1.0,50.0,1.0,DA-BALS-EWMA,503,73.558648111332,3.3797216699801194,23.061630218687874,0.0
312,1.0,50.0,1.0,DA-BALS-EWMA-Cap,503,73.558648111332,3.3797216699801194,23.061630218687874,0.0
312,1.0,50.0,1.0,DA-BALS-EWMA-Decay,503,73.558648111332,3.5785288270377733,22.86282306163022,0.0
312,1.0,50.0,1.0,DA-BALS-Stabilized,503,73.558648111332,3.5785288270377733,22.86282306163022,0.0
312,1.2,0.0,0.0,DA-BALS-EWMA,555,76.21621621621621,0.9009009009009009,22.882882882882882,0.0
312,1.2,0.0,0.0,DA-BALS-EWMA-Cap,555,76.21621621621621,0.9009009009009009,22.882882882882882,0.0
312,1.2,0.0,0.0,DA-BALS-EWMA-Decay,555,76.21621621621621,0.9009009009009009,22.882882882882882,0.0
312,1.2,0.0,0.0,DA-BALS-Stabilized,555,76.21621621621621,0.9009009009009009,22.882882882882882,0.0
312,1.2,0.0,0.5,DA-BALS-EWMA,555,73.33333333333333,2.8828828828828827,23.783783783783786,0.0
312,1.2,0.0,0.5,DA-BALS-EWMA-Cap,555,73.33333333333333,2.8828828828828827,23.783783783783786,0.0
312,1.2,0.0,0.5,DA-BALS-EWMA-Decay,555,73.33333333333333,2.8828828828828827,23.783783783783786,0.0
312,1.2,0.0,0.5,DA-BALS-Stabilized,555,73.33333333333333,2.8828828828828827,23.783783783783786,0.0
312,1.2,0.0,1.0,DA-BALS-EWMA,555,71.17117117117117,4.504504504504505,24.324324324324326,0.0
312,1.2,0.0,1.0,DA-BALS-EWMA-Cap,555,71.17117117117117,4.504504504504505,24.324324324324326,0.0
312,1.2,0.0,1.0,DA-BALS-EWMA-Decay,555,70.63063063063063,5.045045045045045,24.324324324324326,0.0
312,1.2,0.0,1.0,DA-BALS-Stabilized,555,70.63063063063063,5.045045045045045,24.324324324324326,0.0
312,1.2,10.0,0.0,DA-BALS-EWMA,555,76.21621621621621,0.9009009009009009,22.882882882882882,0.0
312,1.2,10.0,0.0,DA-BALS-EWMA-Cap,555,76.21621621621621,0.9009009009009009,22.882882882882882,0.0
312,1.2,10.0,0.0,DA-BALS-EWMA-Decay,555,76.21621621621621,0.9009009009009009,22.882882882882882,0.0
312,1.2,10.0,0.0,DA-BALS-Stabilized,555,76.21621621621621,0.9009009009009009,22.882882882882882,0.0
312,1.2,10.0,0.5,DA-BALS-EWMA,555,73.33333333333333,2.8828828828828827,23.783783783783786,0.0
312,1.2,10.0,0.5,DA-BALS-EWMA-Cap,555,73.33333333333333,2.8828828828828827,23.783783783783786,0.0
312,1.2,10.0,0.5,DA-BALS-EWMA-Decay,555,73.33333333333333,2.8828828828828827,23.783783783783786,0.0
312,1.2,10.0,0.5,DA-BALS-Stabilized,555,73.33333333333333,2.8828828828828827,23.783783783783786,0.0
312,1.2,10.0,1.0,DA-BALS-EWMA,555,71.17117117117117,4.504504504504505,24.324324324324326,0.0
312,1.2,10.0,1.0,DA-BALS-EWMA-Cap,555,71.17117117117117,4.504504504504505,24.324324324324326,0.0
312,1.2,10.0,1.0,DA-BALS-EWMA-Decay,555,70.8108108108108,4.864864864864865,24.324324324324326,0.0
312,1.2,10.0,1.0,DA-BALS-Stabilized,555,70.8108108108108,4.864864864864865,24.324324324324326,0.0
312,1.2,50.0,0.0,DA-BALS-EWMA,555,76.21621621621621,0.9009009009009009,22.882882882882882,0.0
312,1.2,50.0,0.0,DA-BALS-EWMA-Cap,555,76.21621621621621,0.9009009009009009,22.882882882882882,0.0
312,1.2,50.0,0.0,DA-BALS-EWMA-Decay,555,76.21621621621621,0.9009009009009009,22.882882882882882,0.0
312,1.2,50.0,0.0,DA-BALS-Stabilized,555,76.21621621621621,0.9009009009009009,22.882882882882882,0.0
312,1.2,50.0,0.5,DA-BALS-EWMA,555,73.33333333333333,2.8828828828828827,23.783783783783786,0.0
312,1.2,50.0,0.5,DA-BALS-EWMA-Cap,555,73.33333333333333,2.8828828828828827,23.783783783783786,0.0
312,1.2,50.0,0.5,DA-BALS-EWMA-Decay,555,73.33333333333333,2.8828828828828827,23.783783783783786,0.0
312,1.2,50.0,0.5,DA-BALS-Stabilized,555,73.33333333333333,2.8828828828828827,23.783783783783786,0.0
312,1.2,50.0,1.0,DA-BALS-EWMA,555,71.17117117117117,4.504504504504505,24.324324324324326,0.0
312,1.2,50.0,1.0,DA-BALS-EWMA-Cap,555,71.17117117117117,4.504504504504505,24.324324324324326,0.0
312,1.2,50.0,1.0,DA-BALS-EWMA-Decay,555,70.8108108108108,4.864864864864865,24.324324324324326,0.0
312,1.2,50.0,1.0,DA-BALS-Stabilized,555,70.8108108108108,4.864864864864865,24.324324324324326,0.0
313,0.2,0.0,0.0,DA-BALS-EWMA,103,97.0873786407767,0.0,2.912621359223301,0.0
313,0.2,0.0,0.0,DA-BALS-EWMA-Cap,103,97.0873786407767,0.0,2.912621359223301,0.0
313,0.2,0.0,0.0,DA-BALS-EWMA-Decay,103,98.05825242718447,0.0,1.9417475728155338,0.0
313,0.2,0.0,0.0,DA-BALS-Stabilized,103,98.05825242718447,0.0,1.9417475728155338,0.0
313,0.2,0.0,0.5,DA-BALS-EWMA,103,95.14563106796116,0.9708737864077669,3.8834951456310676,0.0
313,0.2,0.0,0.5,DA-BALS-EWMA-Cap,103,95.14563106796116,0.9708737864077669,3.8834951456310676,0.0
313,0.2,0.0,0.5,DA-BALS-EWMA-Decay,103,95.14563106796116,0.9708737864077669,3.8834951456310676,0.0
313,0.2,0.0,0.5,DA-BALS-Stabilized,103,95.14563106796116,0.9708737864077669,3.8834951456310676,0.0
313,0.2,0.0,1.0,DA-BALS-EWMA,103,91.2621359223301,4.854368932038835,3.8834951456310676,0.0
313,0.2,0.0,1.0,DA-BALS-EWMA-Cap,103,91.2621359223301,4.854368932038835,3.8834951456310676,0.0
313,0.2,0.0,1.0,DA-BALS-EWMA-Decay,103,91.2621359223301,4.854368932038835,3.8834951456310676,0.0
313,0.2,0.0,1.0,DA-BALS-Stabilized,103,91.2621359223301,4.854368932038835,3.8834951456310676,0.0
313,0.2,10.0,0.0,DA-BALS-EWMA,103,97.0873786407767,0.0,2.912621359223301,0.0
313,0.2,10.0,0.0,DA-BALS-EWMA-Cap,103,97.0873786407767,0.0,2.912621359223301,0.0
313,0.2,10.0,0.0,DA-BALS-EWMA-Decay,103,98.05825242718447,0.0,1.9417475728155338,0.0
313,0.2,10.0,0.0,DA-BALS-Stabilized,103,98.05825242718447,0.0,1.9417475728155338,0.0
313,0.2,10.0,0.5,DA-BALS-EWMA,103,95.14563106796116,0.9708737864077669,3.8834951456310676,0.0
313,0.2,10.0,0.5,DA-BALS-EWMA-Cap,103,95.14563106796116,0.9708737864077669,3.8834951456310676,0.0
313,0.2,10.0,0.5,DA-BALS-EWMA-Decay,103,95.14563106796116,0.9708737864077669,3.8834951456310676,0.0
313,0.2,10.0,0.5,DA-BALS-Stabilized,103,95.14563106796116,0.9708737864077669,3.8834951456310676,0.0
313,0.2,10.0,1.0,DA-BALS-EWMA,103,91.2621359223301,4.854368932038835,3.8834951456310676,0.0
313,0.2,10.0,1.0,DA-BALS-EWMA-Cap,103,91.2621359223301,4.854368932038835,3.8834951456310676,0.0
313,0.2,10.0,1.0,DA-BALS-EWMA-Decay,103,91.2621359223301,4.854368932038835,3.8834951456310676,0.0
313,0.2,10.0,1.0,DA-BALS-Stabilized,103,91.2621359223301,4.854368932038835,3.8834951456310676,0.0
313,0.2,50.0,0.0,DA-BALS-EWMA,103,97.0873786407767,0.0,2.912621359223301,0.0
313,0.2,50.0,0.0,DA-BALS-EWMA-Cap,103,97.0873786407767,0.0,2.912621359223301,0.0
313,0.2,50.0,0.0,DA-BALS-EWMA-Decay,103,98.05825242718447,0.0,1.9417475728155338,0.0
313,0.2,50.0,0.0,DA-BALS-Stabilized,103,98.05825242718447,0.0,1.9417475728155338,0.0
313,0.2,50.0,0.5,DA-BALS-EWMA,103,95.14563106796116,0.9708737864077669,3.8834951456310676,0.0
313,0.2,50.0,0.5,DA-BALS-EWMA-Cap,103,95.14563106796116,0.9708737864077669,3.8834951456310676,0.0
313,0.2,50.0,0.5,DA-BALS-EWMA-Decay,103,95.14563106796116,0.9708737864077669,3.8834951456310676,0.0
313,0.2,50.0,0.5,DA-BALS-Stabilized,103,95.14563106796116,0.9708737864077669,3.8834951456310676,0.0
313,0.2,50.0,1.0,DA-BALS-EWMA,103,91.2621359223301,4.854368932038835,3.8834951456310676,0.0
313,0.2,50.0,1.0,DA-BALS-EWMA-Cap,103,91.2621359223301,4.854368932038835,3.8834951456310676,0.0
313,0.2,50.0,1.0,DA-BALS-EWMA-Decay,103,91.2621359223301,4.854368932038835,3.8834951456310676,0.0
313,0.2,50.0,1.0,DA-BALS-Stabilized,103,91.2621359223301,4.854368932038835,3.8834951456310676,0.0
313,0.4,0.0,0.0,DA-BALS-EWMA,216,91.20370370370371,0.0,8.796296296296296,0.0
313,0.4,0.0,0.0,DA-BALS-EWMA-Cap,216,91.20370370370371,0.0,8.796296296296296,0.0
313,0.4,0.0,0.0,DA-BALS-EWMA-Decay,216,91.20370370370371,0.0,8.796296296296296,0.0
313,0.4,0.0,0.0,DA-BALS-Stabilized,216,91.20370370370371,0.0,8.796296296296296,0.0
313,0.4,0.0,0.5,DA-BALS-EWMA,216,90.74074074074075,0.0,9.25925925925926,0.0
313,0.4,0.0,0.5,DA-BALS-EWMA-Cap,216,90.74074074074075,0.0,9.25925925925926,0.0
313,0.4,0.0,0.5,DA-BALS-EWMA-Decay,216,90.74074074074075,0.4629629629629629,8.796296296296296,0.0
313,0.4,0.0,0.5,DA-BALS-Stabilized,216,90.74074074074075,0.4629629629629629,8.796296296296296,0.0
313,0.4,0.0,1.0,DA-BALS-EWMA,216,87.96296296296296,1.8518518518518516,10.185185185185185,0.0
313,0.4,0.0,1.0,DA-BALS-EWMA-Cap,216,87.96296296296296,1.8518518518518516,10.185185185185185,0.0
313,0.4,0.0,1.0,DA-BALS-EWMA-Decay,216,87.96296296296296,1.8518518518518516,10.185185185185185,0.0
313,0.4,0.0,1.0,DA-BALS-Stabilized,216,87.96296296296296,1.8518518518518516,10.185185185185185,0.0
313,0.4,10.0,0.0,DA-BALS-EWMA,216,91.20370370370371,0.0,8.796296296296296,0.0
313,0.4,10.0,0.0,DA-BALS-EWMA-Cap,216,91.20370370370371,0.0,8.796296296296296,0.0
313,0.4,10.0,0.0,DA-BALS-EWMA-Decay,216,91.20370370370371,0.0,8.796296296296296,0.0
313,0.4,10.0,0.0,DA-BALS-Stabilized,216,91.20370370370371,0.0,8.796296296296296,0.0
313,0.4,10.0,0.5,DA-BALS-EWMA,216,90.74074074074075,0.0,9.25925925925926,0.0
313,0.4,10.0,0.5,DA-BALS-EWMA-Cap,216,90.74074074074075,0.0,9.25925925925926,0.0
313,0.4,10.0,0.5,DA-BALS-EWMA-Decay,216,90.74074074074075,0.4629629629629629,8.796296296296296,0.0
313,0.4,10.0,0.5,DA-BALS-Stabilized,216,90.74074074074075,0.4629629629629629,8.796296296296296,0.0
313,0.4,10.0,1.0,DA-BALS-EWMA,216,87.96296296296296,1.8518518518518516,10.185185185185185,0.0
313,0.4,10.0,1.0,DA-BALS-EWMA-Cap,216,87.96296296296296,1.8518518518518516,10.185185185185185,0.0
313,0.4,10.0,1.0,DA-BALS-EWMA-Decay,216,87.96296296296296,2.314814814814815,9.722222222222223,0.0
313,0.4,10.0,1.0,DA-BALS-Stabilized,216,87.96296296296296,2.314814814814815,9.722222222222223,0.0
313,0.4,50.0,0.0,DA-BALS-EWMA,216,91.20370370370371,0.0,8.796296296296296,0.0
313,0.4,50.0,0.0,DA-BALS-EWMA-Cap,216,91.20370370370371,0.0,8.796296296296296,0.0
313,0.4,50.0,0.0,DA-BALS-EWMA-Decay,216,91.20370370370371,0.0,8.796296296296296,0.0
313,0.4,50.0,0.0,DA-BALS-Stabilized,216,91.20370370370371,0.0,8.796296296296296,0.0
313,0.4,50.0,0.5,DA-BALS-EWMA,216,90.74074074074075,0.0,9.25925925925926,0.0
313,0.4,50.0,0.5,DA-BALS-EWMA-Cap,216,90.74074074074075,0.0,9.25925925925926,0.0
313,0.4,50.0,0.5,DA-BALS-EWMA-Decay,216,90.74074074074075,0.4629629629629629,8.796296296296296,0.0
313,0.4,50.0,0.5,DA-BALS-Stabilized,216,90.74074074074075,0.4629629629629629,8.796296296296296,0.0
313,0.4,50.0,1.0,DA-BALS-EWMA,216,87.96296296296296,2.314814814814815,9.722222222222223,0.0
313,0.4,50.0,1.0,DA-BALS-EWMA-Cap,216,87.96296296296296,2.314814814814815,9.722222222222223,0.0
313,0.4,50.0,1.0,DA-BALS-EWMA-Decay,216,87.96296296296296,2.314814814814815,9.722222222222223,0.0
313,0.4,50.0,1.0,DA-BALS-Stabilized,216,87.96296296296296,2.314814814814815,9.722222222222223,0.0
313,0.6,0.0,0.0,DA-BALS-EWMA,304,89.47368421052632,0.9868421052631579,9.539473684210527,0.0
313,0.6,0.0,0.0,DA-BALS-EWMA-Cap,304,89.47368421052632,0.9868421052631579,9.539473684210527,0.0
313,0.6,0.0,0.0,DA-BALS-EWMA-Decay,304,89.47368421052632,0.9868421052631579,9.539473684210527,0.0
313,0.6,0.0,0.0,DA-BALS-Stabilized,304,89.47368421052632,0.9868421052631579,9.539473684210527,0.0
313,0.6,0.0,0.5,DA-BALS-EWMA,304,87.82894736842105,1.644736842105263,10.526315789473683,0.0
313,0.6,0.0,0.5,DA-BALS-EWMA-Cap,304,87.82894736842105,1.644736842105263,10.526315789473683,0.0
313,0.6,0.0,0.5,DA-BALS-EWMA-Decay,304,88.1578947368421,1.644736842105263,10.197368421052632,0.0
313,0.6,0.0,0.5,DA-BALS-Stabilized,304,88.1578947368421,1.644736842105263,10.197368421052632,0.0
313,0.6,0.0,1.0,DA-BALS-EWMA,304,85.19736842105263,2.9605263157894735,11.842105263157894,0.0
313,0.6,0.0,1.0,DA-BALS-EWMA-Cap,304,85.19736842105263,2.9605263157894735,11.842105263157894,0.0
313,0.6,0.0,1.0,DA-BALS-EWMA-Decay,304,85.52631578947368,3.289473684210526,11.18421052631579,0.0
313,0.6,0.0,1.0,DA-BALS-Stabilized,304,85.52631578947368,3.289473684210526,11.18421052631579,0.0
313,0.6,10.0,0.0,DA-BALS-EWMA,304,89.47368421052632,0.9868421052631579,9.539473684210527,0.0
313,0.6,10.0,0.0,DA-BALS-EWMA-Cap,304,89.47368421052632,0.9868421052631579,9.539473684210527,0.0
313,0.6,10.0,0.0,DA-BALS-EWMA-Decay,304,89.47368421052632,0.9868421052631579,9.539473684210527,0.0
313,0.6,10.0,0.0,DA-BALS-Stabilized,304,89.47368421052632,0.9868421052631579,9.539473684210527,0.0
313,0.6,10.0,0.5,DA-BALS-EWMA,304,87.82894736842105,1.3157894736842104,10.855263157894738,0.0
313,0.6,10.0,0.5,DA-BALS-EWMA-Cap,304,87.82894736842105,1.3157894736842104,10.855263157894738,0.0
313,0.6,10.0,0.5,DA-BALS-EWMA-Decay,304,88.1578947368421,1.644736842105263,10.197368421052632,0.0
313,0.6,10.0,0.5,DA-BALS-Stabilized,304,88.1578947368421,1.644736842105263,10.197368421052632,0.0
313,0.6,10.0,1.0,DA-BALS-EWMA,304,84.53947368421053,2.9605263157894735,12.5,0.0
313,0.6,10.0,1.0,DA-BALS-EWMA-Cap,304,84.53947368421053,2.9605263157894735,12.5,0.0
313,0.6,10.0,1.0,DA-BALS-EWMA-Decay,304,85.19736842105263,3.289473684210526,11.513157894736842,0.0
313,0.6,10.0,1.0,DA-BALS-Stabilized,304,85.19736842105263,3.289473684210526,11.513157894736842,0.0
313,0.6,50.0,0.0,DA-BALS-EWMA,304,89.47368421052632,0.9868421052631579,9.539473684210527,0.0
313,0.6,50.0,0.0,DA-BALS-EWMA-Cap,304,89.47368421052632,0.9868421052631579,9.539473684210527,0.0
313,0.6,50.0,0.0,DA-BALS-EWMA-Decay,304,89.47368421052632,0.9868421052631579,9.539473684210527,0.0
313,0.6,50.0,0.0,DA-BALS-Stabilized,304,89.47368421052632,0.9868421052631579,9.539473684210527,0.0
313,0.6,50.0,0.5,DA-BALS-EWMA,304,87.82894736842105,1.3157894736842104,10.855263157894738,0.0
313,0.6,50.0,0.5,DA-BALS-EWMA-Cap,304,87.82894736842105,1.3157894736842104,10.855263157894738,0.0
313,0.6,50.0,0.5,DA-BALS-EWMA-Decay,304,88.1578947368421,1.644736842105263,10.197368421052632,0.0
313,0.6,50.0,0.5,DA-BALS-Stabilized,304,88.1578947368421,1.644736842105263,10.197368421052632,0.0
313,0.6,50.0,1.0,DA-BALS-EWMA,304,84.53947368421053,3.289473684210526,12.171052631578947,0.0
313,0.6,50.0,1.0,DA-BALS-EWMA-Cap,304,84.53947368421053,3.289473684210526,12.171052631578947,0.0
313,0.6,50.0,1.0,DA-BALS-EWMA-Decay,304,85.19736842105263,3.618421052631579,11.18421052631579,0.0
313,0.6,50.0,1.0,DA-BALS-Stabilized,304,85.19736842105263,3.618421052631579,11.18421052631579,0.0
313,0.8,0.0,0.0,DA-BALS-EWMA,392,84.18367346938776,0.0,15.816326530612246,0.0
313,0.8,0.0,0.0,DA-BALS-EWMA-Cap,392,84.18367346938776,0.0,15.816326530612246,0.0
313,0.8,0.0,0.0,DA-BALS-EWMA-Decay,392,84.18367346938776,0.0,15.816326530612246,0.0
313,0.8,0.0,0.0,DA-BALS-Stabilized,392,84.18367346938776,0.0,15.816326530612246,0.0
313,0.8,0.0,0.5,DA-BALS-EWMA,392,81.37755102040816,2.0408163265306123,16.581632653061224,0.0
313,0.8,0.0,0.5,DA-BALS-EWMA-Cap,392,81.37755102040816,2.0408163265306123,16.581632653061224,0.0
313,0.8,0.0,0.5,DA-BALS-EWMA-Decay,392,82.39795918367348,1.0204081632653061,16.581632653061224,0.0
313,0.8,0.0,0.5,DA-BALS-Stabilized,392,82.39795918367348,1.0204081632653061,16.581632653061224,0.0
313,0.8,0.0,1.0,DA-BALS-EWMA,392,80.10204081632652,2.5510204081632653,17.346938775510203,0.0
313,0.8,0.0,1.0,DA-BALS-EWMA-Cap,392,80.10204081632652,2.5510204081632653,17.346938775510203,0.0
313,0.8,0.0,1.0,DA-BALS-EWMA-Decay,392,80.35714285714286,2.806122448979592,16.83673469387755,0.0
313,0.8,0.0,1.0,DA-BALS-Stabilized,392,80.35714285714286,2.806122448979592,16.83673469387755,0.0
313,0.8,10.0,0.0,DA-BALS-EWMA,392,84.18367346938776,0.0,15.816326530612246,0.0
313,0.8,10.0,0.0,DA-BALS-EWMA-Cap,392,84.18367346938776,0.0,15.816326530612246,0.0
313,0.8,10.0,0.0,DA-BALS-EWMA-Decay,392,84.18367346938776,0.0,15.816326530612246,0.0
313,0.8,10.0,0.0,DA-BALS-Stabilized,392,84.18367346938776,0.0,15.816326530612246,0.0
313,0.8,10.0,0.5,DA-BALS-EWMA,392,81.88775510204081,1.530612244897959,16.581632653061224,0.0
313,0.8,10.0,0.5,DA-BALS-EWMA-Cap,392,81.88775510204081,1.530612244897959,16.581632653061224,0.0
313,0.8,10.0,0.5,DA-BALS-EWMA-Decay,392,82.39795918367348,1.2755102040816326,16.3265306122449,0.0
313,0.8,10.0,0.5,DA-BALS-Stabilized,392,82.39795918367348,1.2755102040816326,16.3265306122449,0.0
313,0.8,10.0,1.0,DA-BALS-EWMA,392,80.10204081632652,2.5510204081632653,17.346938775510203,0.0
313,0.8,10.0,1.0,DA-BALS-EWMA-Cap,392,80.10204081632652,2.5510204081632653,17.346938775510203,0.0
313,0.8,10.0,1.0,DA-BALS-EWMA-Decay,392,80.35714285714286,2.806122448979592,16.83673469387755,0.0
313,0.8,10.0,1.0,DA-BALS-Stabilized,392,80.35714285714286,2.806122448979592,16.83673469387755,0.0
313,0.8,50.0,0.0,DA-BALS-EWMA,392,84.18367346938776,0.0,15.816326530612246,0.0
313,0.8,50.0,0.0,DA-BALS-EWMA-Cap,392,84.18367346938776,0.0,15.816326530612246,0.0
313,0.8,50.0,0.0,DA-BALS-EWMA-Decay,392,84.18367346938776,0.0,15.816326530612246,0.0
313,0.8,50.0,0.0,DA-BALS-Stabilized,392,84.18367346938776,0.0,15.816326530612246,0.0
313,0.8,50.0,0.5,DA-BALS-EWMA,392,81.88775510204081,1.530612244897959,16.581632653061224,0.0
313,0.8,50.0,0.5,DA-BALS-EWMA-Cap,392,81.88775510204081,1.530612244897959,16.581632653061224,0.0
313,0.8,50.0,0.5,DA-BALS-EWMA-Decay,392,82.39795918367348,1.2755102040816326,16.3265306122449,0.0
313,0.8,50.0,0.5,DA-BALS-Stabilized,392,82.39795918367348,1.2755102040816326,16.3265306122449,0.0
313,0.8,50.0,1.0,DA-BALS-EWMA,392,79.8469387755102,2.806122448979592,17.346938775510203,0.0
313,0.8,50.0,1.0,DA-BALS-EWMA-Cap,392,79.8469387755102,2.806122448979592,17.346938775510203,0.0
313,0.8,50.0,1.0,DA-BALS-EWMA-Decay,392,80.35714285714286,2.806122448979592,16.83673469387755,0.0
313,0.8,50.0,1.0,DA-BALS-Stabilized,392,80.35714285714286,2.806122448979592,16.83673469387755,0.0
313,1.0,0.0,0.0,DA-BALS-EWMA,474,77.0042194092827,0.8438818565400843,22.151898734177212,0.0
313,1.0,0.0,0.0,DA-BALS-EWMA-Cap,474,77.0042194092827,0.8438818565400843,22.151898734177212,0.0
313,1.0,0.0,0.0,DA-BALS-EWMA-Decay,474,77.0042194092827,0.8438818565400843,22.151898734177212,0.0
313,1.0,0.0,0.0,DA-BALS-Stabilized,474,77.0042194092827,0.8438818565400843,22.151898734177212,0.0
313,1.0,0.0,0.5,DA-BALS-EWMA,474,76.16033755274262,1.6877637130801686,22.151898734177212,0.0
313,1.0,0.0,0.5,DA-BALS-EWMA-Cap,474,76.16033755274262,1.6877637130801686,22.151898734177212,0.0
313,1.0,0.0,0.5,DA-BALS-EWMA-Decay,474,75.73839662447257,2.109704641350211,22.151898734177212,0.0
313,1.0,0.0,0.5,DA-BALS-Stabilized,474,75.73839662447257,2.109704641350211,22.151898734177212,0.0
313,1.0,0.0,1.0,DA-BALS-EWMA,474,73.41772151898735,2.9535864978902953,23.628691983122362,0.0
313,1.0,0.0,1.0,DA-BALS-EWMA-Cap,474,73.41772151898735,2.9535864978902953,23.628691983122362,0.0
313,1.0,0.0,1.0,DA-BALS-EWMA-Decay,474,72.15189873417721,3.5864978902953584,24.261603375527425,0.0
313,1.0,0.0,1.0,DA-BALS-Stabilized,474,72.15189873417721,3.5864978902953584,24.261603375527425,0.0
313,1.0,10.0,0.0,DA-BALS-EWMA,474,77.0042194092827,0.8438818565400843,22.151898734177212,0.0
313,1.0,10.0,0.0,DA-BALS-EWMA-Cap,474,77.0042194092827,0.8438818565400843,22.151898734177212,0.0
313,1.0,10.0,0.0,DA-BALS-EWMA-Decay,474,77.0042194092827,0.8438818565400843,22.151898734177212,0.0
313,1.0,10.0,0.0,DA-BALS-Stabilized,474,77.0042194092827,0.8438818565400843,22.151898734177212,0.0
313,1.0,10.0,0.5,DA-BALS-EWMA,474,76.16033755274262,1.6877637130801686,22.151898734177212,0.0
313,1.0,10.0,0.5,DA-BALS-EWMA-Cap,474,76.16033755274262,1.6877637130801686,22.151898734177212,0.0
313,1.0,10.0,0.5,DA-BALS-EWMA-Decay,474,75.73839662447257,2.109704641350211,22.151898734177212,0.0
313,1.0,10.0,0.5,DA-BALS-Stabilized,474,75.73839662447257,2.109704641350211,22.151898734177212,0.0
313,1.0,10.0,1.0,DA-BALS-EWMA,474,73.41772151898735,2.9535864978902953,23.628691983122362,0.0
313,1.0,10.0,1.0,DA-BALS-EWMA-Cap,474,73.41772151898735,2.9535864978902953,23.628691983122362,0.0
313,1.0,10.0,1.0,DA-BALS-EWMA-Decay,474,72.15189873417721,3.5864978902953584,24.261603375527425,0.0
313,1.0,10.0,1.0,DA-BALS-Stabilized,474,72.15189873417721,3.5864978902953584,24.261603375527425,0.0
313,1.0,50.0,0.0,DA-BALS-EWMA,474,77.0042194092827,0.8438818565400843,22.151898734177212,0.0
313,1.0,50.0,0.0,DA-BALS-EWMA-Cap,474,77.0042194092827,0.8438818565400843,22.151898734177212,0.0
313,1.0,50.0,0.0,DA-BALS-EWMA-Decay,474,77.0042194092827,0.8438818565400843,22.151898734177212,0.0
313,1.0,50.0,0.0,DA-BALS-Stabilized,474,77.0042194092827,0.8438818565400843,22.151898734177212,0.0
313,1.0,50.0,0.5,DA-BALS-EWMA,474,76.16033755274262,1.6877637130801686,22.151898734177212,0.0
313,1.0,50.0,0.5,DA-BALS-EWMA-Cap,474,76.16033755274262,1.6877637130801686,22.151898734177212,0.0
313,1.0,50.0,0.5,DA-BALS-EWMA-Decay,474,75.73839662447257,2.109704641350211,22.151898734177212,0.0
313,1.0,50.0,0.5,DA-BALS-Stabilized,474,75.73839662447257,2.109704641350211,22.151898734177212,0.0
313,1.0,50.0,1.0,DA-BALS-EWMA,474,73.41772151898735,3.1645569620253164,23.417721518987342,0.0
313,1.0,50.0,1.0,DA-BALS-EWMA-Cap,474,73.41772151898735,3.1645569620253164,23.417721518987342,0.0
313,1.0,50.0,1.0,DA-BALS-EWMA-Decay,474,72.15189873417721,4.430379746835443,23.417721518987342,0.0
313,1.0,50.0,1.0,DA-BALS-Stabilized,474,72.15189873417721,4.430379746835443,23.417721518987342,0.0
313,1.2,0.0,0.0,DA-BALS-EWMA,618,72.65372168284789,0.8090614886731391,26.537216828478964,0.0
313,1.2,0.0,0.0,DA-BALS-EWMA-Cap,618,72.65372168284789,0.8090614886731391,26.537216828478964,0.0
313,1.2,0.0,0.0,DA-BALS-EWMA-Decay,618,72.65372168284789,0.8090614886731391,26.537216828478964,0.0
313,1.2,0.0,0.0,DA-BALS-Stabilized,618,72.65372168284789,0.8090614886731391,26.537216828478964,0.0
313,1.2,0.0,0.5,DA-BALS-EWMA,618,70.87378640776699,1.6181229773462782,27.508090614886733,0.0
313,1.2,0.0,0.5,DA-BALS-EWMA-Cap,618,70.87378640776699,1.6181229773462782,27.508090614886733,0.0
313,1.2,0.0,0.5,DA-BALS-EWMA-Decay,618,70.87378640776699,1.779935275080906,27.346278317152105,0.0
313,1.2,0.0,0.5,DA-BALS-Stabilized,618,70.87378640776699,1.779935275080906,27.346278317152105,0.0
313,1.2,0.0,1.0,DA-BALS-EWMA,618,69.09385113268608,3.2362459546925564,27.669902912621357,0.0
313,1.2,0.0,1.0,DA-BALS-EWMA-Cap,618,69.09385113268608,3.2362459546925564,27.669902912621357,0.0
313,1.2,0.0,1.0,DA-BALS-EWMA-Decay,618,69.09385113268608,3.3980582524271843,27.508090614886733,0.0
313,1.2,0.0,1.0,DA-BALS-Stabilized,618,69.09385113268608,3.3980582524271843,27.508090614886733,0.0
313,1.2,10.0,0.0,DA-BALS-EWMA,618,72.65372168284789,0.8090614886731391,26.537216828478964,0.0
313,1.2,10.0,0.0,DA-BALS-EWMA-Cap,618,72.65372168284789,0.8090614886731391,26.537216828478964,0.0
313,1.2,10.0,0.0,DA-BALS-EWMA-Decay,618,72.65372168284789,0.8090614886731391,26.537216828478964,0.0
313,1.2,10.0,0.0,DA-BALS-Stabilized,618,72.65372168284789,0.8090614886731391,26.537216828478964,0.0
313,1.2,10.0,0.5,DA-BALS-EWMA,618,70.87378640776699,1.6181229773462782,27.508090614886733,0.0
313,1.2,10.0,0.5,DA-BALS-EWMA-Cap,618,70.87378640776699,1.6181229773462782,27.508090614886733,0.0
313,1.2,10.0,0.5,DA-BALS-EWMA-Decay,618,70.87378640776699,1.779935275080906,27.346278317152105,0.0
313,1.2,10.0,0.5,DA-BALS-Stabilized,618,70.87378640776699,1.779935275080906,27.346278317152105,0.0
313,1.2,10.0,1.0,DA-BALS-EWMA,618,69.09385113268608,3.2362459546925564,27.669902912621357,0.0
313,1.2,10.0,1.0,DA-BALS-EWMA-Cap,618,69.09385113268608,3.2362459546925564,27.669902912621357,0.0
313,1.2,10.0,1.0,DA-BALS-EWMA-Decay,618,69.09385113268608,3.3980582524271843,27.508090614886733,0.0
313,1.2,10.0,1.0,DA-BALS-Stabilized,618,69.09385113268608,3.3980582524271843,27.508090614886733,0.0
313,1.2,50.0,0.0,DA-BALS-EWMA,618,72.65372168284789,0.8090614886731391,26.537216828478964,0.0
313,1.2,50.0,0.0,DA-BALS-EWMA-Cap,618,72.65372168284789,0.8090614886731391,26.537216828478964,0.0
313,1.2,50.0,0.0,DA-BALS-EWMA-Decay,618,72.65372168284789,0.8090614886731391,26.537216828478964,0.0
313,1.2,50.0,0.0,DA-BALS-Stabilized,618,72.65372168284789,0.8090614886731391,26.537216828478964,0.0
313,1.2,50.0,0.5,DA-BALS-EWMA,618,70.87378640776699,1.6181229773462782,27.508090614886733,0.0
313,1.2,50.0,0.5,DA-BALS-EWMA-Cap,618,70.87378640776699,1.6181229773462782,27.508090614886733,0.0
313,1.2,50.0,0.5,DA-BALS-EWMA-Decay,618,70.87378640776699,1.779935275080906,27.346278317152105,0.0
313,1.2,50.0,0.5,DA-BALS-Stabilized,618,70.87378640776699,1.779935275080906,27.346278317152105,0.0
313,1.2,50.0,1.0,DA-BALS-EWMA,618,69.09385113268608,3.2362459546925564,27.669902912621357,0.0
313,1.2,50.0,1.0,DA-BALS-EWMA-Cap,618,69.09385113268608,3.2362459546925564,27.669902912621357,0.0
313,1.2,50.0,1.0,DA-BALS-EWMA-Decay,618,69.09385113268608,3.3980582524271843,27.508090614886733,0.0
313,1.2,50.0,1.0,DA-BALS-Stabilized,618,69.09385113268608,3.3980582524271843,27.508090614886733,0.0
314,0.2,0.0,0.0,DA-BALS-EWMA,80,98.75,0.0,1.25,0.0
314,0.2,0.0,0.0,DA-BALS-EWMA-Cap,80,98.75,0.0,1.25,0.0
314,0.2,0.0,0.0,DA-BALS-EWMA-Decay,80,98.75,0.0,1.25,0.0
314,0.2,0.0,0.0,DA-BALS-Stabilized,80,98.75,0.0,1.25,0.0
314,0.2,0.0,0.5,DA-BALS-EWMA,80,95.0,3.75,1.25,0.0
314,0.2,0.0,0.5,DA-BALS-EWMA-Cap,80,95.0,3.75,1.25,0.0
314,0.2,0.0,0.5,DA-BALS-EWMA-Decay,80,95.0,3.75,1.25,0.0
314,0.2,0.0,0.5,DA-BALS-Stabilized,80,95.0,3.75,1.25,0.0
314,0.2,0.0,1.0,DA-BALS-EWMA,80,93.75,3.75,2.5,0.0
314,0.2,0.0,1.0,DA-BALS-EWMA-Cap,80,93.75,3.75,2.5,0.0
314,0.2,0.0,1.0,DA-BALS-EWMA-Decay,80,93.75,3.75,2.5,0.0
314,0.2,0.0,1.0,DA-BALS-Stabilized,80,93.75,3.75,2.5,0.0
314,0.2,10.0,0.0,DA-BALS-EWMA,80,98.75,0.0,1.25,0.0
314,0.2,10.0,0.0,DA-BALS-EWMA-Cap,80,98.75,0.0,1.25,0.0
314,0.2,10.0,0.0,DA-BALS-EWMA-Decay,80,98.75,0.0,1.25,0.0
314,0.2,10.0,0.0,DA-BALS-Stabilized,80,98.75,0.0,1.25,0.0
314,0.2,10.0,0.5,DA-BALS-EWMA,80,95.0,3.75,1.25,0.0
314,0.2,10.0,0.5,DA-BALS-EWMA-Cap,80,95.0,3.75,1.25,0.0
314,0.2,10.0,0.5,DA-BALS-EWMA-Decay,80,95.0,3.75,1.25,0.0
314,0.2,10.0,0.5,DA-BALS-Stabilized,80,95.0,3.75,1.25,0.0
314,0.2,10.0,1.0,DA-BALS-EWMA,80,93.75,3.75,2.5,0.0
314,0.2,10.0,1.0,DA-BALS-EWMA-Cap,80,93.75,3.75,2.5,0.0
314,0.2,10.0,1.0,DA-BALS-EWMA-Decay,80,93.75,3.75,2.5,0.0
314,0.2,10.0,1.0,DA-BALS-Stabilized,80,93.75,3.75,2.5,0.0
314,0.2,50.0,0.0,DA-BALS-EWMA,80,98.75,0.0,1.25,0.0
314,0.2,50.0,0.0,DA-BALS-EWMA-Cap,80,98.75,0.0,1.25,0.0
314,0.2,50.0,0.0,DA-BALS-EWMA-Decay,80,98.75,0.0,1.25,0.0
314,0.2,50.0,0.0,DA-BALS-Stabilized,80,98.75,0.0,1.25,0.0
314,0.2,50.0,0.5,DA-BALS-EWMA,80,95.0,3.75,1.25,0.0
314,0.2,50.0,0.5,DA-BALS-EWMA-Cap,80,95.0,3.75,1.25,0.0
314,0.2,50.0,0.5,DA-BALS-EWMA-Decay,80,95.0,3.75,1.25,0.0
314,0.2,50.0,0.5,DA-BALS-Stabilized,80,95.0,3.75,1.25,0.0
314,0.2,50.0,1.0,DA-BALS-EWMA,80,93.75,3.75,2.5,0.0
314,0.2,50.0,1.0,DA-BALS-EWMA-Cap,80,93.75,3.75,2.5,0.0
314,0.2,50.0,1.0,DA-BALS-EWMA-Decay,80,93.75,3.75,2.5,0.0
314,0.2,50.0,1.0,DA-BALS-Stabilized,80,93.75,3.75,2.5,0.0
314,0.4,0.0,0.0,DA-BALS-EWMA,211,94.7867298578199,0.0,5.213270142180095,0.0
314,0.4,0.0,0.0,DA-BALS-EWMA-Cap,211,94.7867298578199,0.0,5.213270142180095,0.0
314,0.4,0.0,0.0,DA-BALS-EWMA-Decay,211,94.7867298578199,0.0,5.213270142180095,0.0
314,0.4,0.0,0.0,DA-BALS-Stabilized,211,94.7867298578199,0.0,5.213270142180095,0.0
314,0.4,0.0,0.5,DA-BALS-EWMA,211,91.9431279620853,1.8957345971563981,6.161137440758294,0.0
314,0.4,0.0,0.5,DA-BALS-EWMA-Cap,211,91.9431279620853,1.8957345971563981,6.161137440758294,0.0
314,0.4,0.0,0.5,DA-BALS-EWMA-Decay,211,92.41706161137441,1.8957345971563981,5.687203791469194,0.0
314,0.4,0.0,0.5,DA-BALS-Stabilized,211,92.41706161137441,1.8957345971563981,5.687203791469194,0.0
314,0.4,0.0,1.0,DA-BALS-EWMA,211,90.52132701421802,2.843601895734597,6.6350710900473935,0.0
314,0.4,0.0,1.0,DA-BALS-EWMA-Cap,211,90.52132701421802,2.843601895734597,6.6350710900473935,0.0
314,0.4,0.0,1.0,DA-BALS-EWMA-Decay,211,90.52132701421802,2.843601895734597,6.6350710900473935,0.0
314,0.4,0.0,1.0,DA-BALS-Stabilized,211,90.52132701421802,2.843601895734597,6.6350710900473935,0.0
314,0.4,10.0,0.0,DA-BALS-EWMA,211,94.7867298578199,0.0,5.213270142180095,0.0
314,0.4,10.0,0.0,DA-BALS-EWMA-Cap,211,94.7867298578199,0.0,5.213270142180095,0.0
314,0.4,10.0,0.0,DA-BALS-EWMA-Decay,211,94.7867298578199,0.0,5.213270142180095,0.0
314,0.4,10.0,0.0,DA-BALS-Stabilized,211,94.7867298578199,0.0,5.213270142180095,0.0
314,0.4,10.0,0.5,DA-BALS-EWMA,211,91.9431279620853,1.8957345971563981,6.161137440758294,0.0
314,0.4,10.0,0.5,DA-BALS-EWMA-Cap,211,91.9431279620853,1.8957345971563981,6.161137440758294,0.0
314,0.4,10.0,0.5,DA-BALS-EWMA-Decay,211,92.41706161137441,1.8957345971563981,5.687203791469194,0.0
314,0.4,10.0,0.5,DA-BALS-Stabilized,211,92.41706161137441,1.8957345971563981,5.687203791469194,0.0
314,0.4,10.0,1.0,DA-BALS-EWMA,211,90.52132701421802,2.843601895734597,6.6350710900473935,0.0
314,0.4,10.0,1.0,DA-BALS-EWMA-Cap,211,90.52132701421802,2.843601895734597,6.6350710900473935,0.0
314,0.4,10.0,1.0,DA-BALS-EWMA-Decay,211,90.52132701421802,2.843601895734597,6.6350710900473935,0.0
314,0.4,10.0,1.0,DA-BALS-Stabilized,211,90.52132701421802,2.843601895734597,6.6350710900473935,0.0
314,0.4,50.0,0.0,DA-BALS-EWMA,211,94.7867298578199,0.0,5.213270142180095,0.0
314,0.4,50.0,0.0,DA-BALS-EWMA-Cap,211,94.7867298578199,0.0,5.213270142180095,0.0
314,0.4,50.0,0.0,DA-BALS-EWMA-Decay,211,94.7867298578199,0.0,5.213270142180095,0.0
314,0.4,50.0,0.0,DA-BALS-Stabilized,211,94.7867298578199,0.0,5.213270142180095,0.0
314,0.4,50.0,0.5,DA-BALS-EWMA,211,91.9431279620853,1.8957345971563981,6.161137440758294,0.0
314,0.4,50.0,0.5,DA-BALS-EWMA-Cap,211,91.9431279620853,1.8957345971563981,6.161137440758294,0.0
314,0.4,50.0,0.5,DA-BALS-EWMA-Decay,211,92.41706161137441,1.8957345971563981,5.687203791469194,0.0
314,0.4,50.0,0.5,DA-BALS-Stabilized,211,92.41706161137441,1.8957345971563981,5.687203791469194,0.0
314,0.4,50.0,1.0,DA-BALS-EWMA,211,90.52132701421802,2.843601895734597,6.6350710900473935,0.0
314,0.4,50.0,1.0,DA-BALS-EWMA-Cap,211,90.52132701421802,2.843601895734597,6.6350710900473935,0.0
314,0.4,50.0,1.0,DA-BALS-EWMA-Decay,211,90.52132701421802,2.843601895734597,6.6350710900473935,0.0
314,0.4,50.0,1.0,DA-BALS-Stabilized,211,90.52132701421802,2.843601895734597,6.6350710900473935,0.0
314,0.6,0.0,0.0,DA-BALS-EWMA,284,90.49295774647888,0.0,9.507042253521126,0.0
314,0.6,0.0,0.0,DA-BALS-EWMA-Cap,284,90.49295774647888,0.0,9.507042253521126,0.0
314,0.6,0.0,0.0,DA-BALS-EWMA-Decay,284,90.49295774647888,0.0,9.507042253521126,0.0
314,0.6,0.0,0.0,DA-BALS-Stabilized,284,90.49295774647888,0.0,9.507042253521126,0.0
314,0.6,0.0,0.5,DA-BALS-EWMA,284,90.14084507042254,0.35211267605633806,9.507042253521126,0.0
314,0.6,0.0,0.5,DA-BALS-EWMA-Cap,284,90.14084507042254,0.35211267605633806,9.507042253521126,0.0
314,0.6,0.0,0.5,DA-BALS-EWMA-Decay,284,90.14084507042254,0.35211267605633806,9.507042253521126,0.0
314,0.6,0.0,0.5,DA-BALS-Stabilized,284,90.14084507042254,0.35211267605633806,9.507042253521126,0.0
314,0.6,0.0,1.0,DA-BALS-EWMA,284,87.67605633802818,2.464788732394366,9.859154929577464,0.0
314,0.6,0.0,1.0,DA-BALS-EWMA-Cap,284,87.67605633802818,2.464788732394366,9.859154929577464,0.0
314,0.6,0.0,1.0,DA-BALS-EWMA-Decay,284,87.67605633802818,2.464788732394366,9.859154929577464,0.0
314,0.6,0.0,1.0,DA-BALS-Stabilized,284,87.67605633802818,2.464788732394366,9.859154929577464,0.0
314,0.6,10.0,0.0,DA-BALS-EWMA,284,90.49295774647888,0.0,9.507042253521126,0.0
314,0.6,10.0,0.0,DA-BALS-EWMA-Cap,284,90.49295774647888,0.0,9.507042253521126,0.0
314,0.6,10.0,0.0,DA-BALS-EWMA-Decay,284,90.49295774647888,0.0,9.507042253521126,0.0
314,0.6,10.0,0.0,DA-BALS-Stabilized,284,90.49295774647888,0.0,9.507042253521126,0.0
314,0.6,10.0,0.5,DA-BALS-EWMA,284,90.14084507042254,0.35211267605633806,9.507042253521126,0.0
314,0.6,10.0,0.5,DA-BALS-EWMA-Cap,284,90.14084507042254,0.35211267605633806,9.507042253521126,0.0
314,0.6,10.0,0.5,DA-BALS-EWMA-Decay,284,90.14084507042254,0.35211267605633806,9.507042253521126,0.0
314,0.6,10.0,0.5,DA-BALS-Stabilized,284,90.14084507042254,0.35211267605633806,9.507042253521126,0.0
314,0.6,10.0,1.0,DA-BALS-EWMA,284,88.02816901408451,2.464788732394366,9.507042253521126,0.0
314,0.6,10.0,1.0,DA-BALS-EWMA-Cap,284,88.02816901408451,2.464788732394366,9.507042253521126,0.0
314,0.6,10.0,1.0,DA-BALS-EWMA-Decay,284,88.02816901408451,2.464788732394366,9.507042253521126,0.0
314,0.6,10.0,1.0,DA-BALS-Stabilized,284,88.02816901408451,2.464788732394366,9.507042253521126,0.0
314,0.6,50.0,0.0,DA-BALS-EWMA,284,90.49295774647888,0.0,9.507042253521126,0.0
314,0.6,50.0,0.0,DA-BALS-EWMA-Cap,284,90.49295774647888,0.0,9.507042253521126,0.0
314,0.6,50.0,0.0,DA-BALS-EWMA-Decay,284,90.49295774647888,0.0,9.507042253521126,0.0
314,0.6,50.0,0.0,DA-BALS-Stabilized,284,90.49295774647888,0.0,9.507042253521126,0.0
314,0.6,50.0,0.5,DA-BALS-EWMA,284,90.14084507042254,0.35211267605633806,9.507042253521126,0.0
314,0.6,50.0,0.5,DA-BALS-EWMA-Cap,284,90.14084507042254,0.35211267605633806,9.507042253521126,0.0
314,0.6,50.0,0.5,DA-BALS-EWMA-Decay,284,90.14084507042254,0.35211267605633806,9.507042253521126,0.0
314,0.6,50.0,0.5,DA-BALS-Stabilized,284,90.14084507042254,0.35211267605633806,9.507042253521126,0.0
314,0.6,50.0,1.0,DA-BALS-EWMA,284,88.02816901408451,2.464788732394366,9.507042253521126,0.0
314,0.6,50.0,1.0,DA-BALS-EWMA-Cap,284,88.02816901408451,2.464788732394366,9.507042253521126,0.0
314,0.6,50.0,1.0,DA-BALS-EWMA-Decay,284,88.02816901408451,2.464788732394366,9.507042253521126,0.0
314,0.6,50.0,1.0,DA-BALS-Stabilized,284,88.02816901408451,2.464788732394366,9.507042253521126,0.0
314,0.8,0.0,0.0,DA-BALS-EWMA,372,86.82795698924731,0.0,13.172043010752688,0.0
314,0.8,0.0,0.0,DA-BALS-EWMA-Cap,372,86.82795698924731,0.0,13.172043010752688,0.0
314,0.8,0.0,0.0,DA-BALS-EWMA-Decay,372,86.82795698924731,0.0,13.172043010752688,0.0
314,0.8,0.0,0.0,DA-BALS-Stabilized,372,86.82795698924731,0.0,13.172043010752688,0.0
314,0.8,0.0,0.5,DA-BALS-EWMA,372,85.21505376344086,1.0752688172043012,13.709677419354838,0.0
314,0.8,0.0,0.5,DA-BALS-EWMA-Cap,372,85.21505376344086,1.0752688172043012,13.709677419354838,0.0
314,0.8,0.0,0.5,DA-BALS-EWMA-Decay,372,85.21505376344086,1.3440860215053763,13.440860215053762,0.0
314,0.8,0.0,0.5,DA-BALS-Stabilized,372,85.21505376344086,1.3440860215053763,13.440860215053762,0.0
314,0.8,0.0,1.0,DA-BALS-EWMA,372,82.25806451612904,2.4193548387096775,15.32258064516129,0.0
314,0.8,0.0,1.0,DA-BALS-EWMA-Cap,372,82.25806451612904,2.4193548387096775,15.32258064516129,0.0
314,0.8,0.0,1.0,DA-BALS-EWMA-Decay,372,82.25806451612904,2.6881720430107525,15.053763440860216,0.0
314,0.8,0.0,1.0,DA-BALS-Stabilized,372,82.25806451612904,2.6881720430107525,15.053763440860216,0.0
314,0.8,10.0,0.0,DA-BALS-EWMA,372,86.82795698924731,0.0,13.172043010752688,0.0
314,0.8,10.0,0.0,DA-BALS-EWMA-Cap,372,86.82795698924731,0.0,13.172043010752688,0.0
314,0.8,10.0,0.0,DA-BALS-EWMA-Decay,372,86.82795698924731,0.0,13.172043010752688,0.0
314,0.8,10.0,0.0,DA-BALS-Stabilized,372,86.82795698924731,0.0,13.172043010752688,0.0
314,0.8,10.0,0.5,DA-BALS-EWMA,372,85.21505376344086,1.0752688172043012,13.709677419354838,0.0
314,0.8,10.0,0.5,DA-BALS-EWMA-Cap,372,85.21505376344086,1.0752688172043012,13.709677419354838,0.0
314,0.8,10.0,0.5,DA-BALS-EWMA-Decay,372,85.21505376344086,1.3440860215053763,13.440860215053762,0.0
314,0.8,10.0,0.5,DA-BALS-Stabilized,372,85.21505376344086,1.3440860215053763,13.440860215053762,0.0
314,0.8,10.0,1.0,DA-BALS-EWMA,372,82.25806451612904,2.956989247311828,14.78494623655914,0.0
314,0.8,10.0,1.0,DA-BALS-EWMA-Cap,372,82.25806451612904,2.956989247311828,14.78494623655914,0.0
314,0.8,10.0,1.0,DA-BALS-EWMA-Decay,372,82.25806451612904,2.956989247311828,14.78494623655914,0.0
314,0.8,10.0,1.0,DA-BALS-Stabilized,372,82.25806451612904,2.956989247311828,14.78494623655914,0.0
314,0.8,50.0,0.0,DA-BALS-EWMA,372,86.82795698924731,0.0,13.172043010752688,0.0
314,0.8,50.0,0.0,DA-BALS-EWMA-Cap,372,86.82795698924731,0.0,13.172043010752688,0.0
314,0.8,50.0,0.0,DA-BALS-EWMA-Decay,372,86.82795698924731,0.0,13.172043010752688,0.0
314,0.8,50.0,0.0,DA-BALS-Stabilized,372,86.82795698924731,0.0,13.172043010752688,0.0
314,0.8,50.0,0.5,DA-BALS-EWMA,372,85.21505376344086,0.8064516129032258,13.978494623655912,0.0
314,0.8,50.0,0.5,DA-BALS-EWMA-Cap,372,85.21505376344086,0.8064516129032258,13.978494623655912,0.0
314,0.8,50.0,0.5,DA-BALS-EWMA-Decay,372,85.21505376344086,1.0752688172043012,13.709677419354838,0.0
314,0.8,50.0,0.5,DA-BALS-Stabilized,372,85.21505376344086,1.0752688172043012,13.709677419354838,0.0
314,0.8,50.0,1.0,DA-BALS-EWMA,372,81.45161290322581,3.763440860215054,14.78494623655914,0.0
314,0.8,50.0,1.0,DA-BALS-EWMA-Cap,372,81.45161290322581,3.763440860215054,14.78494623655914,0.0
314,0.8,50.0,1.0,DA-BALS-EWMA-Decay,372,82.25806451612904,3.763440860215054,13.978494623655912,0.0
314,0.8,50.0,1.0,DA-BALS-Stabilized,372,82.25806451612904,3.763440860215054,13.978494623655912,0.0
314,1.0,0.0,0.0,DA-BALS-EWMA,501,77.64471057884231,0.998003992015968,21.35728542914172,0.0
314,1.0,0.0,0.0,DA-BALS-EWMA-Cap,501,77.64471057884231,0.998003992015968,21.35728542914172,0.0
314,1.0,0.0,0.0,DA-BALS-EWMA-Decay,501,77.64471057884231,0.998003992015968,21.35728542914172,0.0
314,1.0,0.0,0.0,DA-BALS-Stabilized,501,77.64471057884231,0.998003992015968,21.35728542914172,0.0
314,1.0,0.0,0.5,DA-BALS-EWMA,501,77.24550898203593,1.1976047904191618,21.55688622754491,0.0
314,1.0,0.0,0.5,DA-BALS-EWMA-Cap,501,77.24550898203593,1.1976047904191618,21.55688622754491,0.0
314,1.0,0.0,0.5,DA-BALS-EWMA-Decay,501,77.44510978043913,1.1976047904191618,21.35728542914172,0.0
314,1.0,0.0,0.5,DA-BALS-Stabilized,501,77.44510978043913,1.1976047904191618,21.35728542914172,0.0
314,1.0,0.0,1.0,DA-BALS-EWMA,501,76.04790419161677,1.5968063872255487,22.355289421157686,0.0
314,1.0,0.0,1.0,DA-BALS-EWMA-Cap,501,76.04790419161677,1.5968063872255487,22.355289421157686,0.0
314,1.0,0.0,1.0,DA-BALS-EWMA-Decay,501,76.04790419161677,1.5968063872255487,22.355289421157686,0.0
314,1.0,0.0,1.0,DA-BALS-Stabilized,501,76.04790419161677,1.5968063872255487,22.355289421157686,0.0
314,1.0,10.0,0.0,DA-BALS-EWMA,501,77.64471057884231,0.998003992015968,21.35728542914172,0.0
314,1.0,10.0,0.0,DA-BALS-EWMA-Cap,501,77.64471057884231,0.998003992015968,21.35728542914172,0.0
314,1.0,10.0,0.0,DA-BALS-EWMA-Decay,501,77.64471057884231,0.998003992015968,21.35728542914172,0.0
314,1.0,10.0,0.0,DA-BALS-Stabilized,501,77.64471057884231,0.998003992015968,21.35728542914172,0.0
314,1.0,10.0,0.5,DA-BALS-EWMA,501,77.24550898203593,1.1976047904191618,21.55688622754491,0.0
314,1.0,10.0,0.5,DA-BALS-EWMA-Cap,501,77.24550898203593,1.1976047904191618,21.55688622754491,0.0
314,1.0,10.0,0.5,DA-BALS-EWMA-Decay,501,77.44510978043913,1.1976047904191618,21.35728542914172,0.0
314,1.0,10.0,0.5,DA-BALS-Stabilized,501,77.44510978043913,1.1976047904191618,21.35728542914172,0.0
314,1.0,10.0,1.0,DA-BALS-EWMA,501,76.24750499001996,1.996007984031936,21.756487025948104,0.0
314,1.0,10.0,1.0,DA-BALS-EWMA-Cap,501,76.24750499001996,1.996007984031936,21.756487025948104,0.0
314,1.0,10.0,1.0,DA-BALS-EWMA-Decay,501,76.24750499001996,1.996007984031936,21.756487025948104,0.0
314,1.0,10.0,1.0,DA-BALS-Stabilized,501,76.24750499001996,1.996007984031936,21.756487025948104,0.0
314,1.0,50.0,0.0,DA-BALS-EWMA,501,77.64471057884231,0.998003992015968,21.35728542914172,0.0
314,1.0,50.0,0.0,DA-BALS-EWMA-Cap,501,77.64471057884231,0.998003992015968,21.35728542914172,0.0
314,1.0,50.0,0.0,DA-BALS-EWMA-Decay,501,77.64471057884231,0.998003992015968,21.35728542914172,0.0
314,1.0,50.0,0.0,DA-BALS-Stabilized,501,77.64471057884231,0.998003992015968,21.35728542914172,0.0
314,1.0,50.0,0.5,DA-BALS-EWMA,501,77.24550898203593,1.1976047904191618,21.55688622754491,0.0
314,1.0,50.0,0.5,DA-BALS-EWMA-Cap,501,77.24550898203593,1.1976047904191618,21.55688622754491,0.0
314,1.0,50.0,0.5,DA-BALS-EWMA-Decay,501,77.44510978043913,1.1976047904191618,21.35728542914172,0.0
314,1.0,50.0,0.5,DA-BALS-Stabilized,501,77.44510978043913,1.1976047904191618,21.35728542914172,0.0
314,1.0,50.0,1.0,DA-BALS-EWMA,501,76.24750499001996,1.996007984031936,21.756487025948104,0.0
314,1.0,50.0,1.0,DA-BALS-EWMA-Cap,501,76.24750499001996,1.996007984031936,21.756487025948104,0.0
314,1.0,50.0,1.0,DA-BALS-EWMA-Decay,501,76.24750499001996,1.996007984031936,21.756487025948104,0.0
314,1.0,50.0,1.0,DA-BALS-Stabilized,501,76.24750499001996,1.996007984031936,21.756487025948104,0.0
314,1.2,0.0,0.0,DA-BALS-EWMA,597,71.85929648241206,0.33500837520938026,27.80569514237856,0.0
314,1.2,0.0,0.0,DA-BALS-EWMA-Cap,597,71.85929648241206,0.33500837520938026,27.80569514237856,0.0
314,1.2,0.0,0.0,DA-BALS-EWMA-Decay,597,71.85929648241206,0.33500837520938026,27.80569514237856,0.0
314,1.2,0.0,0.0,DA-BALS-Stabilized,597,71.85929648241206,0.33500837520938026,27.80569514237856,0.0
314,1.2,0.0,0.5,DA-BALS-EWMA,597,69.5142378559464,2.512562814070352,27.97319932998325,0.0
314,1.2,0.0,0.5,DA-BALS-EWMA-Cap,597,69.5142378559464,2.512562814070352,27.97319932998325,0.0
314,1.2,0.0,0.5,DA-BALS-EWMA-Decay,597,69.5142378559464,2.512562814070352,27.97319932998325,0.0
314,1.2,0.0,0.5,DA-BALS-Stabilized,597,69.5142378559464,2.512562814070352,27.97319932998325,0.0
314,1.2,0.0,1.0,DA-BALS-EWMA,597,68.17420435510888,3.6850921273031827,28.14070351758794,0.0
314,1.2,0.0,1.0,DA-BALS-EWMA-Cap,597,68.17420435510888,3.6850921273031827,28.14070351758794,0.0
314,1.2,0.0,1.0,DA-BALS-EWMA-Decay,597,68.17420435510888,3.6850921273031827,28.14070351758794,0.0
314,1.2,0.0,1.0,DA-BALS-Stabilized,597,68.17420435510888,3.6850921273031827,28.14070351758794,0.0
314,1.2,10.0,0.0,DA-BALS-EWMA,597,71.85929648241206,0.33500837520938026,27.80569514237856,0.0
314,1.2,10.0,0.0,DA-BALS-EWMA-Cap,597,71.85929648241206,0.33500837520938026,27.80569514237856,0.0
314,1.2,10.0,0.0,DA-BALS-EWMA-Decay,597,71.85929648241206,0.33500837520938026,27.80569514237856,0.0
314,1.2,10.0,0.0,DA-BALS-Stabilized,597,71.85929648241206,0.33500837520938026,27.80569514237856,0.0
314,1.2,10.0,0.5,DA-BALS-EWMA,597,69.5142378559464,2.512562814070352,27.97319932998325,0.0
314,1.2,10.0,0.5,DA-BALS-EWMA-Cap,597,69.5142378559464,2.512562814070352,27.97319932998325,0.0
314,1.2,10.0,0.5,DA-BALS-EWMA-Decay,597,69.5142378559464,2.512562814070352,27.97319932998325,0.0
314,1.2,10.0,0.5,DA-BALS-Stabilized,597,69.5142378559464,2.512562814070352,27.97319932998325,0.0
314,1.2,10.0,1.0,DA-BALS-EWMA,597,68.17420435510888,3.6850921273031827,28.14070351758794,0.0
314,1.2,10.0,1.0,DA-BALS-EWMA-Cap,597,68.17420435510888,3.6850921273031827,28.14070351758794,0.0
314,1.2,10.0,1.0,DA-BALS-EWMA-Decay,597,68.17420435510888,3.6850921273031827,28.14070351758794,0.0
314,1.2,10.0,1.0,DA-BALS-Stabilized,597,68.17420435510888,3.6850921273031827,28.14070351758794,0.0
314,1.2,50.0,0.0,DA-BALS-EWMA,597,71.85929648241206,0.33500837520938026,27.80569514237856,0.0
314,1.2,50.0,0.0,DA-BALS-EWMA-Cap,597,71.85929648241206,0.33500837520938026,27.80569514237856,0.0
314,1.2,50.0,0.0,DA-BALS-EWMA-Decay,597,71.85929648241206,0.33500837520938026,27.80569514237856,0.0
314,1.2,50.0,0.0,DA-BALS-Stabilized,597,71.85929648241206,0.33500837520938026,27.80569514237856,0.0
314,1.2,50.0,0.5,DA-BALS-EWMA,597,69.5142378559464,2.512562814070352,27.97319932998325,0.0
314,1.2,50.0,0.5,DA-BALS-EWMA-Cap,597,69.5142378559464,2.512562814070352,27.97319932998325,0.0
314,1.2,50.0,0.5,DA-BALS-EWMA-Decay,597,69.5142378559464,2.512562814070352,27.97319932998325,0.0
314,1.2,50.0,0.5,DA-BALS-Stabilized,597,69.5142378559464,2.512562814070352,27.97319932998325,0.0
314,1.2,50.0,1.0,DA-BALS-EWMA,597,68.17420435510888,3.6850921273031827,28.14070351758794,0.0
314,1.2,50.0,1.0,DA-BALS-EWMA-Cap,597,68.17420435510888,3.6850921273031827,28.14070351758794,0.0
314,1.2,50.0,1.0,DA-BALS-EWMA-Decay,597,68.17420435510888,3.6850921273031827,28.14070351758794,0.0
314,1.2,50.0,1.0,DA-BALS-Stabilized,597,68.17420435510888,3.6850921273031827,28.14070351758794,0.0
315,0.2,0.0,0.0,DA-BALS-EWMA,111,96.3963963963964,0.9009009009009009,2.7027027027027026,0.0
315,0.2,0.0,0.0,DA-BALS-EWMA-Cap,111,96.3963963963964,0.9009009009009009,2.7027027027027026,0.0
315,0.2,0.0,0.0,DA-BALS-EWMA-Decay,111,96.3963963963964,0.9009009009009009,2.7027027027027026,0.0
315,0.2,0.0,0.0,DA-BALS-Stabilized,111,96.3963963963964,0.9009009009009009,2.7027027027027026,0.0
315,0.2,0.0,0.5,DA-BALS-EWMA,111,94.5945945945946,2.7027027027027026,2.7027027027027026,0.0
315,0.2,0.0,0.5,DA-BALS-EWMA-Cap,111,94.5945945945946,2.7027027027027026,2.7027027027027026,0.0
315,0.2,0.0,0.5,DA-BALS-EWMA-Decay,111,94.5945945945946,2.7027027027027026,2.7027027027027026,0.0
315,0.2,0.0,0.5,DA-BALS-Stabilized,111,94.5945945945946,2.7027027027027026,2.7027027027027026,0.0
315,0.2,0.0,1.0,DA-BALS-EWMA,111,92.7927927927928,4.504504504504505,2.7027027027027026,0.0
315,0.2,0.0,1.0,DA-BALS-EWMA-Cap,111,92.7927927927928,4.504504504504505,2.7027027027027026,0.0
315,0.2,0.0,1.0,DA-BALS-EWMA-Decay,111,92.7927927927928,4.504504504504505,2.7027027027027026,0.0
315,0.2,0.0,1.0,DA-BALS-Stabilized,111,92.7927927927928,4.504504504504505,2.7027027027027026,0.0
315,0.2,10.0,0.0,DA-BALS-EWMA,111,96.3963963963964,0.9009009009009009,2.7027027027027026,0.0
315,0.2,10.0,0.0,DA-BALS-EWMA-Cap,111,96.3963963963964,0.9009009009009009,2.7027027027027026,0.0
315,0.2,10.0,0.0,DA-BALS-EWMA-Decay,111,96.3963963963964,0.9009009009009009,2.7027027027027026,0.0
315,0.2,10.0,0.0,DA-BALS-Stabilized,111,96.3963963963964,0.9009009009009009,2.7027027027027026,0.0
315,0.2,10.0,0.5,DA-BALS-EWMA,111,94.5945945945946,2.7027027027027026,2.7027027027027026,0.0
315,0.2,10.0,0.5,DA-BALS-EWMA-Cap,111,94.5945945945946,2.7027027027027026,2.7027027027027026,0.0
315,0.2,10.0,0.5,DA-BALS-EWMA-Decay,111,94.5945945945946,2.7027027027027026,2.7027027027027026,0.0
315,0.2,10.0,0.5,DA-BALS-Stabilized,111,94.5945945945946,2.7027027027027026,2.7027027027027026,0.0
315,0.2,10.0,1.0,DA-BALS-EWMA,111,92.7927927927928,4.504504504504505,2.7027027027027026,0.0
315,0.2,10.0,1.0,DA-BALS-EWMA-Cap,111,92.7927927927928,4.504504504504505,2.7027027027027026,0.0
315,0.2,10.0,1.0,DA-BALS-EWMA-Decay,111,92.7927927927928,4.504504504504505,2.7027027027027026,0.0
315,0.2,10.0,1.0,DA-BALS-Stabilized,111,92.7927927927928,4.504504504504505,2.7027027027027026,0.0
315,0.2,50.0,0.0,DA-BALS-EWMA,111,96.3963963963964,0.9009009009009009,2.7027027027027026,0.0
315,0.2,50.0,0.0,DA-BALS-EWMA-Cap,111,96.3963963963964,0.9009009009009009,2.7027027027027026,0.0
315,0.2,50.0,0.0,DA-BALS-EWMA-Decay,111,96.3963963963964,0.9009009009009009,2.7027027027027026,0.0
315,0.2,50.0,0.0,DA-BALS-Stabilized,111,96.3963963963964,0.9009009009009009,2.7027027027027026,0.0
315,0.2,50.0,0.5,DA-BALS-EWMA,111,94.5945945945946,2.7027027027027026,2.7027027027027026,0.0
315,0.2,50.0,0.5,DA-BALS-EWMA-Cap,111,94.5945945945946,2.7027027027027026,2.7027027027027026,0.0
315,0.2,50.0,0.5,DA-BALS-EWMA-Decay,111,94.5945945945946,2.7027027027027026,2.7027027027027026,0.0
315,0.2,50.0,0.5,DA-BALS-Stabilized,111,94.5945945945946,2.7027027027027026,2.7027027027027026,0.0
315,0.2,50.0,1.0,DA-BALS-EWMA,111,92.7927927927928,4.504504504504505,2.7027027027027026,0.0
315,0.2,50.0,1.0,DA-BALS-EWMA-Cap,111,92.7927927927928,4.504504504504505,2.7027027027027026,0.0
315,0.2,50.0,1.0,DA-BALS-EWMA-Decay,111,92.7927927927928,4.504504504504505,2.7027027027027026,0.0
315,0.2,50.0,1.0,DA-BALS-Stabilized,111,92.7927927927928,4.504504504504505,2.7027027027027026,0.0
315,0.4,0.0,0.0,DA-BALS-EWMA,209,92.34449760765551,0.4784688995215311,7.177033492822966,0.0
315,0.4,0.0,0.0,DA-BALS-EWMA-Cap,209,92.34449760765551,0.4784688995215311,7.177033492822966,0.0
315,0.4,0.0,0.0,DA-BALS-EWMA-Decay,209,92.34449760765551,0.4784688995215311,7.177033492822966,0.0
315,0.4,0.0,0.0,DA-BALS-Stabilized,209,92.34449760765551,0.4784688995215311,7.177033492822966,0.0
315,0.4,0.0,0.5,DA-BALS-EWMA,209,91.86602870813397,0.4784688995215311,7.655502392344498,0.0
315,0.4,0.0,0.5,DA-BALS-EWMA-Cap,209,91.86602870813397,0.4784688995215311,7.655502392344498,0.0
315,0.4,0.0,0.5,DA-BALS-EWMA-Decay,209,92.34449760765551,0.4784688995215311,7.177033492822966,0.0
315,0.4,0.0,0.5,DA-BALS-Stabilized,209,92.34449760765551,0.4784688995215311,7.177033492822966,0.0
315,0.4,0.0,1.0,DA-BALS-EWMA,209,90.9090909090909,1.4354066985645932,7.655502392344498,0.0
315,0.4,0.0,1.0,DA-BALS-EWMA-Cap,209,90.9090909090909,1.4354066985645932,7.655502392344498,0.0
315,0.4,0.0,1.0,DA-BALS-EWMA-Decay,209,90.9090909090909,1.4354066985645932,7.655502392344498,0.0
315,0.4,0.0,1.0,DA-BALS-Stabilized,209,90.9090909090909,1.4354066985645932,7.655502392344498,0.0
315,0.4,10.0,0.0,DA-BALS-EWMA,209,92.34449760765551,0.4784688995215311,7.177033492822966,0.0
315,0.4,10.0,0.0,DA-BALS-EWMA-Cap,209,92.34449760765551,0.4784688995215311,7.177033492822966,0.0
315,0.4,10.0,0.0,DA-BALS-EWMA-Decay,209,92.34449760765551,0.4784688995215311,7.177033492822966,0.0
315,0.4,10.0,0.0,DA-BALS-Stabilized,209,92.34449760765551,0.4784688995215311,7.177033492822966,0.0
315,0.4,10.0,0.5,DA-BALS-EWMA,209,91.86602870813397,0.4784688995215311,7.655502392344498,0.0
315,0.4,10.0,0.5,DA-BALS-EWMA-Cap,209,91.86602870813397,0.4784688995215311,7.655502392344498,0.0
315,0.4,10.0,0.5,DA-BALS-EWMA-Decay,209,92.34449760765551,0.4784688995215311,7.177033492822966,0.0
315,0.4,10.0,0.5,DA-BALS-Stabilized,209,92.34449760765551,0.4784688995215311,7.177033492822966,0.0
315,0.4,10.0,1.0,DA-BALS-EWMA,209,90.9090909090909,1.4354066985645932,7.655502392344498,0.0
315,0.4,10.0,1.0,DA-BALS-EWMA-Cap,209,90.9090909090909,1.4354066985645932,7.655502392344498,0.0
315,0.4,10.0,1.0,DA-BALS-EWMA-Decay,209,90.9090909090909,1.4354066985645932,7.655502392344498,0.0
315,0.4,10.0,1.0,DA-BALS-Stabilized,209,90.9090909090909,1.4354066985645932,7.655502392344498,0.0
315,0.4,50.0,0.0,DA-BALS-EWMA,209,92.34449760765551,0.4784688995215311,7.177033492822966,0.0
315,0.4,50.0,0.0,DA-BALS-EWMA-Cap,209,92.34449760765551,0.4784688995215311,7.177033492822966,0.0
315,0.4,50.0,0.0,DA-BALS-EWMA-Decay,209,92.34449760765551,0.4784688995215311,7.177033492822966,0.0
315,0.4,50.0,0.0,DA-BALS-Stabilized,209,92.34449760765551,0.4784688995215311,7.177033492822966,0.0
315,0.4,50.0,0.5,DA-BALS-EWMA,209,91.86602870813397,0.4784688995215311,7.655502392344498,0.0
315,0.4,50.0,0.5,DA-BALS-EWMA-Cap,209,91.86602870813397,0.4784688995215311,7.655502392344498,0.0
315,0.4,50.0,0.5,DA-BALS-EWMA-Decay,209,92.34449760765551,0.4784688995215311,7.177033492822966,0.0
315,0.4,50.0,0.5,DA-BALS-Stabilized,209,92.34449760765551,0.4784688995215311,7.177033492822966,0.0
315,0.4,50.0,1.0,DA-BALS-EWMA,209,90.9090909090909,1.4354066985645932,7.655502392344498,0.0
315,0.4,50.0,1.0,DA-BALS-EWMA-Cap,209,90.9090909090909,1.4354066985645932,7.655502392344498,0.0
315,0.4,50.0,1.0,DA-BALS-EWMA-Decay,209,90.9090909090909,1.4354066985645932,7.655502392344498,0.0
315,0.4,50.0,1.0,DA-BALS-Stabilized,209,90.9090909090909,1.4354066985645932,7.655502392344498,0.0
315,0.6,0.0,0.0,DA-BALS-EWMA,311,91.96141479099678,0.3215434083601286,7.717041800643088,0.0
315,0.6,0.0,0.0,DA-BALS-EWMA-Cap,311,91.96141479099678,0.3215434083601286,7.717041800643088,0.0
315,0.6,0.0,0.0,DA-BALS-EWMA-Decay,311,91.96141479099678,0.3215434083601286,7.717041800643088,0.0
315,0.6,0.0,0.0,DA-BALS-Stabilized,311,91.96141479099678,0.3215434083601286,7.717041800643088,0.0
315,0.6,0.0,0.5,DA-BALS-EWMA,311,90.35369774919614,1.2861736334405145,8.360128617363344,0.0
315,0.6,0.0,0.5,DA-BALS-EWMA-Cap,311,90.35369774919614,1.2861736334405145,8.360128617363344,0.0
315,0.6,0.0,0.5,DA-BALS-EWMA-Decay,311,90.35369774919614,1.2861736334405145,8.360128617363344,0.0
315,0.6,0.0,0.5,DA-BALS-Stabilized,311,90.35369774919614,1.2861736334405145,8.360128617363344,0.0
315,0.6,0.0,1.0,DA-BALS-EWMA,311,89.06752411575563,0.964630225080386,9.967845659163988,0.0
315,0.6,0.0,1.0,DA-BALS-EWMA-Cap,311,89.06752411575563,0.964630225080386,9.967845659163988,0.0
315,0.6,0.0,1.0,DA-BALS-EWMA-Decay,311,89.38906752411575,1.607717041800643,9.003215434083602,0.0
315,0.6,0.0,1.0,DA-BALS-Stabilized,311,89.38906752411575,1.607717041800643,9.003215434083602,0.0
315,0.6,10.0,0.0,DA-BALS-EWMA,311,91.96141479099678,0.3215434083601286,7.717041800643088,0.0
315,0.6,10.0,0.0,DA-BALS-EWMA-Cap,311,91.96141479099678,0.3215434083601286,7.717041800643088,0.0
315,0.6,10.0,0.0,DA-BALS-EWMA-Decay,311,91.96141479099678,0.3215434083601286,7.717041800643088,0.0
315,0.6,10.0,0.0,DA-BALS-Stabilized,311,91.96141479099678,0.3215434083601286,7.717041800643088,0.0
315,0.6,10.0,0.5,DA-BALS-EWMA,311,90.35369774919614,1.607717041800643,8.038585209003216,0.0
315,0.6,10.0,0.5,DA-BALS-EWMA-Cap,311,90.35369774919614,1.607717041800643,8.038585209003216,0.0
315,0.6,10.0,0.5,DA-BALS-EWMA-Decay,311,90.35369774919614,1.607717041800643,8.038585209003216,0.0
315,0.6,10.0,0.5,DA-BALS-Stabilized,311,90.35369774919614,1.607717041800643,8.038585209003216,0.0
315,0.6,10.0,1.0,DA-BALS-EWMA,311,89.38906752411575,1.2861736334405145,9.32475884244373,0.0
315,0.6,10.0,1.0,DA-BALS-EWMA-Cap,311,89.38906752411575,1.2861736334405145,9.32475884244373,0.0
315,0.6,10.0,1.0,DA-BALS-EWMA-Decay,311,89.38906752411575,1.607717041800643,9.003215434083602,0.0
315,0.6,10.0,1.0,DA-BALS-Stabilized,311,89.38906752411575,1.607717041800643,9.003215434083602,0.0
315,0.6,50.0,0.0,DA-BALS-EWMA,311,91.96141479099678,0.3215434083601286,7.717041800643088,0.0
315,0.6,50.0,0.0,DA-BALS-EWMA-Cap,311,91.96141479099678,0.3215434083601286,7.717041800643088,0.0
315,0.6,50.0,0.0,DA-BALS-EWMA-Decay,311,91.96141479099678,0.3215434083601286,7.717041800643088,0.0
315,0.6,50.0,0.0,DA-BALS-Stabilized,311,91.96141479099678,0.3215434083601286,7.717041800643088,0.0
315,0.6,50.0,0.5,DA-BALS-EWMA,311,90.35369774919614,1.607717041800643,8.038585209003216,0.0
315,0.6,50.0,0.5,DA-BALS-EWMA-Cap,311,90.35369774919614,1.607717041800643,8.038585209003216,0.0
315,0.6,50.0,0.5,DA-BALS-EWMA-Decay,311,90.35369774919614,1.607717041800643,8.038585209003216,0.0
315,0.6,50.0,0.5,DA-BALS-Stabilized,311,90.35369774919614,1.607717041800643,8.038585209003216,0.0
315,0.6,50.0,1.0,DA-BALS-EWMA,311,89.38906752411575,1.607717041800643,9.003215434083602,0.0
315,0.6,50.0,1.0,DA-BALS-EWMA-Cap,311,89.38906752411575,1.607717041800643,9.003215434083602,0.0
315,0.6,50.0,1.0,DA-BALS-EWMA-Decay,311,89.38906752411575,1.929260450160772,8.681672025723474,0.0
315,0.6,50.0,1.0,DA-BALS-Stabilized,311,89.38906752411575,1.929260450160772,8.681672025723474,0.0
315,0.8,0.0,0.0,DA-BALS-EWMA,372,84.94623655913979,0.5376344086021506,14.516129032258066,0.0
315,0.8,0.0,0.0,DA-BALS-EWMA-Cap,372,84.94623655913979,0.5376344086021506,14.516129032258066,0.0
315,0.8,0.0,0.0,DA-BALS-EWMA-Decay,372,84.94623655913979,0.5376344086021506,14.516129032258066,0.0
315,0.8,0.0,0.0,DA-BALS-Stabilized,372,84.94623655913979,0.5376344086021506,14.516129032258066,0.0
315,0.8,0.0,0.5,DA-BALS-EWMA,372,81.72043010752688,2.956989247311828,15.32258064516129,0.0
315,0.8,0.0,0.5,DA-BALS-EWMA-Cap,372,81.72043010752688,2.956989247311828,15.32258064516129,0.0
315,0.8,0.0,0.5,DA-BALS-EWMA-Decay,372,81.72043010752688,2.956989247311828,15.32258064516129,0.0
315,0.8,0.0,0.5,DA-BALS-Stabilized,372,81.72043010752688,2.956989247311828,15.32258064516129,0.0
315,0.8,0.0,1.0,DA-BALS-EWMA,372,80.10752688172043,4.032258064516129,15.86021505376344,0.0
315,0.8,0.0,1.0,DA-BALS-EWMA-Cap,372,80.10752688172043,4.032258064516129,15.86021505376344,0.0
315,0.8,0.0,1.0,DA-BALS-EWMA-Decay,372,80.3763440860215,4.032258064516129,15.591397849462366,0.0
315,0.8,0.0,1.0,DA-BALS-Stabilized,372,80.3763440860215,4.032258064516129,15.591397849462366,0.0
315,0.8,10.0,0.0,DA-BALS-EWMA,372,84.94623655913979,0.5376344086021506,14.516129032258066,0.0
315,0.8,10.0,0.0,DA-BALS-EWMA-Cap,372,84.94623655913979,0.5376344086021506,14.516129032258066,0.0
315,0.8,10.0,0.0,DA-BALS-EWMA-Decay,372,84.94623655913979,0.5376344086021506,14.516129032258066,0.0
315,0.8,10.0,0.0,DA-BALS-Stabilized,372,84.94623655913979,0.5376344086021506,14.516129032258066,0.0
315,0.8,10.0,0.5,DA-BALS-EWMA,372,81.72043010752688,2.956989247311828,15.32258064516129,0.0
315,0.8,10.0,0.5,DA-BALS-EWMA-Cap,372,81.72043010752688,2.956989247311828,15.32258064516129,0.0
315,0.8,10.0,0.5,DA-BALS-EWMA-Decay,372,81.72043010752688,2.956989247311828,15.32258064516129,0.0
315,0.8,10.0,0.5,DA-BALS-Stabilized,372,81.72043010752688,2.956989247311828,15.32258064516129,0.0
315,0.8,10.0,1.0,DA-BALS-EWMA,372,80.10752688172043,4.032258064516129,15.86021505376344,0.0
315,0.8,10.0,1.0,DA-BALS-EWMA-Cap,372,80.10752688172043,4.032258064516129,15.86021505376344,0.0
315,0.8,10.0,1.0,DA-BALS-EWMA-Decay,372,80.3763440860215,4.032258064516129,15.591397849462366,0.0
315,0.8,10.0,1.0,DA-BALS-Stabilized,372,80.3763440860215,4.032258064516129,15.591397849462366,0.0
315,0.8,50.0,0.0,DA-BALS-EWMA,372,84.94623655913979,0.5376344086021506,14.516129032258066,0.0
315,0.8,50.0,0.0,DA-BALS-EWMA-Cap,372,84.94623655913979,0.5376344086021506,14.516129032258066,0.0
315,0.8,50.0,0.0,DA-BALS-EWMA-Decay,372,84.94623655913979,0.5376344086021506,14.516129032258066,0.0
315,0.8,50.0,0.0,DA-BALS-Stabilized,372,84.94623655913979,0.5376344086021506,14.516129032258066,0.0
315,0.8,50.0,0.5,DA-BALS-EWMA,372,81.72043010752688,2.956989247311828,15.32258064516129,0.0
315,0.8,50.0,0.5,DA-BALS-EWMA-Cap,372,81.72043010752688,2.956989247311828,15.32258064516129,0.0
315,0.8,50.0,0.5,DA-BALS-EWMA-Decay,372,81.72043010752688,2.956989247311828,15.32258064516129,0.0
315,0.8,50.0,0.5,DA-BALS-Stabilized,372,81.72043010752688,2.956989247311828,15.32258064516129,0.0
315,0.8,50.0,1.0,DA-BALS-EWMA,372,80.10752688172043,4.032258064516129,15.86021505376344,0.0
315,0.8,50.0,1.0,DA-BALS-EWMA-Cap,372,80.10752688172043,4.032258064516129,15.86021505376344,0.0
315,0.8,50.0,1.0,DA-BALS-EWMA-Decay,372,80.3763440860215,4.032258064516129,15.591397849462366,0.0
315,0.8,50.0,1.0,DA-BALS-Stabilized,372,80.3763440860215,4.032258064516129,15.591397849462366,0.0
315,1.0,0.0,0.0,DA-BALS-EWMA,513,77.38791423001949,0.3898635477582846,22.22222222222222,0.0
315,1.0,0.0,0.0,DA-BALS-EWMA-Cap,513,77.38791423001949,0.3898635477582846,22.22222222222222,0.0
315,1.0,0.0,0.0,DA-BALS-EWMA-Decay,513,77.38791423001949,0.3898635477582846,22.22222222222222,0.0
315,1.0,0.0,0.0,DA-BALS-Stabilized,513,77.38791423001949,0.3898635477582846,22.22222222222222,0.0
315,1.0,0.0,0.5,DA-BALS-EWMA,513,75.6335282651072,1.7543859649122806,22.612085769980506,0.0
315,1.0,0.0,0.5,DA-BALS-EWMA-Cap,513,75.6335282651072,1.7543859649122806,22.612085769980506,0.0
315,1.0,0.0,0.5,DA-BALS-EWMA-Decay,513,75.6335282651072,1.7543859649122806,22.612085769980506,0.0
315,1.0,0.0,0.5,DA-BALS-Stabilized,513,75.6335282651072,1.7543859649122806,22.612085769980506,0.0
315,1.0,0.0,1.0,DA-BALS-EWMA,513,73.2943469785575,3.313840155945419,23.391812865497073,0.0
315,1.0,0.0,1.0,DA-BALS-EWMA-Cap,513,73.2943469785575,3.313840155945419,23.391812865497073,0.0
315,1.0,0.0,1.0,DA-BALS-EWMA-Decay,513,73.09941520467837,3.7037037037037033,23.196881091617932,0.0
315,1.0,0.0,1.0,DA-BALS-Stabilized,513,73.09941520467837,3.7037037037037033,23.196881091617932,0.0
315,1.0,10.0,0.0,DA-BALS-EWMA,513,77.38791423001949,0.3898635477582846,22.22222222222222,0.0
315,1.0,10.0,0.0,DA-BALS-EWMA-Cap,513,77.38791423001949,0.3898635477582846,22.22222222222222,0.0
315,1.0,10.0,0.0,DA-BALS-EWMA-Decay,513,77.38791423001949,0.3898635477582846,22.22222222222222,0.0
315,1.0,10.0,0.0,DA-BALS-Stabilized,513,77.38791423001949,0.3898635477582846,22.22222222222222,0.0
315,1.0,10.0,0.5,DA-BALS-EWMA,513,75.6335282651072,1.949317738791423,22.417153996101362,0.0
315,1.0,10.0,0.5,DA-BALS-EWMA-Cap,513,75.6335282651072,1.949317738791423,22.417153996101362,0.0
315,1.0,10.0,0.5,DA-BALS-EWMA-Decay,513,75.6335282651072,1.949317738791423,22.417153996101362,0.0
315,1.0,10.0,0.5,DA-BALS-Stabilized,513,75.6335282651072,1.949317738791423,22.417153996101362,0.0
315,1.0,10.0,1.0,DA-BALS-EWMA,513,73.48927875243665,3.508771929824561,23.00194931773879,0.0
315,1.0,10.0,1.0,DA-BALS-EWMA-Cap,513,73.48927875243665,3.508771929824561,23.00194931773879,0.0
315,1.0,10.0,1.0,DA-BALS-EWMA-Decay,513,73.2943469785575,4.093567251461988,22.612085769980506,0.0
315,1.0,10.0,1.0,DA-BALS-Stabilized,513,73.2943469785575,4.093567251461988,22.612085769980506,0.0
315,1.0,50.0,0.0,DA-BALS-EWMA,513,77.38791423001949,0.3898635477582846,22.22222222222222,0.0
315,1.0,50.0,0.0,DA-BALS-EWMA-Cap,513,77.38791423001949,0.3898635477582846,22.22222222222222,0.0
315,1.0,50.0,0.0,DA-BALS-EWMA-Decay,513,77.38791423001949,0.3898635477582846,22.22222222222222,0.0
315,1.0,50.0,0.0,DA-BALS-Stabilized,513,77.38791423001949,0.3898635477582846,22.22222222222222,0.0
315,1.0,50.0,0.5,DA-BALS-EWMA,513,75.6335282651072,1.949317738791423,22.417153996101362,0.0
315,1.0,50.0,0.5,DA-BALS-EWMA-Cap,513,75.6335282651072,1.949317738791423,22.417153996101362,0.0
315,1.0,50.0,0.5,DA-BALS-EWMA-Decay,513,75.6335282651072,1.949317738791423,22.417153996101362,0.0
315,1.0,50.0,0.5,DA-BALS-Stabilized,513,75.6335282651072,1.949317738791423,22.417153996101362,0.0
315,1.0,50.0,1.0,DA-BALS-EWMA,513,73.48927875243665,3.7037037037037033,22.807017543859647,0.0
315,1.0,50.0,1.0,DA-BALS-EWMA-Cap,513,73.48927875243665,3.7037037037037033,22.807017543859647,0.0
315,1.0,50.0,1.0,DA-BALS-EWMA-Decay,513,73.2943469785575,4.28849902534113,22.417153996101362,0.0
315,1.0,50.0,1.0,DA-BALS-Stabilized,513,73.2943469785575,4.28849902534113,22.417153996101362,0.0
315,1.2,0.0,0.0,DA-BALS-EWMA,616,70.12987012987013,1.1363636363636365,28.733766233766232,0.0
315,1.2,0.0,0.0,DA-BALS-EWMA-Cap,616,70.12987012987013,1.1363636363636365,28.733766233766232,0.0
315,1.2,0.0,0.0,DA-BALS-EWMA-Decay,616,70.29220779220779,1.1363636363636365,28.57142857142857,0.0
315,1.2,0.0,0.0,DA-BALS-Stabilized,616,70.29220779220779,1.1363636363636365,28.57142857142857,0.0
315,1.2,0.0,0.5,DA-BALS-EWMA,616,69.48051948051948,1.6233766233766231,28.8961038961039,0.0
315,1.2,0.0,0.5,DA-BALS-EWMA-Cap,616,69.48051948051948,1.6233766233766231,28.8961038961039,0.0
315,1.2,0.0,0.5,DA-BALS-EWMA-Decay,616,69.48051948051948,1.6233766233766231,28.8961038961039,0.0
315,1.2,0.0,0.5,DA-BALS-Stabilized,616,69.48051948051948,1.6233766233766231,28.8961038961039,0.0
315,1.2,0.0,1.0,DA-BALS-EWMA,616,68.5064935064935,2.4350649350649354,29.05844155844156,0.0
315,1.2,0.0,1.0,DA-BALS-EWMA-Cap,616,68.5064935064935,2.4350649350649354,29.05844155844156,0.0
315,1.2,0.0,1.0,DA-BALS-EWMA-Decay,616,68.18181818181817,2.75974025974026,29.05844155844156,0.0
315,1.2,0.0,1.0,DA-BALS-Stabilized,616,68.18181818181817,2.75974025974026,29.05844155844156,0.0
315,1.2,10.0,0.0,DA-BALS-EWMA,616,70.12987012987013,1.1363636363636365,28.733766233766232,0.0
315,1.2,10.0,0.0,DA-BALS-EWMA-Cap,616,70.12987012987013,1.1363636363636365,28.733766233766232,0.0
315,1.2,10.0,0.0,DA-BALS-EWMA-Decay,616,70.29220779220779,1.1363636363636365,28.57142857142857,0.0
315,1.2,10.0,0.0,DA-BALS-Stabilized,616,70.29220779220779,1.1363636363636365,28.57142857142857,0.0
315,1.2,10.0,0.5,DA-BALS-EWMA,616,69.48051948051948,1.6233766233766231,28.8961038961039,0.0
315,1.2,10.0,0.5,DA-BALS-EWMA-Cap,616,69.48051948051948,1.6233766233766231,28.8961038961039,0.0
315,1.2,10.0,0.5,DA-BALS-EWMA-Decay,616,69.48051948051948,1.6233766233766231,28.8961038961039,0.0
315,1.2,10.0,0.5,DA-BALS-Stabilized,616,69.48051948051948,1.6233766233766231,28.8961038961039,0.0
315,1.2,10.0,1.0,DA-BALS-EWMA,616,68.5064935064935,2.75974025974026,28.733766233766232,0.0
315,1.2,10.0,1.0,DA-BALS-EWMA-Cap,616,68.5064935064935,2.75974025974026,28.733766233766232,0.0
315,1.2,10.0,1.0,DA-BALS-EWMA-Decay,616,68.18181818181817,3.0844155844155843,28.733766233766232,0.0
315,1.2,10.0,1.0,DA-BALS-Stabilized,616,68.18181818181817,3.0844155844155843,28.733766233766232,0.0
315,1.2,50.0,0.0,DA-BALS-EWMA,616,70.12987012987013,1.1363636363636365,28.733766233766232,0.0
315,1.2,50.0,0.0,DA-BALS-EWMA-Cap,616,70.12987012987013,1.1363636363636365,28.733766233766232,0.0
315,1.2,50.0,0.0,DA-BALS-EWMA-Decay,616,70.29220779220779,1.1363636363636365,28.57142857142857,0.0
315,1.2,50.0,0.0,DA-BALS-Stabilized,616,70.29220779220779,1.1363636363636365,28.57142857142857,0.0
315,1.2,50.0,0.5,DA-BALS-EWMA,616,69.48051948051948,1.6233766233766231,28.8961038961039,0.0
315,1.2,50.0,0.5,DA-BALS-EWMA-Cap,616,69.48051948051948,1.6233766233766231,28.8961038961039,0.0
315,1.2,50.0,0.5,DA-BALS-EWMA-Decay,616,69.48051948051948,1.6233766233766231,28.8961038961039,0.0
315,1.2,50.0,0.5,DA-BALS-Stabilized,616,69.48051948051948,1.6233766233766231,28.8961038961039,0.0
315,1.2,50.0,1.0,DA-BALS-EWMA,616,68.5064935064935,2.75974025974026,28.733766233766232,0.0
315,1.2,50.0,1.0,DA-BALS-EWMA-Cap,616,68.5064935064935,2.75974025974026,28.733766233766232,0.0
315,1.2,50.0,1.0,DA-BALS-EWMA-Decay,616,68.18181818181817,3.0844155844155843,28.733766233766232,0.0
315,1.2,50.0,1.0,DA-BALS-Stabilized,616,68.18181818181817,3.0844155844155843,28.733766233766232,0.0
316,0.2,0.0,0.0,DA-BALS-EWMA,97,97.9381443298969,0.0,2.0618556701030926,0.0
316,0.2,0.0,0.0,DA-BALS-EWMA-Cap,97,97.9381443298969,0.0,2.0618556701030926,0.0
316,0.2,0.0,0.0,DA-BALS-EWMA-Decay,97,97.9381443298969,0.0,2.0618556701030926,0.0
316,0.2,0.0,0.0,DA-BALS-Stabilized,97,97.9381443298969,0.0,2.0618556701030926,0.0
316,0.2,0.0,0.5,DA-BALS-EWMA,97,97.9381443298969,0.0,2.0618556701030926,0.0
316,0.2,0.0,0.5,DA-BALS-EWMA-Cap,97,97.9381443298969,0.0,2.0618556701030926,0.0
316,0.2,0.0,0.5,DA-BALS-EWMA-Decay,97,97.9381443298969,0.0,2.0618556701030926,0.0
316,0.2,0.0,0.5,DA-BALS-Stabilized,97,97.9381443298969,0.0,2.0618556701030926,0.0
316,0.2,0.0,1.0,DA-BALS-EWMA,97,97.9381443298969,0.0,2.0618556701030926,0.0
316,0.2,0.0,1.0,DA-BALS-EWMA-Cap,97,97.9381443298969,0.0,2.0618556701030926,0.0
316,0.2,0.0,1.0,DA-BALS-EWMA-Decay,97,97.9381443298969,0.0,2.0618556701030926,0.0
316,0.2,0.0,1.0,DA-BALS-Stabilized,97,97.9381443298969,0.0,2.0618556701030926,0.0
316,0.2,10.0,0.0,DA-BALS-EWMA,97,97.9381443298969,0.0,2.0618556701030926,0.0
316,0.2,10.0,0.0,DA-BALS-EWMA-Cap,97,97.9381443298969,0.0,2.0618556701030926,0.0
316,0.2,10.0,0.0,DA-BALS-EWMA-Decay,97,97.9381443298969,0.0,2.0618556701030926,0.0
316,0.2,10.0,0.0,DA-BALS-Stabilized,97,97.9381443298969,0.0,2.0618556701030926,0.0
316,0.2,10.0,0.5,DA-BALS-EWMA,97,97.9381443298969,0.0,2.0618556701030926,0.0
316,0.2,10.0,0.5,DA-BALS-EWMA-Cap,97,97.9381443298969,0.0,2.0618556701030926,0.0
316,0.2,10.0,0.5,DA-BALS-EWMA-Decay,97,97.9381443298969,0.0,2.0618556701030926,0.0
316,0.2,10.0,0.5,DA-BALS-Stabilized,97,97.9381443298969,0.0,2.0618556701030926,0.0
316,0.2,10.0,1.0,DA-BALS-EWMA,97,97.9381443298969,0.0,2.0618556701030926,0.0
316,0.2,10.0,1.0,DA-BALS-EWMA-Cap,97,97.9381443298969,0.0,2.0618556701030926,0.0
316,0.2,10.0,1.0,DA-BALS-EWMA-Decay,97,97.9381443298969,0.0,2.0618556701030926,0.0
316,0.2,10.0,1.0,DA-BALS-Stabilized,97,97.9381443298969,0.0,2.0618556701030926,0.0
316,0.2,50.0,0.0,DA-BALS-EWMA,97,97.9381443298969,0.0,2.0618556701030926,0.0
316,0.2,50.0,0.0,DA-BALS-EWMA-Cap,97,97.9381443298969,0.0,2.0618556701030926,0.0
316,0.2,50.0,0.0,DA-BALS-EWMA-Decay,97,97.9381443298969,0.0,2.0618556701030926,0.0
316,0.2,50.0,0.0,DA-BALS-Stabilized,97,97.9381443298969,0.0,2.0618556701030926,0.0
316,0.2,50.0,0.5,DA-BALS-EWMA,97,97.9381443298969,0.0,2.0618556701030926,0.0
316,0.2,50.0,0.5,DA-BALS-EWMA-Cap,97,97.9381443298969,0.0,2.0618556701030926,0.0
316,0.2,50.0,0.5,DA-BALS-EWMA-Decay,97,97.9381443298969,0.0,2.0618556701030926,0.0
316,0.2,50.0,0.5,DA-BALS-Stabilized,97,97.9381443298969,0.0,2.0618556701030926,0.0
316,0.2,50.0,1.0,DA-BALS-EWMA,97,97.9381443298969,0.0,2.0618556701030926,0.0
316,0.2,50.0,1.0,DA-BALS-EWMA-Cap,97,97.9381443298969,0.0,2.0618556701030926,0.0
316,0.2,50.0,1.0,DA-BALS-EWMA-Decay,97,97.9381443298969,0.0,2.0618556701030926,0.0
316,0.2,50.0,1.0,DA-BALS-Stabilized,97,97.9381443298969,0.0,2.0618556701030926,0.0
316,0.4,0.0,0.0,DA-BALS-EWMA,202,95.04950495049505,0.49504950495049505,4.455445544554455,0.0
316,0.4,0.0,0.0,DA-BALS-EWMA-Cap,202,95.04950495049505,0.49504950495049505,4.455445544554455,0.0
316,0.4,0.0,0.0,DA-BALS-EWMA-Decay,202,95.04950495049505,0.49504950495049505,4.455445544554455,0.0
316,0.4,0.0,0.0,DA-BALS-Stabilized,202,95.04950495049505,0.49504950495049505,4.455445544554455,0.0
316,0.4,0.0,0.5,DA-BALS-EWMA,202,93.56435643564357,1.4851485148514851,4.9504950495049505,0.0
316,0.4,0.0,0.5,DA-BALS-EWMA-Cap,202,93.56435643564357,1.4851485148514851,4.9504950495049505,0.0
316,0.4,0.0,0.5,DA-BALS-EWMA-Decay,202,93.56435643564357,1.4851485148514851,4.9504950495049505,0.0
316,0.4,0.0,0.5,DA-BALS-Stabilized,202,93.56435643564357,1.4851485148514851,4.9504950495049505,0.0
316,0.4,0.0,1.0,DA-BALS-EWMA,202,90.5940594059406,2.9702970297029703,6.435643564356436,0.0
316,0.4,0.0,1.0,DA-BALS-EWMA-Cap,202,90.5940594059406,2.9702970297029703,6.435643564356436,0.0
316,0.4,0.0,1.0,DA-BALS-EWMA-Decay,202,90.5940594059406,2.9702970297029703,6.435643564356436,0.0
316,0.4,0.0,1.0,DA-BALS-Stabilized,202,90.5940594059406,2.9702970297029703,6.435643564356436,0.0
316,0.4,10.0,0.0,DA-BALS-EWMA,202,95.04950495049505,0.49504950495049505,4.455445544554455,0.0
316,0.4,10.0,0.0,DA-BALS-EWMA-Cap,202,95.04950495049505,0.49504950495049505,4.455445544554455,0.0
316,0.4,10.0,0.0,DA-BALS-EWMA-Decay,202,95.04950495049505,0.49504950495049505,4.455445544554455,0.0
316,0.4,10.0,0.0,DA-BALS-Stabilized,202,95.04950495049505,0.49504950495049505,4.455445544554455,0.0
316,0.4,10.0,0.5,DA-BALS-EWMA,202,93.56435643564357,1.4851485148514851,4.9504950495049505,0.0
316,0.4,10.0,0.5,DA-BALS-EWMA-Cap,202,93.56435643564357,1.4851485148514851,4.9504950495049505,0.0
316,0.4,10.0,0.5,DA-BALS-EWMA-Decay,202,93.56435643564357,1.4851485148514851,4.9504950495049505,0.0
316,0.4,10.0,0.5,DA-BALS-Stabilized,202,93.56435643564357,1.4851485148514851,4.9504950495049505,0.0
316,0.4,10.0,1.0,DA-BALS-EWMA,202,90.0990099009901,4.455445544554455,5.445544554455446,0.0
316,0.4,10.0,1.0,DA-BALS-EWMA-Cap,202,90.0990099009901,4.455445544554455,5.445544554455446,0.0
316,0.4,10.0,1.0,DA-BALS-EWMA-Decay,202,90.5940594059406,4.455445544554455,4.9504950495049505,0.0
316,0.4,10.0,1.0,DA-BALS-Stabilized,202,90.5940594059406,4.455445544554455,4.9504950495049505,0.0
316,0.4,50.0,0.0,DA-BALS-EWMA,202,95.04950495049505,0.49504950495049505,4.455445544554455,0.0
316,0.4,50.0,0.0,DA-BALS-EWMA-Cap,202,95.04950495049505,0.49504950495049505,4.455445544554455,0.0
316,0.4,50.0,0.0,DA-BALS-EWMA-Decay,202,95.04950495049505,0.49504950495049505,4.455445544554455,0.0
316,0.4,50.0,0.0,DA-BALS-Stabilized,202,95.04950495049505,0.49504950495049505,4.455445544554455,0.0
316,0.4,50.0,0.5,DA-BALS-EWMA,202,93.56435643564357,1.4851485148514851,4.9504950495049505,0.0
316,0.4,50.0,0.5,DA-BALS-EWMA-Cap,202,93.56435643564357,1.4851485148514851,4.9504950495049505,0.0
316,0.4,50.0,0.5,DA-BALS-EWMA-Decay,202,93.56435643564357,1.4851485148514851,4.9504950495049505,0.0
316,0.4,50.0,0.5,DA-BALS-Stabilized,202,93.56435643564357,1.4851485148514851,4.9504950495049505,0.0
316,0.4,50.0,1.0,DA-BALS-EWMA,202,90.0990099009901,4.455445544554455,5.445544554455446,0.0
316,0.4,50.0,1.0,DA-BALS-EWMA-Cap,202,90.0990099009901,4.455445544554455,5.445544554455446,0.0
316,0.4,50.0,1.0,DA-BALS-EWMA-Decay,202,90.5940594059406,4.455445544554455,4.9504950495049505,0.0
316,0.4,50.0,1.0,DA-BALS-Stabilized,202,90.5940594059406,4.455445544554455,4.9504950495049505,0.0
316,0.6,0.0,0.0,DA-BALS-EWMA,313,85.94249201277955,1.9169329073482428,12.140575079872203,0.0
316,0.6,0.0,0.0,DA-BALS-EWMA-Cap,313,85.94249201277955,1.9169329073482428,12.140575079872203,0.0
316,0.6,0.0,0.0,DA-BALS-EWMA-Decay,313,85.94249201277955,1.9169329073482428,12.140575079872203,0.0
316,0.6,0.0,0.0,DA-BALS-Stabilized,313,85.94249201277955,1.9169329073482428,12.140575079872203,0.0
316,0.6,0.0,0.5,DA-BALS-EWMA,313,85.3035143769968,1.9169329073482428,12.779552715654951,0.0
316,0.6,0.0,0.5,DA-BALS-EWMA-Cap,313,85.3035143769968,1.9169329073482428,12.779552715654951,0.0
316,0.6,0.0,0.5,DA-BALS-EWMA-Decay,313,85.62300319488818,1.9169329073482428,12.460063897763577,0.0
316,0.6,0.0,0.5,DA-BALS-Stabilized,313,85.62300319488818,1.9169329073482428,12.460063897763577,0.0
316,0.6,0.0,1.0,DA-BALS-EWMA,313,83.06709265175719,2.8753993610223643,14.057507987220447,0.0
316,0.6,0.0,1.0,DA-BALS-EWMA-Cap,313,83.06709265175719,2.8753993610223643,14.057507987220447,0.0
316,0.6,0.0,1.0,DA-BALS-EWMA-Decay,313,83.06709265175719,2.8753993610223643,14.057507987220447,0.0
316,0.6,0.0,1.0,DA-BALS-Stabilized,313,83.06709265175719,2.8753993610223643,14.057507987220447,0.0
316,0.6,10.0,0.0,DA-BALS-EWMA,313,85.94249201277955,1.9169329073482428,12.140575079872203,0.0
316,0.6,10.0,0.0,DA-BALS-EWMA-Cap,313,85.94249201277955,1.9169329073482428,12.140575079872203,0.0
316,0.6,10.0,0.0,DA-BALS-EWMA-Decay,313,85.94249201277955,1.9169329073482428,12.140575079872203,0.0
316,0.6,10.0,0.0,DA-BALS-Stabilized,313,85.94249201277955,1.9169329073482428,12.140575079872203,0.0
316,0.6,10.0,0.5,DA-BALS-EWMA,313,85.3035143769968,1.9169329073482428,12.779552715654951,0.0
316,0.6,10.0,0.5,DA-BALS-EWMA-Cap,313,85.3035143769968,1.9169329073482428,12.779552715654951,0.0
316,0.6,10.0,0.5,DA-BALS-EWMA-Decay,313,85.62300319488818,1.9169329073482428,12.460063897763577,0.0
316,0.6,10.0,0.5,DA-BALS-Stabilized,313,85.62300319488818,1.9169329073482428,12.460063897763577,0.0
316,0.6,10.0,1.0,DA-BALS-EWMA,313,83.06709265175719,2.8753993610223643,14.057507987220447,0.0
316,0.6,10.0,1.0,DA-BALS-EWMA-Cap,313,83.06709265175719,2.8753993610223643,14.057507987220447,0.0
316,0.6,10.0,1.0,DA-BALS-EWMA-Decay,313,83.06709265175719,2.8753993610223643,14.057507987220447,0.0
316,0.6,10.0,1.0,DA-BALS-Stabilized,313,83.06709265175719,2.8753993610223643,14.057507987220447,0.0
316,0.6,50.0,0.0,DA-BALS-EWMA,313,85.94249201277955,1.9169329073482428,12.140575079872203,0.0
316,0.6,50.0,0.0,DA-BALS-EWMA-Cap,313,85.94249201277955,1.9169329073482428,12.140575079872203,0.0
316,0.6,50.0,0.0,DA-BALS-EWMA-Decay,313,85.94249201277955,1.9169329073482428,12.140575079872203,0.0
316,0.6,50.0,0.0,DA-BALS-Stabilized,313,85.94249201277955,1.9169329073482428,12.140575079872203,0.0
316,0.6,50.0,0.5,DA-BALS-EWMA,313,85.3035143769968,1.9169329073482428,12.779552715654951,0.0
316,0.6,50.0,0.5,DA-BALS-EWMA-Cap,313,85.3035143769968,1.9169329073482428,12.779552715654951,0.0
316,0.6,50.0,0.5,DA-BALS-EWMA-Decay,313,85.62300319488818,1.9169329073482428,12.460063897763577,0.0
316,0.6,50.0,0.5,DA-BALS-Stabilized,313,85.62300319488818,1.9169329073482428,12.460063897763577,0.0
316,0.6,50.0,1.0,DA-BALS-EWMA,313,83.06709265175719,3.5143769968051117,13.418530351437699,0.0
316,0.6,50.0,1.0,DA-BALS-EWMA-Cap,313,83.06709265175719,3.5143769968051117,13.418530351437699,0.0
316,0.6,50.0,1.0,DA-BALS-EWMA-Decay,313,83.06709265175719,3.5143769968051117,13.418530351437699,0.0
316,0.6,50.0,1.0,DA-BALS-Stabilized,313,83.06709265175719,3.5143769968051117,13.418530351437699,0.0
316,0.8,0.0,0.0,DA-BALS-EWMA,416,83.89423076923077,0.9615384615384616,15.144230769230768,0.0
316,0.8,0.0,0.0,DA-BALS-EWMA-Cap,416,83.89423076923077,0.9615384615384616,15.144230769230768,0.0
316,0.8,0.0,0.0,DA-BALS-EWMA-Decay,416,83.89423076923077,0.9615384615384616,15.144230769230768,0.0
316,0.8,0.0,0.0,DA-BALS-Stabilized,416,83.89423076923077,0.9615384615384616,15.144230769230768,0.0
316,0.8,0.0,0.5,DA-BALS-EWMA,416,83.89423076923077,0.4807692307692308,15.625,0.0
316,0.8,0.0,0.5,DA-BALS-EWMA-Cap,416,83.89423076923077,0.4807692307692308,15.625,0.0
316,0.8,0.0,0.5,DA-BALS-EWMA-Decay,416,83.65384615384616,0.7211538461538461,15.625,0.0
316,0.8,0.0,0.5,DA-BALS-Stabilized,416,83.65384615384616,0.7211538461538461,15.625,0.0
316,0.8,0.0,1.0,DA-BALS-EWMA,416,82.9326923076923,1.201923076923077,15.865384615384615,0.0
316,0.8,0.0,1.0,DA-BALS-EWMA-Cap,416,82.9326923076923,1.201923076923077,15.865384615384615,0.0
316,0.8,0.0,1.0,DA-BALS-EWMA-Decay,416,82.9326923076923,1.201923076923077,15.865384615384615,0.0
316,0.8,0.0,1.0,DA-BALS-Stabilized,416,82.9326923076923,1.201923076923077,15.865384615384615,0.0
316,0.8,10.0,0.0,DA-BALS-EWMA,416,83.89423076923077,0.9615384615384616,15.144230769230768,0.0
316,0.8,10.0,0.0,DA-BALS-EWMA-Cap,416,83.89423076923077,0.9615384615384616,15.144230769230768,0.0
316,0.8,10.0,0.0,DA-BALS-EWMA-Decay,416,83.89423076923077,0.9615384615384616,15.144230769230768,0.0
316,0.8,10.0,0.0,DA-BALS-Stabilized,416,83.89423076923077,0.9615384615384616,15.144230769230768,0.0
316,0.8,10.0,0.5,DA-BALS-EWMA,416,83.89423076923077,0.4807692307692308,15.625,0.0
316,0.8,10.0,0.5,DA-BALS-EWMA-Cap,416,83.89423076923077,0.4807692307692308,15.625,0.0
316,0.8,10.0,0.5,DA-BALS-EWMA-Decay,416,83.65384615384616,0.7211538461538461,15.625,0.0
316,0.8,10.0,0.5,DA-BALS-Stabilized,416,83.65384615384616,0.7211538461538461,15.625,0.0
316,0.8,10.0,1.0,DA-BALS-EWMA,416,82.9326923076923,1.201923076923077,15.865384615384615,0.0
316,0.8,10.0,1.0,DA-BALS-EWMA-Cap,416,82.9326923076923,1.201923076923077,15.865384615384615,0.0
316,0.8,10.0,1.0,DA-BALS-EWMA-Decay,416,82.9326923076923,1.201923076923077,15.865384615384615,0.0
316,0.8,10.0,1.0,DA-BALS-Stabilized,416,82.9326923076923,1.201923076923077,15.865384615384615,0.0
316,0.8,50.0,0.0,DA-BALS-EWMA,416,83.89423076923077,0.9615384615384616,15.144230769230768,0.0
316,0.8,50.0,0.0,DA-BALS-EWMA-Cap,416,83.89423076923077,0.9615384615384616,15.144230769230768,0.0
316,0.8,50.0,0.0,DA-BALS-EWMA-Decay,416,83.89423076923077,0.9615384615384616,15.144230769230768,0.0
316,0.8,50.0,0.0,DA-BALS-Stabilized,416,83.89423076923077,0.9615384615384616,15.144230769230768,0.0
316,0.8,50.0,0.5,DA-BALS-EWMA,416,83.89423076923077,0.4807692307692308,15.625,0.0
316,0.8,50.0,0.5,DA-BALS-EWMA-Cap,416,83.89423076923077,0.4807692307692308,15.625,0.0
316,0.8,50.0,0.5,DA-BALS-EWMA-Decay,416,83.65384615384616,0.7211538461538461,15.625,0.0
316,0.8,50.0,0.5,DA-BALS-Stabilized,416,83.65384615384616,0.7211538461538461,15.625,0.0
316,0.8,50.0,1.0,DA-BALS-EWMA,416,82.9326923076923,1.201923076923077,15.865384615384615,0.0
316,0.8,50.0,1.0,DA-BALS-EWMA-Cap,416,82.9326923076923,1.201923076923077,15.865384615384615,0.0
316,0.8,50.0,1.0,DA-BALS-EWMA-Decay,416,82.9326923076923,1.201923076923077,15.865384615384615,0.0
316,0.8,50.0,1.0,DA-BALS-Stabilized,416,82.9326923076923,1.201923076923077,15.865384615384615,0.0
316,1.0,0.0,0.0,DA-BALS-EWMA,507,79.88165680473372,0.39447731755424065,19.723865877712033,0.0
316,1.0,0.0,0.0,DA-BALS-EWMA-Cap,507,79.88165680473372,0.39447731755424065,19.723865877712033,0.0
316,1.0,0.0,0.0,DA-BALS-EWMA-Decay,507,79.88165680473372,0.39447731755424065,19.723865877712033,0.0
316,1.0,0.0,0.0,DA-BALS-Stabilized,507,79.88165680473372,0.39447731755424065,19.723865877712033,0.0
316,1.0,0.0,0.5,DA-BALS-EWMA,507,78.69822485207101,1.183431952662722,20.118343195266274,0.0
316,1.0,0.0,0.5,DA-BALS-EWMA-Cap,507,78.69822485207101,1.183431952662722,20.118343195266274,0.0
316,1.0,0.0,0.5,DA-BALS-EWMA-Decay,507,78.69822485207101,1.183431952662722,20.118343195266274,0.0
316,1.0,0.0,0.5,DA-BALS-Stabilized,507,78.69822485207101,1.183431952662722,20.118343195266274,0.0
316,1.0,0.0,1.0,DA-BALS-EWMA,507,76.72583826429981,2.7613412228796843,20.51282051282051,0.0
316,1.0,0.0,1.0,DA-BALS-EWMA-Cap,507,76.72583826429981,2.7613412228796843,20.51282051282051,0.0
316,1.0,0.0,1.0,DA-BALS-EWMA-Decay,507,76.72583826429981,2.7613412228796843,20.51282051282051,0.0
316,1.0,0.0,1.0,DA-BALS-Stabilized,507,76.72583826429981,2.7613412228796843,20.51282051282051,0.0
316,1.0,10.0,0.0,DA-BALS-EWMA,507,79.88165680473372,0.39447731755424065,19.723865877712033,0.0
316,1.0,10.0,0.0,DA-BALS-EWMA-Cap,507,79.88165680473372,0.39447731755424065,19.723865877712033,0.0
316,1.0,10.0,0.0,DA-BALS-EWMA-Decay,507,79.88165680473372,0.39447731755424065,19.723865877712033,0.0
316,1.0,10.0,0.0,DA-BALS-Stabilized,507,79.88165680473372,0.39447731755424065,19.723865877712033,0.0
316,1.0,10.0,0.5,DA-BALS-EWMA,507,78.69822485207101,1.183431952662722,20.118343195266274,0.0
316,1.0,10.0,0.5,DA-BALS-EWMA-Cap,507,78.69822485207101,1.183431952662722,20.118343195266274,0.0
316,1.0,10.0,0.5,DA-BALS-EWMA-Decay,507,78.69822485207101,1.183431952662722,20.118343195266274,0.0
316,1.0,10.0,0.5,DA-BALS-Stabilized,507,78.69822485207101,1.183431952662722,20.118343195266274,0.0
316,1.0,10.0,1.0,DA-BALS-EWMA,507,76.52859960552269,3.353057199211045,20.118343195266274,0.0
316,1.0,10.0,1.0,DA-BALS-EWMA-Cap,507,76.52859960552269,3.353057199211045,20.118343195266274,0.0
316,1.0,10.0,1.0,DA-BALS-EWMA-Decay,507,76.13412228796844,3.7475345167652856,20.118343195266274,0.0
316,1.0,10.0,1.0,DA-BALS-Stabilized,507,76.13412228796844,3.7475345167652856,20.118343195266274,0.0
316,1.0,50.0,0.0,DA-BALS-EWMA,507,79.88165680473372,0.39447731755424065,19.723865877712033,0.0
316,1.0,50.0,0.0,DA-BALS-EWMA-Cap,507,79.88165680473372,0.39447731755424065,19.723865877712033,0.0
316,1.0,50.0,0.0,DA-BALS-EWMA-Decay,507,79.88165680473372,0.39447731755424065,19.723865877712033,0.0
316,1.0,50.0,0.0,DA-BALS-Stabilized,507,79.88165680473372,0.39447731755424065,19.723865877712033,0.0
316,1.0,50.0,0.5,DA-BALS-EWMA,507,78.69822485207101,1.183431952662722,20.118343195266274,0.0
316,1.0,50.0,0.5,DA-BALS-EWMA-Cap,507,78.69822485207101,1.183431952662722,20.118343195266274,0.0
316,1.0,50.0,0.5,DA-BALS-EWMA-Decay,507,78.69822485207101,1.183431952662722,20.118343195266274,0.0
316,1.0,50.0,0.5,DA-BALS-Stabilized,507,78.69822485207101,1.183431952662722,20.118343195266274,0.0
316,1.0,50.0,1.0,DA-BALS-EWMA,507,76.52859960552269,3.155818540433925,20.315581854043394,0.0
316,1.0,50.0,1.0,DA-BALS-EWMA-Cap,507,76.52859960552269,3.155818540433925,20.315581854043394,0.0
316,1.0,50.0,1.0,DA-BALS-EWMA-Decay,507,76.52859960552269,3.155818540433925,20.315581854043394,0.0
316,1.0,50.0,1.0,DA-BALS-Stabilized,507,76.52859960552269,3.155818540433925,20.315581854043394,0.0
316,1.2,0.0,0.0,DA-BALS-EWMA,553,77.75768535262206,0.18083182640144665,22.06148282097649,0.0
316,1.2,0.0,0.0,DA-BALS-EWMA-Cap,553,77.75768535262206,0.18083182640144665,22.06148282097649,0.0
316,1.2,0.0,0.0,DA-BALS-EWMA-Decay,553,77.75768535262206,0.18083182640144665,22.06148282097649,0.0
316,1.2,0.0,0.0,DA-BALS-Stabilized,553,77.75768535262206,0.18083182640144665,22.06148282097649,0.0
316,1.2,0.0,0.5,DA-BALS-EWMA,553,75.9493670886076,1.62748643761302,22.423146473779383,0.0
316,1.2,0.0,0.5,DA-BALS-EWMA-Cap,553,75.9493670886076,1.62748643761302,22.423146473779383,0.0
316,1.2,0.0,0.5,DA-BALS-EWMA-Decay,553,75.9493670886076,1.62748643761302,22.423146473779383,0.0
316,1.2,0.0,0.5,DA-BALS-Stabilized,553,75.9493670886076,1.62748643761302,22.423146473779383,0.0
316,1.2,0.0,1.0,DA-BALS-EWMA,553,74.14104882459313,3.074141048824593,22.78481012658228,0.0
316,1.2,0.0,1.0,DA-BALS-EWMA-Cap,553,74.14104882459313,3.074141048824593,22.78481012658228,0.0
316,1.2,0.0,1.0,DA-BALS-EWMA-Decay,553,74.32188065099457,3.074141048824593,22.60397830018083,0.0
316,1.2,0.0,1.0,DA-BALS-Stabilized,553,74.32188065099457,3.074141048824593,22.60397830018083,0.0
316,1.2,10.0,0.0,DA-BALS-EWMA,553,77.75768535262206,0.18083182640144665,22.06148282097649,0.0
316,1.2,10.0,0.0,DA-BALS-EWMA-Cap,553,77.75768535262206,0.18083182640144665,22.06148282097649,0.0
316,1.2,10.0,0.0,DA-BALS-EWMA-Decay,553,77.75768535262206,0.18083182640144665,22.06148282097649,0.0
316,1.2,10.0,0.0,DA-BALS-Stabilized,553,77.75768535262206,0.18083182640144665,22.06148282097649,0.0
316,1.2,10.0,0.5,DA-BALS-EWMA,553,75.9493670886076,1.62748643761302,22.423146473779383,0.0
316,1.2,10.0,0.5,DA-BALS-EWMA-Cap,553,75.9493670886076,1.62748643761302,22.423146473779383,0.0
316,1.2,10.0,0.5,DA-BALS-EWMA-Decay,553,75.9493670886076,1.62748643761302,22.423146473779383,0.0
316,1.2,10.0,0.5,DA-BALS-Stabilized,553,75.9493670886076,1.62748643761302,22.423146473779383,0.0
316,1.2,10.0,1.0,DA-BALS-EWMA,553,74.14104882459313,3.074141048824593,22.78481012658228,0.0
316,1.2,10.0,1.0,DA-BALS-EWMA-Cap,553,74.14104882459313,3.074141048824593,22.78481012658228,0.0
316,1.2,10.0,1.0,DA-BALS-EWMA-Decay,553,74.32188065099457,3.074141048824593,22.60397830018083,0.0
316,1.2,10.0,1.0,DA-BALS-Stabilized,553,74.32188065099457,3.074141048824593,22.60397830018083,0.0
316,1.2,50.0,0.0,DA-BALS-EWMA,553,77.75768535262206,0.18083182640144665,22.06148282097649,0.0
316,1.2,50.0,0.0,DA-BALS-EWMA-Cap,553,77.75768535262206,0.18083182640144665,22.06148282097649,0.0
316,1.2,50.0,0.0,DA-BALS-EWMA-Decay,553,77.75768535262206,0.18083182640144665,22.06148282097649,0.0
316,1.2,50.0,0.0,DA-BALS-Stabilized,553,77.75768535262206,0.18083182640144665,22.06148282097649,0.0
316,1.2,50.0,0.5,DA-BALS-EWMA,553,75.9493670886076,1.62748643761302,22.423146473779383,0.0
316,1.2,50.0,0.5,DA-BALS-EWMA-Cap,553,75.9493670886076,1.62748643761302,22.423146473779383,0.0
316,1.2,50.0,0.5,DA-BALS-EWMA-Decay,553,75.9493670886076,1.62748643761302,22.423146473779383,0.0
316,1.2,50.0,0.5,DA-BALS-Stabilized,553,75.9493670886076,1.62748643761302,22.423146473779383,0.0
316,1.2,50.0,1.0,DA-BALS-EWMA,553,74.14104882459313,3.074141048824593,22.78481012658228,0.0
316,1.2,50.0,1.0,DA-BALS-EWMA-Cap,553,74.14104882459313,3.074141048824593,22.78481012658228,0.0
316,1.2,50.0,1.0,DA-BALS-EWMA-Decay,553,74.32188065099457,3.074141048824593,22.60397830018083,0.0
316,1.2,50.0,1.0,DA-BALS-Stabilized,553,74.32188065099457,3.074141048824593,22.60397830018083,0.0
317,0.2,0.0,0.0,DA-BALS-EWMA,102,95.09803921568627,0.0,4.901960784313726,0.0
317,0.2,0.0,0.0,DA-BALS-EWMA-Cap,102,95.09803921568627,0.0,4.901960784313726,0.0
317,0.2,0.0,0.0,DA-BALS-EWMA-Decay,102,95.09803921568627,0.0,4.901960784313726,0.0
317,0.2,0.0,0.0,DA-BALS-Stabilized,102,95.09803921568627,0.0,4.901960784313726,0.0
317,0.2,0.0,0.5,DA-BALS-EWMA,102,94.11764705882352,0.9803921568627451,4.901960784313726,0.0
317,0.2,0.0,0.5,DA-BALS-EWMA-Cap,102,94.11764705882352,0.9803921568627451,4.901960784313726,0.0
317,0.2,0.0,0.5,DA-BALS-EWMA-Decay,102,94.11764705882352,0.9803921568627451,4.901960784313726,0.0
317,0.2,0.0,0.5,DA-BALS-Stabilized,102,94.11764705882352,0.9803921568627451,4.901960784313726,0.0
317,0.2,0.0,1.0,DA-BALS-EWMA,102,90.19607843137256,1.9607843137254901,7.8431372549019605,0.0
317,0.2,0.0,1.0,DA-BALS-EWMA-Cap,102,90.19607843137256,1.9607843137254901,7.8431372549019605,0.0
317,0.2,0.0,1.0,DA-BALS-EWMA-Decay,102,90.19607843137256,1.9607843137254901,7.8431372549019605,0.0
317,0.2,0.0,1.0,DA-BALS-Stabilized,102,90.19607843137256,1.9607843137254901,7.8431372549019605,0.0
317,0.2,10.0,0.0,DA-BALS-EWMA,102,95.09803921568627,0.0,4.901960784313726,0.0
317,0.2,10.0,0.0,DA-BALS-EWMA-Cap,102,95.09803921568627,0.0,4.901960784313726,0.0
317,0.2,10.0,0.0,DA-BALS-EWMA-Decay,102,95.09803921568627,0.0,4.901960784313726,0.0
317,0.2,10.0,0.0,DA-BALS-Stabilized,102,95.09803921568627,0.0,4.901960784313726,0.0
317,0.2,10.0,0.5,DA-BALS-EWMA,102,94.11764705882352,0.9803921568627451,4.901960784313726,0.0
317,0.2,10.0,0.5,DA-BALS-EWMA-Cap,102,94.11764705882352,0.9803921568627451,4.901960784313726,0.0
317,0.2,10.0,0.5,DA-BALS-EWMA-Decay,102,94.11764705882352,0.9803921568627451,4.901960784313726,0.0
317,0.2,10.0,0.5,DA-BALS-Stabilized,102,94.11764705882352,0.9803921568627451,4.901960784313726,0.0
317,0.2,10.0,1.0,DA-BALS-EWMA,102,91.17647058823529,1.9607843137254901,6.862745098039216,0.0
317,0.2,10.0,1.0,DA-BALS-EWMA-Cap,102,91.17647058823529,1.9607843137254901,6.862745098039216,0.0
317,0.2,10.0,1.0,DA-BALS-EWMA-Decay,102,91.17647058823529,1.9607843137254901,6.862745098039216,0.0
317,0.2,10.0,1.0,DA-BALS-Stabilized,102,91.17647058823529,1.9607843137254901,6.862745098039216,0.0
317,0.2,50.0,0.0,DA-BALS-EWMA,102,95.09803921568627,0.0,4.901960784313726,0.0
317,0.2,50.0,0.0,DA-BALS-EWMA-Cap,102,95.09803921568627,0.0,4.901960784313726,0.0
317,0.2,50.0,0.0,DA-BALS-EWMA-Decay,102,95.09803921568627,0.0,4.901960784313726,0.0
317,0.2,50.0,0.0,DA-BALS-Stabilized,102,95.09803921568627,0.0,4.901960784313726,0.0
317,0.2,50.0,0.5,DA-BALS-EWMA,102,94.11764705882352,0.9803921568627451,4.901960784313726,0.0
317,0.2,50.0,0.5,DA-BALS-EWMA-Cap,102,94.11764705882352,0.9803921568627451,4.901960784313726,0.0
317,0.2,50.0,0.5,DA-BALS-EWMA-Decay,102,94.11764705882352,0.9803921568627451,4.901960784313726,0.0
317,0.2,50.0,0.5,DA-BALS-Stabilized,102,94.11764705882352,0.9803921568627451,4.901960784313726,0.0
317,0.2,50.0,1.0,DA-BALS-EWMA,102,91.17647058823529,3.9215686274509802,4.901960784313726,0.0
317,0.2,50.0,1.0,DA-BALS-EWMA-Cap,102,91.17647058823529,3.9215686274509802,4.901960784313726,0.0
317,0.2,50.0,1.0,DA-BALS-EWMA-Decay,102,91.17647058823529,3.9215686274509802,4.901960784313726,0.0
317,0.2,50.0,1.0,DA-BALS-Stabilized,102,91.17647058823529,3.9215686274509802,4.901960784313726,0.0
317,0.4,0.0,0.0,DA-BALS-EWMA,201,93.53233830845771,0.0,6.467661691542288,0.0
317,0.4,0.0,0.0,DA-BALS-EWMA-Cap,201,93.53233830845771,0.0,6.467661691542288,0.0
317,0.4,0.0,0.0,DA-BALS-EWMA-Decay,201,93.53233830845771,0.0,6.467661691542288,0.0
317,0.4,0.0,0.0,DA-BALS-Stabilized,201,93.53233830845771,0.0,6.467661691542288,0.0
317,0.4,0.0,0.5,DA-BALS-EWMA,201,92.03980099502488,1.4925373134328357,6.467661691542288,0.0
317,0.4,0.0,0.5,DA-BALS-EWMA-Cap,201,92.03980099502488,1.4925373134328357,6.467661691542288,0.0
317,0.4,0.0,0.5,DA-BALS-EWMA-Decay,201,92.03980099502488,1.4925373134328357,6.467661691542288,0.0
317,0.4,0.0,0.5,DA-BALS-Stabilized,201,92.03980099502488,1.4925373134328357,6.467661691542288,0.0
317,0.4,0.0,1.0,DA-BALS-EWMA,201,91.04477611940298,2.4875621890547266,6.467661691542288,0.0
317,0.4,0.0,1.0,DA-BALS-EWMA-Cap,201,91.04477611940298,2.4875621890547266,6.467661691542288,0.0
317,0.4,0.0,1.0,DA-BALS-EWMA-Decay,201,91.04477611940298,2.4875621890547266,6.467661691542288,0.0
317,0.4,0.0,1.0,DA-BALS-Stabilized,201,91.04477611940298,2.4875621890547266,6.467661691542288,0.0
317,0.4,10.0,0.0,DA-BALS-EWMA,201,93.53233830845771,0.0,6.467661691542288,0.0
317,0.4,10.0,0.0,DA-BALS-EWMA-Cap,201,93.53233830845771,0.0,6.467661691542288,0.0
317,0.4,10.0,0.0,DA-BALS-EWMA-Decay,201,93.53233830845771,0.0,6.467661691542288,0.0
317,0.4,10.0,0.0,DA-BALS-Stabilized,201,93.53233830845771,0.0,6.467661691542288,0.0
317,0.4,10.0,0.5,DA-BALS-EWMA,201,92.03980099502488,1.4925373134328357,6.467661691542288,0.0
317,0.4,10.0,0.5,DA-BALS-EWMA-Cap,201,92.03980099502488,1.4925373134328357,6.467661691542288,0.0
317,0.4,10.0,0.5,DA-BALS-EWMA-Decay,201,92.03980099502488,1.4925373134328357,6.467661691542288,0.0
317,0.4,10.0,0.5,DA-BALS-Stabilized,201,92.03980099502488,1.4925373134328357,6.467661691542288,0.0
317,0.4,10.0,1.0,DA-BALS-EWMA,201,91.04477611940298,2.4875621890547266,6.467661691542288,0.0
317,0.4,10.0,1.0,DA-BALS-EWMA-Cap,201,91.04477611940298,2.4875621890547266,6.467661691542288,0.0
317,0.4,10.0,1.0,DA-BALS-EWMA-Decay,201,91.04477611940298,2.4875621890547266,6.467661691542288,0.0
317,0.4,10.0,1.0,DA-BALS-Stabilized,201,91.04477611940298,2.4875621890547266,6.467661691542288,0.0
317,0.4,50.0,0.0,DA-BALS-EWMA,201,93.53233830845771,0.0,6.467661691542288,0.0
317,0.4,50.0,0.0,DA-BALS-EWMA-Cap,201,93.53233830845771,0.0,6.467661691542288,0.0
317,0.4,50.0,0.0,DA-BALS-EWMA-Decay,201,93.53233830845771,0.0,6.467661691542288,0.0
317,0.4,50.0,0.0,DA-BALS-Stabilized,201,93.53233830845771,0.0,6.467661691542288,0.0
317,0.4,50.0,0.5,DA-BALS-EWMA,201,92.03980099502488,1.4925373134328357,6.467661691542288,0.0
317,0.4,50.0,0.5,DA-BALS-EWMA-Cap,201,92.03980099502488,1.4925373134328357,6.467661691542288,0.0
317,0.4,50.0,0.5,DA-BALS-EWMA-Decay,201,92.03980099502488,1.4925373134328357,6.467661691542288,0.0
317,0.4,50.0,0.5,DA-BALS-Stabilized,201,92.03980099502488,1.4925373134328357,6.467661691542288,0.0
317,0.4,50.0,1.0,DA-BALS-EWMA,201,91.04477611940298,2.4875621890547266,6.467661691542288,0.0
317,0.4,50.0,1.0,DA-BALS-EWMA-Cap,201,91.04477611940298,2.4875621890547266,6.467661691542288,0.0
317,0.4,50.0,1.0,DA-BALS-EWMA-Decay,201,91.04477611940298,2.4875621890547266,6.467661691542288,0.0
317,0.4,50.0,1.0,DA-BALS-Stabilized,201,91.04477611940298,2.4875621890547266,6.467661691542288,0.0
317,0.6,0.0,0.0,DA-BALS-EWMA,283,90.81272084805654,0.35335689045936397,8.8339222614841,0.0
317,0.6,0.0,0.0,DA-BALS-EWMA-Cap,283,90.81272084805654,0.35335689045936397,8.8339222614841,0.0
317,0.6,0.0,0.0,DA-BALS-EWMA-Decay,283,90.81272084805654,0.35335689045936397,8.8339222614841,0.0
317,0.6,0.0,0.0,DA-BALS-Stabilized,283,90.81272084805654,0.35335689045936397,8.8339222614841,0.0
317,0.6,0.0,0.5,DA-BALS-EWMA,283,88.33922261484098,2.4734982332155475,9.187279151943462,0.0
317,0.6,0.0,0.5,DA-BALS-EWMA-Cap,283,88.33922261484098,2.4734982332155475,9.187279151943462,0.0
317,0.6,0.0,0.5,DA-BALS-EWMA-Decay,283,88.33922261484098,2.4734982332155475,9.187279151943462,0.0
317,0.6,0.0,0.5,DA-BALS-Stabilized,283,88.33922261484098,2.4734982332155475,9.187279151943462,0.0
317,0.6,0.0,1.0,DA-BALS-EWMA,283,86.92579505300353,2.4734982332155475,10.60070671378092,0.0
317,0.6,0.0,1.0,DA-BALS-EWMA-Cap,283,86.92579505300353,2.4734982332155475,10.60070671378092,0.0
317,0.6,0.0,1.0,DA-BALS-EWMA-Decay,283,87.27915194346289,3.180212014134275,9.540636042402827,0.0
317,0.6,0.0,1.0,DA-BALS-Stabilized,283,87.27915194346289,3.180212014134275,9.540636042402827,0.0
317,0.6,10.0,0.0,DA-BALS-EWMA,283,90.81272084805654,0.35335689045936397,8.8339222614841,0.0
317,0.6,10.0,0.0,DA-BALS-EWMA-Cap,283,90.81272084805654,0.35335689045936397,8.8339222614841,0.0
317,0.6,10.0,0.0,DA-BALS-EWMA-Decay,283,90.81272084805654,0.35335689045936397,8.8339222614841,0.0
317,0.6,10.0,0.0,DA-BALS-Stabilized,283,90.81272084805654,0.35335689045936397,8.8339222614841,0.0
317,0.6,10.0,0.5,DA-BALS-EWMA,283,88.33922261484098,2.4734982332155475,9.187279151943462,0.0
317,0.6,10.0,0.5,DA-BALS-EWMA-Cap,283,88.33922261484098,2.4734982332155475,9.187279151943462,0.0
317,0.6,10.0,0.5,DA-BALS-EWMA-Decay,283,88.33922261484098,2.4734982332155475,9.187279151943462,0.0
317,0.6,10.0,0.5,DA-BALS-Stabilized,283,88.33922261484098,2.4734982332155475,9.187279151943462,0.0
317,0.6,10.0,1.0,DA-BALS-EWMA,283,86.57243816254417,2.4734982332155475,10.954063604240282,0.0
317,0.6,10.0,1.0,DA-BALS-EWMA-Cap,283,86.57243816254417,2.4734982332155475,10.954063604240282,0.0
317,0.6,10.0,1.0,DA-BALS-EWMA-Decay,283,87.27915194346289,3.180212014134275,9.540636042402827,0.0
317,0.6,10.0,1.0,DA-BALS-Stabilized,283,87.27915194346289,3.180212014134275,9.540636042402827,0.0
317,0.6,50.0,0.0,DA-BALS-EWMA,283,90.81272084805654,0.35335689045936397,8.8339222614841,0.0
317,0.6,50.0,0.0,DA-BALS-EWMA-Cap,283,90.81272084805654,0.35335689045936397,8.8339222614841,0.0
317,0.6,50.0,0.0,DA-BALS-EWMA-Decay,283,90.81272084805654,0.35335689045936397,8.8339222614841,0.0
317,0.6,50.0,0.0,DA-BALS-Stabilized,283,90.81272084805654,0.35335689045936397,8.8339222614841,0.0
317,0.6,50.0,0.5,DA-BALS-EWMA,283,88.33922261484098,2.4734982332155475,9.187279151943462,0.0
317,0.6,50.0,0.5,DA-BALS-EWMA-Cap,283,88.33922261484098,2.4734982332155475,9.187279151943462,0.0
317,0.6,50.0,0.5,DA-BALS-EWMA-Decay,283,88.33922261484098,2.4734982332155475,9.187279151943462,0.0
317,0.6,50.0,0.5,DA-BALS-Stabilized,283,88.33922261484098,2.4734982332155475,9.187279151943462,0.0
317,0.6,50.0,1.0,DA-BALS-EWMA,283,86.57243816254417,2.4734982332155475,10.954063604240282,0.0
317,0.6,50.0,1.0,DA-BALS-EWMA-Cap,283,86.57243816254417,2.4734982332155475,10.954063604240282,0.0
317,0.6,50.0,1.0,DA-BALS-EWMA-Decay,283,87.27915194346289,3.180212014134275,9.540636042402827,0.0
317,0.6,50.0,1.0,DA-BALS-Stabilized,283,87.27915194346289,3.180212014134275,9.540636042402827,0.0
317,0.8,0.0,0.0,DA-BALS-EWMA,406,83.99014778325123,0.7389162561576355,15.270935960591133,0.0
317,0.8,0.0,0.0,DA-BALS-EWMA-Cap,406,83.99014778325123,0.7389162561576355,15.270935960591133,0.0
317,0.8,0.0,0.0,DA-BALS-EWMA-Decay,406,83.99014778325123,0.9852216748768473,15.024630541871922,0.0
317,0.8,0.0,0.0,DA-BALS-Stabilized,406,83.99014778325123,0.9852216748768473,15.024630541871922,0.0
317,0.8,0.0,0.5,DA-BALS-EWMA,406,82.75862068965517,1.2315270935960592,16.00985221674877,0.0
317,0.8,0.0,0.5,DA-BALS-EWMA-Cap,406,82.75862068965517,1.2315270935960592,16.00985221674877,0.0
317,0.8,0.0,0.5,DA-BALS-EWMA-Decay,406,83.00492610837439,1.2315270935960592,15.763546798029557,0.0
317,0.8,0.0,0.5,DA-BALS-Stabilized,406,83.00492610837439,1.2315270935960592,15.763546798029557,0.0
317,0.8,0.0,1.0,DA-BALS-EWMA,406,79.06403940886699,3.6945812807881775,17.24137931034483,0.0
317,0.8,0.0,1.0,DA-BALS-EWMA-Cap,406,79.06403940886699,3.6945812807881775,17.24137931034483,0.0
317,0.8,0.0,1.0,DA-BALS-EWMA-Decay,406,79.55665024630541,3.4482758620689653,16.995073891625616,0.0
317,0.8,0.0,1.0,DA-BALS-Stabilized,406,79.55665024630541,3.4482758620689653,16.995073891625616,0.0
317,0.8,10.0,0.0,DA-BALS-EWMA,406,83.99014778325123,0.7389162561576355,15.270935960591133,0.0
317,0.8,10.0,0.0,DA-BALS-EWMA-Cap,406,83.99014778325123,0.7389162561576355,15.270935960591133,0.0
317,0.8,10.0,0.0,DA-BALS-EWMA-Decay,406,83.99014778325123,0.9852216748768473,15.024630541871922,0.0
317,0.8,10.0,0.0,DA-BALS-Stabilized,406,83.99014778325123,0.9852216748768473,15.024630541871922,0.0
317,0.8,10.0,0.5,DA-BALS-EWMA,406,82.75862068965517,1.2315270935960592,16.00985221674877,0.0
317,0.8,10.0,0.5,DA-BALS-EWMA-Cap,406,82.75862068965517,1.2315270935960592,16.00985221674877,0.0
317,0.8,10.0,0.5,DA-BALS-EWMA-Decay,406,83.00492610837439,1.2315270935960592,15.763546798029557,0.0
317,0.8,10.0,0.5,DA-BALS-Stabilized,406,83.00492610837439,1.2315270935960592,15.763546798029557,0.0
317,0.8,10.0,1.0,DA-BALS-EWMA,406,78.57142857142857,4.679802955665025,16.748768472906402,0.0
317,0.8,10.0,1.0,DA-BALS-EWMA-Cap,406,78.57142857142857,4.679802955665025,16.748768472906402,0.0
317,0.8,10.0,1.0,DA-BALS-EWMA-Decay,406,78.81773399014779,4.679802955665025,16.502463054187192,0.0
317,0.8,10.0,1.0,DA-BALS-Stabilized,406,78.81773399014779,4.679802955665025,16.502463054187192,0.0
317,0.8,50.0,0.0,DA-BALS-EWMA,406,83.99014778325123,0.7389162561576355,15.270935960591133,0.0
317,0.8,50.0,0.0,DA-BALS-EWMA-Cap,406,83.99014778325123,0.7389162561576355,15.270935960591133,0.0
317,0.8,50.0,0.0,DA-BALS-EWMA-Decay,406,83.99014778325123,0.9852216748768473,15.024630541871922,0.0
317,0.8,50.0,0.0,DA-BALS-Stabilized,406,83.99014778325123,0.9852216748768473,15.024630541871922,0.0
317,0.8,50.0,0.5,DA-BALS-EWMA,406,82.75862068965517,1.2315270935960592,16.00985221674877,0.0
317,0.8,50.0,0.5,DA-BALS-EWMA-Cap,406,82.75862068965517,1.2315270935960592,16.00985221674877,0.0
317,0.8,50.0,0.5,DA-BALS-EWMA-Decay,406,83.00492610837439,1.2315270935960592,15.763546798029557,0.0
317,0.8,50.0,0.5,DA-BALS-Stabilized,406,83.00492610837439,1.2315270935960592,15.763546798029557,0.0
317,0.8,50.0,1.0,DA-BALS-EWMA,406,78.57142857142857,4.926108374384237,16.502463054187192,0.0
317,0.8,50.0,1.0,DA-BALS-EWMA-Cap,406,78.57142857142857,4.926108374384237,16.502463054187192,0.0
317,0.8,50.0,1.0,DA-BALS-EWMA-Decay,406,78.81773399014779,4.926108374384237,16.25615763546798,0.0
317,0.8,50.0,1.0,DA-BALS-Stabilized,406,78.81773399014779,4.926108374384237,16.25615763546798,0.0
317,1.0,0.0,0.0,DA-BALS-EWMA,503,76.93836978131213,0.7952286282306162,22.266401590457257,0.0
317,1.0,0.0,0.0,DA-BALS-EWMA-Cap,503,76.93836978131213,0.7952286282306162,22.266401590457257,0.0
317,1.0,0.0,0.0,DA-BALS-EWMA-Decay,503,76.93836978131213,0.7952286282306162,22.266401590457257,0.0
317,1.0,0.0,0.0,DA-BALS-Stabilized,503,76.93836978131213,0.7952286282306162,22.266401590457257,0.0
317,1.0,0.0,0.5,DA-BALS-EWMA,503,74.95029821073558,2.783300198807157,22.266401590457257,0.0
317,1.0,0.0,0.5,DA-BALS-EWMA-Cap,503,74.95029821073558,2.783300198807157,22.266401590457257,0.0
317,1.0,0.0,0.5,DA-BALS-EWMA-Decay,503,74.95029821073558,2.783300198807157,22.266401590457257,0.0
317,1.0,0.0,0.5,DA-BALS-Stabilized,503,74.95029821073558,2.783300198807157,22.266401590457257,0.0
317,1.0,0.0,1.0,DA-BALS-EWMA,503,71.96819085487077,4.970178926441352,23.061630218687874,0.0
317,1.0,0.0,1.0,DA-BALS-EWMA-Cap,503,71.96819085487077,4.970178926441352,23.061630218687874,0.0
317,1.0,0.0,1.0,DA-BALS-EWMA-Decay,503,71.96819085487077,4.970178926441352,23.061630218687874,0.0
317,1.0,0.0,1.0,DA-BALS-Stabilized,503,71.96819085487077,4.970178926441352,23.061630218687874,0.0
317,1.0,10.0,0.0,DA-BALS-EWMA,503,76.93836978131213,0.7952286282306162,22.266401590457257,0.0
317,1.0,10.0,0.0,DA-BALS-EWMA-Cap,503,76.93836978131213,0.7952286282306162,22.266401590457257,0.0
317,1.0,10.0,0.0,DA-BALS-EWMA-Decay,503,76.93836978131213,0.7952286282306162,22.266401590457257,0.0
317,1.0,10.0,0.0,DA-BALS-Stabilized,503,76.93836978131213,0.7952286282306162,22.266401590457257,0.0
317,1.0,10.0,0.5,DA-BALS-EWMA,503,74.95029821073558,2.783300198807157,22.266401590457257,0.0
317,1.0,10.0,0.5,DA-BALS-EWMA-Cap,503,74.95029821073558,2.783300198807157,22.266401590457257,0.0
317,1.0,10.0,0.5,DA-BALS-EWMA-Decay,503,74.95029821073558,2.783300198807157,22.266401590457257,0.0
317,1.0,10.0,0.5,DA-BALS-Stabilized,503,74.95029821073558,2.783300198807157,22.266401590457257,0.0
317,1.0,10.0,1.0,DA-BALS-EWMA,503,71.76938369781311,4.970178926441352,23.26043737574553,0.0
317,1.0,10.0,1.0,DA-BALS-EWMA-Cap,503,71.76938369781311,4.970178926441352,23.26043737574553,0.0
317,1.0,10.0,1.0,DA-BALS-EWMA-Decay,503,71.76938369781311,4.970178926441352,23.26043737574553,0.0
317,1.0,10.0,1.0,DA-BALS-Stabilized,503,71.76938369781311,4.970178926441352,23.26043737574553,0.0
317,1.0,50.0,0.0,DA-BALS-EWMA,503,76.93836978131213,0.7952286282306162,22.266401590457257,0.0
317,1.0,50.0,0.0,DA-BALS-EWMA-Cap,503,76.93836978131213,0.7952286282306162,22.266401590457257,0.0
317,1.0,50.0,0.0,DA-BALS-EWMA-Decay,503,76.93836978131213,0.7952286282306162,22.266401590457257,0.0
317,1.0,50.0,0.0,DA-BALS-Stabilized,503,76.93836978131213,0.7952286282306162,22.266401590457257,0.0
317,1.0,50.0,0.5,DA-BALS-EWMA,503,74.95029821073558,2.783300198807157,22.266401590457257,0.0
317,1.0,50.0,0.5,DA-BALS-EWMA-Cap,503,74.95029821073558,2.783300198807157,22.266401590457257,0.0
317,1.0,50.0,0.5,DA-BALS-EWMA-Decay,503,74.95029821073558,2.783300198807157,22.266401590457257,0.0
317,1.0,50.0,0.5,DA-BALS-Stabilized,503,74.95029821073558,2.783300198807157,22.266401590457257,0.0
317,1.0,50.0,1.0,DA-BALS-EWMA,503,71.76938369781311,4.970178926441352,23.26043737574553,0.0
317,1.0,50.0,1.0,DA-BALS-EWMA-Cap,503,71.76938369781311,4.970178926441352,23.26043737574553,0.0
317,1.0,50.0,1.0,DA-BALS-EWMA-Decay,503,71.76938369781311,4.970178926441352,23.26043737574553,0.0
317,1.0,50.0,1.0,DA-BALS-Stabilized,503,71.76938369781311,4.970178926441352,23.26043737574553,0.0
317,1.2,0.0,0.0,DA-BALS-EWMA,580,74.13793103448276,0.6896551724137931,25.17241379310345,0.0
317,1.2,0.0,0.0,DA-BALS-EWMA-Cap,580,74.13793103448276,0.6896551724137931,25.17241379310345,0.0
317,1.2,0.0,0.0,DA-BALS-EWMA-Decay,580,74.13793103448276,0.6896551724137931,25.17241379310345,0.0
317,1.2,0.0,0.0,DA-BALS-Stabilized,580,74.13793103448276,0.6896551724137931,25.17241379310345,0.0
317,1.2,0.0,0.5,DA-BALS-EWMA,580,72.58620689655172,1.7241379310344827,25.689655172413794,0.0
317,1.2,0.0,0.5,DA-BALS-EWMA-Cap,580,72.58620689655172,1.7241379310344827,25.689655172413794,0.0
317,1.2,0.0,0.5,DA-BALS-EWMA-Decay,580,72.58620689655172,1.7241379310344827,25.689655172413794,0.0
317,1.2,0.0,0.5,DA-BALS-Stabilized,580,72.58620689655172,1.7241379310344827,25.689655172413794,0.0
317,1.2,0.0,1.0,DA-BALS-EWMA,580,70.17241379310344,3.4482758620689653,26.379310344827587,0.0
317,1.2,0.0,1.0,DA-BALS-EWMA-Cap,580,70.17241379310344,3.4482758620689653,26.379310344827587,0.0
317,1.2,0.0,1.0,DA-BALS-EWMA-Decay,580,70.34482758620689,3.4482758620689653,26.20689655172414,0.0
317,1.2,0.0,1.0,DA-BALS-Stabilized,580,70.34482758620689,3.4482758620689653,26.20689655172414,0.0
317,1.2,10.0,0.0,DA-BALS-EWMA,580,74.13793103448276,0.6896551724137931,25.17241379310345,0.0
317,1.2,10.0,0.0,DA-BALS-EWMA-Cap,580,74.13793103448276,0.6896551724137931,25.17241379310345,0.0
317,1.2,10.0,0.0,DA-BALS-EWMA-Decay,580,74.13793103448276,0.6896551724137931,25.17241379310345,0.0
317,1.2,10.0,0.0,DA-BALS-Stabilized,580,74.13793103448276,0.6896551724137931,25.17241379310345,0.0
317,1.2,10.0,0.5,DA-BALS-EWMA,580,72.58620689655172,1.7241379310344827,25.689655172413794,0.0
317,1.2,10.0,0.5,DA-BALS-EWMA-Cap,580,72.58620689655172,1.7241379310344827,25.689655172413794,0.0
317,1.2,10.0,0.5,DA-BALS-EWMA-Decay,580,72.58620689655172,1.7241379310344827,25.689655172413794,0.0
317,1.2,10.0,0.5,DA-BALS-Stabilized,580,72.58620689655172,1.7241379310344827,25.689655172413794,0.0
317,1.2,10.0,1.0,DA-BALS-EWMA,580,70.17241379310344,3.620689655172414,26.20689655172414,0.0
317,1.2,10.0,1.0,DA-BALS-EWMA-Cap,580,70.17241379310344,3.620689655172414,26.20689655172414,0.0
317,1.2,10.0,1.0,DA-BALS-EWMA-Decay,580,70.34482758620689,3.620689655172414,26.03448275862069,0.0
317,1.2,10.0,1.0,DA-BALS-Stabilized,580,70.34482758620689,3.620689655172414,26.03448275862069,0.0
317,1.2,50.0,0.0,DA-BALS-EWMA,580,74.13793103448276,0.6896551724137931,25.17241379310345,0.0
317,1.2,50.0,0.0,DA-BALS-EWMA-Cap,580,74.13793103448276,0.6896551724137931,25.17241379310345,0.0
317,1.2,50.0,0.0,DA-BALS-EWMA-Decay,580,74.13793103448276,0.6896551724137931,25.17241379310345,0.0
317,1.2,50.0,0.0,DA-BALS-Stabilized,580,74.13793103448276,0.6896551724137931,25.17241379310345,0.0
317,1.2,50.0,0.5,DA-BALS-EWMA,580,72.58620689655172,1.7241379310344827,25.689655172413794,0.0
317,1.2,50.0,0.5,DA-BALS-EWMA-Cap,580,72.58620689655172,1.7241379310344827,25.689655172413794,0.0
317,1.2,50.0,0.5,DA-BALS-EWMA-Decay,580,72.58620689655172,1.7241379310344827,25.689655172413794,0.0
317,1.2,50.0,0.5,DA-BALS-Stabilized,580,72.58620689655172,1.7241379310344827,25.689655172413794,0.0
317,1.2,50.0,1.0,DA-BALS-EWMA,580,70.34482758620689,3.620689655172414,26.03448275862069,0.0
317,1.2,50.0,1.0,DA-BALS-EWMA-Cap,580,70.34482758620689,3.620689655172414,26.03448275862069,0.0
317,1.2,50.0,1.0,DA-BALS-EWMA-Decay,580,70.34482758620689,3.620689655172414,26.03448275862069,0.0
317,1.2,50.0,1.0,DA-BALS-Stabilized,580,70.34482758620689,3.620689655172414,26.03448275862069,0.0
318,0.2,0.0,0.0,DA-BALS-EWMA,92,94.56521739130434,0.0,5.434782608695652,0.0
318,0.2,0.0,0.0,DA-BALS-EWMA-Cap,92,94.56521739130434,0.0,5.434782608695652,0.0
318,0.2,0.0,0.0,DA-BALS-EWMA-Decay,92,94.56521739130434,0.0,5.434782608695652,0.0
318,0.2,0.0,0.0,DA-BALS-Stabilized,92,94.56521739130434,0.0,5.434782608695652,0.0
318,0.2,0.0,0.5,DA-BALS-EWMA,92,92.3913043478261,2.1739130434782608,5.434782608695652,0.0
318,0.2,0.0,0.5,DA-BALS-EWMA-Cap,92,92.3913043478261,2.1739130434782608,5.434782608695652,0.0
318,0.2,0.0,0.5,DA-BALS-EWMA-Decay,92,92.3913043478261,2.1739130434782608,5.434782608695652,0.0
318,0.2,0.0,0.5,DA-BALS-Stabilized,92,92.3913043478261,2.1739130434782608,5.434782608695652,0.0
318,0.2,0.0,1.0,DA-BALS-EWMA,92,90.21739130434783,3.260869565217391,6.521739130434782,0.0
318,0.2,0.0,1.0,DA-BALS-EWMA-Cap,92,90.21739130434783,3.260869565217391,6.521739130434782,0.0
318,0.2,0.0,1.0,DA-BALS-EWMA-Decay,92,90.21739130434783,4.3478260869565215,5.434782608695652,0.0
318,0.2,0.0,1.0,DA-BALS-Stabilized,92,90.21739130434783,4.3478260869565215,5.434782608695652,0.0
318,0.2,10.0,0.0,DA-BALS-EWMA,92,94.56521739130434,0.0,5.434782608695652,0.0
318,0.2,10.0,0.0,DA-BALS-EWMA-Cap,92,94.56521739130434,0.0,5.434782608695652,0.0
318,0.2,10.0,0.0,DA-BALS-EWMA-Decay,92,94.56521739130434,0.0,5.434782608695652,0.0
318,0.2,10.0,0.0,DA-BALS-Stabilized,92,94.56521739130434,0.0,5.434782608695652,0.0
318,0.2,10.0,0.5,DA-BALS-EWMA,92,92.3913043478261,2.1739130434782608,5.434782608695652,0.0
318,0.2,10.0,0.5,DA-BALS-EWMA-Cap,92,92.3913043478261,2.1739130434782608,5.434782608695652,0.0
318,0.2,10.0,0.5,DA-BALS-EWMA-Decay,92,92.3913043478261,2.1739130434782608,5.434782608695652,0.0
318,0.2,10.0,0.5,DA-BALS-Stabilized,92,92.3913043478261,2.1739130434782608,5.434782608695652,0.0
318,0.2,10.0,1.0,DA-BALS-EWMA,92,90.21739130434783,3.260869565217391,6.521739130434782,0.0
318,0.2,10.0,1.0,DA-BALS-EWMA-Cap,92,90.21739130434783,3.260869565217391,6.521739130434782,0.0
318,0.2,10.0,1.0,DA-BALS-EWMA-Decay,92,90.21739130434783,4.3478260869565215,5.434782608695652,0.0
318,0.2,10.0,1.0,DA-BALS-Stabilized,92,90.21739130434783,4.3478260869565215,5.434782608695652,0.0
318,0.2,50.0,0.0,DA-BALS-EWMA,92,94.56521739130434,0.0,5.434782608695652,0.0
318,0.2,50.0,0.0,DA-BALS-EWMA-Cap,92,94.56521739130434,0.0,5.434782608695652,0.0
318,0.2,50.0,0.0,DA-BALS-EWMA-Decay,92,94.56521739130434,0.0,5.434782608695652,0.0
318,0.2,50.0,0.0,DA-BALS-Stabilized,92,94.56521739130434,0.0,5.434782608695652,0.0
318,0.2,50.0,0.5,DA-BALS-EWMA,92,92.3913043478261,2.1739130434782608,5.434782608695652,0.0
318,0.2,50.0,0.5,DA-BALS-EWMA-Cap,92,92.3913043478261,2.1739130434782608,5.434782608695652,0.0
318,0.2,50.0,0.5,DA-BALS-EWMA-Decay,92,92.3913043478261,2.1739130434782608,5.434782608695652,0.0
318,0.2,50.0,0.5,DA-BALS-Stabilized,92,92.3913043478261,2.1739130434782608,5.434782608695652,0.0
318,0.2,50.0,1.0,DA-BALS-EWMA,92,90.21739130434783,3.260869565217391,6.521739130434782,0.0
318,0.2,50.0,1.0,DA-BALS-EWMA-Cap,92,90.21739130434783,3.260869565217391,6.521739130434782,0.0
318,0.2,50.0,1.0,DA-BALS-EWMA-Decay,92,90.21739130434783,4.3478260869565215,5.434782608695652,0.0
318,0.2,50.0,1.0,DA-BALS-Stabilized,92,90.21739130434783,4.3478260869565215,5.434782608695652,0.0
318,0.4,0.0,0.0,DA-BALS-EWMA,223,92.82511210762333,0.8968609865470852,6.278026905829597,0.0
318,0.4,0.0,0.0,DA-BALS-EWMA-Cap,223,92.82511210762333,0.8968609865470852,6.278026905829597,0.0
318,0.4,0.0,0.0,DA-BALS-EWMA-Decay,223,92.82511210762333,0.8968609865470852,6.278026905829597,0.0
318,0.4,0.0,0.0,DA-BALS-Stabilized,223,92.82511210762333,0.8968609865470852,6.278026905829597,0.0
318,0.4,0.0,0.5,DA-BALS-EWMA,223,93.27354260089686,0.4484304932735426,6.278026905829597,0.0
318,0.4,0.0,0.5,DA-BALS-EWMA-Cap,223,93.27354260089686,0.4484304932735426,6.278026905829597,0.0
318,0.4,0.0,0.5,DA-BALS-EWMA-Decay,223,93.27354260089686,0.4484304932735426,6.278026905829597,0.0
318,0.4,0.0,0.5,DA-BALS-Stabilized,223,93.27354260089686,0.4484304932735426,6.278026905829597,0.0
318,0.4,0.0,1.0,DA-BALS-EWMA,223,90.5829596412556,2.690582959641256,6.726457399103139,0.0
318,0.4,0.0,1.0,DA-BALS-EWMA-Cap,223,90.5829596412556,2.690582959641256,6.726457399103139,0.0
318,0.4,0.0,1.0,DA-BALS-EWMA-Decay,223,91.03139013452915,2.690582959641256,6.278026905829597,0.0
318,0.4,0.0,1.0,DA-BALS-Stabilized,223,91.03139013452915,2.690582959641256,6.278026905829597,0.0
318,0.4,10.0,0.0,DA-BALS-EWMA,223,92.82511210762333,0.8968609865470852,6.278026905829597,0.0
318,0.4,10.0,0.0,DA-BALS-EWMA-Cap,223,92.82511210762333,0.8968609865470852,6.278026905829597,0.0
318,0.4,10.0,0.0,DA-BALS-EWMA-Decay,223,92.82511210762333,0.8968609865470852,6.278026905829597,0.0
318,0.4,10.0,0.0,DA-BALS-Stabilized,223,92.82511210762333,0.8968609865470852,6.278026905829597,0.0
318,0.4,10.0,0.5,DA-BALS-EWMA,223,93.27354260089686,0.4484304932735426,6.278026905829597,0.0
318,0.4,10.0,0.5,DA-BALS-EWMA-Cap,223,93.27354260089686,0.4484304932735426,6.278026905829597,0.0
318,0.4,10.0,0.5,DA-BALS-EWMA-Decay,223,93.27354260089686,0.4484304932735426,6.278026905829597,0.0
318,0.4,10.0,0.5,DA-BALS-Stabilized,223,93.27354260089686,0.4484304932735426,6.278026905829597,0.0
318,0.4,10.0,1.0,DA-BALS-EWMA,223,90.5829596412556,2.690582959641256,6.726457399103139,0.0
318,0.4,10.0,1.0,DA-BALS-EWMA-Cap,223,90.5829596412556,2.690582959641256,6.726457399103139,0.0
318,0.4,10.0,1.0,DA-BALS-EWMA-Decay,223,91.03139013452915,2.690582959641256,6.278026905829597,0.0
318,0.4,10.0,1.0,DA-BALS-Stabilized,223,91.03139013452915,2.690582959641256,6.278026905829597,0.0
318,0.4,50.0,0.0,DA-BALS-EWMA,223,92.82511210762333,0.8968609865470852,6.278026905829597,0.0
318,0.4,50.0,0.0,DA-BALS-EWMA-Cap,223,92.82511210762333,0.8968609865470852,6.278026905829597,0.0
318,0.4,50.0,0.0,DA-BALS-EWMA-Decay,223,92.82511210762333,0.8968609865470852,6.278026905829597,0.0
318,0.4,50.0,0.0,DA-BALS-Stabilized,223,92.82511210762333,0.8968609865470852,6.278026905829597,0.0
318,0.4,50.0,0.5,DA-BALS-EWMA,223,93.27354260089686,0.4484304932735426,6.278026905829597,0.0
318,0.4,50.0,0.5,DA-BALS-EWMA-Cap,223,93.27354260089686,0.4484304932735426,6.278026905829597,0.0
318,0.4,50.0,0.5,DA-BALS-EWMA-Decay,223,93.27354260089686,0.4484304932735426,6.278026905829597,0.0
318,0.4,50.0,0.5,DA-BALS-Stabilized,223,93.27354260089686,0.4484304932735426,6.278026905829597,0.0
318,0.4,50.0,1.0,DA-BALS-EWMA,223,90.5829596412556,2.690582959641256,6.726457399103139,0.0
318,0.4,50.0,1.0,DA-BALS-EWMA-Cap,223,90.5829596412556,2.690582959641256,6.726457399103139,0.0
318,0.4,50.0,1.0,DA-BALS-EWMA-Decay,223,91.03139013452915,2.690582959641256,6.278026905829597,0.0
318,0.4,50.0,1.0,DA-BALS-Stabilized,223,91.03139013452915,2.690582959641256,6.278026905829597,0.0
318,0.6,0.0,0.0,DA-BALS-EWMA,295,89.15254237288136,0.3389830508474576,10.508474576271185,0.0
318,0.6,0.0,0.0,DA-BALS-EWMA-Cap,295,89.15254237288136,0.3389830508474576,10.508474576271185,0.0
318,0.6,0.0,0.0,DA-BALS-EWMA-Decay,295,89.49152542372882,0.3389830508474576,10.16949152542373,0.0
318,0.6,0.0,0.0,DA-BALS-Stabilized,295,89.49152542372882,0.3389830508474576,10.16949152542373,0.0
318,0.6,0.0,0.5,DA-BALS-EWMA,295,87.79661016949153,1.3559322033898304,10.847457627118644,0.0
318,0.6,0.0,0.5,DA-BALS-EWMA-Cap,295,87.79661016949153,1.3559322033898304,10.847457627118644,0.0
318,0.6,0.0,0.5,DA-BALS-EWMA-Decay,295,87.79661016949153,1.3559322033898304,10.847457627118644,0.0
318,0.6,0.0,0.5,DA-BALS-Stabilized,295,87.79661016949153,1.3559322033898304,10.847457627118644,0.0
318,0.6,0.0,1.0,DA-BALS-EWMA,295,86.77966101694915,1.694915254237288,11.525423728813559,0.0
318,0.6,0.0,1.0,DA-BALS-EWMA-Cap,295,86.77966101694915,1.694915254237288,11.525423728813559,0.0
318,0.6,0.0,1.0,DA-BALS-EWMA-Decay,295,86.77966101694915,1.694915254237288,11.525423728813559,0.0
318,0.6,0.0,1.0,DA-BALS-Stabilized,295,86.77966101694915,1.694915254237288,11.525423728813559,0.0
318,0.6,10.0,0.0,DA-BALS-EWMA,295,89.15254237288136,0.3389830508474576,10.508474576271185,0.0
318,0.6,10.0,0.0,DA-BALS-EWMA-Cap,295,89.15254237288136,0.3389830508474576,10.508474576271185,0.0
318,0.6,10.0,0.0,DA-BALS-EWMA-Decay,295,89.49152542372882,0.3389830508474576,10.16949152542373,0.0
318,0.6,10.0,0.0,DA-BALS-Stabilized,295,89.49152542372882,0.3389830508474576,10.16949152542373,0.0
318,0.6,10.0,0.5,DA-BALS-EWMA,295,87.79661016949153,1.3559322033898304,10.847457627118644,0.0
318,0.6,10.0,0.5,DA-BALS-EWMA-Cap,295,87.79661016949153,1.3559322033898304,10.847457627118644,0.0
318,0.6,10.0,0.5,DA-BALS-EWMA-Decay,295,87.79661016949153,1.3559322033898304,10.847457627118644,0.0
318,0.6,10.0,0.5,DA-BALS-Stabilized,295,87.79661016949153,1.3559322033898304,10.847457627118644,0.0
318,0.6,10.0,1.0,DA-BALS-EWMA,295,86.4406779661017,2.0338983050847457,11.525423728813559,0.0
318,0.6,10.0,1.0,DA-BALS-EWMA-Cap,295,86.4406779661017,2.0338983050847457,11.525423728813559,0.0
318,0.6,10.0,1.0,DA-BALS-EWMA-Decay,295,86.4406779661017,2.0338983050847457,11.525423728813559,0.0
318,0.6,10.0,1.0,DA-BALS-Stabilized,295,86.4406779661017,2.0338983050847457,11.525423728813559,0.0
318,0.6,50.0,0.0,DA-BALS-EWMA,295,89.15254237288136,0.3389830508474576,10.508474576271185,0.0
318,0.6,50.0,0.0,DA-BALS-EWMA-Cap,295,89.15254237288136,0.3389830508474576,10.508474576271185,0.0
318,0.6,50.0,0.0,DA-BALS-EWMA-Decay,295,89.49152542372882,0.3389830508474576,10.16949152542373,0.0
318,0.6,50.0,0.0,DA-BALS-Stabilized,295,89.49152542372882,0.3389830508474576,10.16949152542373,0.0
318,0.6,50.0,0.5,DA-BALS-EWMA,295,87.79661016949153,1.3559322033898304,10.847457627118644,0.0
318,0.6,50.0,0.5,DA-BALS-EWMA-Cap,295,87.79661016949153,1.3559322033898304,10.847457627118644,0.0
318,0.6,50.0,0.5,DA-BALS-EWMA-Decay,295,87.79661016949153,1.3559322033898304,10.847457627118644,0.0
318,0.6,50.0,0.5,DA-BALS-Stabilized,295,87.79661016949153,1.3559322033898304,10.847457627118644,0.0
318,0.6,50.0,1.0,DA-BALS-EWMA,295,86.4406779661017,2.0338983050847457,11.525423728813559,0.0
318,0.6,50.0,1.0,DA-BALS-EWMA-Cap,295,86.4406779661017,2.0338983050847457,11.525423728813559,0.0
318,0.6,50.0,1.0,DA-BALS-EWMA-Decay,295,86.4406779661017,2.0338983050847457,11.525423728813559,0.0
318,0.6,50.0,1.0,DA-BALS-Stabilized,295,86.4406779661017,2.0338983050847457,11.525423728813559,0.0
318,0.8,0.0,0.0,DA-BALS-EWMA,397,85.64231738035264,0.7556675062972292,13.602015113350127,0.0
318,0.8,0.0,0.0,DA-BALS-EWMA-Cap,397,85.64231738035264,0.7556675062972292,13.602015113350127,0.0
318,0.8,0.0,0.0,DA-BALS-EWMA-Decay,397,85.64231738035264,0.7556675062972292,13.602015113350127,0.0
318,0.8,0.0,0.0,DA-BALS-Stabilized,397,85.64231738035264,0.7556675062972292,13.602015113350127,0.0
318,0.8,0.0,0.5,DA-BALS-EWMA,397,84.88664987405542,1.2594458438287155,13.85390428211587,0.0
318,0.8,0.0,0.5,DA-BALS-EWMA-Cap,397,84.88664987405542,1.2594458438287155,13.85390428211587,0.0
318,0.8,0.0,0.5,DA-BALS-EWMA-Decay,397,84.88664987405542,1.2594458438287155,13.85390428211587,0.0
318,0.8,0.0,0.5,DA-BALS-Stabilized,397,84.88664987405542,1.2594458438287155,13.85390428211587,0.0
318,0.8,0.0,1.0,DA-BALS-EWMA,397,83.87909319899244,2.2670025188916876,13.85390428211587,0.0
318,0.8,0.0,1.0,DA-BALS-EWMA-Cap,397,83.87909319899244,2.2670025188916876,13.85390428211587,0.0
318,0.8,0.0,1.0,DA-BALS-EWMA-Decay,397,83.87909319899244,2.2670025188916876,13.85390428211587,0.0
318,0.8,0.0,1.0,DA-BALS-Stabilized,397,83.87909319899244,2.2670025188916876,13.85390428211587,0.0
318,0.8,10.0,0.0,DA-BALS-EWMA,397,85.64231738035264,0.7556675062972292,13.602015113350127,0.0
318,0.8,10.0,0.0,DA-BALS-EWMA-Cap,397,85.64231738035264,0.7556675062972292,13.602015113350127,0.0
318,0.8,10.0,0.0,DA-BALS-EWMA-Decay,397,85.64231738035264,0.7556675062972292,13.602015113350127,0.0
318,0.8,10.0,0.0,DA-BALS-Stabilized,397,85.64231738035264,0.7556675062972292,13.602015113350127,0.0
318,0.8,10.0,0.5,DA-BALS-EWMA,397,84.88664987405542,1.2594458438287155,13.85390428211587,0.0
318,0.8,10.0,0.5,DA-BALS-EWMA-Cap,397,84.88664987405542,1.2594458438287155,13.85390428211587,0.0
318,0.8,10.0,0.5,DA-BALS-EWMA-Decay,397,84.88664987405542,1.2594458438287155,13.85390428211587,0.0
318,0.8,10.0,0.5,DA-BALS-Stabilized,397,84.88664987405542,1.2594458438287155,13.85390428211587,0.0
318,0.8,10.0,1.0,DA-BALS-EWMA,397,83.87909319899244,2.2670025188916876,13.85390428211587,0.0
318,0.8,10.0,1.0,DA-BALS-EWMA-Cap,397,83.87909319899244,2.2670025188916876,13.85390428211587,0.0
318,0.8,10.0,1.0,DA-BALS-EWMA-Decay,397,83.87909319899244,2.2670025188916876,13.85390428211587,0.0
318,0.8,10.0,1.0,DA-BALS-Stabilized,397,83.87909319899244,2.2670025188916876,13.85390428211587,0.0
318,0.8,50.0,0.0,DA-BALS-EWMA,397,85.64231738035264,0.7556675062972292,13.602015113350127,0.0
318,0.8,50.0,0.0,DA-BALS-EWMA-Cap,397,85.64231738035264,0.7556675062972292,13.602015113350127,0.0
318,0.8,50.0,0.0,DA-BALS-EWMA-Decay,397,85.64231738035264,0.7556675062972292,13.602015113350127,0.0
318,0.8,50.0,0.0,DA-BALS-Stabilized,397,85.64231738035264,0.7556675062972292,13.602015113350127,0.0
318,0.8,50.0,0.5,DA-BALS-EWMA,397,84.88664987405542,1.2594458438287155,13.85390428211587,0.0
318,0.8,50.0,0.5,DA-BALS-EWMA-Cap,397,84.88664987405542,1.2594458438287155,13.85390428211587,0.0
318,0.8,50.0,0.5,DA-BALS-EWMA-Decay,397,84.88664987405542,1.2594458438287155,13.85390428211587,0.0
318,0.8,50.0,0.5,DA-BALS-Stabilized,397,84.88664987405542,1.2594458438287155,13.85390428211587,0.0
318,0.8,50.0,1.0,DA-BALS-EWMA,397,83.87909319899244,2.2670025188916876,13.85390428211587,0.0
318,0.8,50.0,1.0,DA-BALS-EWMA-Cap,397,83.87909319899244,2.2670025188916876,13.85390428211587,0.0
318,0.8,50.0,1.0,DA-BALS-EWMA-Decay,397,83.87909319899244,2.2670025188916876,13.85390428211587,0.0
318,0.8,50.0,1.0,DA-BALS-Stabilized,397,83.87909319899244,2.2670025188916876,13.85390428211587,0.0
318,1.0,0.0,0.0,DA-BALS-EWMA,505,76.83168316831683,1.188118811881188,21.980198019801982,0.0
318,1.0,0.0,0.0,DA-BALS-EWMA-Cap,505,76.83168316831683,1.188118811881188,21.980198019801982,0.0
318,1.0,0.0,0.0,DA-BALS-EWMA-Decay,505,76.83168316831683,1.188118811881188,21.980198019801982,0.0
318,1.0,0.0,0.0,DA-BALS-Stabilized,505,76.83168316831683,1.188118811881188,21.980198019801982,0.0
318,1.0,0.0,0.5,DA-BALS-EWMA,505,75.84158415841584,1.782178217821782,22.37623762376238,0.0
318,1.0,0.0,0.5,DA-BALS-EWMA-Cap,505,75.84158415841584,1.782178217821782,22.37623762376238,0.0
318,1.0,0.0,0.5,DA-BALS-EWMA-Decay,505,75.84158415841584,1.9801980198019802,22.17821782178218,0.0
318,1.0,0.0,0.5,DA-BALS-Stabilized,505,75.84158415841584,1.9801980198019802,22.17821782178218,0.0
318,1.0,0.0,1.0,DA-BALS-EWMA,505,73.06930693069307,4.158415841584159,22.772277227722775,0.0
318,1.0,0.0,1.0,DA-BALS-EWMA-Cap,505,73.06930693069307,4.158415841584159,22.772277227722775,0.0
318,1.0,0.0,1.0,DA-BALS-EWMA-Decay,505,73.06930693069307,4.158415841584159,22.772277227722775,0.0
318,1.0,0.0,1.0,DA-BALS-Stabilized,505,73.06930693069307,4.158415841584159,22.772277227722775,0.0
318,1.0,10.0,0.0,DA-BALS-EWMA,505,76.83168316831683,1.188118811881188,21.980198019801982,0.0
318,1.0,10.0,0.0,DA-BALS-EWMA-Cap,505,76.83168316831683,1.188118811881188,21.980198019801982,0.0
318,1.0,10.0,0.0,DA-BALS-EWMA-Decay,505,76.83168316831683,1.188118811881188,21.980198019801982,0.0
318,1.0,10.0,0.0,DA-BALS-Stabilized,505,76.83168316831683,1.188118811881188,21.980198019801982,0.0
318,1.0,10.0,0.5,DA-BALS-EWMA,505,75.84158415841584,1.782178217821782,22.37623762376238,0.0
318,1.0,10.0,0.5,DA-BALS-EWMA-Cap,505,75.84158415841584,1.782178217821782,22.37623762376238,0.0
318,1.0,10.0,0.5,DA-BALS-EWMA-Decay,505,75.84158415841584,1.9801980198019802,22.17821782178218,0.0
318,1.0,10.0,0.5,DA-BALS-Stabilized,505,75.84158415841584,1.9801980198019802,22.17821782178218,0.0
318,1.0,10.0,1.0,DA-BALS-EWMA,505,73.06930693069307,4.356435643564356,22.574257425742577,0.0
318,1.0,10.0,1.0,DA-BALS-EWMA-Cap,505,73.06930693069307,4.356435643564356,22.574257425742577,0.0
318,1.0,10.0,1.0,DA-BALS-EWMA-Decay,505,73.06930693069307,4.356435643564356,22.574257425742577,0.0
318,1.0,10.0,1.0,DA-BALS-Stabilized,505,73.06930693069307,4.356435643564356,22.574257425742577,0.0
318,1.0,50.0,0.0,DA-BALS-EWMA,505,76.83168316831683,1.188118811881188,21.980198019801982,0.0
318,1.0,50.0,0.0,DA-BALS-EWMA-Cap,505,76.83168316831683,1.188118811881188,21.980198019801982,0.0
318,1.0,50.0,0.0,DA-BALS-EWMA-Decay,505,76.83168316831683,1.188118811881188,21.980198019801982,0.0
318,1.0,50.0,0.0,DA-BALS-Stabilized,505,76.83168316831683,1.188118811881188,21.980198019801982,0.0
318,1.0,50.0,0.5,DA-BALS-EWMA,505,75.84158415841584,1.782178217821782,22.37623762376238,0.0
318,1.0,50.0,0.5,DA-BALS-EWMA-Cap,505,75.84158415841584,1.782178217821782,22.37623762376238,0.0
318,1.0,50.0,0.5,DA-BALS-EWMA-Decay,505,75.84158415841584,1.9801980198019802,22.17821782178218,0.0
318,1.0,50.0,0.5,DA-BALS-Stabilized,505,75.84158415841584,1.9801980198019802,22.17821782178218,0.0
318,1.0,50.0,1.0,DA-BALS-EWMA,505,72.27722772277228,4.9504950495049505,22.772277227722775,0.0
318,1.0,50.0,1.0,DA-BALS-EWMA-Cap,505,72.27722772277228,4.9504950495049505,22.772277227722775,0.0
318,1.0,50.0,1.0,DA-BALS-EWMA-Decay,505,73.06930693069307,4.554455445544554,22.37623762376238,0.0
318,1.0,50.0,1.0,DA-BALS-Stabilized,505,73.06930693069307,4.554455445544554,22.37623762376238,0.0
318,1.2,0.0,0.0,DA-BALS-EWMA,594,74.41077441077442,0.6734006734006733,24.915824915824917,0.0
318,1.2,0.0,0.0,DA-BALS-EWMA-Cap,594,74.41077441077442,0.6734006734006733,24.915824915824917,0.0
318,1.2,0.0,0.0,DA-BALS-EWMA-Decay,594,74.41077441077442,0.6734006734006733,24.915824915824917,0.0
318,1.2,0.0,0.0,DA-BALS-Stabilized,594,74.41077441077442,0.6734006734006733,24.915824915824917,0.0
318,1.2,0.0,0.5,DA-BALS-EWMA,594,74.57912457912458,0.5050505050505051,24.915824915824917,0.0
318,1.2,0.0,0.5,DA-BALS-EWMA-Cap,594,74.57912457912458,0.5050505050505051,24.915824915824917,0.0
318,1.2,0.0,0.5,DA-BALS-EWMA-Decay,594,74.57912457912458,0.5050505050505051,24.915824915824917,0.0
318,1.2,0.0,0.5,DA-BALS-Stabilized,594,74.57912457912458,0.5050505050505051,24.915824915824917,0.0
318,1.2,0.0,1.0,DA-BALS-EWMA,594,73.4006734006734,1.6835016835016834,24.915824915824917,0.0
318,1.2,0.0,1.0,DA-BALS-EWMA-Cap,594,73.4006734006734,1.6835016835016834,24.915824915824917,0.0
318,1.2,0.0,1.0,DA-BALS-EWMA-Decay,594,73.4006734006734,1.6835016835016834,24.915824915824917,0.0
318,1.2,0.0,1.0,DA-BALS-Stabilized,594,73.4006734006734,1.6835016835016834,24.915824915824917,0.0
318,1.2,10.0,0.0,DA-BALS-EWMA,594,74.41077441077442,0.6734006734006733,24.915824915824917,0.0
318,1.2,10.0,0.0,DA-BALS-EWMA-Cap,594,74.41077441077442,0.6734006734006733,24.915824915824917,0.0
318,1.2,10.0,0.0,DA-BALS-EWMA-Decay,594,74.41077441077442,0.6734006734006733,24.915824915824917,0.0
318,1.2,10.0,0.0,DA-BALS-Stabilized,594,74.41077441077442,0.6734006734006733,24.915824915824917,0.0
318,1.2,10.0,0.5,DA-BALS-EWMA,594,74.57912457912458,0.5050505050505051,24.915824915824917,0.0
318,1.2,10.0,0.5,DA-BALS-EWMA-Cap,594,74.57912457912458,0.5050505050505051,24.915824915824917,0.0
318,1.2,10.0,0.5,DA-BALS-EWMA-Decay,594,74.57912457912458,0.5050505050505051,24.915824915824917,0.0
318,1.2,10.0,0.5,DA-BALS-Stabilized,594,74.57912457912458,0.5050505050505051,24.915824915824917,0.0
318,1.2,10.0,1.0,DA-BALS-EWMA,594,73.4006734006734,1.6835016835016834,24.915824915824917,0.0
318,1.2,10.0,1.0,DA-BALS-EWMA-Cap,594,73.4006734006734,1.6835016835016834,24.915824915824917,0.0
318,1.2,10.0,1.0,DA-BALS-EWMA-Decay,594,73.4006734006734,1.6835016835016834,24.915824915824917,0.0
318,1.2,10.0,1.0,DA-BALS-Stabilized,594,73.4006734006734,1.6835016835016834,24.915824915824917,0.0
318,1.2,50.0,0.0,DA-BALS-EWMA,594,74.41077441077442,0.6734006734006733,24.915824915824917,0.0
318,1.2,50.0,0.0,DA-BALS-EWMA-Cap,594,74.41077441077442,0.6734006734006733,24.915824915824917,0.0
318,1.2,50.0,0.0,DA-BALS-EWMA-Decay,594,74.41077441077442,0.6734006734006733,24.915824915824917,0.0
318,1.2,50.0,0.0,DA-BALS-Stabilized,594,74.41077441077442,0.6734006734006733,24.915824915824917,0.0
318,1.2,50.0,0.5,DA-BALS-EWMA,594,74.57912457912458,0.5050505050505051,24.915824915824917,0.0
318,1.2,50.0,0.5,DA-BALS-EWMA-Cap,594,74.57912457912458,0.5050505050505051,24.915824915824917,0.0
318,1.2,50.0,0.5,DA-BALS-EWMA-Decay,594,74.57912457912458,0.5050505050505051,24.915824915824917,0.0
318,1.2,50.0,0.5,DA-BALS-Stabilized,594,74.57912457912458,0.5050505050505051,24.915824915824917,0.0
318,1.2,50.0,1.0,DA-BALS-EWMA,594,73.4006734006734,1.6835016835016834,24.915824915824917,0.0
318,1.2,50.0,1.0,DA-BALS-EWMA-Cap,594,73.4006734006734,1.6835016835016834,24.915824915824917,0.0
318,1.2,50.0,1.0,DA-BALS-EWMA-Decay,594,73.4006734006734,1.6835016835016834,24.915824915824917,0.0
318,1.2,50.0,1.0,DA-BALS-Stabilized,594,73.4006734006734,1.6835016835016834,24.915824915824917,0.0
319,0.2,0.0,0.0,DA-BALS-EWMA,103,97.0873786407767,0.9708737864077669,1.9417475728155338,0.0
319,0.2,0.0,0.0,DA-BALS-EWMA-Cap,103,97.0873786407767,0.9708737864077669,1.9417475728155338,0.0
319,0.2,0.0,0.0,DA-BALS-EWMA-Decay,103,97.0873786407767,0.9708737864077669,1.9417475728155338,0.0
319,0.2,0.0,0.0,DA-BALS-Stabilized,103,97.0873786407767,0.9708737864077669,1.9417475728155338,0.0
319,0.2,0.0,0.5,DA-BALS-EWMA,103,95.14563106796116,2.912621359223301,1.9417475728155338,0.0
319,0.2,0.0,0.5,DA-BALS-EWMA-Cap,103,95.14563106796116,2.912621359223301,1.9417475728155338,0.0
319,0.2,0.0,0.5,DA-BALS-EWMA-Decay,103,95.14563106796116,2.912621359223301,1.9417475728155338,0.0
319,0.2,0.0,0.5,DA-BALS-Stabilized,103,95.14563106796116,2.912621359223301,1.9417475728155338,0.0
319,0.2,0.0,1.0,DA-BALS-EWMA,103,94.1747572815534,3.8834951456310676,1.9417475728155338,0.0
319,0.2,0.0,1.0,DA-BALS-EWMA-Cap,103,94.1747572815534,3.8834951456310676,1.9417475728155338,0.0
319,0.2,0.0,1.0,DA-BALS-EWMA-Decay,103,94.1747572815534,3.8834951456310676,1.9417475728155338,0.0
319,0.2,0.0,1.0,DA-BALS-Stabilized,103,94.1747572815534,3.8834951456310676,1.9417475728155338,0.0
319,0.2,10.0,0.0,DA-BALS-EWMA,103,97.0873786407767,0.9708737864077669,1.9417475728155338,0.0
319,0.2,10.0,0.0,DA-BALS-EWMA-Cap,103,97.0873786407767,0.9708737864077669,1.9417475728155338,0.0
319,0.2,10.0,0.0,DA-BALS-EWMA-Decay,103,97.0873786407767,0.9708737864077669,1.9417475728155338,0.0
319,0.2,10.0,0.0,DA-BALS-Stabilized,103,97.0873786407767,0.9708737864077669,1.9417475728155338,0.0
319,0.2,10.0,0.5,DA-BALS-EWMA,103,95.14563106796116,2.912621359223301,1.9417475728155338,0.0
319,0.2,10.0,0.5,DA-BALS-EWMA-Cap,103,95.14563106796116,2.912621359223301,1.9417475728155338,0.0
319,0.2,10.0,0.5,DA-BALS-EWMA-Decay,103,95.14563106796116,2.912621359223301,1.9417475728155338,0.0
319,0.2,10.0,0.5,DA-BALS-Stabilized,103,95.14563106796116,2.912621359223301,1.9417475728155338,0.0
319,0.2,10.0,1.0,DA-BALS-EWMA,103,94.1747572815534,3.8834951456310676,1.9417475728155338,0.0
319,0.2,10.0,1.0,DA-BALS-EWMA-Cap,103,94.1747572815534,3.8834951456310676,1.9417475728155338,0.0
319,0.2,10.0,1.0,DA-BALS-EWMA-Decay,103,94.1747572815534,3.8834951456310676,1.9417475728155338,0.0
319,0.2,10.0,1.0,DA-BALS-Stabilized,103,94.1747572815534,3.8834951456310676,1.9417475728155338,0.0
319,0.2,50.0,0.0,DA-BALS-EWMA,103,97.0873786407767,0.9708737864077669,1.9417475728155338,0.0
319,0.2,50.0,0.0,DA-BALS-EWMA-Cap,103,97.0873786407767,0.9708737864077669,1.9417475728155338,0.0
319,0.2,50.0,0.0,DA-BALS-EWMA-Decay,103,97.0873786407767,0.9708737864077669,1.9417475728155338,0.0
319,0.2,50.0,0.0,DA-BALS-Stabilized,103,97.0873786407767,0.9708737864077669,1.9417475728155338,0.0
319,0.2,50.0,0.5,DA-BALS-EWMA,103,95.14563106796116,2.912621359223301,1.9417475728155338,0.0
319,0.2,50.0,0.5,DA-BALS-EWMA-Cap,103,95.14563106796116,2.912621359223301,1.9417475728155338,0.0
319,0.2,50.0,0.5,DA-BALS-EWMA-Decay,103,95.14563106796116,2.912621359223301,1.9417475728155338,0.0
319,0.2,50.0,0.5,DA-BALS-Stabilized,103,95.14563106796116,2.912621359223301,1.9417475728155338,0.0
319,0.2,50.0,1.0,DA-BALS-EWMA,103,94.1747572815534,3.8834951456310676,1.9417475728155338,0.0
319,0.2,50.0,1.0,DA-BALS-EWMA-Cap,103,94.1747572815534,3.8834951456310676,1.9417475728155338,0.0
319,0.2,50.0,1.0,DA-BALS-EWMA-Decay,103,94.1747572815534,3.8834951456310676,1.9417475728155338,0.0
319,0.2,50.0,1.0,DA-BALS-Stabilized,103,94.1747572815534,3.8834951456310676,1.9417475728155338,0.0
319,0.4,0.0,0.0,DA-BALS-EWMA,211,93.36492890995261,1.4218009478672986,5.213270142180095,0.0
319,0.4,0.0,0.0,DA-BALS-EWMA-Cap,211,93.36492890995261,1.4218009478672986,5.213270142180095,0.0
319,0.4,0.0,0.0,DA-BALS-EWMA-Decay,211,93.36492890995261,1.4218009478672986,5.213270142180095,0.0
319,0.4,0.0,0.0,DA-BALS-Stabilized,211,93.36492890995261,1.4218009478672986,5.213270142180095,0.0
319,0.4,0.0,0.5,DA-BALS-EWMA,211,94.3127962085308,0.47393364928909953,5.213270142180095,0.0
319,0.4,0.0,0.5,DA-BALS-EWMA-Cap,211,94.3127962085308,0.47393364928909953,5.213270142180095,0.0
319,0.4,0.0,0.5,DA-BALS-EWMA-Decay,211,94.3127962085308,0.47393364928909953,5.213270142180095,0.0
319,0.4,0.0,0.5,DA-BALS-Stabilized,211,94.3127962085308,0.47393364928909953,5.213270142180095,0.0
319,0.4,0.0,1.0,DA-BALS-EWMA,211,93.36492890995261,1.4218009478672986,5.213270142180095,0.0
319,0.4,0.0,1.0,DA-BALS-EWMA-Cap,211,93.36492890995261,1.4218009478672986,5.213270142180095,0.0
319,0.4,0.0,1.0,DA-BALS-EWMA-Decay,211,93.36492890995261,1.4218009478672986,5.213270142180095,0.0
319,0.4,0.0,1.0,DA-BALS-Stabilized,211,93.36492890995261,1.4218009478672986,5.213270142180095,0.0
319,0.4,10.0,0.0,DA-BALS-EWMA,211,93.36492890995261,1.4218009478672986,5.213270142180095,0.0
319,0.4,10.0,0.0,DA-BALS-EWMA-Cap,211,93.36492890995261,1.4218009478672986,5.213270142180095,0.0
319,0.4,10.0,0.0,DA-BALS-EWMA-Decay,211,93.36492890995261,1.4218009478672986,5.213270142180095,0.0
319,0.4,10.0,0.0,DA-BALS-Stabilized,211,93.36492890995261,1.4218009478672986,5.213270142180095,0.0
319,0.4,10.0,0.5,DA-BALS-EWMA,211,94.3127962085308,0.47393364928909953,5.213270142180095,0.0
319,0.4,10.0,0.5,DA-BALS-EWMA-Cap,211,94.3127962085308,0.47393364928909953,5.213270142180095,0.0
319,0.4,10.0,0.5,DA-BALS-EWMA-Decay,211,94.3127962085308,0.47393364928909953,5.213270142180095,0.0
319,0.4,10.0,0.5,DA-BALS-Stabilized,211,94.3127962085308,0.47393364928909953,5.213270142180095,0.0
319,0.4,10.0,1.0,DA-BALS-EWMA,211,93.36492890995261,1.4218009478672986,5.213270142180095,0.0
319,0.4,10.0,1.0,DA-BALS-EWMA-Cap,211,93.36492890995261,1.4218009478672986,5.213270142180095,0.0
319,0.4,10.0,1.0,DA-BALS-EWMA-Decay,211,93.36492890995261,1.4218009478672986,5.213270142180095,0.0
319,0.4,10.0,1.0,DA-BALS-Stabilized,211,93.36492890995261,1.4218009478672986,5.213270142180095,0.0
319,0.4,50.0,0.0,DA-BALS-EWMA,211,93.36492890995261,1.4218009478672986,5.213270142180095,0.0
319,0.4,50.0,0.0,DA-BALS-EWMA-Cap,211,93.36492890995261,1.4218009478672986,5.213270142180095,0.0
319,0.4,50.0,0.0,DA-BALS-EWMA-Decay,211,93.36492890995261,1.4218009478672986,5.213270142180095,0.0
319,0.4,50.0,0.0,DA-BALS-Stabilized,211,93.36492890995261,1.4218009478672986,5.213270142180095,0.0
319,0.4,50.0,0.5,DA-BALS-EWMA,211,94.3127962085308,0.47393364928909953,5.213270142180095,0.0
319,0.4,50.0,0.5,DA-BALS-EWMA-Cap,211,94.3127962085308,0.47393364928909953,5.213270142180095,0.0
319,0.4,50.0,0.5,DA-BALS-EWMA-Decay,211,94.3127962085308,0.47393364928909953,5.213270142180095,0.0
319,0.4,50.0,0.5,DA-BALS-Stabilized,211,94.3127962085308,0.47393364928909953,5.213270142180095,0.0
319,0.4,50.0,1.0,DA-BALS-EWMA,211,93.36492890995261,1.4218009478672986,5.213270142180095,0.0
319,0.4,50.0,1.0,DA-BALS-EWMA-Cap,211,93.36492890995261,1.4218009478672986,5.213270142180095,0.0
319,0.4,50.0,1.0,DA-BALS-EWMA-Decay,211,93.36492890995261,1.4218009478672986,5.213270142180095,0.0
319,0.4,50.0,1.0,DA-BALS-Stabilized,211,93.36492890995261,1.4218009478672986,5.213270142180095,0.0
319,0.6,0.0,0.0,DA-BALS-EWMA,301,91.0299003322259,0.6644518272425249,8.305647840531561,0.0
319,0.6,0.0,0.0,DA-BALS-EWMA-Cap,301,91.0299003322259,0.6644518272425249,8.305647840531561,0.0
319,0.6,0.0,0.0,DA-BALS-EWMA-Decay,301,91.0299003322259,0.6644518272425249,8.305647840531561,0.0
319,0.6,0.0,0.0,DA-BALS-Stabilized,301,91.0299003322259,0.6644518272425249,8.305647840531561,0.0
319,0.6,0.0,0.5,DA-BALS-EWMA,301,89.3687707641196,2.3255813953488373,8.305647840531561,0.0
319,0.6,0.0,0.5,DA-BALS-EWMA-Cap,301,89.3687707641196,2.3255813953488373,8.305647840531561,0.0
319,0.6,0.0,0.5,DA-BALS-EWMA-Decay,301,89.3687707641196,2.3255813953488373,8.305647840531561,0.0
319,0.6,0.0,0.5,DA-BALS-Stabilized,301,89.3687707641196,2.3255813953488373,8.305647840531561,0.0
319,0.6,0.0,1.0,DA-BALS-EWMA,301,88.03986710963456,3.322259136212625,8.637873754152823,0.0
319,0.6,0.0,1.0,DA-BALS-EWMA-Cap,301,88.03986710963456,3.322259136212625,8.637873754152823,0.0
319,0.6,0.0,1.0,DA-BALS-EWMA-Decay,301,88.03986710963456,3.322259136212625,8.637873754152823,0.0
319,0.6,0.0,1.0,DA-BALS-Stabilized,301,88.03986710963456,3.322259136212625,8.637873754152823,0.0
319,0.6,10.0,0.0,DA-BALS-EWMA,301,91.0299003322259,0.6644518272425249,8.305647840531561,0.0
319,0.6,10.0,0.0,DA-BALS-EWMA-Cap,301,91.0299003322259,0.6644518272425249,8.305647840531561,0.0
319,0.6,10.0,0.0,DA-BALS-EWMA-Decay,301,91.0299003322259,0.6644518272425249,8.305647840531561,0.0
319,0.6,10.0,0.0,DA-BALS-Stabilized,301,91.0299003322259,0.6644518272425249,8.305647840531561,0.0
319,0.6,10.0,0.5,DA-BALS-EWMA,301,89.3687707641196,2.3255813953488373,8.305647840531561,0.0
319,0.6,10.0,0.5,DA-BALS-EWMA-Cap,301,89.3687707641196,2.3255813953488373,8.305647840531561,0.0
319,0.6,10.0,0.5,DA-BALS-EWMA-Decay,301,89.3687707641196,2.3255813953488373,8.305647840531561,0.0
319,0.6,10.0,0.5,DA-BALS-Stabilized,301,89.3687707641196,2.3255813953488373,8.305647840531561,0.0
319,0.6,10.0,1.0,DA-BALS-EWMA,301,87.70764119601328,3.322259136212625,8.970099667774086,0.0
319,0.6,10.0,1.0,DA-BALS-EWMA-Cap,301,87.70764119601328,3.322259136212625,8.970099667774086,0.0
319,0.6,10.0,1.0,DA-BALS-EWMA-Decay,301,88.03986710963456,3.322259136212625,8.637873754152823,0.0
319,0.6,10.0,1.0,DA-BALS-Stabilized,301,88.03986710963456,3.322259136212625,8.637873754152823,0.0
319,0.6,50.0,0.0,DA-BALS-EWMA,301,91.0299003322259,0.6644518272425249,8.305647840531561,0.0
319,0.6,50.0,0.0,DA-BALS-EWMA-Cap,301,91.0299003322259,0.6644518272425249,8.305647840531561,0.0
319,0.6,50.0,0.0,DA-BALS-EWMA-Decay,301,91.0299003322259,0.6644518272425249,8.305647840531561,0.0
319,0.6,50.0,0.0,DA-BALS-Stabilized,301,91.0299003322259,0.6644518272425249,8.305647840531561,0.0
319,0.6,50.0,0.5,DA-BALS-EWMA,301,89.3687707641196,2.3255813953488373,8.305647840531561,0.0
319,0.6,50.0,0.5,DA-BALS-EWMA-Cap,301,89.3687707641196,2.3255813953488373,8.305647840531561,0.0
319,0.6,50.0,0.5,DA-BALS-EWMA-Decay,301,89.3687707641196,2.3255813953488373,8.305647840531561,0.0
319,0.6,50.0,0.5,DA-BALS-Stabilized,301,89.3687707641196,2.3255813953488373,8.305647840531561,0.0
319,0.6,50.0,1.0,DA-BALS-EWMA,301,87.70764119601328,3.322259136212625,8.970099667774086,0.0
319,0.6,50.0,1.0,DA-BALS-EWMA-Cap,301,87.70764119601328,3.322259136212625,8.970099667774086,0.0
319,0.6,50.0,1.0,DA-BALS-EWMA-Decay,301,88.03986710963456,3.322259136212625,8.637873754152823,0.0
319,0.6,50.0,1.0,DA-BALS-Stabilized,301,88.03986710963456,3.322259136212625,8.637873754152823,0.0
319,0.8,0.0,0.0,DA-BALS-EWMA,428,83.64485981308411,0.9345794392523363,15.42056074766355,0.0
319,0.8,0.0,0.0,DA-BALS-EWMA-Cap,428,83.64485981308411,0.9345794392523363,15.42056074766355,0.0
319,0.8,0.0,0.0,DA-BALS-EWMA-Decay,428,83.64485981308411,0.9345794392523363,15.42056074766355,0.0
319,0.8,0.0,0.0,DA-BALS-Stabilized,428,83.64485981308411,0.9345794392523363,15.42056074766355,0.0
319,0.8,0.0,0.5,DA-BALS-EWMA,428,81.77570093457945,2.570093457943925,15.654205607476634,0.0
319,0.8,0.0,0.5,DA-BALS-EWMA-Cap,428,81.77570093457945,2.570093457943925,15.654205607476634,0.0
319,0.8,0.0,0.5,DA-BALS-EWMA-Decay,428,81.77570093457945,2.570093457943925,15.654205607476634,0.0
319,0.8,0.0,0.5,DA-BALS-Stabilized,428,81.77570093457945,2.570093457943925,15.654205607476634,0.0
319,0.8,0.0,1.0,DA-BALS-EWMA,428,79.67289719626169,3.5046728971962615,16.822429906542055,0.0
319,0.8,0.0,1.0,DA-BALS-EWMA-Cap,428,79.67289719626169,3.5046728971962615,16.822429906542055,0.0
319,0.8,0.0,1.0,DA-BALS-EWMA-Decay,428,79.90654205607477,3.7383177570093453,16.355140186915886,0.0
319,0.8,0.0,1.0,DA-BALS-Stabilized,428,79.90654205607477,3.7383177570093453,16.355140186915886,0.0
319,0.8,10.0,0.0,DA-BALS-EWMA,428,83.64485981308411,0.9345794392523363,15.42056074766355,0.0
319,0.8,10.0,0.0,DA-BALS-EWMA-Cap,428,83.64485981308411,0.9345794392523363,15.42056074766355,0.0
319,0.8,10.0,0.0,DA-BALS-EWMA-Decay,428,83.64485981308411,0.9345794392523363,15.42056074766355,0.0
319,0.8,10.0,0.0,DA-BALS-Stabilized,428,83.64485981308411,0.9345794392523363,15.42056074766355,0.0
319,0.8,10.0,0.5,DA-BALS-EWMA,428,81.77570093457945,2.570093457943925,15.654205607476634,0.0
319,0.8,10.0,0.5,DA-BALS-EWMA-Cap,428,81.77570093457945,2.570093457943925,15.654205607476634,0.0
319,0.8,10.0,0.5,DA-BALS-EWMA-Decay,428,81.77570093457945,2.570093457943925,15.654205607476634,0.0
319,0.8,10.0,0.5,DA-BALS-Stabilized,428,81.77570093457945,2.570093457943925,15.654205607476634,0.0
319,0.8,10.0,1.0,DA-BALS-EWMA,428,79.67289719626169,3.5046728971962615,16.822429906542055,0.0
319,0.8,10.0,1.0,DA-BALS-EWMA-Cap,428,79.67289719626169,3.5046728971962615,16.822429906542055,0.0
319,0.8,10.0,1.0,DA-BALS-EWMA-Decay,428,79.90654205607477,3.7383177570093453,16.355140186915886,0.0
319,0.8,10.0,1.0,DA-BALS-Stabilized,428,79.90654205607477,3.7383177570093453,16.355140186915886,0.0
319,0.8,50.0,0.0,DA-BALS-EWMA,428,83.64485981308411,0.9345794392523363,15.42056074766355,0.0
319,0.8,50.0,0.0,DA-BALS-EWMA-Cap,428,83.64485981308411,0.9345794392523363,15.42056074766355,0.0
319,0.8,50.0,0.0,DA-BALS-EWMA-Decay,428,83.64485981308411,0.9345794392523363,15.42056074766355,0.0
319,0.8,50.0,0.0,DA-BALS-Stabilized,428,83.64485981308411,0.9345794392523363,15.42056074766355,0.0
319,0.8,50.0,0.5,DA-BALS-EWMA,428,81.77570093457945,2.570093457943925,15.654205607476634,0.0
319,0.8,50.0,0.5,DA-BALS-EWMA-Cap,428,81.77570093457945,2.570093457943925,15.654205607476634,0.0
319,0.8,50.0,0.5,DA-BALS-EWMA-Decay,428,81.77570093457945,2.570093457943925,15.654205607476634,0.0
319,0.8,50.0,0.5,DA-BALS-Stabilized,428,81.77570093457945,2.570093457943925,15.654205607476634,0.0
319,0.8,50.0,1.0,DA-BALS-EWMA,428,79.67289719626169,3.5046728971962615,16.822429906542055,0.0
319,0.8,50.0,1.0,DA-BALS-EWMA-Cap,428,79.67289719626169,3.5046728971962615,16.822429906542055,0.0
319,0.8,50.0,1.0,DA-BALS-EWMA-Decay,428,79.90654205607477,3.7383177570093453,16.355140186915886,0.0
319,0.8,50.0,1.0,DA-BALS-Stabilized,428,79.90654205607477,3.7383177570093453,16.355140186915886,0.0
319,1.0,0.0,0.0,DA-BALS-EWMA,534,77.15355805243446,0.5617977528089888,22.284644194756552,0.0
319,1.0,0.0,0.0,DA-BALS-EWMA-Cap,534,77.15355805243446,0.5617977528089888,22.284644194756552,0.0
319,1.0,0.0,0.0,DA-BALS-EWMA-Decay,534,77.15355805243446,0.5617977528089888,22.284644194756552,0.0
319,1.0,0.0,0.0,DA-BALS-Stabilized,534,77.15355805243446,0.5617977528089888,22.284644194756552,0.0
319,1.0,0.0,0.5,DA-BALS-EWMA,534,75.65543071161048,1.3108614232209739,23.03370786516854,0.0
319,1.0,0.0,0.5,DA-BALS-EWMA-Cap,534,75.65543071161048,1.3108614232209739,23.03370786516854,0.0
319,1.0,0.0,0.5,DA-BALS-EWMA-Decay,534,75.65543071161048,1.3108614232209739,23.03370786516854,0.0
319,1.0,0.0,0.5,DA-BALS-Stabilized,534,75.65543071161048,1.3108614232209739,23.03370786516854,0.0
319,1.0,0.0,1.0,DA-BALS-EWMA,534,72.65917602996255,3.7453183520599254,23.595505617977526,0.0
319,1.0,0.0,1.0,DA-BALS-EWMA-Cap,534,72.65917602996255,3.7453183520599254,23.595505617977526,0.0
319,1.0,0.0,1.0,DA-BALS-EWMA-Decay,534,72.65917602996255,3.7453183520599254,23.595505617977526,0.0
319,1.0,0.0,1.0,DA-BALS-Stabilized,534,72.65917602996255,3.7453183520599254,23.595505617977526,0.0
319,1.0,10.0,0.0,DA-BALS-EWMA,534,77.15355805243446,0.5617977528089888,22.284644194756552,0.0
319,1.0,10.0,0.0,DA-BALS-EWMA-Cap,534,77.15355805243446,0.5617977528089888,22.284644194756552,0.0
319,1.0,10.0,0.0,DA-BALS-EWMA-Decay,534,77.15355805243446,0.5617977528089888,22.284644194756552,0.0
319,1.0,10.0,0.0,DA-BALS-Stabilized,534,77.15355805243446,0.5617977528089888,22.284644194756552,0.0
319,1.0,10.0,0.5,DA-BALS-EWMA,534,75.28089887640449,1.6853932584269662,23.03370786516854,0.0
319,1.0,10.0,0.5,DA-BALS-EWMA-Cap,534,75.28089887640449,1.6853932584269662,23.03370786516854,0.0
319,1.0,10.0,0.5,DA-BALS-EWMA-Decay,534,75.28089887640449,1.6853932584269662,23.03370786516854,0.0
319,1.0,10.0,0.5,DA-BALS-Stabilized,534,75.28089887640449,1.6853932584269662,23.03370786516854,0.0
319,1.0,10.0,1.0,DA-BALS-EWMA,534,72.65917602996255,3.932584269662921,23.40823970037453,0.0
319,1.0,10.0,1.0,DA-BALS-EWMA-Cap,534,72.65917602996255,3.932584269662921,23.40823970037453,0.0
319,1.0,10.0,1.0,DA-BALS-EWMA-Decay,534,72.84644194756554,3.932584269662921,23.220973782771537,0.0
319,1.0,10.0,1.0,DA-BALS-Stabilized,534,72.84644194756554,3.932584269662921,23.220973782771537,0.0
319,1.0,50.0,0.0,DA-BALS-EWMA,534,77.15355805243446,0.5617977528089888,22.284644194756552,0.0
319,1.0,50.0,0.0,DA-BALS-EWMA-Cap,534,77.15355805243446,0.5617977528089888,22.284644194756552,0.0
319,1.0,50.0,0.0,DA-BALS-EWMA-Decay,534,77.15355805243446,0.5617977528089888,22.284644194756552,0.0
319,1.0,50.0,0.0,DA-BALS-Stabilized,534,77.15355805243446,0.5617977528089888,22.284644194756552,0.0
319,1.0,50.0,0.5,DA-BALS-EWMA,534,75.28089887640449,1.6853932584269662,23.03370786516854,0.0
319,1.0,50.0,0.5,DA-BALS-EWMA-Cap,534,75.28089887640449,1.6853932584269662,23.03370786516854,0.0
319,1.0,50.0,0.5,DA-BALS-EWMA-Decay,534,75.28089887640449,1.6853932584269662,23.03370786516854,0.0
319,1.0,50.0,0.5,DA-BALS-Stabilized,534,75.28089887640449,1.6853932584269662,23.03370786516854,0.0
319,1.0,50.0,1.0,DA-BALS-EWMA,534,72.65917602996255,3.932584269662921,23.40823970037453,0.0
319,1.0,50.0,1.0,DA-BALS-EWMA-Cap,534,72.65917602996255,3.932584269662921,23.40823970037453,0.0
319,1.0,50.0,1.0,DA-BALS-EWMA-Decay,534,72.65917602996255,4.119850187265917,23.220973782771537,0.0
319,1.0,50.0,1.0,DA-BALS-Stabilized,534,72.65917602996255,4.119850187265917,23.220973782771537,0.0
319,1.2,0.0,0.0,DA-BALS-EWMA,572,74.82517482517483,0.6993006993006993,24.475524475524477,0.0
319,1.2,0.0,0.0,DA-BALS-EWMA-Cap,572,74.82517482517483,0.6993006993006993,24.475524475524477,0.0
319,1.2,0.0,0.0,DA-BALS-EWMA-Decay,572,74.82517482517483,0.6993006993006993,24.475524475524477,0.0
319,1.2,0.0,0.0,DA-BALS-Stabilized,572,74.82517482517483,0.6993006993006993,24.475524475524477,0.0
319,1.2,0.0,0.5,DA-BALS-EWMA,572,72.02797202797203,3.146853146853147,24.825174825174827,0.0
319,1.2,0.0,0.5,DA-BALS-EWMA-Cap,572,72.02797202797203,3.146853146853147,24.825174825174827,0.0
319,1.2,0.0,0.5,DA-BALS-EWMA-Decay,572,72.02797202797203,3.146853146853147,24.825174825174827,0.0
319,1.2,0.0,0.5,DA-BALS-Stabilized,572,72.02797202797203,3.146853146853147,24.825174825174827,0.0
319,1.2,0.0,1.0,DA-BALS-EWMA,572,70.1048951048951,3.4965034965034967,26.3986013986014,0.0
319,1.2,0.0,1.0,DA-BALS-EWMA-Cap,572,70.1048951048951,3.4965034965034967,26.3986013986014,0.0
319,1.2,0.0,1.0,DA-BALS-EWMA-Decay,572,70.1048951048951,3.6713286713286712,26.223776223776223,0.0
319,1.2,0.0,1.0,DA-BALS-Stabilized,572,70.1048951048951,3.6713286713286712,26.223776223776223,0.0
319,1.2,10.0,0.0,DA-BALS-EWMA,572,74.82517482517483,0.6993006993006993,24.475524475524477,0.0
319,1.2,10.0,0.0,DA-BALS-EWMA-Cap,572,74.82517482517483,0.6993006993006993,24.475524475524477,0.0
319,1.2,10.0,0.0,DA-BALS-EWMA-Decay,572,74.82517482517483,0.6993006993006993,24.475524475524477,0.0
319,1.2,10.0,0.0,DA-BALS-Stabilized,572,74.82517482517483,0.6993006993006993,24.475524475524477,0.0
319,1.2,10.0,0.5,DA-BALS-EWMA,572,71.85314685314685,3.3216783216783217,24.825174825174827,0.0
319,1.2,10.0,0.5,DA-BALS-EWMA-Cap,572,71.85314685314685,3.3216783216783217,24.825174825174827,0.0
319,1.2,10.0,0.5,DA-BALS-EWMA-Decay,572,72.02797202797203,3.3216783216783217,24.65034965034965,0.0
319,1.2,10.0,0.5,DA-BALS-Stabilized,572,72.02797202797203,3.3216783216783217,24.65034965034965,0.0
319,1.2,10.0,1.0,DA-BALS-EWMA,572,69.93006993006993,3.8461538461538463,26.223776223776223,0.0
319,1.2,10.0,1.0,DA-BALS-EWMA-Cap,572,69.93006993006993,3.8461538461538463,26.223776223776223,0.0
319,1.2,10.0,1.0,DA-BALS-EWMA-Decay,572,69.93006993006993,4.020979020979021,26.048951048951047,0.0
319,1.2,10.0,1.0,DA-BALS-Stabilized,572,69.93006993006993,4.020979020979021,26.048951048951047,0.0
319,1.2,50.0,0.0,DA-BALS-EWMA,572,74.82517482517483,0.6993006993006993,24.475524475524477,0.0
319,1.2,50.0,0.0,DA-BALS-EWMA-Cap,572,74.82517482517483,0.6993006993006993,24.475524475524477,0.0
319,1.2,50.0,0.0,DA-BALS-EWMA-Decay,572,74.82517482517483,0.6993006993006993,24.475524475524477,0.0
319,1.2,50.0,0.0,DA-BALS-Stabilized,572,74.82517482517483,0.6993006993006993,24.475524475524477,0.0
319,1.2,50.0,0.5,DA-BALS-EWMA,572,71.85314685314685,3.3216783216783217,24.825174825174827,0.0
319,1.2,50.0,0.5,DA-BALS-EWMA-Cap,572,71.85314685314685,3.3216783216783217,24.825174825174827,0.0
319,1.2,50.0,0.5,DA-BALS-EWMA-Decay,572,71.85314685314685,3.3216783216783217,24.825174825174827,0.0
319,1.2,50.0,0.5,DA-BALS-Stabilized,572,71.85314685314685,3.3216783216783217,24.825174825174827,0.0
319,1.2,50.0,1.0,DA-BALS-EWMA,572,69.05594405594405,5.944055944055944,25.0,0.0
319,1.2,50.0,1.0,DA-BALS-EWMA-Cap,572,69.05594405594405,5.944055944055944,25.0,0.0
319,1.2,50.0,1.0,DA-BALS-EWMA-Decay,572,68.88111888111888,6.118881118881119,25.0,0.0
319,1.2,50.0,1.0,DA-BALS-Stabilized,572,69.05594405594405,6.118881118881119,24.825174825174827,0.0
320,0.2,0.0,0.0,DA-BALS-EWMA,115,92.17391304347827,0.8695652173913043,6.956521739130435,0.0
320,0.2,0.0,0.0,DA-BALS-EWMA-Cap,115,92.17391304347827,0.8695652173913043,6.956521739130435,0.0
320,0.2,0.0,0.0,DA-BALS-EWMA-Decay,115,92.17391304347827,0.8695652173913043,6.956521739130435,0.0
320,0.2,0.0,0.0,DA-BALS-Stabilized,115,92.17391304347827,0.8695652173913043,6.956521739130435,0.0
320,0.2,0.0,0.5,DA-BALS-EWMA,115,92.17391304347827,0.8695652173913043,6.956521739130435,0.0
320,0.2,0.0,0.5,DA-BALS-EWMA-Cap,115,92.17391304347827,0.8695652173913043,6.956521739130435,0.0
320,0.2,0.0,0.5,DA-BALS-EWMA-Decay,115,92.17391304347827,0.8695652173913043,6.956521739130435,0.0
320,0.2,0.0,0.5,DA-BALS-Stabilized,115,92.17391304347827,0.8695652173913043,6.956521739130435,0.0
320,0.2,0.0,1.0,DA-BALS-EWMA,115,91.30434782608695,0.8695652173913043,7.82608695652174,0.0
320,0.2,0.0,1.0,DA-BALS-EWMA-Cap,115,91.30434782608695,0.8695652173913043,7.82608695652174,0.0
320,0.2,0.0,1.0,DA-BALS-EWMA-Decay,115,92.17391304347827,0.8695652173913043,6.956521739130435,0.0
320,0.2,0.0,1.0,DA-BALS-Stabilized,115,92.17391304347827,0.8695652173913043,6.956521739130435,0.0
320,0.2,10.0,0.0,DA-BALS-EWMA,115,92.17391304347827,0.8695652173913043,6.956521739130435,0.0
320,0.2,10.0,0.0,DA-BALS-EWMA-Cap,115,92.17391304347827,0.8695652173913043,6.956521739130435,0.0
320,0.2,10.0,0.0,DA-BALS-EWMA-Decay,115,92.17391304347827,0.8695652173913043,6.956521739130435,0.0
320,0.2,10.0,0.0,DA-BALS-Stabilized,115,92.17391304347827,0.8695652173913043,6.956521739130435,0.0
320,0.2,10.0,0.5,DA-BALS-EWMA,115,92.17391304347827,0.8695652173913043,6.956521739130435,0.0
320,0.2,10.0,0.5,DA-BALS-EWMA-Cap,115,92.17391304347827,0.8695652173913043,6.956521739130435,0.0
320,0.2,10.0,0.5,DA-BALS-EWMA-Decay,115,92.17391304347827,0.8695652173913043,6.956521739130435,0.0
320,0.2,10.0,0.5,DA-BALS-Stabilized,115,92.17391304347827,0.8695652173913043,6.956521739130435,0.0
320,0.2,10.0,1.0,DA-BALS-EWMA,115,91.30434782608695,0.8695652173913043,7.82608695652174,0.0
320,0.2,10.0,1.0,DA-BALS-EWMA-Cap,115,91.30434782608695,0.8695652173913043,7.82608695652174,0.0
320,0.2,10.0,1.0,DA-BALS-EWMA-Decay,115,92.17391304347827,0.8695652173913043,6.956521739130435,0.0
320,0.2,10.0,1.0,DA-BALS-Stabilized,115,92.17391304347827,0.8695652173913043,6.956521739130435,0.0
320,0.2,50.0,0.0,DA-BALS-EWMA,115,92.17391304347827,0.8695652173913043,6.956521739130435,0.0
320,0.2,50.0,0.0,DA-BALS-EWMA-Cap,115,92.17391304347827,0.8695652173913043,6.956521739130435,0.0
320,0.2,50.0,0.0,DA-BALS-EWMA-Decay,115,92.17391304347827,0.8695652173913043,6.956521739130435,0.0
320,0.2,50.0,0.0,DA-BALS-Stabilized,115,92.17391304347827,0.8695652173913043,6.956521739130435,0.0
320,0.2,50.0,0.5,DA-BALS-EWMA,115,92.17391304347827,0.8695652173913043,6.956521739130435,0.0
320,0.2,50.0,0.5,DA-BALS-EWMA-Cap,115,92.17391304347827,0.8695652173913043,6.956521739130435,0.0
320,0.2,50.0,0.5,DA-BALS-EWMA-Decay,115,92.17391304347827,0.8695652173913043,6.956521739130435,0.0
320,0.2,50.0,0.5,DA-BALS-Stabilized,115,92.17391304347827,0.8695652173913043,6.956521739130435,0.0
320,0.2,50.0,1.0,DA-BALS-EWMA,115,91.30434782608695,0.8695652173913043,7.82608695652174,0.0
320,0.2,50.0,1.0,DA-BALS-EWMA-Cap,115,91.30434782608695,0.8695652173913043,7.82608695652174,0.0
320,0.2,50.0,1.0,DA-BALS-EWMA-Decay,115,92.17391304347827,0.8695652173913043,6.956521739130435,0.0
320,0.2,50.0,1.0,DA-BALS-Stabilized,115,92.17391304347827,0.8695652173913043,6.956521739130435,0.0
320,0.4,0.0,0.0,DA-BALS-EWMA,172,91.86046511627907,0.5813953488372093,7.55813953488372,0.0
320,0.4,0.0,0.0,DA-BALS-EWMA-Cap,172,91.86046511627907,0.5813953488372093,7.55813953488372,0.0
320,0.4,0.0,0.0,DA-BALS-EWMA-Decay,172,91.86046511627907,0.5813953488372093,7.55813953488372,0.0
320,0.4,0.0,0.0,DA-BALS-Stabilized,172,91.86046511627907,0.5813953488372093,7.55813953488372,0.0
320,0.4,0.0,0.5,DA-BALS-EWMA,172,90.69767441860465,1.1627906976744187,8.13953488372093,0.0
320,0.4,0.0,0.5,DA-BALS-EWMA-Cap,172,90.69767441860465,1.1627906976744187,8.13953488372093,0.0
320,0.4,0.0,0.5,DA-BALS-EWMA-Decay,172,90.69767441860465,1.1627906976744187,8.13953488372093,0.0
320,0.4,0.0,0.5,DA-BALS-Stabilized,172,90.69767441860465,1.1627906976744187,8.13953488372093,0.0
320,0.4,0.0,1.0,DA-BALS-EWMA,172,87.20930232558139,4.069767441860465,8.720930232558139,0.0
320,0.4,0.0,1.0,DA-BALS-EWMA-Cap,172,87.20930232558139,4.069767441860465,8.720930232558139,0.0
320,0.4,0.0,1.0,DA-BALS-EWMA-Decay,172,87.79069767441861,4.069767441860465,8.13953488372093,0.0
320,0.4,0.0,1.0,DA-BALS-Stabilized,172,87.79069767441861,4.069767441860465,8.13953488372093,0.0
320,0.4,10.0,0.0,DA-BALS-EWMA,172,91.86046511627907,0.5813953488372093,7.55813953488372,0.0
320,0.4,10.0,0.0,DA-BALS-EWMA-Cap,172,91.86046511627907,0.5813953488372093,7.55813953488372,0.0
320,0.4,10.0,0.0,DA-BALS-EWMA-Decay,172,91.86046511627907,0.5813953488372093,7.55813953488372,0.0
320,0.4,10.0,0.0,DA-BALS-Stabilized,172,91.86046511627907,0.5813953488372093,7.55813953488372,0.0
320,0.4,10.0,0.5,DA-BALS-EWMA,172,90.69767441860465,1.1627906976744187,8.13953488372093,0.0
320,0.4,10.0,0.5,DA-BALS-EWMA-Cap,172,90.69767441860465,1.1627906976744187,8.13953488372093,0.0
320,0.4,10.0,0.5,DA-BALS-EWMA-Decay,172,90.69767441860465,1.1627906976744187,8.13953488372093,0.0
320,0.4,10.0,0.5,DA-BALS-Stabilized,172,90.69767441860465,1.1627906976744187,8.13953488372093,0.0
320,0.4,10.0,1.0,DA-BALS-EWMA,172,87.20930232558139,4.069767441860465,8.720930232558139,0.0
320,0.4,10.0,1.0,DA-BALS-EWMA-Cap,172,87.20930232558139,4.069767441860465,8.720930232558139,0.0
320,0.4,10.0,1.0,DA-BALS-EWMA-Decay,172,87.79069767441861,4.069767441860465,8.13953488372093,0.0
320,0.4,10.0,1.0,DA-BALS-Stabilized,172,87.79069767441861,4.069767441860465,8.13953488372093,0.0
320,0.4,50.0,0.0,DA-BALS-EWMA,172,91.86046511627907,0.5813953488372093,7.55813953488372,0.0
320,0.4,50.0,0.0,DA-BALS-EWMA-Cap,172,91.86046511627907,0.5813953488372093,7.55813953488372,0.0
320,0.4,50.0,0.0,DA-BALS-EWMA-Decay,172,91.86046511627907,0.5813953488372093,7.55813953488372,0.0
320,0.4,50.0,0.0,DA-BALS-Stabilized,172,91.86046511627907,0.5813953488372093,7.55813953488372,0.0
320,0.4,50.0,0.5,DA-BALS-EWMA,172,90.69767441860465,1.1627906976744187,8.13953488372093,0.0
320,0.4,50.0,0.5,DA-BALS-EWMA-Cap,172,90.69767441860465,1.1627906976744187,8.13953488372093,0.0
320,0.4,50.0,0.5,DA-BALS-EWMA-Decay,172,90.69767441860465,1.1627906976744187,8.13953488372093,0.0
320,0.4,50.0,0.5,DA-BALS-Stabilized,172,90.69767441860465,1.1627906976744187,8.13953488372093,0.0
320,0.4,50.0,1.0,DA-BALS-EWMA,172,87.20930232558139,4.069767441860465,8.720930232558139,0.0
320,0.4,50.0,1.0,DA-BALS-EWMA-Cap,172,87.20930232558139,4.069767441860465,8.720930232558139,0.0
320,0.4,50.0,1.0,DA-BALS-EWMA-Decay,172,87.79069767441861,4.651162790697675,7.55813953488372,0.0
320,0.4,50.0,1.0,DA-BALS-Stabilized,172,87.79069767441861,4.651162790697675,7.55813953488372,0.0
320,0.6,0.0,0.0,DA-BALS-EWMA,308,89.28571428571429,0.6493506493506493,10.064935064935066,0.0
320,0.6,0.0,0.0,DA-BALS-EWMA-Cap,308,89.28571428571429,0.6493506493506493,10.064935064935066,0.0
320,0.6,0.0,0.0,DA-BALS-EWMA-Decay,308,89.28571428571429,0.6493506493506493,10.064935064935066,0.0
320,0.6,0.0,0.0,DA-BALS-Stabilized,308,89.28571428571429,0.6493506493506493,10.064935064935066,0.0
320,0.6,0.0,0.5,DA-BALS-EWMA,308,89.28571428571429,0.3246753246753247,10.38961038961039,0.0
320,0.6,0.0,0.5,DA-BALS-EWMA-Cap,308,89.28571428571429,0.3246753246753247,10.38961038961039,0.0
320,0.6,0.0,0.5,DA-BALS-EWMA-Decay,308,89.28571428571429,0.3246753246753247,10.38961038961039,0.0
320,0.6,0.0,0.5,DA-BALS-Stabilized,308,89.28571428571429,0.3246753246753247,10.38961038961039,0.0
320,0.6,0.0,1.0,DA-BALS-EWMA,308,85.3896103896104,3.571428571428571,11.03896103896104,0.0
320,0.6,0.0,1.0,DA-BALS-EWMA-Cap,308,85.3896103896104,3.571428571428571,11.03896103896104,0.0
320,0.6,0.0,1.0,DA-BALS-EWMA-Decay,308,85.3896103896104,3.571428571428571,11.03896103896104,0.0
320,0.6,0.0,1.0,DA-BALS-Stabilized,308,85.3896103896104,3.571428571428571,11.03896103896104,0.0
320,0.6,10.0,0.0,DA-BALS-EWMA,308,89.28571428571429,0.6493506493506493,10.064935064935066,0.0
320,0.6,10.0,0.0,DA-BALS-EWMA-Cap,308,89.28571428571429,0.6493506493506493,10.064935064935066,0.0
320,0.6,10.0,0.0,DA-BALS-EWMA-Decay,308,89.28571428571429,0.6493506493506493,10.064935064935066,0.0
320,0.6,10.0,0.0,DA-BALS-Stabilized,308,89.28571428571429,0.6493506493506493,10.064935064935066,0.0
320,0.6,10.0,0.5,DA-BALS-EWMA,308,89.28571428571429,0.3246753246753247,10.38961038961039,0.0
320,0.6,10.0,0.5,DA-BALS-EWMA-Cap,308,89.28571428571429,0.3246753246753247,10.38961038961039,0.0
320,0.6,10.0,0.5,DA-BALS-EWMA-Decay,308,89.28571428571429,0.3246753246753247,10.38961038961039,0.0
320,0.6,10.0,0.5,DA-BALS-Stabilized,308,89.28571428571429,0.3246753246753247,10.38961038961039,0.0
320,0.6,10.0,1.0,DA-BALS-EWMA,308,85.3896103896104,3.896103896103896,10.714285714285714,0.0
320,0.6,10.0,1.0,DA-BALS-EWMA-Cap,308,85.3896103896104,3.896103896103896,10.714285714285714,0.0
320,0.6,10.0,1.0,DA-BALS-EWMA-Decay,308,85.3896103896104,3.896103896103896,10.714285714285714,0.0
320,0.6,10.0,1.0,DA-BALS-Stabilized,308,85.3896103896104,3.896103896103896,10.714285714285714,0.0
320,0.6,50.0,0.0,DA-BALS-EWMA,308,89.28571428571429,0.6493506493506493,10.064935064935066,0.0
320,0.6,50.0,0.0,DA-BALS-EWMA-Cap,308,89.28571428571429,0.6493506493506493,10.064935064935066,0.0
320,0.6,50.0,0.0,DA-BALS-EWMA-Decay,308,89.28571428571429,0.6493506493506493,10.064935064935066,0.0
320,0.6,50.0,0.0,DA-BALS-Stabilized,308,89.28571428571429,0.6493506493506493,10.064935064935066,0.0
320,0.6,50.0,0.5,DA-BALS-EWMA,308,89.28571428571429,0.3246753246753247,10.38961038961039,0.0
320,0.6,50.0,0.5,DA-BALS-EWMA-Cap,308,89.28571428571429,0.3246753246753247,10.38961038961039,0.0
320,0.6,50.0,0.5,DA-BALS-EWMA-Decay,308,89.28571428571429,0.3246753246753247,10.38961038961039,0.0
320,0.6,50.0,0.5,DA-BALS-Stabilized,308,89.28571428571429,0.3246753246753247,10.38961038961039,0.0
320,0.6,50.0,1.0,DA-BALS-EWMA,308,85.3896103896104,3.896103896103896,10.714285714285714,0.0
320,0.6,50.0,1.0,DA-BALS-EWMA-Cap,308,85.3896103896104,3.896103896103896,10.714285714285714,0.0
320,0.6,50.0,1.0,DA-BALS-EWMA-Decay,308,85.3896103896104,3.896103896103896,10.714285714285714,0.0
320,0.6,50.0,1.0,DA-BALS-Stabilized,308,85.3896103896104,3.896103896103896,10.714285714285714,0.0
320,0.8,0.0,0.0,DA-BALS-EWMA,372,87.09677419354838,0.5376344086021506,12.365591397849462,0.0
320,0.8,0.0,0.0,DA-BALS-EWMA-Cap,372,87.09677419354838,0.5376344086021506,12.365591397849462,0.0
320,0.8,0.0,0.0,DA-BALS-EWMA-Decay,372,86.55913978494624,1.0752688172043012,12.365591397849462,0.0
320,0.8,0.0,0.0,DA-BALS-Stabilized,372,86.55913978494624,1.0752688172043012,12.365591397849462,0.0
320,0.8,0.0,0.5,DA-BALS-EWMA,372,85.21505376344086,1.6129032258064515,13.172043010752688,0.0
320,0.8,0.0,0.5,DA-BALS-EWMA-Cap,372,85.21505376344086,1.6129032258064515,13.172043010752688,0.0
320,0.8,0.0,0.5,DA-BALS-EWMA-Decay,372,85.21505376344086,1.6129032258064515,13.172043010752688,0.0
320,0.8,0.0,0.5,DA-BALS-Stabilized,372,85.21505376344086,1.6129032258064515,13.172043010752688,0.0
320,0.8,0.0,1.0,DA-BALS-EWMA,372,81.18279569892472,3.763440860215054,15.053763440860216,0.0
320,0.8,0.0,1.0,DA-BALS-EWMA-Cap,372,81.18279569892472,3.763440860215054,15.053763440860216,0.0
320,0.8,0.0,1.0,DA-BALS-EWMA-Decay,372,81.45161290322581,3.763440860215054,14.78494623655914,0.0
320,0.8,0.0,1.0,DA-BALS-Stabilized,372,81.45161290322581,3.763440860215054,14.78494623655914,0.0
320,0.8,10.0,0.0,DA-BALS-EWMA,372,87.09677419354838,0.5376344086021506,12.365591397849462,0.0
320,0.8,10.0,0.0,DA-BALS-EWMA-Cap,372,87.09677419354838,0.5376344086021506,12.365591397849462,0.0
320,0.8,10.0,0.0,DA-BALS-EWMA-Decay,372,86.55913978494624,1.0752688172043012,12.365591397849462,0.0
320,0.8,10.0,0.0,DA-BALS-Stabilized,372,86.55913978494624,1.0752688172043012,12.365591397849462,0.0
320,0.8,10.0,0.5,DA-BALS-EWMA,372,85.21505376344086,1.6129032258064515,13.172043010752688,0.0
320,0.8,10.0,0.5,DA-BALS-EWMA-Cap,372,85.21505376344086,1.6129032258064515,13.172043010752688,0.0
320,0.8,10.0,0.5,DA-BALS-EWMA-Decay,372,85.21505376344086,1.6129032258064515,13.172043010752688,0.0
320,0.8,10.0,0.5,DA-BALS-Stabilized,372,85.21505376344086,1.6129032258064515,13.172043010752688,0.0
320,0.8,10.0,1.0,DA-BALS-EWMA,372,81.18279569892472,4.301075268817205,14.516129032258066,0.0
320,0.8,10.0,1.0,DA-BALS-EWMA-Cap,372,81.18279569892472,4.301075268817205,14.516129032258066,0.0
320,0.8,10.0,1.0,DA-BALS-EWMA-Decay,372,81.45161290322581,4.56989247311828,13.978494623655912,0.0
320,0.8,10.0,1.0,DA-BALS-Stabilized,372,81.45161290322581,4.56989247311828,13.978494623655912,0.0
320,0.8,50.0,0.0,DA-BALS-EWMA,372,87.09677419354838,0.5376344086021506,12.365591397849462,0.0
320,0.8,50.0,0.0,DA-BALS-EWMA-Cap,372,87.09677419354838,0.5376344086021506,12.365591397849462,0.0
320,0.8,50.0,0.0,DA-BALS-EWMA-Decay,372,86.55913978494624,1.0752688172043012,12.365591397849462,0.0
320,0.8,50.0,0.0,DA-BALS-Stabilized,372,86.55913978494624,1.0752688172043012,12.365591397849462,0.0
320,0.8,50.0,0.5,DA-BALS-EWMA,372,85.21505376344086,1.6129032258064515,13.172043010752688,0.0
320,0.8,50.0,0.5,DA-BALS-EWMA-Cap,372,85.21505376344086,1.6129032258064515,13.172043010752688,0.0
320,0.8,50.0,0.5,DA-BALS-EWMA-Decay,372,85.21505376344086,1.6129032258064515,13.172043010752688,0.0
320,0.8,50.0,0.5,DA-BALS-Stabilized,372,85.21505376344086,1.6129032258064515,13.172043010752688,0.0
320,0.8,50.0,1.0,DA-BALS-EWMA,372,81.18279569892472,4.838709677419355,13.978494623655912,0.0
320,0.8,50.0,1.0,DA-BALS-EWMA-Cap,372,81.18279569892472,4.838709677419355,13.978494623655912,0.0
320,0.8,50.0,1.0,DA-BALS-EWMA-Decay,372,81.45161290322581,5.10752688172043,13.440860215053762,0.0
320,0.8,50.0,1.0,DA-BALS-Stabilized,372,81.45161290322581,5.10752688172043,13.440860215053762,0.0
320,1.0,0.0,0.0,DA-BALS-EWMA,537,76.90875232774674,0.5586592178770949,22.532588454376164,0.0
320,1.0,0.0,0.0,DA-BALS-EWMA-Cap,537,76.90875232774674,0.5586592178770949,22.532588454376164,0.0
320,1.0,0.0,0.0,DA-BALS-EWMA-Decay,537,76.90875232774674,0.5586592178770949,22.532588454376164,0.0
320,1.0,0.0,0.0,DA-BALS-Stabilized,537,76.90875232774674,0.5586592178770949,22.532588454376164,0.0
320,1.0,0.0,0.5,DA-BALS-EWMA,537,75.04655493482309,2.2346368715083798,22.71880819366853,0.0
320,1.0,0.0,0.5,DA-BALS-EWMA-Cap,537,75.04655493482309,2.2346368715083798,22.71880819366853,0.0
320,1.0,0.0,0.5,DA-BALS-EWMA-Decay,537,75.04655493482309,2.4208566108007448,22.532588454376164,0.0
320,1.0,0.0,0.5,DA-BALS-Stabilized,537,75.04655493482309,2.4208566108007448,22.532588454376164,0.0
320,1.0,0.0,1.0,DA-BALS-EWMA,537,72.62569832402235,4.4692737430167595,22.905027932960895,0.0
320,1.0,0.0,1.0,DA-BALS-EWMA-Cap,537,72.62569832402235,4.4692737430167595,22.905027932960895,0.0
320,1.0,0.0,1.0,DA-BALS-EWMA-Decay,537,72.43947858472998,4.655493482309125,22.905027932960895,0.0
320,1.0,0.0,1.0,DA-BALS-Stabilized,537,72.43947858472998,4.655493482309125,22.905027932960895,0.0
320,1.0,10.0,0.0,DA-BALS-EWMA,537,76.90875232774674,0.5586592178770949,22.532588454376164,0.0
320,1.0,10.0,0.0,DA-BALS-EWMA-Cap,537,76.90875232774674,0.5586592178770949,22.532588454376164,0.0
320,1.0,10.0,0.0,DA-BALS-EWMA-Decay,537,76.90875232774674,0.5586592178770949,22.532588454376164,0.0
320,1.0,10.0,0.0,DA-BALS-Stabilized,537,76.90875232774674,0.5586592178770949,22.532588454376164,0.0
320,1.0,10.0,0.5,DA-BALS-EWMA,537,75.04655493482309,2.2346368715083798,22.71880819366853,0.0
320,1.0,10.0,0.5,DA-BALS-EWMA-Cap,537,75.04655493482309,2.2346368715083798,22.71880819366853,0.0
320,1.0,10.0,0.5,DA-BALS-EWMA-Decay,537,75.04655493482309,2.4208566108007448,22.532588454376164,0.0
320,1.0,10.0,0.5,DA-BALS-Stabilized,537,75.04655493482309,2.4208566108007448,22.532588454376164,0.0
320,1.0,10.0,1.0,DA-BALS-EWMA,537,72.62569832402235,4.4692737430167595,22.905027932960895,0.0
320,1.0,10.0,1.0,DA-BALS-EWMA-Cap,537,72.62569832402235,4.4692737430167595,22.905027932960895,0.0
320,1.0,10.0,1.0,DA-BALS-EWMA-Decay,537,72.43947858472998,4.655493482309125,22.905027932960895,0.0
320,1.0,10.0,1.0,DA-BALS-Stabilized,537,72.43947858472998,4.655493482309125,22.905027932960895,0.0
320,1.0,50.0,0.0,DA-BALS-EWMA,537,76.90875232774674,0.5586592178770949,22.532588454376164,0.0
320,1.0,50.0,0.0,DA-BALS-EWMA-Cap,537,76.90875232774674,0.5586592178770949,22.532588454376164,0.0
320,1.0,50.0,0.0,DA-BALS-EWMA-Decay,537,76.90875232774674,0.5586592178770949,22.532588454376164,0.0
320,1.0,50.0,0.0,DA-BALS-Stabilized,537,76.90875232774674,0.5586592178770949,22.532588454376164,0.0
320,1.0,50.0,0.5,DA-BALS-EWMA,537,75.04655493482309,2.2346368715083798,22.71880819366853,0.0
320,1.0,50.0,0.5,DA-BALS-EWMA-Cap,537,75.04655493482309,2.2346368715083798,22.71880819366853,0.0
320,1.0,50.0,0.5,DA-BALS-EWMA-Decay,537,75.04655493482309,2.4208566108007448,22.532588454376164,0.0
320,1.0,50.0,0.5,DA-BALS-Stabilized,537,75.04655493482309,2.4208566108007448,22.532588454376164,0.0
320,1.0,50.0,1.0,DA-BALS-EWMA,537,72.62569832402235,4.4692737430167595,22.905027932960895,0.0
320,1.0,50.0,1.0,DA-BALS-EWMA-Cap,537,72.62569832402235,4.4692737430167595,22.905027932960895,0.0
320,1.0,50.0,1.0,DA-BALS-EWMA-Decay,537,72.43947858472998,4.655493482309125,22.905027932960895,0.0
320,1.0,50.0,1.0,DA-BALS-Stabilized,537,72.43947858472998,4.655493482309125,22.905027932960895,0.0
320,1.2,0.0,0.0,DA-BALS-EWMA,601,73.04492512479202,0.33277870216306155,26.622296173044923,0.0
320,1.2,0.0,0.0,DA-BALS-EWMA-Cap,601,73.04492512479202,0.33277870216306155,26.622296173044923,0.0
320,1.2,0.0,0.0,DA-BALS-EWMA-Decay,601,73.04492512479202,0.49916805324459235,26.455906821963392,0.0
320,1.2,0.0,0.0,DA-BALS-Stabilized,601,73.04492512479202,0.49916805324459235,26.455906821963392,0.0
320,1.2,0.0,0.5,DA-BALS-EWMA,601,71.71381031613977,1.6638935108153077,26.622296173044923,0.0
320,1.2,0.0,0.5,DA-BALS-EWMA-Cap,601,71.71381031613977,1.6638935108153077,26.622296173044923,0.0
320,1.2,0.0,0.5,DA-BALS-EWMA-Decay,601,71.71381031613977,1.6638935108153077,26.622296173044923,0.0
320,1.2,0.0,0.5,DA-BALS-Stabilized,601,71.71381031613977,1.6638935108153077,26.622296173044923,0.0
320,1.2,0.0,1.0,DA-BALS-EWMA,601,68.05324459234609,4.492512479201332,27.454242928452576,0.0
320,1.2,0.0,1.0,DA-BALS-EWMA-Cap,601,68.05324459234609,4.492512479201332,27.454242928452576,0.0
320,1.2,0.0,1.0,DA-BALS-EWMA-Decay,601,68.05324459234609,4.658901830282862,27.287853577371045,0.0
320,1.2,0.0,1.0,DA-BALS-Stabilized,601,68.05324459234609,4.658901830282862,27.287853577371045,0.0
320,1.2,10.0,0.0,DA-BALS-EWMA,601,73.04492512479202,0.33277870216306155,26.622296173044923,0.0
320,1.2,10.0,0.0,DA-BALS-EWMA-Cap,601,73.04492512479202,0.33277870216306155,26.622296173044923,0.0
320,1.2,10.0,0.0,DA-BALS-EWMA-Decay,601,73.04492512479202,0.49916805324459235,26.455906821963392,0.0
320,1.2,10.0,0.0,DA-BALS-Stabilized,601,73.04492512479202,0.49916805324459235,26.455906821963392,0.0
320,1.2,10.0,0.5,DA-BALS-EWMA,601,71.71381031613977,1.6638935108153077,26.622296173044923,0.0
320,1.2,10.0,0.5,DA-BALS-EWMA-Cap,601,71.71381031613977,1.6638935108153077,26.622296173044923,0.0
320,1.2,10.0,0.5,DA-BALS-EWMA-Decay,601,71.71381031613977,1.6638935108153077,26.622296173044923,0.0
320,1.2,10.0,0.5,DA-BALS-Stabilized,601,71.71381031613977,1.6638935108153077,26.622296173044923,0.0
320,1.2,10.0,1.0,DA-BALS-EWMA,601,68.21963394342761,4.658901830282862,27.121464226289515,0.0
320,1.2,10.0,1.0,DA-BALS-EWMA-Cap,601,68.21963394342761,4.658901830282862,27.121464226289515,0.0
320,1.2,10.0,1.0,DA-BALS-EWMA-Decay,601,68.21963394342761,4.825291181364393,26.955074875207984,0.0
320,1.2,10.0,1.0,DA-BALS-Stabilized,601,68.21963394342761,4.825291181364393,26.955074875207984,0.0
320,1.2,50.0,0.0,DA-BALS-EWMA,601,73.04492512479202,0.33277870216306155,26.622296173044923,0.0
320,1.2,50.0,0.0,DA-BALS-EWMA-Cap,601,73.04492512479202,0.33277870216306155,26.622296173044923,0.0
320,1.2,50.0,0.0,DA-BALS-EWMA-Decay,601,73.04492512479202,0.49916805324459235,26.455906821963392,0.0
320,1.2,50.0,0.0,DA-BALS-Stabilized,601,73.04492512479202,0.49916805324459235,26.455906821963392,0.0
320,1.2,50.0,0.5,DA-BALS-EWMA,601,71.71381031613977,1.6638935108153077,26.622296173044923,0.0
320,1.2,50.0,0.5,DA-BALS-EWMA-Cap,601,71.71381031613977,1.6638935108153077,26.622296173044923,0.0
320,1.2,50.0,0.5,DA-BALS-EWMA-Decay,601,71.71381031613977,1.6638935108153077,26.622296173044923,0.0
320,1.2,50.0,0.5,DA-BALS-Stabilized,601,71.71381031613977,1.6638935108153077,26.622296173044923,0.0
320,1.2,50.0,1.0,DA-BALS-EWMA,601,68.21963394342761,4.658901830282862,27.121464226289515,0.0
320,1.2,50.0,1.0,DA-BALS-EWMA-Cap,601,68.21963394342761,4.658901830282862,27.121464226289515,0.0
320,1.2,50.0,1.0,DA-BALS-EWMA-Decay,601,68.21963394342761,4.9916805324459235,26.788685524126453,0.0
320,1.2,50.0,1.0,DA-BALS-Stabilized,601,68.21963394342761,4.9916805324459235,26.788685524126453,0.0
321,0.2,0.0,0.0,DA-BALS-EWMA,106,97.16981132075472,0.0,2.8301886792452833,0.0
321,0.2,0.0,0.0,DA-BALS-EWMA-Cap,106,97.16981132075472,0.0,2.8301886792452833,0.0
321,0.2,0.0,0.0,DA-BALS-EWMA-Decay,106,97.16981132075472,0.0,2.8301886792452833,0.0
321,0.2,0.0,0.0,DA-BALS-Stabilized,106,97.16981132075472,0.0,2.8301886792452833,0.0
321,0.2,0.0,0.5,DA-BALS-EWMA,106,97.16981132075472,0.0,2.8301886792452833,0.0
321,0.2,0.0,0.5,DA-BALS-EWMA-Cap,106,97.16981132075472,0.0,2.8301886792452833,0.0
321,0.2,0.0,0.5,DA-BALS-EWMA-Decay,106,97.16981132075472,0.0,2.8301886792452833,0.0
321,0.2,0.0,0.5,DA-BALS-Stabilized,106,97.16981132075472,0.0,2.8301886792452833,0.0
321,0.2,0.0,1.0,DA-BALS-EWMA,106,96.22641509433963,0.9433962264150944,2.8301886792452833,0.0
321,0.2,0.0,1.0,DA-BALS-EWMA-Cap,106,96.22641509433963,0.9433962264150944,2.8301886792452833,0.0
321,0.2,0.0,1.0,DA-BALS-EWMA-Decay,106,96.22641509433963,0.9433962264150944,2.8301886792452833,0.0
321,0.2,0.0,1.0,DA-BALS-Stabilized,106,96.22641509433963,0.9433962264150944,2.8301886792452833,0.0
321,0.2,10.0,0.0,DA-BALS-EWMA,106,97.16981132075472,0.0,2.8301886792452833,0.0
321,0.2,10.0,0.0,DA-BALS-EWMA-Cap,106,97.16981132075472,0.0,2.8301886792452833,0.0
321,0.2,10.0,0.0,DA-BALS-EWMA-Decay,106,97.16981132075472,0.0,2.8301886792452833,0.0
321,0.2,10.0,0.0,DA-BALS-Stabilized,106,97.16981132075472,0.0,2.8301886792452833,0.0
321,0.2,10.0,0.5,DA-BALS-EWMA,106,97.16981132075472,0.0,2.8301886792452833,0.0
321,0.2,10.0,0.5,DA-BALS-EWMA-Cap,106,97.16981132075472,0.0,2.8301886792452833,0.0
321,0.2,10.0,0.5,DA-BALS-EWMA-Decay,106,97.16981132075472,0.0,2.8301886792452833,0.0
321,0.2,10.0,0.5,DA-BALS-Stabilized,106,97.16981132075472,0.0,2.8301886792452833,0.0
321,0.2,10.0,1.0,DA-BALS-EWMA,106,96.22641509433963,0.9433962264150944,2.8301886792452833,0.0
321,0.2,10.0,1.0,DA-BALS-EWMA-Cap,106,96.22641509433963,0.9433962264150944,2.8301886792452833,0.0
321,0.2,10.0,1.0,DA-BALS-EWMA-Decay,106,96.22641509433963,0.9433962264150944,2.8301886792452833,0.0
321,0.2,10.0,1.0,DA-BALS-Stabilized,106,96.22641509433963,0.9433962264150944,2.8301886792452833,0.0
321,0.2,50.0,0.0,DA-BALS-EWMA,106,97.16981132075472,0.0,2.8301886792452833,0.0
321,0.2,50.0,0.0,DA-BALS-EWMA-Cap,106,97.16981132075472,0.0,2.8301886792452833,0.0
321,0.2,50.0,0.0,DA-BALS-EWMA-Decay,106,97.16981132075472,0.0,2.8301886792452833,0.0
321,0.2,50.0,0.0,DA-BALS-Stabilized,106,97.16981132075472,0.0,2.8301886792452833,0.0
321,0.2,50.0,0.5,DA-BALS-EWMA,106,97.16981132075472,0.0,2.8301886792452833,0.0
321,0.2,50.0,0.5,DA-BALS-EWMA-Cap,106,97.16981132075472,0.0,2.8301886792452833,0.0
321,0.2,50.0,0.5,DA-BALS-EWMA-Decay,106,97.16981132075472,0.0,2.8301886792452833,0.0
321,0.2,50.0,0.5,DA-BALS-Stabilized,106,97.16981132075472,0.0,2.8301886792452833,0.0
321,0.2,50.0,1.0,DA-BALS-EWMA,106,96.22641509433963,0.9433962264150944,2.8301886792452833,0.0
321,0.2,50.0,1.0,DA-BALS-EWMA-Cap,106,96.22641509433963,0.9433962264150944,2.8301886792452833,0.0
321,0.2,50.0,1.0,DA-BALS-EWMA-Decay,106,96.22641509433963,0.9433962264150944,2.8301886792452833,0.0
321,0.2,50.0,1.0,DA-BALS-Stabilized,106,96.22641509433963,0.9433962264150944,2.8301886792452833,0.0
321,0.4,0.0,0.0,DA-BALS-EWMA,236,90.2542372881356,0.423728813559322,9.322033898305085,0.0
321,0.4,0.0,0.0,DA-BALS-EWMA-Cap,236,90.2542372881356,0.423728813559322,9.322033898305085,0.0
321,0.4,0.0,0.0,DA-BALS-EWMA-Decay,236,90.2542372881356,0.423728813559322,9.322033898305085,0.0
321,0.4,0.0,0.0,DA-BALS-Stabilized,236,90.2542372881356,0.423728813559322,9.322033898305085,0.0
321,0.4,0.0,0.5,DA-BALS-EWMA,236,90.67796610169492,0.0,9.322033898305085,0.0
321,0.4,0.0,0.5,DA-BALS-EWMA-Cap,236,90.67796610169492,0.0,9.322033898305085,0.0
321,0.4,0.0,0.5,DA-BALS-EWMA-Decay,236,90.67796610169492,0.0,9.322033898305085,0.0
321,0.4,0.0,0.5,DA-BALS-Stabilized,236,90.67796610169492,0.0,9.322033898305085,0.0
321,0.4,0.0,1.0,DA-BALS-EWMA,236,87.28813559322035,1.694915254237288,11.016949152542372,0.0
321,0.4,0.0,1.0,DA-BALS-EWMA-Cap,236,87.28813559322035,1.694915254237288,11.016949152542372,0.0
321,0.4,0.0,1.0,DA-BALS-EWMA-Decay,236,87.71186440677965,1.694915254237288,10.59322033898305,0.0
321,0.4,0.0,1.0,DA-BALS-Stabilized,236,87.71186440677965,1.694915254237288,10.59322033898305,0.0
321,0.4,10.0,0.0,DA-BALS-EWMA,236,90.2542372881356,0.423728813559322,9.322033898305085,0.0
321,0.4,10.0,0.0,DA-BALS-EWMA-Cap,236,90.2542372881356,0.423728813559322,9.322033898305085,0.0
321,0.4,10.0,0.0,DA-BALS-EWMA-Decay,236,90.2542372881356,0.423728813559322,9.322033898305085,0.0
321,0.4,10.0,0.0,DA-BALS-Stabilized,236,90.2542372881356,0.423728813559322,9.322033898305085,0.0
321,0.4,10.0,0.5,DA-BALS-EWMA,236,90.67796610169492,0.0,9.322033898305085,0.0
321,0.4,10.0,0.5,DA-BALS-EWMA-Cap,236,90.67796610169492,0.0,9.322033898305085,0.0
321,0.4,10.0,0.5,DA-BALS-EWMA-Decay,236,90.67796610169492,0.0,9.322033898305085,0.0
321,0.4,10.0,0.5,DA-BALS-Stabilized,236,90.67796610169492,0.0,9.322033898305085,0.0
321,0.4,10.0,1.0,DA-BALS-EWMA,236,86.86440677966102,2.11864406779661,11.016949152542372,0.0
321,0.4,10.0,1.0,DA-BALS-EWMA-Cap,236,86.86440677966102,2.11864406779661,11.016949152542372,0.0
321,0.4,10.0,1.0,DA-BALS-EWMA-Decay,236,87.28813559322035,2.11864406779661,10.59322033898305,0.0
321,0.4,10.0,1.0,DA-BALS-Stabilized,236,87.28813559322035,2.11864406779661,10.59322033898305,0.0
321,0.4,50.0,0.0,DA-BALS-EWMA,236,90.2542372881356,0.423728813559322,9.322033898305085,0.0
321,0.4,50.0,0.0,DA-BALS-EWMA-Cap,236,90.2542372881356,0.423728813559322,9.322033898305085,0.0
321,0.4,50.0,0.0,DA-BALS-EWMA-Decay,236,90.2542372881356,0.423728813559322,9.322033898305085,0.0
321,0.4,50.0,0.0,DA-BALS-Stabilized,236,90.2542372881356,0.423728813559322,9.322033898305085,0.0
321,0.4,50.0,0.5,DA-BALS-EWMA,236,90.67796610169492,0.0,9.322033898305085,0.0
321,0.4,50.0,0.5,DA-BALS-EWMA-Cap,236,90.67796610169492,0.0,9.322033898305085,0.0
321,0.4,50.0,0.5,DA-BALS-EWMA-Decay,236,90.67796610169492,0.0,9.322033898305085,0.0
321,0.4,50.0,0.5,DA-BALS-Stabilized,236,90.67796610169492,0.0,9.322033898305085,0.0
321,0.4,50.0,1.0,DA-BALS-EWMA,236,86.86440677966102,2.11864406779661,11.016949152542372,0.0
321,0.4,50.0,1.0,DA-BALS-EWMA-Cap,236,86.86440677966102,2.11864406779661,11.016949152542372,0.0
321,0.4,50.0,1.0,DA-BALS-EWMA-Decay,236,87.28813559322035,2.11864406779661,10.59322033898305,0.0
321,0.4,50.0,1.0,DA-BALS-Stabilized,236,87.28813559322035,2.11864406779661,10.59322033898305,0.0
321,0.6,0.0,0.0,DA-BALS-EWMA,304,87.82894736842105,0.6578947368421052,11.513157894736842,0.0
321,0.6,0.0,0.0,DA-BALS-EWMA-Cap,304,87.82894736842105,0.6578947368421052,11.513157894736842,0.0
321,0.6,0.0,0.0,DA-BALS-EWMA-Decay,304,87.82894736842105,0.6578947368421052,11.513157894736842,0.0
321,0.6,0.0,0.0,DA-BALS-Stabilized,304,87.82894736842105,0.6578947368421052,11.513157894736842,0.0
321,0.6,0.0,0.5,DA-BALS-EWMA,304,87.5,0.6578947368421052,11.842105263157894,0.0
321,0.6,0.0,0.5,DA-BALS-EWMA-Cap,304,87.5,0.6578947368421052,11.842105263157894,0.0
321,0.6,0.0,0.5,DA-BALS-EWMA-Decay,304,87.5,0.6578947368421052,11.842105263157894,0.0
321,0.6,0.0,0.5,DA-BALS-Stabilized,304,87.5,0.6578947368421052,11.842105263157894,0.0
321,0.6,0.0,1.0,DA-BALS-EWMA,304,85.19736842105263,2.631578947368421,12.171052631578947,0.0
321,0.6,0.0,1.0,DA-BALS-EWMA-Cap,304,85.19736842105263,2.631578947368421,12.171052631578947,0.0
321,0.6,0.0,1.0,DA-BALS-EWMA-Decay,304,85.19736842105263,2.631578947368421,12.171052631578947,0.0
321,0.6,0.0,1.0,DA-BALS-Stabilized,304,85.19736842105263,2.631578947368421,12.171052631578947,0.0
321,0.6,10.0,0.0,DA-BALS-EWMA,304,87.82894736842105,0.6578947368421052,11.513157894736842,0.0
321,0.6,10.0,0.0,DA-BALS-EWMA-Cap,304,87.82894736842105,0.6578947368421052,11.513157894736842,0.0
321,0.6,10.0,0.0,DA-BALS-EWMA-Decay,304,87.82894736842105,0.6578947368421052,11.513157894736842,0.0
321,0.6,10.0,0.0,DA-BALS-Stabilized,304,87.82894736842105,0.6578947368421052,11.513157894736842,0.0
321,0.6,10.0,0.5,DA-BALS-EWMA,304,87.5,0.6578947368421052,11.842105263157894,0.0
321,0.6,10.0,0.5,DA-BALS-EWMA-Cap,304,87.5,0.6578947368421052,11.842105263157894,0.0
321,0.6,10.0,0.5,DA-BALS-EWMA-Decay,304,87.5,0.6578947368421052,11.842105263157894,0.0
321,0.6,10.0,0.5,DA-BALS-Stabilized,304,87.5,0.6578947368421052,11.842105263157894,0.0
321,0.6,10.0,1.0,DA-BALS-EWMA,304,85.19736842105263,2.302631578947368,12.5,0.0
321,0.6,10.0,1.0,DA-BALS-EWMA-Cap,304,85.19736842105263,2.302631578947368,12.5,0.0
321,0.6,10.0,1.0,DA-BALS-EWMA-Decay,304,85.19736842105263,2.631578947368421,12.171052631578947,0.0
321,0.6,10.0,1.0,DA-BALS-Stabilized,304,85.19736842105263,2.631578947368421,12.171052631578947,0.0
321,0.6,50.0,0.0,DA-BALS-EWMA,304,87.82894736842105,0.6578947368421052,11.513157894736842,0.0
321,0.6,50.0,0.0,DA-BALS-EWMA-Cap,304,87.82894736842105,0.6578947368421052,11.513157894736842,0.0
321,0.6,50.0,0.0,DA-BALS-EWMA-Decay,304,87.82894736842105,0.6578947368421052,11.513157894736842,0.0
321,0.6,50.0,0.0,DA-BALS-Stabilized,304,87.82894736842105,0.6578947368421052,11.513157894736842,0.0
321,0.6,50.0,0.5,DA-BALS-EWMA,304,87.5,0.6578947368421052,11.842105263157894,0.0
321,0.6,50.0,0.5,DA-BALS-EWMA-Cap,304,87.5,0.6578947368421052,11.842105263157894,0.0
321,0.6,50.0,0.5,DA-BALS-EWMA-Decay,304,87.5,0.6578947368421052,11.842105263157894,0.0
321,0.6,50.0,0.5,DA-BALS-Stabilized,304,87.5,0.6578947368421052,11.842105263157894,0.0
321,0.6,50.0,1.0,DA-BALS-EWMA,304,85.19736842105263,2.302631578947368,12.5,0.0
321,0.6,50.0,1.0,DA-BALS-EWMA-Cap,304,85.19736842105263,2.302631578947368,12.5,0.0
321,0.6,50.0,1.0,DA-BALS-EWMA-Decay,304,85.19736842105263,2.631578947368421,12.171052631578947,0.0
321,0.6,50.0,1.0,DA-BALS-Stabilized,304,85.19736842105263,2.631578947368421,12.171052631578947,0.0
321,0.8,0.0,0.0,DA-BALS-EWMA,430,83.25581395348837,0.9302325581395349,15.813953488372093,0.0
321,0.8,0.0,0.0,DA-BALS-EWMA-Cap,430,83.25581395348837,0.9302325581395349,15.813953488372093,0.0
321,0.8,0.0,0.0,DA-BALS-EWMA-Decay,430,83.25581395348837,0.9302325581395349,15.813953488372093,0.0
321,0.8,0.0,0.0,DA-BALS-Stabilized,430,83.25581395348837,0.9302325581395349,15.813953488372093,0.0
321,0.8,0.0,0.5,DA-BALS-EWMA,430,81.3953488372093,2.558139534883721,16.046511627906977,0.0
321,0.8,0.0,0.5,DA-BALS-EWMA-Cap,430,81.3953488372093,2.558139534883721,16.046511627906977,0.0
321,0.8,0.0,0.5,DA-BALS-EWMA-Decay,430,81.3953488372093,2.558139534883721,16.046511627906977,0.0
321,0.8,0.0,0.5,DA-BALS-Stabilized,430,81.3953488372093,2.558139534883721,16.046511627906977,0.0
321,0.8,0.0,1.0,DA-BALS-EWMA,430,80.69767441860465,3.0232558139534884,16.27906976744186,0.0
321,0.8,0.0,1.0,DA-BALS-EWMA-Cap,430,80.69767441860465,3.0232558139534884,16.27906976744186,0.0
321,0.8,0.0,1.0,DA-BALS-EWMA-Decay,430,80.69767441860465,3.0232558139534884,16.27906976744186,0.0
321,0.8,0.0,1.0,DA-BALS-Stabilized,430,80.69767441860465,3.0232558139534884,16.27906976744186,0.0
321,0.8,10.0,0.0,DA-BALS-EWMA,430,83.25581395348837,0.9302325581395349,15.813953488372093,0.0
321,0.8,10.0,0.0,DA-BALS-EWMA-Cap,430,83.25581395348837,0.9302325581395349,15.813953488372093,0.0
321,0.8,10.0,0.0,DA-BALS-EWMA-Decay,430,83.25581395348837,0.9302325581395349,15.813953488372093,0.0
321,0.8,10.0,0.0,DA-BALS-Stabilized,430,83.25581395348837,0.9302325581395349,15.813953488372093,0.0
321,0.8,10.0,0.5,DA-BALS-EWMA,430,81.3953488372093,2.558139534883721,16.046511627906977,0.0
321,0.8,10.0,0.5,DA-BALS-EWMA-Cap,430,81.3953488372093,2.558139534883721,16.046511627906977,0.0
321,0.8,10.0,0.5,DA-BALS-EWMA-Decay,430,81.3953488372093,2.558139534883721,16.046511627906977,0.0
321,0.8,10.0,0.5,DA-BALS-Stabilized,430,81.3953488372093,2.558139534883721,16.046511627906977,0.0
321,0.8,10.0,1.0,DA-BALS-EWMA,430,80.46511627906978,3.488372093023256,16.046511627906977,0.0
321,0.8,10.0,1.0,DA-BALS-EWMA-Cap,430,80.46511627906978,3.488372093023256,16.046511627906977,0.0
321,0.8,10.0,1.0,DA-BALS-EWMA-Decay,430,80.46511627906978,3.488372093023256,16.046511627906977,0.0
321,0.8,10.0,1.0,DA-BALS-Stabilized,430,80.46511627906978,3.488372093023256,16.046511627906977,0.0
321,0.8,50.0,0.0,DA-BALS-EWMA,430,83.25581395348837,0.9302325581395349,15.813953488372093,0.0
321,0.8,50.0,0.0,DA-BALS-EWMA-Cap,430,83.25581395348837,0.9302325581395349,15.813953488372093,0.0
321,0.8,50.0,0.0,DA-BALS-EWMA-Decay,430,83.25581395348837,0.9302325581395349,15.813953488372093,0.0
321,0.8,50.0,0.0,DA-BALS-Stabilized,430,83.25581395348837,0.9302325581395349,15.813953488372093,0.0
321,0.8,50.0,0.5,DA-BALS-EWMA,430,81.3953488372093,2.558139534883721,16.046511627906977,0.0
321,0.8,50.0,0.5,DA-BALS-EWMA-Cap,430,81.3953488372093,2.558139534883721,16.046511627906977,0.0
321,0.8,50.0,0.5,DA-BALS-EWMA-Decay,430,81.3953488372093,2.558139534883721,16.046511627906977,0.0
321,0.8,50.0,0.5,DA-BALS-Stabilized,430,81.3953488372093,2.558139534883721,16.046511627906977,0.0
321,0.8,50.0,1.0,DA-BALS-EWMA,430,80.46511627906978,3.488372093023256,16.046511627906977,0.0
321,0.8,50.0,1.0,DA-BALS-EWMA-Cap,430,80.46511627906978,3.488372093023256,16.046511627906977,0.0
321,0.8,50.0,1.0,DA-BALS-EWMA-Decay,430,80.46511627906978,3.488372093023256,16.046511627906977,0.0
321,0.8,50.0,1.0,DA-BALS-Stabilized,430,80.46511627906978,3.488372093023256,16.046511627906977,0.0
321,1.0,0.0,0.0,DA-BALS-EWMA,553,74.14104882459313,0.7233273056057866,25.135623869801083,0.0
321,1.0,0.0,0.0,DA-BALS-EWMA-Cap,553,74.14104882459313,0.7233273056057866,25.135623869801083,0.0
321,1.0,0.0,0.0,DA-BALS-EWMA-Decay,553,74.14104882459313,0.7233273056057866,25.135623869801083,0.0
321,1.0,0.0,0.0,DA-BALS-Stabilized,553,74.14104882459313,0.7233273056057866,25.135623869801083,0.0
321,1.0,0.0,0.5,DA-BALS-EWMA,553,73.23688969258589,1.62748643761302,25.135623869801083,0.0
321,1.0,0.0,0.5,DA-BALS-EWMA-Cap,553,73.23688969258589,1.62748643761302,25.135623869801083,0.0
321,1.0,0.0,0.5,DA-BALS-EWMA-Decay,553,73.23688969258589,1.62748643761302,25.135623869801083,0.0
321,1.0,0.0,0.5,DA-BALS-Stabilized,553,73.23688969258589,1.62748643761302,25.135623869801083,0.0
321,1.0,0.0,1.0,DA-BALS-EWMA,553,69.62025316455697,3.9783001808318263,26.40144665461121,0.0
321,1.0,0.0,1.0,DA-BALS-EWMA-Cap,553,69.62025316455697,3.9783001808318263,26.40144665461121,0.0
321,1.0,0.0,1.0,DA-BALS-EWMA-Decay,553,69.43942133815551,4.520795660036167,26.03978300180832,0.0
321,1.0,0.0,1.0,DA-BALS-Stabilized,553,69.43942133815551,4.520795660036167,26.03978300180832,0.0
321,1.0,10.0,0.0,DA-BALS-EWMA,553,74.14104882459313,0.7233273056057866,25.135623869801083,0.0
321,1.0,10.0,0.0,DA-BALS-EWMA-Cap,553,74.14104882459313,0.7233273056057866,25.135623869801083,0.0
321,1.0,10.0,0.0,DA-BALS-EWMA-Decay,553,74.14104882459313,0.7233273056057866,25.135623869801083,0.0
321,1.0,10.0,0.0,DA-BALS-Stabilized,553,74.14104882459313,0.7233273056057866,25.135623869801083,0.0
321,1.0,10.0,0.5,DA-BALS-EWMA,553,73.05605786618446,1.8083182640144666,25.135623869801083,0.0
321,1.0,10.0,0.5,DA-BALS-EWMA-Cap,553,73.05605786618446,1.8083182640144666,25.135623869801083,0.0
321,1.0,10.0,0.5,DA-BALS-EWMA-Decay,553,73.05605786618446,1.8083182640144666,25.135623869801083,0.0
321,1.0,10.0,0.5,DA-BALS-Stabilized,553,73.05605786618446,1.8083182640144666,25.135623869801083,0.0
321,1.0,10.0,1.0,DA-BALS-EWMA,553,69.62025316455697,4.3399638336347195,26.03978300180832,0.0
321,1.0,10.0,1.0,DA-BALS-EWMA-Cap,553,69.62025316455697,4.3399638336347195,26.03978300180832,0.0
321,1.0,10.0,1.0,DA-BALS-EWMA-Decay,553,69.43942133815551,4.882459312839059,25.678119349005424,0.0
321,1.0,10.0,1.0,DA-BALS-Stabilized,553,69.43942133815551,4.882459312839059,25.678119349005424,0.0
321,1.0,50.0,0.0,DA-BALS-EWMA,553,74.14104882459313,0.7233273056057866,25.135623869801083,0.0
321,1.0,50.0,0.0,DA-BALS-EWMA-Cap,553,74.14104882459313,0.7233273056057866,25.135623869801083,0.0
321,1.0,50.0,0.0,DA-BALS-EWMA-Decay,553,74.14104882459313,0.7233273056057866,25.135623869801083,0.0
321,1.0,50.0,0.0,DA-BALS-Stabilized,553,74.14104882459313,0.7233273056057866,25.135623869801083,0.0
321,1.0,50.0,0.5,DA-BALS-EWMA,553,73.05605786618446,1.8083182640144666,25.135623869801083,0.0
321,1.0,50.0,0.5,DA-BALS-EWMA-Cap,553,73.05605786618446,1.8083182640144666,25.135623869801083,0.0
321,1.0,50.0,0.5,DA-BALS-EWMA-Decay,553,73.05605786618446,1.8083182640144666,25.135623869801083,0.0
321,1.0,50.0,0.5,DA-BALS-Stabilized,553,73.05605786618446,1.8083182640144666,25.135623869801083,0.0
321,1.0,50.0,1.0,DA-BALS-EWMA,553,69.43942133815551,4.701627486437613,25.85895117540687,0.0
321,1.0,50.0,1.0,DA-BALS-EWMA-Cap,553,69.43942133815551,4.701627486437613,25.85895117540687,0.0
321,1.0,50.0,1.0,DA-BALS-EWMA-Decay,553,69.43942133815551,4.882459312839059,25.678119349005424,0.0
321,1.0,50.0,1.0,DA-BALS-Stabilized,553,69.43942133815551,4.882459312839059,25.678119349005424,0.0
321,1.2,0.0,0.0,DA-BALS-EWMA,595,72.26890756302521,0.33613445378151263,27.39495798319328,0.0
321,1.2,0.0,0.0,DA-BALS-EWMA-Cap,595,72.26890756302521,0.33613445378151263,27.39495798319328,0.0
321,1.2,0.0,0.0,DA-BALS-EWMA-Decay,595,72.26890756302521,0.33613445378151263,27.39495798319328,0.0
321,1.2,0.0,0.0,DA-BALS-Stabilized,595,72.26890756302521,0.33613445378151263,27.39495798319328,0.0
321,1.2,0.0,0.5,DA-BALS-EWMA,595,70.4201680672269,2.3529411764705883,27.22689075630252,0.0
321,1.2,0.0,0.5,DA-BALS-EWMA-Cap,595,70.4201680672269,2.3529411764705883,27.22689075630252,0.0
321,1.2,0.0,0.5,DA-BALS-EWMA-Decay,595,70.4201680672269,2.3529411764705883,27.22689075630252,0.0
321,1.2,0.0,0.5,DA-BALS-Stabilized,595,70.4201680672269,2.3529411764705883,27.22689075630252,0.0
321,1.2,0.0,1.0,DA-BALS-EWMA,595,67.22689075630252,4.705882352941177,28.067226890756302,0.0
321,1.2,0.0,1.0,DA-BALS-EWMA-Cap,595,67.22689075630252,4.705882352941177,28.067226890756302,0.0
321,1.2,0.0,1.0,DA-BALS-EWMA-Decay,595,67.22689075630252,4.705882352941177,28.067226890756302,0.0
321,1.2,0.0,1.0,DA-BALS-Stabilized,595,67.22689075630252,4.705882352941177,28.067226890756302,0.0
321,1.2,10.0,0.0,DA-BALS-EWMA,595,72.26890756302521,0.33613445378151263,27.39495798319328,0.0
321,1.2,10.0,0.0,DA-BALS-EWMA-Cap,595,72.26890756302521,0.33613445378151263,27.39495798319328,0.0
321,1.2,10.0,0.0,DA-BALS-EWMA-Decay,595,72.26890756302521,0.33613445378151263,27.39495798319328,0.0
321,1.2,10.0,0.0,DA-BALS-Stabilized,595,72.26890756302521,0.33613445378151263,27.39495798319328,0.0
321,1.2,10.0,0.5,DA-BALS-EWMA,595,70.4201680672269,2.3529411764705883,27.22689075630252,0.0
321,1.2,10.0,0.5,DA-BALS-EWMA-Cap,595,70.4201680672269,2.3529411764705883,27.22689075630252,0.0
321,1.2,10.0,0.5,DA-BALS-EWMA-Decay,595,70.4201680672269,2.3529411764705883,27.22689075630252,0.0
321,1.2,10.0,0.5,DA-BALS-Stabilized,595,70.4201680672269,2.3529411764705883,27.22689075630252,0.0
321,1.2,10.0,1.0,DA-BALS-EWMA,595,67.05882352941175,4.873949579831933,28.067226890756302,0.0
321,1.2,10.0,1.0,DA-BALS-EWMA-Cap,595,67.05882352941175,4.873949579831933,28.067226890756302,0.0
321,1.2,10.0,1.0,DA-BALS-EWMA-Decay,595,67.05882352941175,5.2100840336134455,27.73109243697479,0.0
321,1.2,10.0,1.0,DA-BALS-Stabilized,595,67.05882352941175,5.2100840336134455,27.73109243697479,0.0
321,1.2,50.0,0.0,DA-BALS-EWMA,595,72.26890756302521,0.33613445378151263,27.39495798319328,0.0
321,1.2,50.0,0.0,DA-BALS-EWMA-Cap,595,72.26890756302521,0.33613445378151263,27.39495798319328,0.0
321,1.2,50.0,0.0,DA-BALS-EWMA-Decay,595,72.26890756302521,0.33613445378151263,27.39495798319328,0.0
321,1.2,50.0,0.0,DA-BALS-Stabilized,595,72.26890756302521,0.33613445378151263,27.39495798319328,0.0
321,1.2,50.0,0.5,DA-BALS-EWMA,595,70.4201680672269,2.3529411764705883,27.22689075630252,0.0
321,1.2,50.0,0.5,DA-BALS-EWMA-Cap,595,70.4201680672269,2.3529411764705883,27.22689075630252,0.0
321,1.2,50.0,0.5,DA-BALS-EWMA-Decay,595,70.4201680672269,2.3529411764705883,27.22689075630252,0.0
321,1.2,50.0,0.5,DA-BALS-Stabilized,595,70.4201680672269,2.3529411764705883,27.22689075630252,0.0
321,1.2,50.0,1.0,DA-BALS-EWMA,595,66.890756302521,5.378151260504202,27.73109243697479,0.0
321,1.2,50.0,1.0,DA-BALS-EWMA-Cap,595,66.890756302521,5.378151260504202,27.73109243697479,0.0
321,1.2,50.0,1.0,DA-BALS-EWMA-Decay,595,66.890756302521,5.378151260504202,27.73109243697479,0.0
321,1.2,50.0,1.0,DA-BALS-Stabilized,595,66.890756302521,5.378151260504202,27.73109243697479,0.0
322,0.2,0.0,0.0,DA-BALS-EWMA,104,96.15384615384616,0.0,3.8461538461538463,0.0
322,0.2,0.0,0.0,DA-BALS-EWMA-Cap,104,96.15384615384616,0.0,3.8461538461538463,0.0
322,0.2,0.0,0.0,DA-BALS-EWMA-Decay,104,96.15384615384616,0.0,3.8461538461538463,0.0
322,0.2,0.0,0.0,DA-BALS-Stabilized,104,96.15384615384616,0.0,3.8461538461538463,0.0
322,0.2,0.0,0.5,DA-BALS-EWMA,104,96.15384615384616,0.0,3.8461538461538463,0.0
322,0.2,0.0,0.5,DA-BALS-EWMA-Cap,104,96.15384615384616,0.0,3.8461538461538463,0.0
322,0.2,0.0,0.5,DA-BALS-EWMA-Decay,104,96.15384615384616,0.0,3.8461538461538463,0.0
322,0.2,0.0,0.5,DA-BALS-Stabilized,104,96.15384615384616,0.0,3.8461538461538463,0.0
322,0.2,0.0,1.0,DA-BALS-EWMA,104,94.23076923076923,1.9230769230769231,3.8461538461538463,0.0
322,0.2,0.0,1.0,DA-BALS-EWMA-Cap,104,94.23076923076923,1.9230769230769231,3.8461538461538463,0.0
322,0.2,0.0,1.0,DA-BALS-EWMA-Decay,104,94.23076923076923,1.9230769230769231,3.8461538461538463,0.0
322,0.2,0.0,1.0,DA-BALS-Stabilized,104,94.23076923076923,1.9230769230769231,3.8461538461538463,0.0
322,0.2,10.0,0.0,DA-BALS-EWMA,104,96.15384615384616,0.0,3.8461538461538463,0.0
322,0.2,10.0,0.0,DA-BALS-EWMA-Cap,104,96.15384615384616,0.0,3.8461538461538463,0.0
322,0.2,10.0,0.0,DA-BALS-EWMA-Decay,104,96.15384615384616,0.0,3.8461538461538463,0.0
322,0.2,10.0,0.0,DA-BALS-Stabilized,104,96.15384615384616,0.0,3.8461538461538463,0.0
322,0.2,10.0,0.5,DA-BALS-EWMA,104,96.15384615384616,0.0,3.8461538461538463,0.0
322,0.2,10.0,0.5,DA-BALS-EWMA-Cap,104,96.15384615384616,0.0,3.8461538461538463,0.0
322,0.2,10.0,0.5,DA-BALS-EWMA-Decay,104,96.15384615384616,0.0,3.8461538461538463,0.0
322,0.2,10.0,0.5,DA-BALS-Stabilized,104,96.15384615384616,0.0,3.8461538461538463,0.0
322,0.2,10.0,1.0,DA-BALS-EWMA,104,94.23076923076923,1.9230769230769231,3.8461538461538463,0.0
322,0.2,10.0,1.0,DA-BALS-EWMA-Cap,104,94.23076923076923,1.9230769230769231,3.8461538461538463,0.0
322,0.2,10.0,1.0,DA-BALS-EWMA-Decay,104,94.23076923076923,1.9230769230769231,3.8461538461538463,0.0
322,0.2,10.0,1.0,DA-BALS-Stabilized,104,94.23076923076923,1.9230769230769231,3.8461538461538463,0.0
322,0.2,50.0,0.0,DA-BALS-EWMA,104,96.15384615384616,0.0,3.8461538461538463,0.0
322,0.2,50.0,0.0,DA-BALS-EWMA-Cap,104,96.15384615384616,0.0,3.8461538461538463,0.0
322,0.2,50.0,0.0,DA-BALS-EWMA-Decay,104,96.15384615384616,0.0,3.8461538461538463,0.0
322,0.2,50.0,0.0,DA-BALS-Stabilized,104,96.15384615384616,0.0,3.8461538461538463,0.0
322,0.2,50.0,0.5,DA-BALS-EWMA,104,96.15384615384616,0.0,3.8461538461538463,0.0
322,0.2,50.0,0.5,DA-BALS-EWMA-Cap,104,96.15384615384616,0.0,3.8461538461538463,0.0
322,0.2,50.0,0.5,DA-BALS-EWMA-Decay,104,96.15384615384616,0.0,3.8461538461538463,0.0
322,0.2,50.0,0.5,DA-BALS-Stabilized,104,96.15384615384616,0.0,3.8461538461538463,0.0
322,0.2,50.0,1.0,DA-BALS-EWMA,104,94.23076923076923,1.9230769230769231,3.8461538461538463,0.0
322,0.2,50.0,1.0,DA-BALS-EWMA-Cap,104,94.23076923076923,1.9230769230769231,3.8461538461538463,0.0
322,0.2,50.0,1.0,DA-BALS-EWMA-Decay,104,94.23076923076923,1.9230769230769231,3.8461538461538463,0.0
322,0.2,50.0,1.0,DA-BALS-Stabilized,104,94.23076923076923,1.9230769230769231,3.8461538461538463,0.0
322,0.4,0.0,0.0,DA-BALS-EWMA,209,90.9090909090909,0.0,9.090909090909092,0.0
322,0.4,0.0,0.0,DA-BALS-EWMA-Cap,209,90.9090909090909,0.0,9.090909090909092,0.0
322,0.4,0.0,0.0,DA-BALS-EWMA-Decay,209,91.38755980861244,0.0,8.61244019138756,0.0
322,0.4,0.0,0.0,DA-BALS-Stabilized,209,91.38755980861244,0.0,8.61244019138756,0.0
322,0.4,0.0,0.5,DA-BALS-EWMA,209,88.51674641148325,1.4354066985645932,10.047846889952153,0.0
322,0.4,0.0,0.5,DA-BALS-EWMA-Cap,209,88.51674641148325,1.4354066985645932,10.047846889952153,0.0
322,0.4,0.0,0.5,DA-BALS-EWMA-Decay,209,88.99521531100478,1.9138755980861244,9.090909090909092,0.0
322,0.4,0.0,0.5,DA-BALS-Stabilized,209,88.99521531100478,1.9138755980861244,9.090909090909092,0.0
322,0.4,0.0,1.0,DA-BALS-EWMA,209,87.5598086124402,1.9138755980861244,10.526315789473683,0.0
322,0.4,0.0,1.0,DA-BALS-EWMA-Cap,209,87.5598086124402,1.9138755980861244,10.526315789473683,0.0
322,0.4,0.0,1.0,DA-BALS-EWMA-Decay,209,88.03827751196172,2.8708133971291865,9.090909090909092,0.0
322,0.4,0.0,1.0,DA-BALS-Stabilized,209,88.03827751196172,2.8708133971291865,9.090909090909092,0.0
322,0.4,10.0,0.0,DA-BALS-EWMA,209,90.9090909090909,0.0,9.090909090909092,0.0
322,0.4,10.0,0.0,DA-BALS-EWMA-Cap,209,90.9090909090909,0.0,9.090909090909092,0.0
322,0.4,10.0,0.0,DA-BALS-EWMA-Decay,209,91.38755980861244,0.0,8.61244019138756,0.0
322,0.4,10.0,0.0,DA-BALS-Stabilized,209,91.38755980861244,0.0,8.61244019138756,0.0
322,0.4,10.0,0.5,DA-BALS-EWMA,209,88.51674641148325,1.4354066985645932,10.047846889952153,0.0
322,0.4,10.0,0.5,DA-BALS-EWMA-Cap,209,88.51674641148325,1.4354066985645932,10.047846889952153,0.0
322,0.4,10.0,0.5,DA-BALS-EWMA-Decay,209,88.99521531100478,1.9138755980861244,9.090909090909092,0.0
322,0.4,10.0,0.5,DA-BALS-Stabilized,209,88.99521531100478,1.9138755980861244,9.090909090909092,0.0
322,0.4,10.0,1.0,DA-BALS-EWMA,209,87.5598086124402,1.9138755980861244,10.526315789473683,0.0
322,0.4,10.0,1.0,DA-BALS-EWMA-Cap,209,87.5598086124402,1.9138755980861244,10.526315789473683,0.0
322,0.4,10.0,1.0,DA-BALS-EWMA-Decay,209,88.03827751196172,2.8708133971291865,9.090909090909092,0.0
322,0.4,10.0,1.0,DA-BALS-Stabilized,209,88.03827751196172,2.8708133971291865,9.090909090909092,0.0
322,0.4,50.0,0.0,DA-BALS-EWMA,209,90.9090909090909,0.0,9.090909090909092,0.0
322,0.4,50.0,0.0,DA-BALS-EWMA-Cap,209,90.9090909090909,0.0,9.090909090909092,0.0
322,0.4,50.0,0.0,DA-BALS-EWMA-Decay,209,91.38755980861244,0.0,8.61244019138756,0.0
322,0.4,50.0,0.0,DA-BALS-Stabilized,209,91.38755980861244,0.0,8.61244019138756,0.0
322,0.4,50.0,0.5,DA-BALS-EWMA,209,88.51674641148325,1.4354066985645932,10.047846889952153,0.0
322,0.4,50.0,0.5,DA-BALS-EWMA-Cap,209,88.51674641148325,1.4354066985645932,10.047846889952153,0.0
322,0.4,50.0,0.5,DA-BALS-EWMA-Decay,209,88.99521531100478,1.9138755980861244,9.090909090909092,0.0
322,0.4,50.0,0.5,DA-BALS-Stabilized,209,88.99521531100478,1.9138755980861244,9.090909090909092,0.0
322,0.4,50.0,1.0,DA-BALS-EWMA,209,87.5598086124402,1.9138755980861244,10.526315789473683,0.0
322,0.4,50.0,1.0,DA-BALS-EWMA-Cap,209,87.5598086124402,1.9138755980861244,10.526315789473683,0.0
322,0.4,50.0,1.0,DA-BALS-EWMA-Decay,209,88.03827751196172,2.8708133971291865,9.090909090909092,0.0
322,0.4,50.0,1.0,DA-BALS-Stabilized,209,88.03827751196172,2.8708133971291865,9.090909090909092,0.0
322,0.6,0.0,0.0,DA-BALS-EWMA,308,92.53246753246754,0.3246753246753247,7.142857142857142,0.0
322,0.6,0.0,0.0,DA-BALS-EWMA-Cap,308,92.53246753246754,0.3246753246753247,7.142857142857142,0.0
322,0.6,0.0,0.0,DA-BALS-EWMA-Decay,308,92.53246753246754,0.6493506493506493,6.8181818181818175,0.0
322,0.6,0.0,0.0,DA-BALS-Stabilized,308,92.53246753246754,0.6493506493506493,6.8181818181818175,0.0
322,0.6,0.0,0.5,DA-BALS-EWMA,308,90.5844155844156,1.6233766233766231,7.792207792207792,0.0
322,0.6,0.0,0.5,DA-BALS-EWMA-Cap,308,90.5844155844156,1.6233766233766231,7.792207792207792,0.0
322,0.6,0.0,0.5,DA-BALS-EWMA-Decay,308,90.9090909090909,1.6233766233766231,7.467532467532467,0.0
322,0.6,0.0,0.5,DA-BALS-Stabilized,308,90.9090909090909,1.6233766233766231,7.467532467532467,0.0
322,0.6,0.0,1.0,DA-BALS-EWMA,308,89.28571428571429,2.272727272727273,8.441558441558442,0.0
322,0.6,0.0,1.0,DA-BALS-EWMA-Cap,308,89.28571428571429,2.272727272727273,8.441558441558442,0.0
322,0.6,0.0,1.0,DA-BALS-EWMA-Decay,308,89.28571428571429,2.5974025974025974,8.116883116883116,0.0
322,0.6,0.0,1.0,DA-BALS-Stabilized,308,89.28571428571429,2.5974025974025974,8.116883116883116,0.0
322,0.6,10.0,0.0,DA-BALS-EWMA,308,92.53246753246754,0.3246753246753247,7.142857142857142,0.0
322,0.6,10.0,0.0,DA-BALS-EWMA-Cap,308,92.53246753246754,0.3246753246753247,7.142857142857142,0.0
322,0.6,10.0,0.0,DA-BALS-EWMA-Decay,308,92.53246753246754,0.6493506493506493,6.8181818181818175,0.0
322,0.6,10.0,0.0,DA-BALS-Stabilized,308,92.53246753246754,0.6493506493506493,6.8181818181818175,0.0
322,0.6,10.0,0.5,DA-BALS-EWMA,308,90.5844155844156,1.6233766233766231,7.792207792207792,0.0
322,0.6,10.0,0.5,DA-BALS-EWMA-Cap,308,90.5844155844156,1.6233766233766231,7.792207792207792,0.0
322,0.6,10.0,0.5,DA-BALS-EWMA-Decay,308,90.9090909090909,1.6233766233766231,7.467532467532467,0.0
322,0.6,10.0,0.5,DA-BALS-Stabilized,308,90.9090909090909,1.6233766233766231,7.467532467532467,0.0
322,0.6,10.0,1.0,DA-BALS-EWMA,308,88.63636363636364,2.5974025974025974,8.766233766233766,0.0
322,0.6,10.0,1.0,DA-BALS-EWMA-Cap,308,88.63636363636364,2.5974025974025974,8.766233766233766,0.0
322,0.6,10.0,1.0,DA-BALS-EWMA-Decay,308,89.28571428571429,2.5974025974025974,8.116883116883116,0.0
322,0.6,10.0,1.0,DA-BALS-Stabilized,308,89.28571428571429,2.5974025974025974,8.116883116883116,0.0
322,0.6,50.0,0.0,DA-BALS-EWMA,308,92.53246753246754,0.3246753246753247,7.142857142857142,0.0
322,0.6,50.0,0.0,DA-BALS-EWMA-Cap,308,92.53246753246754,0.3246753246753247,7.142857142857142,0.0
322,0.6,50.0,0.0,DA-BALS-EWMA-Decay,308,92.53246753246754,0.6493506493506493,6.8181818181818175,0.0
322,0.6,50.0,0.0,DA-BALS-Stabilized,308,92.53246753246754,0.6493506493506493,6.8181818181818175,0.0
322,0.6,50.0,0.5,DA-BALS-EWMA,308,90.5844155844156,1.6233766233766231,7.792207792207792,0.0
322,0.6,50.0,0.5,DA-BALS-EWMA-Cap,308,90.5844155844156,1.6233766233766231,7.792207792207792,0.0
322,0.6,50.0,0.5,DA-BALS-EWMA-Decay,308,90.9090909090909,1.6233766233766231,7.467532467532467,0.0
322,0.6,50.0,0.5,DA-BALS-Stabilized,308,90.9090909090909,1.6233766233766231,7.467532467532467,0.0
322,0.6,50.0,1.0,DA-BALS-EWMA,308,88.63636363636364,2.5974025974025974,8.766233766233766,0.0
322,0.6,50.0,1.0,DA-BALS-EWMA-Cap,308,88.63636363636364,2.5974025974025974,8.766233766233766,0.0
322,0.6,50.0,1.0,DA-BALS-EWMA-Decay,308,89.28571428571429,2.5974025974025974,8.116883116883116,0.0
322,0.6,50.0,1.0,DA-BALS-Stabilized,308,89.28571428571429,2.5974025974025974,8.116883116883116,0.0
322,0.8,0.0,0.0,DA-BALS-EWMA,374,84.75935828877004,0.8021390374331552,14.43850267379679,0.0
322,0.8,0.0,0.0,DA-BALS-EWMA-Cap,374,84.75935828877004,0.8021390374331552,14.43850267379679,0.0
322,0.8,0.0,0.0,DA-BALS-EWMA-Decay,374,84.75935828877004,0.8021390374331552,14.43850267379679,0.0
322,0.8,0.0,0.0,DA-BALS-Stabilized,374,84.75935828877004,0.8021390374331552,14.43850267379679,0.0
322,0.8,0.0,0.5,DA-BALS-EWMA,374,83.9572192513369,1.06951871657754,14.973262032085561,0.0
322,0.8,0.0,0.5,DA-BALS-EWMA-Cap,374,83.9572192513369,1.06951871657754,14.973262032085561,0.0
322,0.8,0.0,0.5,DA-BALS-EWMA-Decay,374,83.9572192513369,1.06951871657754,14.973262032085561,0.0
322,0.8,0.0,0.5,DA-BALS-Stabilized,374,83.9572192513369,1.06951871657754,14.973262032085561,0.0
322,0.8,0.0,1.0,DA-BALS-EWMA,374,80.4812834224599,4.27807486631016,15.240641711229946,0.0
322,0.8,0.0,1.0,DA-BALS-EWMA-Cap,374,80.4812834224599,4.27807486631016,15.240641711229946,0.0
322,0.8,0.0,1.0,DA-BALS-EWMA-Decay,374,80.74866310160428,4.27807486631016,14.973262032085561,0.0
322,0.8,0.0,1.0,DA-BALS-Stabilized,374,80.74866310160428,4.27807486631016,14.973262032085561,0.0
322,0.8,10.0,0.0,DA-BALS-EWMA,374,84.75935828877004,0.8021390374331552,14.43850267379679,0.0
322,0.8,10.0,0.0,DA-BALS-EWMA-Cap,374,84.75935828877004,0.8021390374331552,14.43850267379679,0.0
322,0.8,10.0,0.0,DA-BALS-EWMA-Decay,374,84.75935828877004,0.8021390374331552,14.43850267379679,0.0
322,0.8,10.0,0.0,DA-BALS-Stabilized,374,84.75935828877004,0.8021390374331552,14.43850267379679,0.0
322,0.8,10.0,0.5,DA-BALS-EWMA,374,83.9572192513369,1.06951871657754,14.973262032085561,0.0
322,0.8,10.0,0.5,DA-BALS-EWMA-Cap,374,83.9572192513369,1.06951871657754,14.973262032085561,0.0
322,0.8,10.0,0.5,DA-BALS-EWMA-Decay,374,83.9572192513369,1.06951871657754,14.973262032085561,0.0
322,0.8,10.0,0.5,DA-BALS-Stabilized,374,83.9572192513369,1.06951871657754,14.973262032085561,0.0
322,0.8,10.0,1.0,DA-BALS-EWMA,374,80.4812834224599,4.27807486631016,15.240641711229946,0.0
322,0.8,10.0,1.0,DA-BALS-EWMA-Cap,374,80.4812834224599,4.27807486631016,15.240641711229946,0.0
322,0.8,10.0,1.0,DA-BALS-EWMA-Decay,374,80.74866310160428,4.27807486631016,14.973262032085561,0.0
322,0.8,10.0,1.0,DA-BALS-Stabilized,374,80.74866310160428,4.27807486631016,14.973262032085561,0.0
322,0.8,50.0,0.0,DA-BALS-EWMA,374,84.75935828877004,0.8021390374331552,14.43850267379679,0.0
322,0.8,50.0,0.0,DA-BALS-EWMA-Cap,374,84.75935828877004,0.8021390374331552,14.43850267379679,0.0
322,0.8,50.0,0.0,DA-BALS-EWMA-Decay,374,84.75935828877004,0.8021390374331552,14.43850267379679,0.0
322,0.8,50.0,0.0,DA-BALS-Stabilized,374,84.75935828877004,0.8021390374331552,14.43850267379679,0.0
322,0.8,50.0,0.5,DA-BALS-EWMA,374,83.9572192513369,1.06951871657754,14.973262032085561,0.0
322,0.8,50.0,0.5,DA-BALS-EWMA-Cap,374,83.9572192513369,1.06951871657754,14.973262032085561,0.0
322,0.8,50.0,0.5,DA-BALS-EWMA-Decay,374,83.9572192513369,1.06951871657754,14.973262032085561,0.0
322,0.8,50.0,0.5,DA-BALS-Stabilized,374,83.9572192513369,1.06951871657754,14.973262032085561,0.0
322,0.8,50.0,1.0,DA-BALS-EWMA,374,80.4812834224599,4.27807486631016,15.240641711229946,0.0
322,0.8,50.0,1.0,DA-BALS-EWMA-Cap,374,80.4812834224599,4.27807486631016,15.240641711229946,0.0
322,0.8,50.0,1.0,DA-BALS-EWMA-Decay,374,80.74866310160428,4.27807486631016,14.973262032085561,0.0
322,0.8,50.0,1.0,DA-BALS-Stabilized,374,80.74866310160428,4.27807486631016,14.973262032085561,0.0
322,1.0,0.0,0.0,DA-BALS-EWMA,500,78.0,0.4,21.6,0.0
322,1.0,0.0,0.0,DA-BALS-EWMA-Cap,500,78.0,0.4,21.6,0.0
322,1.0,0.0,0.0,DA-BALS-EWMA-Decay,500,78.0,0.4,21.6,0.0
322,1.0,0.0,0.0,DA-BALS-Stabilized,500,78.0,0.4,21.6,0.0
322,1.0,0.0,0.5,DA-BALS-EWMA,500,76.0,2.1999999999999997,21.8,0.0
322,1.0,0.0,0.5,DA-BALS-EWMA-Cap,500,76.0,2.1999999999999997,21.8,0.0
322,1.0,0.0,0.5,DA-BALS-EWMA-Decay,500,76.0,2.1999999999999997,21.8,0.0
322,1.0,0.0,0.5,DA-BALS-Stabilized,500,76.0,2.1999999999999997,21.8,0.0
322,1.0,0.0,1.0,DA-BALS-EWMA,500,75.2,2.8000000000000003,22.0,0.0
322,1.0,0.0,1.0,DA-BALS-EWMA-Cap,500,75.2,2.8000000000000003,22.0,0.0
322,1.0,0.0,1.0,DA-BALS-EWMA-Decay,500,75.0,3.0,22.0,0.0
322,1.0,0.0,1.0,DA-BALS-Stabilized,500,75.0,3.0,22.0,0.0
322,1.0,10.0,0.0,DA-BALS-EWMA,500,78.0,0.4,21.6,0.0
322,1.0,10.0,0.0,DA-BALS-EWMA-Cap,500,78.0,0.4,21.6,0.0
322,1.0,10.0,0.0,DA-BALS-EWMA-Decay,500,78.0,0.4,21.6,0.0
322,1.0,10.0,0.0,DA-BALS-Stabilized,500,78.0,0.4,21.6,0.0
322,1.0,10.0,0.5,DA-BALS-EWMA,500,76.0,2.1999999999999997,21.8,0.0
322,1.0,10.0,0.5,DA-BALS-EWMA-Cap,500,76.0,2.1999999999999997,21.8,0.0
322,1.0,10.0,0.5,DA-BALS-EWMA-Decay,500,76.0,2.1999999999999997,21.8,0.0
322,1.0,10.0,0.5,DA-BALS-Stabilized,500,76.0,2.1999999999999997,21.8,0.0
322,1.0,10.0,1.0,DA-BALS-EWMA,500,75.2,2.8000000000000003,22.0,0.0
322,1.0,10.0,1.0,DA-BALS-EWMA-Cap,500,75.2,2.8000000000000003,22.0,0.0
322,1.0,10.0,1.0,DA-BALS-EWMA-Decay,500,75.0,3.0,22.0,0.0
322,1.0,10.0,1.0,DA-BALS-Stabilized,500,75.0,3.0,22.0,0.0
322,1.0,50.0,0.0,DA-BALS-EWMA,500,78.0,0.4,21.6,0.0
322,1.0,50.0,0.0,DA-BALS-EWMA-Cap,500,78.0,0.4,21.6,0.0
322,1.0,50.0,0.0,DA-BALS-EWMA-Decay,500,78.0,0.4,21.6,0.0
322,1.0,50.0,0.0,DA-BALS-Stabilized,500,78.0,0.4,21.6,0.0
322,1.0,50.0,0.5,DA-BALS-EWMA,500,76.0,2.1999999999999997,21.8,0.0
322,1.0,50.0,0.5,DA-BALS-EWMA-Cap,500,76.0,2.1999999999999997,21.8,0.0
322,1.0,50.0,0.5,DA-BALS-EWMA-Decay,500,76.0,2.1999999999999997,21.8,0.0
322,1.0,50.0,0.5,DA-BALS-Stabilized,500,76.0,2.1999999999999997,21.8,0.0
322,1.0,50.0,1.0,DA-BALS-EWMA,500,75.2,2.8000000000000003,22.0,0.0
322,1.0,50.0,1.0,DA-BALS-EWMA-Cap,500,75.2,2.8000000000000003,22.0,0.0
322,1.0,50.0,1.0,DA-BALS-EWMA-Decay,500,75.0,3.0,22.0,0.0
322,1.0,50.0,1.0,DA-BALS-Stabilized,500,75.0,3.0,22.0,0.0
322,1.2,0.0,0.0,DA-BALS-EWMA,590,73.89830508474576,0.5084745762711864,25.593220338983052,0.0
322,1.2,0.0,0.0,DA-BALS-EWMA-Cap,590,73.89830508474576,0.5084745762711864,25.593220338983052,0.0
322,1.2,0.0,0.0,DA-BALS-EWMA-Decay,590,73.89830508474576,0.5084745762711864,25.593220338983052,0.0
322,1.2,0.0,0.0,DA-BALS-Stabilized,590,73.89830508474576,0.5084745762711864,25.593220338983052,0.0
322,1.2,0.0,0.5,DA-BALS-EWMA,590,72.88135593220339,1.694915254237288,25.423728813559322,0.0
322,1.2,0.0,0.5,DA-BALS-EWMA-Cap,590,72.88135593220339,1.694915254237288,25.423728813559322,0.0
322,1.2,0.0,0.5,DA-BALS-EWMA-Decay,590,72.71186440677965,1.694915254237288,25.593220338983052,0.0
322,1.2,0.0,0.5,DA-BALS-Stabilized,590,72.71186440677965,1.694915254237288,25.593220338983052,0.0
322,1.2,0.0,1.0,DA-BALS-EWMA,590,69.66101694915254,2.8813559322033897,27.45762711864407,0.0
322,1.2,0.0,1.0,DA-BALS-EWMA-Cap,590,69.66101694915254,2.8813559322033897,27.45762711864407,0.0
322,1.2,0.0,1.0,DA-BALS-EWMA-Decay,590,70.0,2.8813559322033897,27.11864406779661,0.0
322,1.2,0.0,1.0,DA-BALS-Stabilized,590,70.0,2.8813559322033897,27.11864406779661,0.0
322,1.2,10.0,0.0,DA-BALS-EWMA,590,73.89830508474576,0.5084745762711864,25.593220338983052,0.0
322,1.2,10.0,0.0,DA-BALS-EWMA-Cap,590,73.89830508474576,0.5084745762711864,25.593220338983052,0.0
322,1.2,10.0,0.0,DA-BALS-EWMA-Decay,590,73.89830508474576,0.5084745762711864,25.593220338983052,0.0
322,1.2,10.0,0.0,DA-BALS-Stabilized,590,73.89830508474576,0.5084745762711864,25.593220338983052,0.0
322,1.2,10.0,0.5,DA-BALS-EWMA,590,72.88135593220339,1.694915254237288,25.423728813559322,0.0
322,1.2,10.0,0.5,DA-BALS-EWMA-Cap,590,72.88135593220339,1.694915254237288,25.423728813559322,0.0
322,1.2,10.0,0.5,DA-BALS-EWMA-Decay,590,72.71186440677965,1.694915254237288,25.593220338983052,0.0
322,1.2,10.0,0.5,DA-BALS-Stabilized,590,72.71186440677965,1.694915254237288,25.593220338983052,0.0
322,1.2,10.0,1.0,DA-BALS-EWMA,590,68.98305084745763,3.728813559322034,27.288135593220336,0.0
322,1.2,10.0,1.0,DA-BALS-EWMA-Cap,590,68.98305084745763,3.728813559322034,27.288135593220336,0.0
322,1.2,10.0,1.0,DA-BALS-EWMA-Decay,590,69.32203389830508,3.728813559322034,26.949152542372882,0.0
322,1.2,10.0,1.0,DA-BALS-Stabilized,590,69.32203389830508,3.728813559322034,26.949152542372882,0.0
322,1.2,50.0,0.0,DA-BALS-EWMA,590,73.89830508474576,0.5084745762711864,25.593220338983052,0.0
322,1.2,50.0,0.0,DA-BALS-EWMA-Cap,590,73.89830508474576,0.5084745762711864,25.593220338983052,0.0
322,1.2,50.0,0.0,DA-BALS-EWMA-Decay,590,73.89830508474576,0.5084745762711864,25.593220338983052,0.0
322,1.2,50.0,0.0,DA-BALS-Stabilized,590,73.89830508474576,0.5084745762711864,25.593220338983052,0.0
322,1.2,50.0,0.5,DA-BALS-EWMA,590,72.88135593220339,1.694915254237288,25.423728813559322,0.0
322,1.2,50.0,0.5,DA-BALS-EWMA-Cap,590,72.88135593220339,1.694915254237288,25.423728813559322,0.0
322,1.2,50.0,0.5,DA-BALS-EWMA-Decay,590,72.71186440677965,1.694915254237288,25.593220338983052,0.0
322,1.2,50.0,0.5,DA-BALS-Stabilized,590,72.71186440677965,1.694915254237288,25.593220338983052,0.0
322,1.2,50.0,1.0,DA-BALS-EWMA,590,69.32203389830508,4.23728813559322,26.440677966101696,0.0
322,1.2,50.0,1.0,DA-BALS-EWMA-Cap,590,69.32203389830508,4.23728813559322,26.440677966101696,0.0
322,1.2,50.0,1.0,DA-BALS-EWMA-Decay,590,69.15254237288136,4.406779661016949,26.440677966101696,0.0
322,1.2,50.0,1.0,DA-BALS-Stabilized,590,69.15254237288136,4.406779661016949,26.440677966101696,0.0
323,0.2,0.0,0.0,DA-BALS-EWMA,93,96.7741935483871,2.1505376344086025,1.0752688172043012,0.0
323,0.2,0.0,0.0,DA-BALS-EWMA-Cap,93,96.7741935483871,2.1505376344086025,1.0752688172043012,0.0
323,0.2,0.0,0.0,DA-BALS-EWMA-Decay,93,96.7741935483871,2.1505376344086025,1.0752688172043012,0.0
323,0.2,0.0,0.0,DA-BALS-Stabilized,93,96.7741935483871,2.1505376344086025,1.0752688172043012,0.0
323,0.2,0.0,0.5,DA-BALS-EWMA,93,96.7741935483871,2.1505376344086025,1.0752688172043012,0.0
323,0.2,0.0,0.5,DA-BALS-EWMA-Cap,93,96.7741935483871,2.1505376344086025,1.0752688172043012,0.0
323,0.2,0.0,0.5,DA-BALS-EWMA-Decay,93,96.7741935483871,2.1505376344086025,1.0752688172043012,0.0
323,0.2,0.0,0.5,DA-BALS-Stabilized,93,96.7741935483871,2.1505376344086025,1.0752688172043012,0.0
323,0.2,0.0,1.0,DA-BALS-EWMA,93,93.54838709677419,5.376344086021505,1.0752688172043012,0.0
323,0.2,0.0,1.0,DA-BALS-EWMA-Cap,93,93.54838709677419,5.376344086021505,1.0752688172043012,0.0
323,0.2,0.0,1.0,DA-BALS-EWMA-Decay,93,93.54838709677419,5.376344086021505,1.0752688172043012,0.0
323,0.2,0.0,1.0,DA-BALS-Stabilized,93,93.54838709677419,5.376344086021505,1.0752688172043012,0.0
323,0.2,10.0,0.0,DA-BALS-EWMA,93,96.7741935483871,2.1505376344086025,1.0752688172043012,0.0
323,0.2,10.0,0.0,DA-BALS-EWMA-Cap,93,96.7741935483871,2.1505376344086025,1.0752688172043012,0.0
323,0.2,10.0,0.0,DA-BALS-EWMA-Decay,93,96.7741935483871,2.1505376344086025,1.0752688172043012,0.0
323,0.2,10.0,0.0,DA-BALS-Stabilized,93,96.7741935483871,2.1505376344086025,1.0752688172043012,0.0
323,0.2,10.0,0.5,DA-BALS-EWMA,93,96.7741935483871,2.1505376344086025,1.0752688172043012,0.0
323,0.2,10.0,0.5,DA-BALS-EWMA-Cap,93,96.7741935483871,2.1505376344086025,1.0752688172043012,0.0
323,0.2,10.0,0.5,DA-BALS-EWMA-Decay,93,96.7741935483871,2.1505376344086025,1.0752688172043012,0.0
323,0.2,10.0,0.5,DA-BALS-Stabilized,93,96.7741935483871,2.1505376344086025,1.0752688172043012,0.0
323,0.2,10.0,1.0,DA-BALS-EWMA,93,93.54838709677419,5.376344086021505,1.0752688172043012,0.0
323,0.2,10.0,1.0,DA-BALS-EWMA-Cap,93,93.54838709677419,5.376344086021505,1.0752688172043012,0.0
323,0.2,10.0,1.0,DA-BALS-EWMA-Decay,93,93.54838709677419,5.376344086021505,1.0752688172043012,0.0
323,0.2,10.0,1.0,DA-BALS-Stabilized,93,93.54838709677419,5.376344086021505,1.0752688172043012,0.0
323,0.2,50.0,0.0,DA-BALS-EWMA,93,96.7741935483871,2.1505376344086025,1.0752688172043012,0.0
323,0.2,50.0,0.0,DA-BALS-EWMA-Cap,93,96.7741935483871,2.1505376344086025,1.0752688172043012,0.0
323,0.2,50.0,0.0,DA-BALS-EWMA-Decay,93,96.7741935483871,2.1505376344086025,1.0752688172043012,0.0
323,0.2,50.0,0.0,DA-BALS-Stabilized,93,96.7741935483871,2.1505376344086025,1.0752688172043012,0.0
323,0.2,50.0,0.5,DA-BALS-EWMA,93,96.7741935483871,2.1505376344086025,1.0752688172043012,0.0
323,0.2,50.0,0.5,DA-BALS-EWMA-Cap,93,96.7741935483871,2.1505376344086025,1.0752688172043012,0.0
323,0.2,50.0,0.5,DA-BALS-EWMA-Decay,93,96.7741935483871,2.1505376344086025,1.0752688172043012,0.0
323,0.2,50.0,0.5,DA-BALS-Stabilized,93,96.7741935483871,2.1505376344086025,1.0752688172043012,0.0
323,0.2,50.0,1.0,DA-BALS-EWMA,93,93.54838709677419,5.376344086021505,1.0752688172043012,0.0
323,0.2,50.0,1.0,DA-BALS-EWMA-Cap,93,93.54838709677419,5.376344086021505,1.0752688172043012,0.0
323,0.2,50.0,1.0,DA-BALS-EWMA-Decay,93,93.54838709677419,5.376344086021505,1.0752688172043012,0.0
323,0.2,50.0,1.0,DA-BALS-Stabilized,93,93.54838709677419,5.376344086021505,1.0752688172043012,0.0
323,0.4,0.0,0.0,DA-BALS-EWMA,185,94.5945945945946,0.5405405405405406,4.864864864864865,0.0
323,0.4,0.0,0.0,DA-BALS-EWMA-Cap,185,94.5945945945946,0.5405405405405406,4.864864864864865,0.0
323,0.4,0.0,0.0,DA-BALS-EWMA-Decay,185,95.13513513513514,0.5405405405405406,4.324324324324325,0.0
323,0.4,0.0,0.0,DA-BALS-Stabilized,185,95.13513513513514,0.5405405405405406,4.324324324324325,0.0
323,0.4,0.0,0.5,DA-BALS-EWMA,185,93.51351351351352,1.6216216216216217,4.864864864864865,0.0
323,0.4,0.0,0.5,DA-BALS-EWMA-Cap,185,93.51351351351352,1.6216216216216217,4.864864864864865,0.0
323,0.4,0.0,0.5,DA-BALS-EWMA-Decay,185,93.51351351351352,2.1621621621621623,4.324324324324325,0.0
323,0.4,0.0,0.5,DA-BALS-Stabilized,185,93.51351351351352,2.1621621621621623,4.324324324324325,0.0
323,0.4,0.0,1.0,DA-BALS-EWMA,185,92.43243243243244,2.7027027027027026,4.864864864864865,0.0
323,0.4,0.0,1.0,DA-BALS-EWMA-Cap,185,92.43243243243244,2.7027027027027026,4.864864864864865,0.0
323,0.4,0.0,1.0,DA-BALS-EWMA-Decay,185,92.43243243243244,3.2432432432432434,4.324324324324325,0.0
323,0.4,0.0,1.0,DA-BALS-Stabilized,185,92.43243243243244,3.2432432432432434,4.324324324324325,0.0
323,0.4,10.0,0.0,DA-BALS-EWMA,185,94.5945945945946,0.5405405405405406,4.864864864864865,0.0
323,0.4,10.0,0.0,DA-BALS-EWMA-Cap,185,94.5945945945946,0.5405405405405406,4.864864864864865,0.0
323,0.4,10.0,0.0,DA-BALS-EWMA-Decay,185,95.13513513513514,0.5405405405405406,4.324324324324325,0.0
323,0.4,10.0,0.0,DA-BALS-Stabilized,185,95.13513513513514,0.5405405405405406,4.324324324324325,0.0
323,0.4,10.0,0.5,DA-BALS-EWMA,185,93.51351351351352,1.6216216216216217,4.864864864864865,0.0
323,0.4,10.0,0.5,DA-BALS-EWMA-Cap,185,93.51351351351352,1.6216216216216217,4.864864864864865,0.0
323,0.4,10.0,0.5,DA-BALS-EWMA-Decay,185,93.51351351351352,2.1621621621621623,4.324324324324325,0.0
323,0.4,10.0,0.5,DA-BALS-Stabilized,185,93.51351351351352,2.1621621621621623,4.324324324324325,0.0
323,0.4,10.0,1.0,DA-BALS-EWMA,185,92.43243243243244,2.7027027027027026,4.864864864864865,0.0
323,0.4,10.0,1.0,DA-BALS-EWMA-Cap,185,92.43243243243244,2.7027027027027026,4.864864864864865,0.0
323,0.4,10.0,1.0,DA-BALS-EWMA-Decay,185,92.43243243243244,3.2432432432432434,4.324324324324325,0.0
323,0.4,10.0,1.0,DA-BALS-Stabilized,185,92.43243243243244,3.2432432432432434,4.324324324324325,0.0
323,0.4,50.0,0.0,DA-BALS-EWMA,185,94.5945945945946,0.5405405405405406,4.864864864864865,0.0
323,0.4,50.0,0.0,DA-BALS-EWMA-Cap,185,94.5945945945946,0.5405405405405406,4.864864864864865,0.0
323,0.4,50.0,0.0,DA-BALS-EWMA-Decay,185,95.13513513513514,0.5405405405405406,4.324324324324325,0.0
323,0.4,50.0,0.0,DA-BALS-Stabilized,185,95.13513513513514,0.5405405405405406,4.324324324324325,0.0
323,0.4,50.0,0.5,DA-BALS-EWMA,185,93.51351351351352,1.6216216216216217,4.864864864864865,0.0
323,0.4,50.0,0.5,DA-BALS-EWMA-Cap,185,93.51351351351352,1.6216216216216217,4.864864864864865,0.0
323,0.4,50.0,0.5,DA-BALS-EWMA-Decay,185,93.51351351351352,2.1621621621621623,4.324324324324325,0.0
323,0.4,50.0,0.5,DA-BALS-Stabilized,185,93.51351351351352,2.1621621621621623,4.324324324324325,0.0
323,0.4,50.0,1.0,DA-BALS-EWMA,185,92.43243243243244,2.7027027027027026,4.864864864864865,0.0
323,0.4,50.0,1.0,DA-BALS-EWMA-Cap,185,92.43243243243244,2.7027027027027026,4.864864864864865,0.0
323,0.4,50.0,1.0,DA-BALS-EWMA-Decay,185,92.43243243243244,3.2432432432432434,4.324324324324325,0.0
323,0.4,50.0,1.0,DA-BALS-Stabilized,185,92.43243243243244,3.2432432432432434,4.324324324324325,0.0
323,0.6,0.0,0.0,DA-BALS-EWMA,298,90.60402684563759,0.33557046979865773,9.060402684563758,0.0
323,0.6,0.0,0.0,DA-BALS-EWMA-Cap,298,90.60402684563759,0.33557046979865773,9.060402684563758,0.0
323,0.6,0.0,0.0,DA-BALS-EWMA-Decay,298,90.60402684563759,0.33557046979865773,9.060402684563758,0.0
323,0.6,0.0,0.0,DA-BALS-Stabilized,298,90.60402684563759,0.33557046979865773,9.060402684563758,0.0
323,0.6,0.0,0.5,DA-BALS-EWMA,298,89.26174496644296,1.342281879194631,9.395973154362416,0.0
323,0.6,0.0,0.5,DA-BALS-EWMA-Cap,298,89.26174496644296,1.342281879194631,9.395973154362416,0.0
323,0.6,0.0,0.5,DA-BALS-EWMA-Decay,298,89.59731543624162,1.6778523489932886,8.724832214765101,0.0
323,0.6,0.0,0.5,DA-BALS-Stabilized,298,89.59731543624162,1.6778523489932886,8.724832214765101,0.0
323,0.6,0.0,1.0,DA-BALS-EWMA,298,87.58389261744966,2.684563758389262,9.731543624161073,0.0
323,0.6,0.0,1.0,DA-BALS-EWMA-Cap,298,87.58389261744966,2.684563758389262,9.731543624161073,0.0
323,0.6,0.0,1.0,DA-BALS-EWMA-Decay,298,87.58389261744966,2.684563758389262,9.731543624161073,0.0
323,0.6,0.0,1.0,DA-BALS-Stabilized,298,87.58389261744966,2.684563758389262,9.731543624161073,0.0
323,0.6,10.0,0.0,DA-BALS-EWMA,298,90.60402684563759,0.33557046979865773,9.060402684563758,0.0
323,0.6,10.0,0.0,DA-BALS-EWMA-Cap,298,90.60402684563759,0.33557046979865773,9.060402684563758,0.0
323,0.6,10.0,0.0,DA-BALS-EWMA-Decay,298,90.60402684563759,0.33557046979865773,9.060402684563758,0.0
323,0.6,10.0,0.0,DA-BALS-Stabilized,298,90.60402684563759,0.33557046979865773,9.060402684563758,0.0
323,0.6,10.0,0.5,DA-BALS-EWMA,298,89.26174496644296,1.342281879194631,9.395973154362416,0.0
323,0.6,10.0,0.5,DA-BALS-EWMA-Cap,298,89.26174496644296,1.342281879194631,9.395973154362416,0.0
323,0.6,10.0,0.5,DA-BALS-EWMA-Decay,298,89.59731543624162,1.342281879194631,9.060402684563758,0.0
323,0.6,10.0,0.5,DA-BALS-Stabilized,298,89.59731543624162,1.342281879194631,9.060402684563758,0.0
323,0.6,10.0,1.0,DA-BALS-EWMA,298,87.58389261744966,2.684563758389262,9.731543624161073,0.0
323,0.6,10.0,1.0,DA-BALS-EWMA-Cap,298,87.58389261744966,2.684563758389262,9.731543624161073,0.0
323,0.6,10.0,1.0,DA-BALS-EWMA-Decay,298,87.58389261744966,2.684563758389262,9.731543624161073,0.0
323,0.6,10.0,1.0,DA-BALS-Stabilized,298,87.58389261744966,2.684563758389262,9.731543624161073,0.0
323,0.6,50.0,0.0,DA-BALS-EWMA,298,90.60402684563759,0.33557046979865773,9.060402684563758,0.0
323,0.6,50.0,0.0,DA-BALS-EWMA-Cap,298,90.60402684563759,0.33557046979865773,9.060402684563758,0.0
323,0.6,50.0,0.0,DA-BALS-EWMA-Decay,298,90.60402684563759,0.33557046979865773,9.060402684563758,0.0
323,0.6,50.0,0.0,DA-BALS-Stabilized,298,90.60402684563759,0.33557046979865773,9.060402684563758,0.0
323,0.6,50.0,0.5,DA-BALS-EWMA,298,89.26174496644296,1.342281879194631,9.395973154362416,0.0
323,0.6,50.0,0.5,DA-BALS-EWMA-Cap,298,89.26174496644296,1.342281879194631,9.395973154362416,0.0
323,0.6,50.0,0.5,DA-BALS-EWMA-Decay,298,89.59731543624162,1.342281879194631,9.060402684563758,0.0
323,0.6,50.0,0.5,DA-BALS-Stabilized,298,89.59731543624162,1.342281879194631,9.060402684563758,0.0
323,0.6,50.0,1.0,DA-BALS-EWMA,298,87.58389261744966,2.684563758389262,9.731543624161073,0.0
323,0.6,50.0,1.0,DA-BALS-EWMA-Cap,298,87.58389261744966,2.684563758389262,9.731543624161073,0.0
323,0.6,50.0,1.0,DA-BALS-EWMA-Decay,298,87.58389261744966,2.684563758389262,9.731543624161073,0.0
323,0.6,50.0,1.0,DA-BALS-Stabilized,298,87.58389261744966,2.684563758389262,9.731543624161073,0.0
323,0.8,0.0,0.0,DA-BALS-EWMA,433,81.98614318706697,0.6928406466512702,17.321016166281755,0.0
323,0.8,0.0,0.0,DA-BALS-EWMA-Cap,433,81.98614318706697,0.6928406466512702,17.321016166281755,0.0
323,0.8,0.0,0.0,DA-BALS-EWMA-Decay,433,81.98614318706697,0.6928406466512702,17.321016166281755,0.0
323,0.8,0.0,0.0,DA-BALS-Stabilized,433,81.98614318706697,0.6928406466512702,17.321016166281755,0.0
323,0.8,0.0,0.5,DA-BALS-EWMA,433,80.13856812933025,2.5404157043879905,17.321016166281755,0.0
323,0.8,0.0,0.5,DA-BALS-EWMA-Cap,433,80.13856812933025,2.5404157043879905,17.321016166281755,0.0
323,0.8,0.0,0.5,DA-BALS-EWMA-Decay,433,80.13856812933025,2.5404157043879905,17.321016166281755,0.0
323,0.8,0.0,0.5,DA-BALS-Stabilized,433,80.13856812933025,2.5404157043879905,17.321016166281755,0.0
323,0.8,0.0,1.0,DA-BALS-EWMA,433,78.06004618937644,3.9260969976905313,18.013856812933028,0.0
323,0.8,0.0,1.0,DA-BALS-EWMA-Cap,433,78.06004618937644,3.9260969976905313,18.013856812933028,0.0
323,0.8,0.0,1.0,DA-BALS-EWMA-Decay,433,78.06004618937644,3.9260969976905313,18.013856812933028,0.0
323,0.8,0.0,1.0,DA-BALS-Stabilized,433,78.06004618937644,3.9260969976905313,18.013856812933028,0.0
323,0.8,10.0,0.0,DA-BALS-EWMA,433,81.98614318706697,0.6928406466512702,17.321016166281755,0.0
323,0.8,10.0,0.0,DA-BALS-EWMA-Cap,433,81.98614318706697,0.6928406466512702,17.321016166281755,0.0
323,0.8,10.0,0.0,DA-BALS-EWMA-Decay,433,81.98614318706697,0.6928406466512702,17.321016166281755,0.0
323,0.8,10.0,0.0,DA-BALS-Stabilized,433,81.98614318706697,0.6928406466512702,17.321016166281755,0.0
323,0.8,10.0,0.5,DA-BALS-EWMA,433,80.13856812933025,2.5404157043879905,17.321016166281755,0.0
323,0.8,10.0,0.5,DA-BALS-EWMA-Cap,433,80.13856812933025,2.5404157043879905,17.321016166281755,0.0
323,0.8,10.0,0.5,DA-BALS-EWMA-Decay,433,80.13856812933025,2.5404157043879905,17.321016166281755,0.0
323,0.8,10.0,0.5,DA-BALS-Stabilized,433,80.13856812933025,2.5404157043879905,17.321016166281755,0.0
323,0.8,10.0,1.0,DA-BALS-EWMA,433,78.06004618937644,4.157043879907621,17.782909930715935,0.0
323,0.8,10.0,1.0,DA-BALS-EWMA-Cap,433,78.06004618937644,4.157043879907621,17.782909930715935,0.0
323,0.8,10.0,1.0,DA-BALS-EWMA-Decay,433,78.06004618937644,4.157043879907621,17.782909930715935,0.0
323,0.8,10.0,1.0,DA-BALS-Stabilized,433,78.06004618937644,4.157043879907621,17.782909930715935,0.0
323,0.8,50.0,0.0,DA-BALS-EWMA,433,81.98614318706697,0.6928406466512702,17.321016166281755,0.0
323,0.8,50.0,0.0,DA-BALS-EWMA-Cap,433,81.98614318706697,0.6928406466512702,17.321016166281755,0.0
323,0.8,50.0,0.0,DA-BALS-EWMA-Decay,433,81.98614318706697,0.6928406466512702,17.321016166281755,0.0
323,0.8,50.0,0.0,DA-BALS-Stabilized,433,81.98614318706697,0.6928406466512702,17.321016166281755,0.0
323,0.8,50.0,0.5,DA-BALS-EWMA,433,80.13856812933025,2.5404157043879905,17.321016166281755,0.0
323,0.8,50.0,0.5,DA-BALS-EWMA-Cap,433,80.13856812933025,2.5404157043879905,17.321016166281755,0.0
323,0.8,50.0,0.5,DA-BALS-EWMA-Decay,433,80.13856812933025,2.5404157043879905,17.321016166281755,0.0
323,0.8,50.0,0.5,DA-BALS-Stabilized,433,80.13856812933025,2.5404157043879905,17.321016166281755,0.0
323,0.8,50.0,1.0,DA-BALS-EWMA,433,78.06004618937644,3.9260969976905313,18.013856812933028,0.0
323,0.8,50.0,1.0,DA-BALS-EWMA-Cap,433,78.06004618937644,3.9260969976905313,18.013856812933028,0.0
323,0.8,50.0,1.0,DA-BALS-EWMA-Decay,433,78.06004618937644,3.9260969976905313,18.013856812933028,0.0
323,0.8,50.0,1.0,DA-BALS-Stabilized,433,78.06004618937644,3.9260969976905313,18.013856812933028,0.0
323,1.0,0.0,0.0,DA-BALS-EWMA,502,77.88844621513944,0.5976095617529881,21.51394422310757,0.0
323,1.0,0.0,0.0,DA-BALS-EWMA-Cap,502,77.88844621513944,0.5976095617529881,21.51394422310757,0.0
323,1.0,0.0,0.0,DA-BALS-EWMA-Decay,502,78.08764940239044,0.5976095617529881,21.314741035856574,0.0
323,1.0,0.0,0.0,DA-BALS-Stabilized,502,78.08764940239044,0.5976095617529881,21.314741035856574,0.0
323,1.0,0.0,0.5,DA-BALS-EWMA,502,76.49402390438247,1.9920318725099602,21.51394422310757,0.0
323,1.0,0.0,0.5,DA-BALS-EWMA-Cap,502,76.49402390438247,1.9920318725099602,21.51394422310757,0.0
323,1.0,0.0,0.5,DA-BALS-EWMA-Decay,502,76.49402390438247,1.9920318725099602,21.51394422310757,0.0
323,1.0,0.0,0.5,DA-BALS-Stabilized,502,76.49402390438247,1.9920318725099602,21.51394422310757,0.0
323,1.0,0.0,1.0,DA-BALS-EWMA,502,75.69721115537848,2.589641434262948,21.713147410358566,0.0
323,1.0,0.0,1.0,DA-BALS-EWMA-Cap,502,75.69721115537848,2.589641434262948,21.713147410358566,0.0
323,1.0,0.0,1.0,DA-BALS-EWMA-Decay,502,75.4980079681275,2.9880478087649402,21.51394422310757,0.0
323,1.0,0.0,1.0,DA-BALS-Stabilized,502,75.4980079681275,2.9880478087649402,21.51394422310757,0.0
323,1.0,10.0,0.0,DA-BALS-EWMA,502,77.88844621513944,0.5976095617529881,21.51394422310757,0.0
323,1.0,10.0,0.0,DA-BALS-EWMA-Cap,502,77.88844621513944,0.5976095617529881,21.51394422310757,0.0
323,1.0,10.0,0.0,DA-BALS-EWMA-Decay,502,78.08764940239044,0.5976095617529881,21.314741035856574,0.0
323,1.0,10.0,0.0,DA-BALS-Stabilized,502,78.08764940239044,0.5976095617529881,21.314741035856574,0.0
323,1.0,10.0,0.5,DA-BALS-EWMA,502,76.49402390438247,1.9920318725099602,21.51394422310757,0.0
323,1.0,10.0,0.5,DA-BALS-EWMA-Cap,502,76.49402390438247,1.9920318725099602,21.51394422310757,0.0
323,1.0,10.0,0.5,DA-BALS-EWMA-Decay,502,76.49402390438247,1.9920318725099602,21.51394422310757,0.0
323,1.0,10.0,0.5,DA-BALS-Stabilized,502,76.49402390438247,1.9920318725099602,21.51394422310757,0.0
323,1.0,10.0,1.0,DA-BALS-EWMA,502,75.69721115537848,2.589641434262948,21.713147410358566,0.0
323,1.0,10.0,1.0,DA-BALS-EWMA-Cap,502,75.69721115537848,2.589641434262948,21.713147410358566,0.0
323,1.0,10.0,1.0,DA-BALS-EWMA-Decay,502,75.69721115537848,2.788844621513944,21.51394422310757,0.0
323,1.0,10.0,1.0,DA-BALS-Stabilized,502,75.69721115537848,2.788844621513944,21.51394422310757,0.0
323,1.0,50.0,0.0,DA-BALS-EWMA,502,77.88844621513944,0.5976095617529881,21.51394422310757,0.0
323,1.0,50.0,0.0,DA-BALS-EWMA-Cap,502,77.88844621513944,0.5976095617529881,21.51394422310757,0.0
323,1.0,50.0,0.0,DA-BALS-EWMA-Decay,502,78.08764940239044,0.5976095617529881,21.314741035856574,0.0
323,1.0,50.0,0.0,DA-BALS-Stabilized,502,78.08764940239044,0.5976095617529881,21.314741035856574,0.0
323,1.0,50.0,0.5,DA-BALS-EWMA,502,76.49402390438247,1.9920318725099602,21.51394422310757,0.0
323,1.0,50.0,0.5,DA-BALS-EWMA-Cap,502,76.49402390438247,1.9920318725099602,21.51394422310757,0.0
323,1.0,50.0,0.5,DA-BALS-EWMA-Decay,502,76.49402390438247,1.9920318725099602,21.51394422310757,0.0
323,1.0,50.0,0.5,DA-BALS-Stabilized,502,76.49402390438247,1.9920318725099602,21.51394422310757,0.0
323,1.0,50.0,1.0,DA-BALS-EWMA,502,75.69721115537848,2.788844621513944,21.51394422310757,0.0
323,1.0,50.0,1.0,DA-BALS-EWMA-Cap,502,75.69721115537848,2.788844621513944,21.51394422310757,0.0
323,1.0,50.0,1.0,DA-BALS-EWMA-Decay,502,75.69721115537848,2.9880478087649402,21.314741035856574,0.0
323,1.0,50.0,1.0,DA-BALS-Stabilized,502,75.69721115537848,2.9880478087649402,21.314741035856574,0.0
323,1.2,0.0,0.0,DA-BALS-EWMA,596,74.32885906040269,0.5033557046979865,25.16778523489933,0.0
323,1.2,0.0,0.0,DA-BALS-EWMA-Cap,596,74.32885906040269,0.5033557046979865,25.16778523489933,0.0
323,1.2,0.0,0.0,DA-BALS-EWMA-Decay,596,74.32885906040269,0.5033557046979865,25.16778523489933,0.0
323,1.2,0.0,0.0,DA-BALS-Stabilized,596,74.32885906040269,0.5033557046979865,25.16778523489933,0.0
323,1.2,0.0,0.5,DA-BALS-EWMA,596,73.99328859060402,0.5033557046979865,25.503355704697988,0.0
323,1.2,0.0,0.5,DA-BALS-EWMA-Cap,596,73.99328859060402,0.5033557046979865,25.503355704697988,0.0
323,1.2,0.0,0.5,DA-BALS-EWMA-Decay,596,73.99328859060402,0.5033557046979865,25.503355704697988,0.0
323,1.2,0.0,0.5,DA-BALS-Stabilized,596,73.99328859060402,0.5033557046979865,25.503355704697988,0.0
323,1.2,0.0,1.0,DA-BALS-EWMA,596,72.6510067114094,1.174496644295302,26.174496644295303,0.0
323,1.2,0.0,1.0,DA-BALS-EWMA-Cap,596,72.6510067114094,1.174496644295302,26.174496644295303,0.0
323,1.2,0.0,1.0,DA-BALS-EWMA-Decay,596,72.81879194630872,1.5100671140939599,25.671140939597315,0.0
323,1.2,0.0,1.0,DA-BALS-Stabilized,596,72.81879194630872,1.5100671140939599,25.671140939597315,0.0
323,1.2,10.0,0.0,DA-BALS-EWMA,596,74.32885906040269,0.5033557046979865,25.16778523489933,0.0
323,1.2,10.0,0.0,DA-BALS-EWMA-Cap,596,74.32885906040269,0.5033557046979865,25.16778523489933,0.0
323,1.2,10.0,0.0,DA-BALS-EWMA-Decay,596,74.32885906040269,0.5033557046979865,25.16778523489933,0.0
323,1.2,10.0,0.0,DA-BALS-Stabilized,596,74.32885906040269,0.5033557046979865,25.16778523489933,0.0
323,1.2,10.0,0.5,DA-BALS-EWMA,596,73.99328859060402,0.5033557046979865,25.503355704697988,0.0
323,1.2,10.0,0.5,DA-BALS-EWMA-Cap,596,73.99328859060402,0.5033557046979865,25.503355704697988,0.0
323,1.2,10.0,0.5,DA-BALS-EWMA-Decay,596,73.99328859060402,0.5033557046979865,25.503355704697988,0.0
323,1.2,10.0,0.5,DA-BALS-Stabilized,596,73.99328859060402,0.5033557046979865,25.503355704697988,0.0
323,1.2,10.0,1.0,DA-BALS-EWMA,596,71.64429530201343,1.8456375838926176,26.51006711409396,0.0
323,1.2,10.0,1.0,DA-BALS-EWMA-Cap,596,71.64429530201343,1.8456375838926176,26.51006711409396,0.0
323,1.2,10.0,1.0,DA-BALS-EWMA-Decay,596,71.97986577181209,2.1812080536912752,25.838926174496645,0.0
323,1.2,10.0,1.0,DA-BALS-Stabilized,596,71.97986577181209,2.1812080536912752,25.838926174496645,0.0
323,1.2,50.0,0.0,DA-BALS-EWMA,596,74.32885906040269,0.5033557046979865,25.16778523489933,0.0
323,1.2,50.0,0.0,DA-BALS-EWMA-Cap,596,74.32885906040269,0.5033557046979865,25.16778523489933,0.0
323,1.2,50.0,0.0,DA-BALS-EWMA-Decay,596,74.32885906040269,0.5033557046979865,25.16778523489933,0.0
323,1.2,50.0,0.0,DA-BALS-Stabilized,596,74.32885906040269,0.5033557046979865,25.16778523489933,0.0
323,1.2,50.0,0.5,DA-BALS-EWMA,596,73.99328859060402,0.5033557046979865,25.503355704697988,0.0
323,1.2,50.0,0.5,DA-BALS-EWMA-Cap,596,73.99328859060402,0.5033557046979865,25.503355704697988,0.0
323,1.2,50.0,0.5,DA-BALS-EWMA-Decay,596,73.99328859060402,0.5033557046979865,25.503355704697988,0.0
323,1.2,50.0,0.5,DA-BALS-Stabilized,596,73.99328859060402,0.5033557046979865,25.503355704697988,0.0
323,1.2,50.0,1.0,DA-BALS-EWMA,596,71.64429530201343,1.8456375838926176,26.51006711409396,0.0
323,1.2,50.0,1.0,DA-BALS-EWMA-Cap,596,71.64429530201343,1.8456375838926176,26.51006711409396,0.0
323,1.2,50.0,1.0,DA-BALS-EWMA-Decay,596,71.97986577181209,2.1812080536912752,25.838926174496645,0.0
323,1.2,50.0,1.0,DA-BALS-Stabilized,596,71.97986577181209,2.1812080536912752,25.838926174496645,0.0
324,0.2,0.0,0.0,DA-BALS-EWMA,82,98.78048780487805,0.0,1.2195121951219512,0.0
324,0.2,0.0,0.0,DA-BALS-EWMA-Cap,82,98.78048780487805,0.0,1.2195121951219512,0.0
324,0.2,0.0,0.0,DA-BALS-EWMA-Decay,82,98.78048780487805,0.0,1.2195121951219512,0.0
324,0.2,0.0,0.0,DA-BALS-Stabilized,82,98.78048780487805,0.0,1.2195121951219512,0.0
324,0.2,0.0,0.5,DA-BALS-EWMA,82,98.78048780487805,0.0,1.2195121951219512,0.0
324,0.2,0.0,0.5,DA-BALS-EWMA-Cap,82,98.78048780487805,0.0,1.2195121951219512,0.0
324,0.2,0.0,0.5,DA-BALS-EWMA-Decay,82,98.78048780487805,0.0,1.2195121951219512,0.0
324,0.2,0.0,0.5,DA-BALS-Stabilized,82,98.78048780487805,0.0,1.2195121951219512,0.0
324,0.2,0.0,1.0,DA-BALS-EWMA,82,96.34146341463415,1.2195121951219512,2.4390243902439024,0.0
324,0.2,0.0,1.0,DA-BALS-EWMA-Cap,82,96.34146341463415,1.2195121951219512,2.4390243902439024,0.0
324,0.2,0.0,1.0,DA-BALS-EWMA-Decay,82,97.5609756097561,1.2195121951219512,1.2195121951219512,0.0
324,0.2,0.0,1.0,DA-BALS-Stabilized,82,97.5609756097561,1.2195121951219512,1.2195121951219512,0.0
324,0.2,10.0,0.0,DA-BALS-EWMA,82,98.78048780487805,0.0,1.2195121951219512,0.0
324,0.2,10.0,0.0,DA-BALS-EWMA-Cap,82,98.78048780487805,0.0,1.2195121951219512,0.0
324,0.2,10.0,0.0,DA-BALS-EWMA-Decay,82,98.78048780487805,0.0,1.2195121951219512,0.0
324,0.2,10.0,0.0,DA-BALS-Stabilized,82,98.78048780487805,0.0,1.2195121951219512,0.0
324,0.2,10.0,0.5,DA-BALS-EWMA,82,98.78048780487805,0.0,1.2195121951219512,0.0
324,0.2,10.0,0.5,DA-BALS-EWMA-Cap,82,98.78048780487805,0.0,1.2195121951219512,0.0
324,0.2,10.0,0.5,DA-BALS-EWMA-Decay,82,98.78048780487805,0.0,1.2195121951219512,0.0
324,0.2,10.0,0.5,DA-BALS-Stabilized,82,98.78048780487805,0.0,1.2195121951219512,0.0
324,0.2,10.0,1.0,DA-BALS-EWMA,82,96.34146341463415,1.2195121951219512,2.4390243902439024,0.0
324,0.2,10.0,1.0,DA-BALS-EWMA-Cap,82,96.34146341463415,1.2195121951219512,2.4390243902439024,0.0
324,0.2,10.0,1.0,DA-BALS-EWMA-Decay,82,97.5609756097561,1.2195121951219512,1.2195121951219512,0.0
324,0.2,10.0,1.0,DA-BALS-Stabilized,82,97.5609756097561,1.2195121951219512,1.2195121951219512,0.0
324,0.2,50.0,0.0,DA-BALS-EWMA,82,98.78048780487805,0.0,1.2195121951219512,0.0
324,0.2,50.0,0.0,DA-BALS-EWMA-Cap,82,98.78048780487805,0.0,1.2195121951219512,0.0
324,0.2,50.0,0.0,DA-BALS-EWMA-Decay,82,98.78048780487805,0.0,1.2195121951219512,0.0
324,0.2,50.0,0.0,DA-BALS-Stabilized,82,98.78048780487805,0.0,1.2195121951219512,0.0
324,0.2,50.0,0.5,DA-BALS-EWMA,82,98.78048780487805,0.0,1.2195121951219512,0.0
324,0.2,50.0,0.5,DA-BALS-EWMA-Cap,82,98.78048780487805,0.0,1.2195121951219512,0.0
324,0.2,50.0,0.5,DA-BALS-EWMA-Decay,82,98.78048780487805,0.0,1.2195121951219512,0.0
324,0.2,50.0,0.5,DA-BALS-Stabilized,82,98.78048780487805,0.0,1.2195121951219512,0.0
324,0.2,50.0,1.0,DA-BALS-EWMA,82,96.34146341463415,1.2195121951219512,2.4390243902439024,0.0
324,0.2,50.0,1.0,DA-BALS-EWMA-Cap,82,96.34146341463415,1.2195121951219512,2.4390243902439024,0.0
324,0.2,50.0,1.0,DA-BALS-EWMA-Decay,82,97.5609756097561,1.2195121951219512,1.2195121951219512,0.0
324,0.2,50.0,1.0,DA-BALS-Stabilized,82,97.5609756097561,1.2195121951219512,1.2195121951219512,0.0
324,0.4,0.0,0.0,DA-BALS-EWMA,216,93.05555555555556,0.0,6.944444444444445,0.0
324,0.4,0.0,0.0,DA-BALS-EWMA-Cap,216,93.05555555555556,0.0,6.944444444444445,0.0
324,0.4,0.0,0.0,DA-BALS-EWMA-Decay,216,93.05555555555556,0.0,6.944444444444445,0.0
324,0.4,0.0,0.0,DA-BALS-Stabilized,216,93.05555555555556,0.0,6.944444444444445,0.0
324,0.4,0.0,0.5,DA-BALS-EWMA,216,91.66666666666666,1.3888888888888888,6.944444444444445,0.0
324,0.4,0.0,0.5,DA-BALS-EWMA-Cap,216,91.66666666666666,1.3888888888888888,6.944444444444445,0.0
324,0.4,0.0,0.5,DA-BALS-EWMA-Decay,216,91.66666666666666,1.3888888888888888,6.944444444444445,0.0
324,0.4,0.0,0.5,DA-BALS-Stabilized,216,91.66666666666666,1.3888888888888888,6.944444444444445,0.0
324,0.4,0.0,1.0,DA-BALS-EWMA,216,90.74074074074075,1.8518518518518516,7.4074074074074066,0.0
324,0.4,0.0,1.0,DA-BALS-EWMA-Cap,216,90.74074074074075,1.8518518518518516,7.4074074074074066,0.0
324,0.4,0.0,1.0,DA-BALS-EWMA-Decay,216,90.74074074074075,1.8518518518518516,7.4074074074074066,0.0
324,0.4,0.0,1.0,DA-BALS-Stabilized,216,90.74074074074075,1.8518518518518516,7.4074074074074066,0.0
324,0.4,10.0,0.0,DA-BALS-EWMA,216,93.05555555555556,0.0,6.944444444444445,0.0
324,0.4,10.0,0.0,DA-BALS-EWMA-Cap,216,93.05555555555556,0.0,6.944444444444445,0.0
324,0.4,10.0,0.0,DA-BALS-EWMA-Decay,216,93.05555555555556,0.0,6.944444444444445,0.0
324,0.4,10.0,0.0,DA-BALS-Stabilized,216,93.05555555555556,0.0,6.944444444444445,0.0
324,0.4,10.0,0.5,DA-BALS-EWMA,216,91.66666666666666,1.3888888888888888,6.944444444444445,0.0
324,0.4,10.0,0.5,DA-BALS-EWMA-Cap,216,91.66666666666666,1.3888888888888888,6.944444444444445,0.0
324,0.4,10.0,0.5,DA-BALS-EWMA-Decay,216,91.66666666666666,1.3888888888888888,6.944444444444445,0.0
324,0.4,10.0,0.5,DA-BALS-Stabilized,216,91.66666666666666,1.3888888888888888,6.944444444444445,0.0
324,0.4,10.0,1.0,DA-BALS-EWMA,216,90.74074074074075,1.8518518518518516,7.4074074074074066,0.0
324,0.4,10.0,1.0,DA-BALS-EWMA-Cap,216,90.74074074074075,1.8518518518518516,7.4074074074074066,0.0
324,0.4,10.0,1.0,DA-BALS-EWMA-Decay,216,90.74074074074075,1.8518518518518516,7.4074074074074066,0.0
324,0.4,10.0,1.0,DA-BALS-Stabilized,216,90.74074074074075,1.8518518518518516,7.4074074074074066,0.0
324,0.4,50.0,0.0,DA-BALS-EWMA,216,93.05555555555556,0.0,6.944444444444445,0.0
324,0.4,50.0,0.0,DA-BALS-EWMA-Cap,216,93.05555555555556,0.0,6.944444444444445,0.0
324,0.4,50.0,0.0,DA-BALS-EWMA-Decay,216,93.05555555555556,0.0,6.944444444444445,0.0
324,0.4,50.0,0.0,DA-BALS-Stabilized,216,93.05555555555556,0.0,6.944444444444445,0.0
324,0.4,50.0,0.5,DA-BALS-EWMA,216,91.66666666666666,1.3888888888888888,6.944444444444445,0.0
324,0.4,50.0,0.5,DA-BALS-EWMA-Cap,216,91.66666666666666,1.3888888888888888,6.944444444444445,0.0
324,0.4,50.0,0.5,DA-BALS-EWMA-Decay,216,91.66666666666666,1.3888888888888888,6.944444444444445,0.0
324,0.4,50.0,0.5,DA-BALS-Stabilized,216,91.66666666666666,1.3888888888888888,6.944444444444445,0.0
324,0.4,50.0,1.0,DA-BALS-EWMA,216,90.74074074074075,1.8518518518518516,7.4074074074074066,0.0
324,0.4,50.0,1.0,DA-BALS-EWMA-Cap,216,90.74074074074075,1.8518518518518516,7.4074074074074066,0.0
324,0.4,50.0,1.0,DA-BALS-EWMA-Decay,216,90.74074074074075,1.8518518518518516,7.4074074074074066,0.0
324,0.4,50.0,1.0,DA-BALS-Stabilized,216,90.74074074074075,1.8518518518518516,7.4074074074074066,0.0
324,0.6,0.0,0.0,DA-BALS-EWMA,303,91.0891089108911,0.0,8.91089108910891,0.0
324,0.6,0.0,0.0,DA-BALS-EWMA-Cap,303,91.0891089108911,0.0,8.91089108910891,0.0
324,0.6,0.0,0.0,DA-BALS-EWMA-Decay,303,91.0891089108911,0.0,8.91089108910891,0.0
324,0.6,0.0,0.0,DA-BALS-Stabilized,303,91.0891089108911,0.0,8.91089108910891,0.0
324,0.6,0.0,0.5,DA-BALS-EWMA,303,90.0990099009901,0.33003300330033003,9.570957095709572,0.0
324,0.6,0.0,0.5,DA-BALS-EWMA-Cap,303,90.0990099009901,0.33003300330033003,9.570957095709572,0.0
324,0.6,0.0,0.5,DA-BALS-EWMA-Decay,303,90.0990099009901,0.33003300330033003,9.570957095709572,0.0
324,0.6,0.0,0.5,DA-BALS-Stabilized,303,90.0990099009901,0.33003300330033003,9.570957095709572,0.0
324,0.6,0.0,1.0,DA-BALS-EWMA,303,88.11881188118812,1.9801980198019802,9.900990099009901,0.0
324,0.6,0.0,1.0,DA-BALS-EWMA-Cap,303,88.11881188118812,1.9801980198019802,9.900990099009901,0.0
324,0.6,0.0,1.0,DA-BALS-EWMA-Decay,303,88.44884488448845,1.9801980198019802,9.570957095709572,0.0
324,0.6,0.0,1.0,DA-BALS-Stabilized,303,88.44884488448845,1.9801980198019802,9.570957095709572,0.0
324,0.6,10.0,0.0,DA-BALS-EWMA,303,91.0891089108911,0.0,8.91089108910891,0.0
324,0.6,10.0,0.0,DA-BALS-EWMA-Cap,303,91.0891089108911,0.0,8.91089108910891,0.0
324,0.6,10.0,0.0,DA-BALS-EWMA-Decay,303,91.0891089108911,0.0,8.91089108910891,0.0
324,0.6,10.0,0.0,DA-BALS-Stabilized,303,91.0891089108911,0.0,8.91089108910891,0.0
324,0.6,10.0,0.5,DA-BALS-EWMA,303,90.0990099009901,0.33003300330033003,9.570957095709572,0.0
324,0.6,10.0,0.5,DA-BALS-EWMA-Cap,303,90.0990099009901,0.33003300330033003,9.570957095709572,0.0
324,0.6,10.0,0.5,DA-BALS-EWMA-Decay,303,90.0990099009901,0.33003300330033003,9.570957095709572,0.0
324,0.6,10.0,0.5,DA-BALS-Stabilized,303,90.0990099009901,0.33003300330033003,9.570957095709572,0.0
324,0.6,10.0,1.0,DA-BALS-EWMA,303,88.11881188118812,1.9801980198019802,9.900990099009901,0.0
324,0.6,10.0,1.0,DA-BALS-EWMA-Cap,303,88.11881188118812,1.9801980198019802,9.900990099009901,0.0
324,0.6,10.0,1.0,DA-BALS-EWMA-Decay,303,88.11881188118812,1.9801980198019802,9.900990099009901,0.0
324,0.6,10.0,1.0,DA-BALS-Stabilized,303,88.11881188118812,1.9801980198019802,9.900990099009901,0.0
324,0.6,50.0,0.0,DA-BALS-EWMA,303,91.0891089108911,0.0,8.91089108910891,0.0
324,0.6,50.0,0.0,DA-BALS-EWMA-Cap,303,91.0891089108911,0.0,8.91089108910891,0.0
324,0.6,50.0,0.0,DA-BALS-EWMA-Decay,303,91.0891089108911,0.0,8.91089108910891,0.0
324,0.6,50.0,0.0,DA-BALS-Stabilized,303,91.0891089108911,0.0,8.91089108910891,0.0
324,0.6,50.0,0.5,DA-BALS-EWMA,303,90.0990099009901,0.33003300330033003,9.570957095709572,0.0
324,0.6,50.0,0.5,DA-BALS-EWMA-Cap,303,90.0990099009901,0.33003300330033003,9.570957095709572,0.0
324,0.6,50.0,0.5,DA-BALS-EWMA-Decay,303,90.0990099009901,0.33003300330033003,9.570957095709572,0.0
324,0.6,50.0,0.5,DA-BALS-Stabilized,303,90.0990099009901,0.33003300330033003,9.570957095709572,0.0
324,0.6,50.0,1.0,DA-BALS-EWMA,303,88.11881188118812,1.9801980198019802,9.900990099009901,0.0
324,0.6,50.0,1.0,DA-BALS-EWMA-Cap,303,88.11881188118812,1.9801980198019802,9.900990099009901,0.0
324,0.6,50.0,1.0,DA-BALS-EWMA-Decay,303,88.11881188118812,1.9801980198019802,9.900990099009901,0.0
324,0.6,50.0,1.0,DA-BALS-Stabilized,303,88.11881188118812,1.9801980198019802,9.900990099009901,0.0
324,0.8,0.0,0.0,DA-BALS-EWMA,417,84.89208633093526,0.9592326139088728,14.148681055155876,0.0
324,0.8,0.0,0.0,DA-BALS-EWMA-Cap,417,84.89208633093526,0.9592326139088728,14.148681055155876,0.0
324,0.8,0.0,0.0,DA-BALS-EWMA-Decay,417,84.89208633093526,0.9592326139088728,14.148681055155876,0.0
324,0.8,0.0,0.0,DA-BALS-Stabilized,417,84.89208633093526,0.9592326139088728,14.148681055155876,0.0
324,0.8,0.0,0.5,DA-BALS-EWMA,417,84.41247002398082,1.1990407673860912,14.388489208633093,0.0
324,0.8,0.0,0.5,DA-BALS-EWMA-Cap,417,84.41247002398082,1.1990407673860912,14.388489208633093,0.0
324,0.8,0.0,0.5,DA-BALS-EWMA-Decay,417,84.41247002398082,1.1990407673860912,14.388489208633093,0.0
324,0.8,0.0,0.5,DA-BALS-Stabilized,417,84.41247002398082,1.1990407673860912,14.388489208633093,0.0
324,0.8,0.0,1.0,DA-BALS-EWMA,417,81.5347721822542,3.357314148681055,15.107913669064748,0.0
324,0.8,0.0,1.0,DA-BALS-EWMA-Cap,417,81.5347721822542,3.357314148681055,15.107913669064748,0.0
324,0.8,0.0,1.0,DA-BALS-EWMA-Decay,417,81.5347721822542,3.357314148681055,15.107913669064748,0.0
324,0.8,0.0,1.0,DA-BALS-Stabilized,417,81.5347721822542,3.357314148681055,15.107913669064748,0.0
324,0.8,10.0,0.0,DA-BALS-EWMA,417,84.89208633093526,0.9592326139088728,14.148681055155876,0.0
324,0.8,10.0,0.0,DA-BALS-EWMA-Cap,417,84.89208633093526,0.9592326139088728,14.148681055155876,0.0
324,0.8,10.0,0.0,DA-BALS-EWMA-Decay,417,84.89208633093526,0.9592326139088728,14.148681055155876,0.0
324,0.8,10.0,0.0,DA-BALS-Stabilized,417,84.89208633093526,0.9592326139088728,14.148681055155876,0.0
324,0.8,10.0,0.5,DA-BALS-EWMA,417,84.41247002398082,1.1990407673860912,14.388489208633093,0.0
324,0.8,10.0,0.5,DA-BALS-EWMA-Cap,417,84.41247002398082,1.1990407673860912,14.388489208633093,0.0
324,0.8,10.0,0.5,DA-BALS-EWMA-Decay,417,84.41247002398082,1.1990407673860912,14.388489208633093,0.0
324,0.8,10.0,0.5,DA-BALS-Stabilized,417,84.41247002398082,1.1990407673860912,14.388489208633093,0.0
324,0.8,10.0,1.0,DA-BALS-EWMA,417,81.29496402877699,3.8369304556354913,14.86810551558753,0.0
324,0.8,10.0,1.0,DA-BALS-EWMA-Cap,417,81.29496402877699,3.8369304556354913,14.86810551558753,0.0
324,0.8,10.0,1.0,DA-BALS-EWMA-Decay,417,81.29496402877699,3.8369304556354913,14.86810551558753,0.0
324,0.8,10.0,1.0,DA-BALS-Stabilized,417,81.29496402877699,3.8369304556354913,14.86810551558753,0.0
324,0.8,50.0,0.0,DA-BALS-EWMA,417,84.89208633093526,0.9592326139088728,14.148681055155876,0.0
324,0.8,50.0,0.0,DA-BALS-EWMA-Cap,417,84.89208633093526,0.9592326139088728,14.148681055155876,0.0
324,0.8,50.0,0.0,DA-BALS-EWMA-Decay,417,84.89208633093526,0.9592326139088728,14.148681055155876,0.0
324,0.8,50.0,0.0,DA-BALS-Stabilized,417,84.89208633093526,0.9592326139088728,14.148681055155876,0.0
324,0.8,50.0,0.5,DA-BALS-EWMA,417,84.41247002398082,1.1990407673860912,14.388489208633093,0.0
324,0.8,50.0,0.5,DA-BALS-EWMA-Cap,417,84.41247002398082,1.1990407673860912,14.388489208633093,0.0
324,0.8,50.0,0.5,DA-BALS-EWMA-Decay,417,84.41247002398082,1.1990407673860912,14.388489208633093,0.0
324,0.8,50.0,0.5,DA-BALS-Stabilized,417,84.41247002398082,1.1990407673860912,14.388489208633093,0.0
324,0.8,50.0,1.0,DA-BALS-EWMA,417,81.29496402877699,3.8369304556354913,14.86810551558753,0.0
324,0.8,50.0,1.0,DA-BALS-EWMA-Cap,417,81.29496402877699,3.8369304556354913,14.86810551558753,0.0
324,0.8,50.0,1.0,DA-BALS-EWMA-Decay,417,81.29496402877699,3.8369304556354913,14.86810551558753,0.0
324,0.8,50.0,1.0,DA-BALS-Stabilized,417,81.29496402877699,3.8369304556354913,14.86810551558753,0.0
324,1.0,0.0,0.0,DA-BALS-EWMA,504,76.78571428571429,0.5952380952380952,22.61904761904762,0.0
324,1.0,0.0,0.0,DA-BALS-EWMA-Cap,504,76.78571428571429,0.5952380952380952,22.61904761904762,0.0
324,1.0,0.0,0.0,DA-BALS-EWMA-Decay,504,76.78571428571429,0.5952380952380952,22.61904761904762,0.0
324,1.0,0.0,0.0,DA-BALS-Stabilized,504,76.78571428571429,0.5952380952380952,22.61904761904762,0.0
324,1.0,0.0,0.5,DA-BALS-EWMA,504,76.5873015873016,0.5952380952380952,22.817460317460316,0.0
324,1.0,0.0,0.5,DA-BALS-EWMA-Cap,504,76.5873015873016,0.5952380952380952,22.817460317460316,0.0
324,1.0,0.0,0.5,DA-BALS-EWMA-Decay,504,76.78571428571429,0.5952380952380952,22.61904761904762,0.0
324,1.0,0.0,0.5,DA-BALS-Stabilized,504,76.78571428571429,0.5952380952380952,22.61904761904762,0.0
324,1.0,0.0,1.0,DA-BALS-EWMA,504,75.1984126984127,1.7857142857142856,23.015873015873016,0.0
324,1.0,0.0,1.0,DA-BALS-EWMA-Cap,504,75.1984126984127,1.7857142857142856,23.015873015873016,0.0
324,1.0,0.0,1.0,DA-BALS-EWMA-Decay,504,75.39682539682539,1.7857142857142856,22.817460317460316,0.0
324,1.0,0.0,1.0,DA-BALS-Stabilized,504,75.39682539682539,1.7857142857142856,22.817460317460316,0.0
324,1.0,10.0,0.0,DA-BALS-EWMA,504,76.78571428571429,0.5952380952380952,22.61904761904762,0.0
324,1.0,10.0,0.0,DA-BALS-EWMA-Cap,504,76.78571428571429,0.5952380952380952,22.61904761904762,0.0
324,1.0,10.0,0.0,DA-BALS-EWMA-Decay,504,76.78571428571429,0.5952380952380952,22.61904761904762,0.0
324,1.0,10.0,0.0,DA-BALS-Stabilized,504,76.78571428571429,0.5952380952380952,22.61904761904762,0.0
324,1.0,10.0,0.5,DA-BALS-EWMA,504,76.5873015873016,0.5952380952380952,22.817460317460316,0.0
324,1.0,10.0,0.5,DA-BALS-EWMA-Cap,504,76.5873015873016,0.5952380952380952,22.817460317460316,0.0
324,1.0,10.0,0.5,DA-BALS-EWMA-Decay,504,76.78571428571429,0.5952380952380952,22.61904761904762,0.0
324,1.0,10.0,0.5,DA-BALS-Stabilized,504,76.78571428571429,0.5952380952380952,22.61904761904762,0.0
324,1.0,10.0,1.0,DA-BALS-EWMA,504,75.1984126984127,1.7857142857142856,23.015873015873016,0.0
324,1.0,10.0,1.0,DA-BALS-EWMA-Cap,504,75.1984126984127,1.7857142857142856,23.015873015873016,0.0
324,1.0,10.0,1.0,DA-BALS-EWMA-Decay,504,75.39682539682539,1.7857142857142856,22.817460317460316,0.0
324,1.0,10.0,1.0,DA-BALS-Stabilized,504,75.39682539682539,1.7857142857142856,22.817460317460316,0.0
324,1.0,50.0,0.0,DA-BALS-EWMA,504,76.78571428571429,0.5952380952380952,22.61904761904762,0.0
324,1.0,50.0,0.0,DA-BALS-EWMA-Cap,504,76.78571428571429,0.5952380952380952,22.61904761904762,0.0
324,1.0,50.0,0.0,DA-BALS-EWMA-Decay,504,76.78571428571429,0.5952380952380952,22.61904761904762,0.0
324,1.0,50.0,0.0,DA-BALS-Stabilized,504,76.78571428571429,0.5952380952380952,22.61904761904762,0.0
324,1.0,50.0,0.5,DA-BALS-EWMA,504,76.5873015873016,0.5952380952380952,22.817460317460316,0.0
324,1.0,50.0,0.5,DA-BALS-EWMA-Cap,504,76.5873015873016,0.5952380952380952,22.817460317460316,0.0
324,1.0,50.0,0.5,DA-BALS-EWMA-Decay,504,76.78571428571429,0.5952380952380952,22.61904761904762,0.0
324,1.0,50.0,0.5,DA-BALS-Stabilized,504,76.78571428571429,0.5952380952380952,22.61904761904762,0.0
324,1.0,50.0,1.0,DA-BALS-EWMA,504,75.1984126984127,1.7857142857142856,23.015873015873016,0.0
324,1.0,50.0,1.0,DA-BALS-EWMA-Cap,504,75.1984126984127,1.7857142857142856,23.015873015873016,0.0
324,1.0,50.0,1.0,DA-BALS-EWMA-Decay,504,75.39682539682539,1.7857142857142856,22.817460317460316,0.0
324,1.0,50.0,1.0,DA-BALS-Stabilized,504,75.39682539682539,1.7857142857142856,22.817460317460316,0.0
324,1.2,0.0,0.0,DA-BALS-EWMA,646,71.51702786377709,0.46439628482972134,28.01857585139319,0.0
324,1.2,0.0,0.0,DA-BALS-EWMA-Cap,646,71.51702786377709,0.46439628482972134,28.01857585139319,0.0
324,1.2,0.0,0.0,DA-BALS-EWMA-Decay,646,71.51702786377709,0.46439628482972134,28.01857585139319,0.0
324,1.2,0.0,0.0,DA-BALS-Stabilized,646,71.51702786377709,0.46439628482972134,28.01857585139319,0.0
324,1.2,0.0,0.5,DA-BALS-EWMA,646,69.81424148606811,1.7027863777089782,28.482972136222912,0.0
324,1.2,0.0,0.5,DA-BALS-EWMA-Cap,646,69.81424148606811,1.7027863777089782,28.482972136222912,0.0
324,1.2,0.0,0.5,DA-BALS-EWMA-Decay,646,69.96904024767801,1.8575851393188854,28.173374613003094,0.0
324,1.2,0.0,0.5,DA-BALS-Stabilized,646,69.96904024767801,1.8575851393188854,28.173374613003094,0.0
324,1.2,0.0,1.0,DA-BALS-EWMA,646,67.3374613003096,2.941176470588235,29.721362229102166,0.0
324,1.2,0.0,1.0,DA-BALS-EWMA-Cap,646,67.3374613003096,2.941176470588235,29.721362229102166,0.0
324,1.2,0.0,1.0,DA-BALS-EWMA-Decay,646,67.18266253869969,3.2507739938080498,29.566563467492262,0.0
324,1.2,0.0,1.0,DA-BALS-Stabilized,646,67.18266253869969,3.2507739938080498,29.566563467492262,0.0
324,1.2,10.0,0.0,DA-BALS-EWMA,646,71.51702786377709,0.46439628482972134,28.01857585139319,0.0
324,1.2,10.0,0.0,DA-BALS-EWMA-Cap,646,71.51702786377709,0.46439628482972134,28.01857585139319,0.0
324,1.2,10.0,0.0,DA-BALS-EWMA-Decay,646,71.51702786377709,0.46439628482972134,28.01857585139319,0.0
324,1.2,10.0,0.0,DA-BALS-Stabilized,646,71.51702786377709,0.46439628482972134,28.01857585139319,0.0
324,1.2,10.0,0.5,DA-BALS-EWMA,646,69.81424148606811,1.7027863777089782,28.482972136222912,0.0
324,1.2,10.0,0.5,DA-BALS-EWMA-Cap,646,69.81424148606811,1.7027863777089782,28.482972136222912,0.0
324,1.2,10.0,0.5,DA-BALS-EWMA-Decay,646,69.96904024767801,1.8575851393188854,28.173374613003094,0.0
324,1.2,10.0,0.5,DA-BALS-Stabilized,646,69.96904024767801,1.8575851393188854,28.173374613003094,0.0
324,1.2,10.0,1.0,DA-BALS-EWMA,646,67.49226006191951,3.2507739938080498,29.256965944272444,0.0
324,1.2,10.0,1.0,DA-BALS-EWMA-Cap,646,67.49226006191951,3.2507739938080498,29.256965944272444,0.0
324,1.2,10.0,1.0,DA-BALS-EWMA-Decay,646,67.18266253869969,3.560371517027864,29.256965944272444,0.0
324,1.2,10.0,1.0,DA-BALS-Stabilized,646,67.18266253869969,3.560371517027864,29.256965944272444,0.0
324,1.2,50.0,0.0,DA-BALS-EWMA,646,71.51702786377709,0.46439628482972134,28.01857585139319,0.0
324,1.2,50.0,0.0,DA-BALS-EWMA-Cap,646,71.51702786377709,0.46439628482972134,28.01857585139319,0.0
324,1.2,50.0,0.0,DA-BALS-EWMA-Decay,646,71.51702786377709,0.46439628482972134,28.01857585139319,0.0
324,1.2,50.0,0.0,DA-BALS-Stabilized,646,71.51702786377709,0.46439628482972134,28.01857585139319,0.0
324,1.2,50.0,0.5,DA-BALS-EWMA,646,69.81424148606811,1.7027863777089782,28.482972136222912,0.0
324,1.2,50.0,0.5,DA-BALS-EWMA-Cap,646,69.81424148606811,1.7027863777089782,28.482972136222912,0.0
324,1.2,50.0,0.5,DA-BALS-EWMA-Decay,646,69.96904024767801,1.8575851393188854,28.173374613003094,0.0
324,1.2,50.0,0.5,DA-BALS-Stabilized,646,69.96904024767801,1.8575851393188854,28.173374613003094,0.0
324,1.2,50.0,1.0,DA-BALS-EWMA,646,67.49226006191951,3.2507739938080498,29.256965944272444,0.0
324,1.2,50.0,1.0,DA-BALS-EWMA-Cap,646,67.49226006191951,3.2507739938080498,29.256965944272444,0.0
324,1.2,50.0,1.0,DA-BALS-EWMA-Decay,646,67.18266253869969,3.560371517027864,29.256965944272444,0.0
324,1.2,50.0,1.0,DA-BALS-Stabilized,646,67.18266253869969,3.560371517027864,29.256965944272444,0.0
325,0.2,0.0,0.0,DA-BALS-EWMA,94,91.48936170212765,1.0638297872340425,7.446808510638298,0.0
325,0.2,0.0,0.0,DA-BALS-EWMA-Cap,94,91.48936170212765,1.0638297872340425,7.446808510638298,0.0
325,0.2,0.0,0.0,DA-BALS-EWMA-Decay,94,91.48936170212765,1.0638297872340425,7.446808510638298,0.0
325,0.2,0.0,0.0,DA-BALS-Stabilized,94,91.48936170212765,1.0638297872340425,7.446808510638298,0.0
325,0.2,0.0,0.5,DA-BALS-EWMA,94,91.48936170212765,1.0638297872340425,7.446808510638298,0.0
325,0.2,0.0,0.5,DA-BALS-EWMA-Cap,94,91.48936170212765,1.0638297872340425,7.446808510638298,0.0
325,0.2,0.0,0.5,DA-BALS-EWMA-Decay,94,91.48936170212765,1.0638297872340425,7.446808510638298,0.0
325,0.2,0.0,0.5,DA-BALS-Stabilized,94,91.48936170212765,1.0638297872340425,7.446808510638298,0.0
325,0.2,0.0,1.0,DA-BALS-EWMA,94,86.17021276595744,6.382978723404255,7.446808510638298,0.0
325,0.2,0.0,1.0,DA-BALS-EWMA-Cap,94,86.17021276595744,6.382978723404255,7.446808510638298,0.0
325,0.2,0.0,1.0,DA-BALS-EWMA-Decay,94,86.17021276595744,6.382978723404255,7.446808510638298,0.0
325,0.2,0.0,1.0,DA-BALS-Stabilized,94,86.17021276595744,6.382978723404255,7.446808510638298,0.0
325,0.2,10.0,0.0,DA-BALS-EWMA,94,91.48936170212765,1.0638297872340425,7.446808510638298,0.0
325,0.2,10.0,0.0,DA-BALS-EWMA-Cap,94,91.48936170212765,1.0638297872340425,7.446808510638298,0.0
325,0.2,10.0,0.0,DA-BALS-EWMA-Decay,94,91.48936170212765,1.0638297872340425,7.446808510638298,0.0
325,0.2,10.0,0.0,DA-BALS-Stabilized,94,91.48936170212765,1.0638297872340425,7.446808510638298,0.0
325,0.2,10.0,0.5,DA-BALS-EWMA,94,91.48936170212765,1.0638297872340425,7.446808510638298,0.0
325,0.2,10.0,0.5,DA-BALS-EWMA-Cap,94,91.48936170212765,1.0638297872340425,7.446808510638298,0.0
325,0.2,10.0,0.5,DA-BALS-EWMA-Decay,94,91.48936170212765,1.0638297872340425,7.446808510638298,0.0
325,0.2,10.0,0.5,DA-BALS-Stabilized,94,91.48936170212765,1.0638297872340425,7.446808510638298,0.0
325,0.2,10.0,1.0,DA-BALS-EWMA,94,86.17021276595744,6.382978723404255,7.446808510638298,0.0
325,0.2,10.0,1.0,DA-BALS-EWMA-Cap,94,86.17021276595744,6.382978723404255,7.446808510638298,0.0
325,0.2,10.0,1.0,DA-BALS-EWMA-Decay,94,86.17021276595744,6.382978723404255,7.446808510638298,0.0
325,0.2,10.0,1.0,DA-BALS-Stabilized,94,86.17021276595744,6.382978723404255,7.446808510638298,0.0
325,0.2,50.0,0.0,DA-BALS-EWMA,94,91.48936170212765,1.0638297872340425,7.446808510638298,0.0
325,0.2,50.0,0.0,DA-BALS-EWMA-Cap,94,91.48936170212765,1.0638297872340425,7.446808510638298,0.0
325,0.2,50.0,0.0,DA-BALS-EWMA-Decay,94,91.48936170212765,1.0638297872340425,7.446808510638298,0.0
325,0.2,50.0,0.0,DA-BALS-Stabilized,94,91.48936170212765,1.0638297872340425,7.446808510638298,0.0
325,0.2,50.0,0.5,DA-BALS-EWMA,94,91.48936170212765,1.0638297872340425,7.446808510638298,0.0
325,0.2,50.0,0.5,DA-BALS-EWMA-Cap,94,91.48936170212765,1.0638297872340425,7.446808510638298,0.0
325,0.2,50.0,0.5,DA-BALS-EWMA-Decay,94,91.48936170212765,1.0638297872340425,7.446808510638298,0.0
325,0.2,50.0,0.5,DA-BALS-Stabilized,94,91.48936170212765,1.0638297872340425,7.446808510638298,0.0
325,0.2,50.0,1.0,DA-BALS-EWMA,94,86.17021276595744,6.382978723404255,7.446808510638298,0.0
325,0.2,50.0,1.0,DA-BALS-EWMA-Cap,94,86.17021276595744,6.382978723404255,7.446808510638298,0.0
325,0.2,50.0,1.0,DA-BALS-EWMA-Decay,94,86.17021276595744,6.382978723404255,7.446808510638298,0.0
325,0.2,50.0,1.0,DA-BALS-Stabilized,94,86.17021276595744,6.382978723404255,7.446808510638298,0.0
325,0.4,0.0,0.0,DA-BALS-EWMA,182,95.05494505494505,0.5494505494505495,4.395604395604396,0.0
325,0.4,0.0,0.0,DA-BALS-EWMA-Cap,182,95.05494505494505,0.5494505494505495,4.395604395604396,0.0
325,0.4,0.0,0.0,DA-BALS-EWMA-Decay,182,95.05494505494505,0.5494505494505495,4.395604395604396,0.0
325,0.4,0.0,0.0,DA-BALS-Stabilized,182,95.05494505494505,0.5494505494505495,4.395604395604396,0.0
325,0.4,0.0,0.5,DA-BALS-EWMA,182,93.95604395604396,1.6483516483516485,4.395604395604396,0.0
325,0.4,0.0,0.5,DA-BALS-EWMA-Cap,182,93.95604395604396,1.6483516483516485,4.395604395604396,0.0
325,0.4,0.0,0.5,DA-BALS-EWMA-Decay,182,93.95604395604396,1.6483516483516485,4.395604395604396,0.0
325,0.4,0.0,0.5,DA-BALS-Stabilized,182,93.95604395604396,1.6483516483516485,4.395604395604396,0.0
325,0.4,0.0,1.0,DA-BALS-EWMA,182,91.75824175824175,2.7472527472527473,5.4945054945054945,0.0
325,0.4,0.0,1.0,DA-BALS-EWMA-Cap,182,91.75824175824175,2.7472527472527473,5.4945054945054945,0.0
325,0.4,0.0,1.0,DA-BALS-EWMA-Decay,182,91.75824175824175,2.7472527472527473,5.4945054945054945,0.0
325,0.4,0.0,1.0,DA-BALS-Stabilized,182,91.75824175824175,2.7472527472527473,5.4945054945054945,0.0
325,0.4,10.0,0.0,DA-BALS-EWMA,182,95.05494505494505,0.5494505494505495,4.395604395604396,0.0
325,0.4,10.0,0.0,DA-BALS-EWMA-Cap,182,95.05494505494505,0.5494505494505495,4.395604395604396,0.0
325,0.4,10.0,0.0,DA-BALS-EWMA-Decay,182,95.05494505494505,0.5494505494505495,4.395604395604396,0.0
325,0.4,10.0,0.0,DA-BALS-Stabilized,182,95.05494505494505,0.5494505494505495,4.395604395604396,0.0
325,0.4,10.0,0.5,DA-BALS-EWMA,182,93.95604395604396,1.6483516483516485,4.395604395604396,0.0
325,0.4,10.0,0.5,DA-BALS-EWMA-Cap,182,93.95604395604396,1.6483516483516485,4.395604395604396,0.0
325,0.4,10.0,0.5,DA-BALS-EWMA-Decay,182,93.95604395604396,1.6483516483516485,4.395604395604396,0.0
325,0.4,10.0,0.5,DA-BALS-Stabilized,182,93.95604395604396,1.6483516483516485,4.395604395604396,0.0
325,0.4,10.0,1.0,DA-BALS-EWMA,182,91.75824175824175,3.296703296703297,4.945054945054945,0.0
325,0.4,10.0,1.0,DA-BALS-EWMA-Cap,182,91.75824175824175,3.296703296703297,4.945054945054945,0.0
325,0.4,10.0,1.0,DA-BALS-EWMA-Decay,182,91.75824175824175,3.296703296703297,4.945054945054945,0.0
325,0.4,10.0,1.0,DA-BALS-Stabilized,182,91.75824175824175,3.296703296703297,4.945054945054945,0.0
325,0.4,50.0,0.0,DA-BALS-EWMA,182,95.05494505494505,0.5494505494505495,4.395604395604396,0.0
325,0.4,50.0,0.0,DA-BALS-EWMA-Cap,182,95.05494505494505,0.5494505494505495,4.395604395604396,0.0
325,0.4,50.0,0.0,DA-BALS-EWMA-Decay,182,95.05494505494505,0.5494505494505495,4.395604395604396,0.0
325,0.4,50.0,0.0,DA-BALS-Stabilized,182,95.05494505494505,0.5494505494505495,4.395604395604396,0.0
325,0.4,50.0,0.5,DA-BALS-EWMA,182,93.95604395604396,1.6483516483516485,4.395604395604396,0.0
325,0.4,50.0,0.5,DA-BALS-EWMA-Cap,182,93.95604395604396,1.6483516483516485,4.395604395604396,0.0
325,0.4,50.0,0.5,DA-BALS-EWMA-Decay,182,93.95604395604396,1.6483516483516485,4.395604395604396,0.0
325,0.4,50.0,0.5,DA-BALS-Stabilized,182,93.95604395604396,1.6483516483516485,4.395604395604396,0.0
325,0.4,50.0,1.0,DA-BALS-EWMA,182,91.75824175824175,3.296703296703297,4.945054945054945,0.0
325,0.4,50.0,1.0,DA-BALS-EWMA-Cap,182,91.75824175824175,3.296703296703297,4.945054945054945,0.0
325,0.4,50.0,1.0,DA-BALS-EWMA-Decay,182,91.75824175824175,3.296703296703297,4.945054945054945,0.0
325,0.4,50.0,1.0,DA-BALS-Stabilized,182,91.75824175824175,3.296703296703297,4.945054945054945,0.0
325,0.6,0.0,0.0,DA-BALS-EWMA,289,86.85121107266436,1.384083044982699,11.76470588235294,0.0
325,0.6,0.0,0.0,DA-BALS-EWMA-Cap,289,86.85121107266436,1.384083044982699,11.76470588235294,0.0
325,0.6,0.0,0.0,DA-BALS-EWMA-Decay,289,86.85121107266436,1.384083044982699,11.76470588235294,0.0
325,0.6,0.0,0.0,DA-BALS-Stabilized,289,86.85121107266436,1.384083044982699,11.76470588235294,0.0
325,0.6,0.0,0.5,DA-BALS-EWMA,289,85.81314878892734,2.0761245674740483,12.110726643598616,0.0
325,0.6,0.0,0.5,DA-BALS-EWMA-Cap,289,85.81314878892734,2.0761245674740483,12.110726643598616,0.0
325,0.6,0.0,0.5,DA-BALS-EWMA-Decay,289,85.81314878892734,2.0761245674740483,12.110726643598616,0.0
325,0.6,0.0,0.5,DA-BALS-Stabilized,289,85.81314878892734,2.0761245674740483,12.110726643598616,0.0
325,0.6,0.0,1.0,DA-BALS-EWMA,289,84.08304498269896,2.768166089965398,13.148788927335639,0.0
325,0.6,0.0,1.0,DA-BALS-EWMA-Cap,289,84.08304498269896,2.768166089965398,13.148788927335639,0.0
325,0.6,0.0,1.0,DA-BALS-EWMA-Decay,289,84.08304498269896,3.1141868512110724,12.802768166089965,0.0
325,0.6,0.0,1.0,DA-BALS-Stabilized,289,84.08304498269896,3.1141868512110724,12.802768166089965,0.0
325,0.6,10.0,0.0,DA-BALS-EWMA,289,86.85121107266436,1.384083044982699,11.76470588235294,0.0
325,0.6,10.0,0.0,DA-BALS-EWMA-Cap,289,86.85121107266436,1.384083044982699,11.76470588235294,0.0
325,0.6,10.0,0.0,DA-BALS-EWMA-Decay,289,86.85121107266436,1.384083044982699,11.76470588235294,0.0
325,0.6,10.0,0.0,DA-BALS-Stabilized,289,86.85121107266436,1.384083044982699,11.76470588235294,0.0
325,0.6,10.0,0.5,DA-BALS-EWMA,289,85.81314878892734,2.422145328719723,11.76470588235294,0.0
325,0.6,10.0,0.5,DA-BALS-EWMA-Cap,289,85.81314878892734,2.422145328719723,11.76470588235294,0.0
325,0.6,10.0,0.5,DA-BALS-EWMA-Decay,289,85.81314878892734,2.422145328719723,11.76470588235294,0.0
325,0.6,10.0,0.5,DA-BALS-Stabilized,289,85.81314878892734,2.422145328719723,11.76470588235294,0.0
325,0.6,10.0,1.0,DA-BALS-EWMA,289,83.39100346020761,2.768166089965398,13.84083044982699,0.0
325,0.6,10.0,1.0,DA-BALS-EWMA-Cap,289,83.39100346020761,2.768166089965398,13.84083044982699,0.0
325,0.6,10.0,1.0,DA-BALS-EWMA-Decay,289,84.08304498269896,3.1141868512110724,12.802768166089965,0.0
325,0.6,10.0,1.0,DA-BALS-Stabilized,289,84.08304498269896,3.1141868512110724,12.802768166089965,0.0
325,0.6,50.0,0.0,DA-BALS-EWMA,289,86.85121107266436,1.384083044982699,11.76470588235294,0.0
325,0.6,50.0,0.0,DA-BALS-EWMA-Cap,289,86.85121107266436,1.384083044982699,11.76470588235294,0.0
325,0.6,50.0,0.0,DA-BALS-EWMA-Decay,289,86.85121107266436,1.384083044982699,11.76470588235294,0.0
325,0.6,50.0,0.0,DA-BALS-Stabilized,289,86.85121107266436,1.384083044982699,11.76470588235294,0.0
325,0.6,50.0,0.5,DA-BALS-EWMA,289,85.81314878892734,2.422145328719723,11.76470588235294,0.0
325,0.6,50.0,0.5,DA-BALS-EWMA-Cap,289,85.81314878892734,2.422145328719723,11.76470588235294,0.0
325,0.6,50.0,0.5,DA-BALS-EWMA-Decay,289,85.81314878892734,2.422145328719723,11.76470588235294,0.0
325,0.6,50.0,0.5,DA-BALS-Stabilized,289,85.81314878892734,2.422145328719723,11.76470588235294,0.0
325,0.6,50.0,1.0,DA-BALS-EWMA,289,83.04498269896193,3.1141868512110724,13.84083044982699,0.0
325,0.6,50.0,1.0,DA-BALS-EWMA-Cap,289,83.04498269896193,3.1141868512110724,13.84083044982699,0.0
325,0.6,50.0,1.0,DA-BALS-EWMA-Decay,289,83.73702422145328,3.4602076124567476,12.802768166089965,0.0
325,0.6,50.0,1.0,DA-BALS-Stabilized,289,83.73702422145328,3.4602076124567476,12.802768166089965,0.0
325,0.8,0.0,0.0,DA-BALS-EWMA,401,85.03740648379052,0.7481296758104738,14.214463840399002,0.0
325,0.8,0.0,0.0,DA-BALS-EWMA-Cap,401,85.03740648379052,0.7481296758104738,14.214463840399002,0.0
325,0.8,0.0,0.0,DA-BALS-EWMA-Decay,401,85.03740648379052,0.7481296758104738,14.214463840399002,0.0
325,0.8,0.0,0.0,DA-BALS-Stabilized,401,85.03740648379052,0.7481296758104738,14.214463840399002,0.0
325,0.8,0.0,0.5,DA-BALS-EWMA,401,84.78802992518703,0.7481296758104738,14.463840399002494,0.0
325,0.8,0.0,0.5,DA-BALS-EWMA-Cap,401,84.78802992518703,0.7481296758104738,14.463840399002494,0.0
325,0.8,0.0,0.5,DA-BALS-EWMA-Decay,401,84.78802992518703,0.7481296758104738,14.463840399002494,0.0
325,0.8,0.0,0.5,DA-BALS-Stabilized,401,84.78802992518703,0.7481296758104738,14.463840399002494,0.0
325,0.8,0.0,1.0,DA-BALS-EWMA,401,82.7930174563591,2.2443890274314215,14.962593516209477,0.0
325,0.8,0.0,1.0,DA-BALS-EWMA-Cap,401,82.7930174563591,2.2443890274314215,14.962593516209477,0.0
325,0.8,0.0,1.0,DA-BALS-EWMA-Decay,401,82.7930174563591,2.493765586034913,14.713216957605985,0.0
325,0.8,0.0,1.0,DA-BALS-Stabilized,401,82.7930174563591,2.493765586034913,14.713216957605985,0.0
325,0.8,10.0,0.0,DA-BALS-EWMA,401,85.03740648379052,0.7481296758104738,14.214463840399002,0.0
325,0.8,10.0,0.0,DA-BALS-EWMA-Cap,401,85.03740648379052,0.7481296758104738,14.214463840399002,0.0
325,0.8,10.0,0.0,DA-BALS-EWMA-Decay,401,85.03740648379052,0.7481296758104738,14.214463840399002,0.0
325,0.8,10.0,0.0,DA-BALS-Stabilized,401,85.03740648379052,0.7481296758104738,14.214463840399002,0.0
325,0.8,10.0,0.5,DA-BALS-EWMA,401,84.78802992518703,0.7481296758104738,14.463840399002494,0.0
325,0.8,10.0,0.5,DA-BALS-EWMA-Cap,401,84.78802992518703,0.7481296758104738,14.463840399002494,0.0
325,0.8,10.0,0.5,DA-BALS-EWMA-Decay,401,84.78802992518703,0.7481296758104738,14.463840399002494,0.0
325,0.8,10.0,0.5,DA-BALS-Stabilized,401,84.78802992518703,0.7481296758104738,14.463840399002494,0.0
325,0.8,10.0,1.0,DA-BALS-EWMA,401,82.7930174563591,2.493765586034913,14.713216957605985,0.0
325,0.8,10.0,1.0,DA-BALS-EWMA-Cap,401,82.7930174563591,2.493765586034913,14.713216957605985,0.0
325,0.8,10.0,1.0,DA-BALS-EWMA-Decay,401,82.7930174563591,2.493765586034913,14.713216957605985,0.0
325,0.8,10.0,1.0,DA-BALS-Stabilized,401,82.7930174563591,2.493765586034913,14.713216957605985,0.0
325,0.8,50.0,0.0,DA-BALS-EWMA,401,85.03740648379052,0.7481296758104738,14.214463840399002,0.0
325,0.8,50.0,0.0,DA-BALS-EWMA-Cap,401,85.03740648379052,0.7481296758104738,14.214463840399002,0.0
325,0.8,50.0,0.0,DA-BALS-EWMA-Decay,401,85.03740648379052,0.7481296758104738,14.214463840399002,0.0
325,0.8,50.0,0.0,DA-BALS-Stabilized,401,85.03740648379052,0.7481296758104738,14.214463840399002,0.0
325,0.8,50.0,0.5,DA-BALS-EWMA,401,84.78802992518703,0.7481296758104738,14.463840399002494,0.0
325,0.8,50.0,0.5,DA-BALS-EWMA-Cap,401,84.78802992518703,0.7481296758104738,14.463840399002494,0.0
325,0.8,50.0,0.5,DA-BALS-EWMA-Decay,401,84.78802992518703,0.7481296758104738,14.463840399002494,0.0
325,0.8,50.0,0.5,DA-BALS-Stabilized,401,84.78802992518703,0.7481296758104738,14.463840399002494,0.0
325,0.8,50.0,1.0,DA-BALS-EWMA,401,82.7930174563591,2.7431421446384037,14.463840399002494,0.0
325,0.8,50.0,1.0,DA-BALS-EWMA-Cap,401,82.7930174563591,2.7431421446384037,14.463840399002494,0.0
325,0.8,50.0,1.0,DA-BALS-EWMA-Decay,401,82.7930174563591,2.7431421446384037,14.463840399002494,0.0
325,0.8,50.0,1.0,DA-BALS-Stabilized,401,82.7930174563591,2.7431421446384037,14.463840399002494,0.0
325,1.0,0.0,0.0,DA-BALS-EWMA,517,79.3036750483559,0.5802707930367506,20.116054158607348,0.0
325,1.0,0.0,0.0,DA-BALS-EWMA-Cap,517,79.3036750483559,0.5802707930367506,20.116054158607348,0.0
325,1.0,0.0,0.0,DA-BALS-EWMA-Decay,517,79.49709864603481,0.7736943907156674,19.729206963249517,0.0
325,1.0,0.0,0.0,DA-BALS-Stabilized,517,79.49709864603481,0.7736943907156674,19.729206963249517,0.0
325,1.0,0.0,0.5,DA-BALS-EWMA,517,77.56286266924565,2.127659574468085,20.309477756286267,0.0
325,1.0,0.0,0.5,DA-BALS-EWMA-Cap,517,77.56286266924565,2.127659574468085,20.309477756286267,0.0
325,1.0,0.0,0.5,DA-BALS-EWMA-Decay,517,77.75628626692456,2.127659574468085,20.116054158607348,0.0
325,1.0,0.0,0.5,DA-BALS-Stabilized,517,77.75628626692456,2.127659574468085,20.116054158607348,0.0
325,1.0,0.0,1.0,DA-BALS-EWMA,517,74.27466150870407,5.029013539651837,20.6963249516441,0.0
325,1.0,0.0,1.0,DA-BALS-EWMA-Cap,517,74.27466150870407,5.029013539651837,20.6963249516441,0.0
325,1.0,0.0,1.0,DA-BALS-EWMA-Decay,517,74.27466150870407,4.835589941972921,20.889748549323016,0.0
325,1.0,0.0,1.0,DA-BALS-Stabilized,517,74.27466150870407,4.835589941972921,20.889748549323016,0.0
325,1.0,10.0,0.0,DA-BALS-EWMA,517,79.3036750483559,0.5802707930367506,20.116054158607348,0.0
325,1.0,10.0,0.0,DA-BALS-EWMA-Cap,517,79.3036750483559,0.5802707930367506,20.116054158607348,0.0
325,1.0,10.0,0.0,DA-BALS-EWMA-Decay,517,79.49709864603481,0.7736943907156674,19.729206963249517,0.0
325,1.0,10.0,0.0,DA-BALS-Stabilized,517,79.49709864603481,0.7736943907156674,19.729206963249517,0.0
325,1.0,10.0,0.5,DA-BALS-EWMA,517,77.56286266924565,2.127659574468085,20.309477756286267,0.0
325,1.0,10.0,0.5,DA-BALS-EWMA-Cap,517,77.56286266924565,2.127659574468085,20.309477756286267,0.0
325,1.0,10.0,0.5,DA-BALS-EWMA-Decay,517,77.75628626692456,2.127659574468085,20.116054158607348,0.0
325,1.0,10.0,0.5,DA-BALS-Stabilized,517,77.75628626692456,2.127659574468085,20.116054158607348,0.0
325,1.0,10.0,1.0,DA-BALS-EWMA,517,74.27466150870407,5.029013539651837,20.6963249516441,0.0
325,1.0,10.0,1.0,DA-BALS-EWMA-Cap,517,74.27466150870407,5.029013539651837,20.6963249516441,0.0
325,1.0,10.0,1.0,DA-BALS-EWMA-Decay,517,74.27466150870407,4.835589941972921,20.889748549323016,0.0
325,1.0,10.0,1.0,DA-BALS-Stabilized,517,74.27466150870407,4.835589941972921,20.889748549323016,0.0
325,1.0,50.0,0.0,DA-BALS-EWMA,517,79.3036750483559,0.5802707930367506,20.116054158607348,0.0
325,1.0,50.0,0.0,DA-BALS-EWMA-Cap,517,79.3036750483559,0.5802707930367506,20.116054158607348,0.0
325,1.0,50.0,0.0,DA-BALS-EWMA-Decay,517,79.49709864603481,0.7736943907156674,19.729206963249517,0.0
325,1.0,50.0,0.0,DA-BALS-Stabilized,517,79.49709864603481,0.7736943907156674,19.729206963249517,0.0
325,1.0,50.0,0.5,DA-BALS-EWMA,517,77.56286266924565,2.127659574468085,20.309477756286267,0.0
325,1.0,50.0,0.5,DA-BALS-EWMA-Cap,517,77.56286266924565,2.127659574468085,20.309477756286267,0.0
325,1.0,50.0,0.5,DA-BALS-EWMA-Decay,517,77.75628626692456,2.127659574468085,20.116054158607348,0.0
325,1.0,50.0,0.5,DA-BALS-Stabilized,517,77.75628626692456,2.127659574468085,20.116054158607348,0.0
325,1.0,50.0,1.0,DA-BALS-EWMA,517,74.27466150870407,5.029013539651837,20.6963249516441,0.0
325,1.0,50.0,1.0,DA-BALS-EWMA-Cap,517,74.27466150870407,5.029013539651837,20.6963249516441,0.0
325,1.0,50.0,1.0,DA-BALS-EWMA-Decay,517,74.27466150870407,4.835589941972921,20.889748549323016,0.0
325,1.0,50.0,1.0,DA-BALS-Stabilized,517,74.27466150870407,4.835589941972921,20.889748549323016,0.0
325,1.2,0.0,0.0,DA-BALS-EWMA,577,73.48353552859619,0.8665511265164645,25.64991334488735,0.0
325,1.2,0.0,0.0,DA-BALS-EWMA-Cap,577,73.48353552859619,0.8665511265164645,25.64991334488735,0.0
325,1.2,0.0,0.0,DA-BALS-EWMA-Decay,577,73.3102253032929,1.0398613518197575,25.64991334488735,0.0
325,1.2,0.0,0.0,DA-BALS-Stabilized,577,73.3102253032929,1.0398613518197575,25.64991334488735,0.0
325,1.2,0.0,0.5,DA-BALS-EWMA,577,72.790294627383,0.8665511265164645,26.343154246100518,0.0
325,1.2,0.0,0.5,DA-BALS-EWMA-Cap,577,72.790294627383,0.8665511265164645,26.343154246100518,0.0
325,1.2,0.0,0.5,DA-BALS-EWMA-Decay,577,72.9636048526863,0.8665511265164645,26.16984402079723,0.0
325,1.2,0.0,0.5,DA-BALS-Stabilized,577,72.9636048526863,0.8665511265164645,26.16984402079723,0.0
325,1.2,0.0,1.0,DA-BALS-EWMA,577,69.15077989601387,3.9861351819757362,26.8630849220104,0.0
325,1.2,0.0,1.0,DA-BALS-EWMA-Cap,577,69.15077989601387,3.9861351819757362,26.8630849220104,0.0
325,1.2,0.0,1.0,DA-BALS-EWMA-Decay,577,69.15077989601387,3.9861351819757362,26.8630849220104,0.0
325,1.2,0.0,1.0,DA-BALS-Stabilized,577,69.15077989601387,3.9861351819757362,26.8630849220104,0.0
325,1.2,10.0,0.0,DA-BALS-EWMA,577,73.48353552859619,0.8665511265164645,25.64991334488735,0.0
325,1.2,10.0,0.0,DA-BALS-EWMA-Cap,577,73.48353552859619,0.8665511265164645,25.64991334488735,0.0
325,1.2,10.0,0.0,DA-BALS-EWMA-Decay,577,73.3102253032929,1.0398613518197575,25.64991334488735,0.0
325,1.2,10.0,0.0,DA-BALS-Stabilized,577,73.3102253032929,1.0398613518197575,25.64991334488735,0.0
325,1.2,10.0,0.5,DA-BALS-EWMA,577,72.790294627383,0.8665511265164645,26.343154246100518,0.0
325,1.2,10.0,0.5,DA-BALS-EWMA-Cap,577,72.790294627383,0.8665511265164645,26.343154246100518,0.0
325,1.2,10.0,0.5,DA-BALS-EWMA-Decay,577,72.9636048526863,0.8665511265164645,26.16984402079723,0.0
325,1.2,10.0,0.5,DA-BALS-Stabilized,577,72.9636048526863,0.8665511265164645,26.16984402079723,0.0
325,1.2,10.0,1.0,DA-BALS-EWMA,577,68.97746967071056,4.15944540727903,26.8630849220104,0.0
325,1.2,10.0,1.0,DA-BALS-EWMA-Cap,577,68.97746967071056,4.15944540727903,26.8630849220104,0.0
325,1.2,10.0,1.0,DA-BALS-EWMA-Decay,577,69.15077989601387,4.15944540727903,26.689774696707108,0.0
325,1.2,10.0,1.0,DA-BALS-Stabilized,577,69.15077989601387,4.15944540727903,26.689774696707108,0.0
325,1.2,50.0,0.0,DA-BALS-EWMA,577,73.48353552859619,0.8665511265164645,25.64991334488735,0.0
325,1.2,50.0,0.0,DA-BALS-EWMA-Cap,577,73.48353552859619,0.8665511265164645,25.64991334488735,0.0
325,1.2,50.0,0.0,DA-BALS-EWMA-Decay,577,73.3102253032929,1.0398613518197575,25.64991334488735,0.0
325,1.2,50.0,0.0,DA-BALS-Stabilized,577,73.3102253032929,1.0398613518197575,25.64991334488735,0.0
325,1.2,50.0,0.5,DA-BALS-EWMA,577,72.790294627383,0.8665511265164645,26.343154246100518,0.0
325,1.2,50.0,0.5,DA-BALS-EWMA-Cap,577,72.790294627383,0.8665511265164645,26.343154246100518,0.0
325,1.2,50.0,0.5,DA-BALS-EWMA-Decay,577,72.9636048526863,0.8665511265164645,26.16984402079723,0.0
325,1.2,50.0,0.5,DA-BALS-Stabilized,577,72.9636048526863,0.8665511265164645,26.16984402079723,0.0
325,1.2,50.0,1.0,DA-BALS-EWMA,577,68.97746967071056,4.15944540727903,26.8630849220104,0.0
325,1.2,50.0,1.0,DA-BALS-EWMA-Cap,577,68.97746967071056,4.15944540727903,26.8630849220104,0.0
325,1.2,50.0,1.0,DA-BALS-EWMA-Decay,577,69.15077989601387,4.15944540727903,26.689774696707108,0.0
325,1.2,50.0,1.0,DA-BALS-Stabilized,577,69.15077989601387,4.15944540727903,26.689774696707108,0.0
326,0.2,0.0,0.0,DA-BALS-EWMA,92,95.65217391304348,0.0,4.3478260869565215,0.0
326,0.2,0.0,0.0,DA-BALS-EWMA-Cap,92,95.65217391304348,0.0,4.3478260869565215,0.0
326,0.2,0.0,0.0,DA-BALS-EWMA-Decay,92,95.65217391304348,0.0,4.3478260869565215,0.0
326,0.2,0.0,0.0,DA-BALS-Stabilized,92,95.65217391304348,0.0,4.3478260869565215,0.0
326,0.2,0.0,0.5,DA-BALS-EWMA,92,95.65217391304348,0.0,4.3478260869565215,0.0
326,0.2,0.0,0.5,DA-BALS-EWMA-Cap,92,95.65217391304348,0.0,4.3478260869565215,0.0
326,0.2,0.0,0.5,DA-BALS-EWMA-Decay,92,95.65217391304348,0.0,4.3478260869565215,0.0
326,0.2,0.0,0.5,DA-BALS-Stabilized,92,95.65217391304348,0.0,4.3478260869565215,0.0
326,0.2,0.0,1.0,DA-BALS-EWMA,92,92.3913043478261,3.260869565217391,4.3478260869565215,0.0
326,0.2,0.0,1.0,DA-BALS-EWMA-Cap,92,92.3913043478261,3.260869565217391,4.3478260869565215,0.0
326,0.2,0.0,1.0,DA-BALS-EWMA-Decay,92,92.3913043478261,3.260869565217391,4.3478260869565215,0.0
326,0.2,0.0,1.0,DA-BALS-Stabilized,92,92.3913043478261,3.260869565217391,4.3478260869565215,0.0
326,0.2,10.0,0.0,DA-BALS-EWMA,92,95.65217391304348,0.0,4.3478260869565215,0.0
326,0.2,10.0,0.0,DA-BALS-EWMA-Cap,92,95.65217391304348,0.0,4.3478260869565215,0.0
326,0.2,10.0,0.0,DA-BALS-EWMA-Decay,92,95.65217391304348,0.0,4.3478260869565215,0.0
326,0.2,10.0,0.0,DA-BALS-Stabilized,92,95.65217391304348,0.0,4.3478260869565215,0.0
326,0.2,10.0,0.5,DA-BALS-EWMA,92,95.65217391304348,0.0,4.3478260869565215,0.0
326,0.2,10.0,0.5,DA-BALS-EWMA-Cap,92,95.65217391304348,0.0,4.3478260869565215,0.0
326,0.2,10.0,0.5,DA-BALS-EWMA-Decay,92,95.65217391304348,0.0,4.3478260869565215,0.0
326,0.2,10.0,0.5,DA-BALS-Stabilized,92,95.65217391304348,0.0,4.3478260869565215,0.0
326,0.2,10.0,1.0,DA-BALS-EWMA,92,92.3913043478261,3.260869565217391,4.3478260869565215,0.0
326,0.2,10.0,1.0,DA-BALS-EWMA-Cap,92,92.3913043478261,3.260869565217391,4.3478260869565215,0.0
326,0.2,10.0,1.0,DA-BALS-EWMA-Decay,92,92.3913043478261,3.260869565217391,4.3478260869565215,0.0
326,0.2,10.0,1.0,DA-BALS-Stabilized,92,92.3913043478261,3.260869565217391,4.3478260869565215,0.0
326,0.2,50.0,0.0,DA-BALS-EWMA,92,95.65217391304348,0.0,4.3478260869565215,0.0
326,0.2,50.0,0.0,DA-BALS-EWMA-Cap,92,95.65217391304348,0.0,4.3478260869565215,0.0
326,0.2,50.0,0.0,DA-BALS-EWMA-Decay,92,95.65217391304348,0.0,4.3478260869565215,0.0
326,0.2,50.0,0.0,DA-BALS-Stabilized,92,95.65217391304348,0.0,4.3478260869565215,0.0
326,0.2,50.0,0.5,DA-BALS-EWMA,92,95.65217391304348,0.0,4.3478260869565215,0.0
326,0.2,50.0,0.5,DA-BALS-EWMA-Cap,92,95.65217391304348,0.0,4.3478260869565215,0.0
326,0.2,50.0,0.5,DA-BALS-EWMA-Decay,92,95.65217391304348,0.0,4.3478260869565215,0.0
326,0.2,50.0,0.5,DA-BALS-Stabilized,92,95.65217391304348,0.0,4.3478260869565215,0.0
326,0.2,50.0,1.0,DA-BALS-EWMA,92,92.3913043478261,3.260869565217391,4.3478260869565215,0.0
326,0.2,50.0,1.0,DA-BALS-EWMA-Cap,92,92.3913043478261,3.260869565217391,4.3478260869565215,0.0
326,0.2,50.0,1.0,DA-BALS-EWMA-Decay,92,92.3913043478261,3.260869565217391,4.3478260869565215,0.0
326,0.2,50.0,1.0,DA-BALS-Stabilized,92,92.3913043478261,3.260869565217391,4.3478260869565215,0.0
326,0.4,0.0,0.0,DA-BALS-EWMA,185,95.67567567567568,0.5405405405405406,3.783783783783784,0.0
326,0.4,0.0,0.0,DA-BALS-EWMA-Cap,185,95.67567567567568,0.5405405405405406,3.783783783783784,0.0
326,0.4,0.0,0.0,DA-BALS-EWMA-Decay,185,95.67567567567568,0.5405405405405406,3.783783783783784,0.0
326,0.4,0.0,0.0,DA-BALS-Stabilized,185,95.67567567567568,0.5405405405405406,3.783783783783784,0.0
326,0.4,0.0,0.5,DA-BALS-EWMA,185,95.13513513513514,0.5405405405405406,4.324324324324325,0.0
326,0.4,0.0,0.5,DA-BALS-EWMA-Cap,185,95.13513513513514,0.5405405405405406,4.324324324324325,0.0
326,0.4,0.0,0.5,DA-BALS-EWMA-Decay,185,95.13513513513514,1.0810810810810811,3.783783783783784,0.0
326,0.4,0.0,0.5,DA-BALS-Stabilized,185,95.13513513513514,1.0810810810810811,3.783783783783784,0.0
326,0.4,0.0,1.0,DA-BALS-EWMA,185,92.97297297297298,2.7027027027027026,4.324324324324325,0.0
326,0.4,0.0,1.0,DA-BALS-EWMA-Cap,185,92.97297297297298,2.7027027027027026,4.324324324324325,0.0
326,0.4,0.0,1.0,DA-BALS-EWMA-Decay,185,92.97297297297298,2.7027027027027026,4.324324324324325,0.0
326,0.4,0.0,1.0,DA-BALS-Stabilized,185,92.97297297297298,2.7027027027027026,4.324324324324325,0.0
326,0.4,10.0,0.0,DA-BALS-EWMA,185,95.67567567567568,0.5405405405405406,3.783783783783784,0.0
326,0.4,10.0,0.0,DA-BALS-EWMA-Cap,185,95.67567567567568,0.5405405405405406,3.783783783783784,0.0
326,0.4,10.0,0.0,DA-BALS-EWMA-Decay,185,95.67567567567568,0.5405405405405406,3.783783783783784,0.0
326,0.4,10.0,0.0,DA-BALS-Stabilized,185,95.67567567567568,0.5405405405405406,3.783783783783784,0.0
326,0.4,10.0,0.5,DA-BALS-EWMA,185,95.13513513513514,0.5405405405405406,4.324324324324325,0.0
326,0.4,10.0,0.5,DA-BALS-EWMA-Cap,185,95.13513513513514,0.5405405405405406,4.324324324324325,0.0
326,0.4,10.0,0.5,DA-BALS-EWMA-Decay,185,95.13513513513514,1.0810810810810811,3.783783783783784,0.0
326,0.4,10.0,0.5,DA-BALS-Stabilized,185,95.13513513513514,1.0810810810810811,3.783783783783784,0.0
326,0.4,10.0,1.0,DA-BALS-EWMA,185,92.97297297297298,2.7027027027027026,4.324324324324325,0.0
326,0.4,10.0,1.0,DA-BALS-EWMA-Cap,185,92.97297297297298,2.7027027027027026,4.324324324324325,0.0
326,0.4,10.0,1.0,DA-BALS-EWMA-Decay,185,92.97297297297298,2.7027027027027026,4.324324324324325,0.0
326,0.4,10.0,1.0,DA-BALS-Stabilized,185,92.97297297297298,2.7027027027027026,4.324324324324325,0.0
326,0.4,50.0,0.0,DA-BALS-EWMA,185,95.67567567567568,0.5405405405405406,3.783783783783784,0.0
326,0.4,50.0,0.0,DA-BALS-EWMA-Cap,185,95.67567567567568,0.5405405405405406,3.783783783783784,0.0
326,0.4,50.0,0.0,DA-BALS-EWMA-Decay,185,95.67567567567568,0.5405405405405406,3.783783783783784,0.0
326,0.4,50.0,0.0,DA-BALS-Stabilized,185,95.67567567567568,0.5405405405405406,3.783783783783784,0.0
326,0.4,50.0,0.5,DA-BALS-EWMA,185,95.13513513513514,0.5405405405405406,4.324324324324325,0.0
326,0.4,50.0,0.5,DA-BALS-EWMA-Cap,185,95.13513513513514,0.5405405405405406,4.324324324324325,0.0
326,0.4,50.0,0.5,DA-BALS-EWMA-Decay,185,95.13513513513514,1.0810810810810811,3.783783783783784,0.0
326,0.4,50.0,0.5,DA-BALS-Stabilized,185,95.13513513513514,1.0810810810810811,3.783783783783784,0.0
326,0.4,50.0,1.0,DA-BALS-EWMA,185,92.97297297297298,2.7027027027027026,4.324324324324325,0.0
326,0.4,50.0,1.0,DA-BALS-EWMA-Cap,185,92.97297297297298,2.7027027027027026,4.324324324324325,0.0
326,0.4,50.0,1.0,DA-BALS-EWMA-Decay,185,92.97297297297298,2.7027027027027026,4.324324324324325,0.0
326,0.4,50.0,1.0,DA-BALS-Stabilized,185,92.97297297297298,2.7027027027027026,4.324324324324325,0.0
326,0.6,0.0,0.0,DA-BALS-EWMA,311,90.03215434083602,0.3215434083601286,9.646302250803858,0.0
326,0.6,0.0,0.0,DA-BALS-EWMA-Cap,311,90.03215434083602,0.3215434083601286,9.646302250803858,0.0
326,0.6,0.0,0.0,DA-BALS-EWMA-Decay,311,90.03215434083602,0.3215434083601286,9.646302250803858,0.0
326,0.6,0.0,0.0,DA-BALS-Stabilized,311,90.03215434083602,0.3215434083601286,9.646302250803858,0.0
326,0.6,0.0,0.5,DA-BALS-EWMA,311,89.38906752411575,0.964630225080386,9.646302250803858,0.0
326,0.6,0.0,0.5,DA-BALS-EWMA-Cap,311,89.38906752411575,0.964630225080386,9.646302250803858,0.0
326,0.6,0.0,0.5,DA-BALS-EWMA-Decay,311,89.38906752411575,0.964630225080386,9.646302250803858,0.0
326,0.6,0.0,0.5,DA-BALS-Stabilized,311,89.38906752411575,0.964630225080386,9.646302250803858,0.0
326,0.6,0.0,1.0,DA-BALS-EWMA,311,88.42443729903538,0.6430868167202572,10.932475884244374,0.0
326,0.6,0.0,1.0,DA-BALS-EWMA-Cap,311,88.42443729903538,0.6430868167202572,10.932475884244374,0.0
326,0.6,0.0,1.0,DA-BALS-EWMA-Decay,311,88.42443729903538,0.6430868167202572,10.932475884244374,0.0
326,0.6,0.0,1.0,DA-BALS-Stabilized,311,88.42443729903538,0.6430868167202572,10.932475884244374,0.0
326,0.6,10.0,0.0,DA-BALS-EWMA,311,90.03215434083602,0.3215434083601286,9.646302250803858,0.0
326,0.6,10.0,0.0,DA-BALS-EWMA-Cap,311,90.03215434083602,0.3215434083601286,9.646302250803858,0.0
326,0.6,10.0,0.0,DA-BALS-EWMA-Decay,311,90.03215434083602,0.3215434083601286,9.646302250803858,0.0
326,0.6,10.0,0.0,DA-BALS-Stabilized,311,90.03215434083602,0.3215434083601286,9.646302250803858,0.0
326,0.6,10.0,0.5,DA-BALS-EWMA,311,89.38906752411575,0.964630225080386,9.646302250803858,0.0
326,0.6,10.0,0.5,DA-BALS-EWMA-Cap,311,89.38906752411575,0.964630225080386,9.646302250803858,0.0
326,0.6,10.0,0.5,DA-BALS-EWMA-Decay,311,89.38906752411575,0.964630225080386,9.646302250803858,0.0
326,0.6,10.0,0.5,DA-BALS-Stabilized,311,89.38906752411575,0.964630225080386,9.646302250803858,0.0
326,0.6,10.0,1.0,DA-BALS-EWMA,311,88.42443729903538,0.6430868167202572,10.932475884244374,0.0
326,0.6,10.0,1.0,DA-BALS-EWMA-Cap,311,88.42443729903538,0.6430868167202572,10.932475884244374,0.0
326,0.6,10.0,1.0,DA-BALS-EWMA-Decay,311,88.42443729903538,0.6430868167202572,10.932475884244374,0.0
326,0.6,10.0,1.0,DA-BALS-Stabilized,311,88.42443729903538,0.6430868167202572,10.932475884244374,0.0
326,0.6,50.0,0.0,DA-BALS-EWMA,311,90.03215434083602,0.3215434083601286,9.646302250803858,0.0
326,0.6,50.0,0.0,DA-BALS-EWMA-Cap,311,90.03215434083602,0.3215434083601286,9.646302250803858,0.0
326,0.6,50.0,0.0,DA-BALS-EWMA-Decay,311,90.03215434083602,0.3215434083601286,9.646302250803858,0.0
326,0.6,50.0,0.0,DA-BALS-Stabilized,311,90.03215434083602,0.3215434083601286,9.646302250803858,0.0
326,0.6,50.0,0.5,DA-BALS-EWMA,311,89.38906752411575,0.964630225080386,9.646302250803858,0.0
326,0.6,50.0,0.5,DA-BALS-EWMA-Cap,311,89.38906752411575,0.964630225080386,9.646302250803858,0.0
326,0.6,50.0,0.5,DA-BALS-EWMA-Decay,311,89.38906752411575,0.964630225080386,9.646302250803858,0.0
326,0.6,50.0,0.5,DA-BALS-Stabilized,311,89.38906752411575,0.964630225080386,9.646302250803858,0.0
326,0.6,50.0,1.0,DA-BALS-EWMA,311,88.42443729903538,0.6430868167202572,10.932475884244374,0.0
326,0.6,50.0,1.0,DA-BALS-EWMA-Cap,311,88.42443729903538,0.6430868167202572,10.932475884244374,0.0
326,0.6,50.0,1.0,DA-BALS-EWMA-Decay,311,88.42443729903538,0.6430868167202572,10.932475884244374,0.0
326,0.6,50.0,1.0,DA-BALS-Stabilized,311,88.42443729903538,0.6430868167202572,10.932475884244374,0.0
326,0.8,0.0,0.0,DA-BALS-EWMA,381,85.30183727034121,0.26246719160104987,14.435695538057743,0.0
326,0.8,0.0,0.0,DA-BALS-EWMA-Cap,381,85.30183727034121,0.26246719160104987,14.435695538057743,0.0
326,0.8,0.0,0.0,DA-BALS-EWMA-Decay,381,85.30183727034121,0.26246719160104987,14.435695538057743,0.0
326,0.8,0.0,0.0,DA-BALS-Stabilized,381,85.30183727034121,0.26246719160104987,14.435695538057743,0.0
326,0.8,0.0,0.5,DA-BALS-EWMA,381,82.41469816272966,2.3622047244094486,15.223097112860891,0.0
326,0.8,0.0,0.5,DA-BALS-EWMA-Cap,381,82.41469816272966,2.3622047244094486,15.223097112860891,0.0
326,0.8,0.0,0.5,DA-BALS-EWMA-Decay,381,82.41469816272966,2.3622047244094486,15.223097112860891,0.0
326,0.8,0.0,0.5,DA-BALS-Stabilized,381,82.41469816272966,2.3622047244094486,15.223097112860891,0.0
326,0.8,0.0,1.0,DA-BALS-EWMA,381,77.42782152230971,5.774278215223097,16.79790026246719,0.0
326,0.8,0.0,1.0,DA-BALS-EWMA-Cap,381,77.42782152230971,5.774278215223097,16.79790026246719,0.0
326,0.8,0.0,1.0,DA-BALS-EWMA-Decay,381,77.69028871391076,6.299212598425196,16.010498687664043,0.0
326,0.8,0.0,1.0,DA-BALS-Stabilized,381,77.69028871391076,6.299212598425196,16.010498687664043,0.0
326,0.8,10.0,0.0,DA-BALS-EWMA,381,85.30183727034121,0.26246719160104987,14.435695538057743,0.0
326,0.8,10.0,0.0,DA-BALS-EWMA-Cap,381,85.30183727034121,0.26246719160104987,14.435695538057743,0.0
326,0.8,10.0,0.0,DA-BALS-EWMA-Decay,381,85.30183727034121,0.26246719160104987,14.435695538057743,0.0
326,0.8,10.0,0.0,DA-BALS-Stabilized,381,85.30183727034121,0.26246719160104987,14.435695538057743,0.0
326,0.8,10.0,0.5,DA-BALS-EWMA,381,82.41469816272966,2.3622047244094486,15.223097112860891,0.0
326,0.8,10.0,0.5,DA-BALS-EWMA-Cap,381,82.41469816272966,2.3622047244094486,15.223097112860891,0.0
326,0.8,10.0,0.5,DA-BALS-EWMA-Decay,381,82.41469816272966,2.3622047244094486,15.223097112860891,0.0
326,0.8,10.0,0.5,DA-BALS-Stabilized,381,82.41469816272966,2.3622047244094486,15.223097112860891,0.0
326,0.8,10.0,1.0,DA-BALS-EWMA,381,77.69028871391076,5.511811023622047,16.79790026246719,0.0
326,0.8,10.0,1.0,DA-BALS-EWMA-Cap,381,77.69028871391076,5.511811023622047,16.79790026246719,0.0
326,0.8,10.0,1.0,DA-BALS-EWMA-Decay,381,77.95275590551181,6.036745406824147,16.010498687664043,0.0
326,0.8,10.0,1.0,DA-BALS-Stabilized,381,77.95275590551181,6.036745406824147,16.010498687664043,0.0
326,0.8,50.0,0.0,DA-BALS-EWMA,381,85.30183727034121,0.26246719160104987,14.435695538057743,0.0
326,0.8,50.0,0.0,DA-BALS-EWMA-Cap,381,85.30183727034121,0.26246719160104987,14.435695538057743,0.0
326,0.8,50.0,0.0,DA-BALS-EWMA-Decay,381,85.30183727034121,0.26246719160104987,14.435695538057743,0.0
326,0.8,50.0,0.0,DA-BALS-Stabilized,381,85.30183727034121,0.26246719160104987,14.435695538057743,0.0
326,0.8,50.0,0.5,DA-BALS-EWMA,381,82.41469816272966,2.3622047244094486,15.223097112860891,0.0
326,0.8,50.0,0.5,DA-BALS-EWMA-Cap,381,82.41469816272966,2.3622047244094486,15.223097112860891,0.0
326,0.8,50.0,0.5,DA-BALS-EWMA-Decay,381,82.41469816272966,2.3622047244094486,15.223097112860891,0.0
326,0.8,50.0,0.5,DA-BALS-Stabilized,381,82.41469816272966,2.3622047244094486,15.223097112860891,0.0
326,0.8,50.0,1.0,DA-BALS-EWMA,381,77.69028871391076,5.511811023622047,16.79790026246719,0.0
326,0.8,50.0,1.0,DA-BALS-EWMA-Cap,381,77.69028871391076,5.511811023622047,16.79790026246719,0.0
326,0.8,50.0,1.0,DA-BALS-EWMA-Decay,381,77.95275590551181,6.036745406824147,16.010498687664043,0.0
326,0.8,50.0,1.0,DA-BALS-Stabilized,381,77.95275590551181,6.036745406824147,16.010498687664043,0.0
326,1.0,0.0,0.0,DA-BALS-EWMA,489,82.61758691206545,0.2044989775051125,17.177914110429448,0.0
326,1.0,0.0,0.0,DA-BALS-EWMA-Cap,489,82.61758691206545,0.2044989775051125,17.177914110429448,0.0
326,1.0,0.0,0.0,DA-BALS-EWMA-Decay,489,82.61758691206545,0.2044989775051125,17.177914110429448,0.0
326,1.0,0.0,0.0,DA-BALS-Stabilized,489,82.61758691206545,0.2044989775051125,17.177914110429448,0.0
326,1.0,0.0,0.5,DA-BALS-EWMA,489,81.18609406952966,1.2269938650306749,17.586912065439673,0.0
326,1.0,0.0,0.5,DA-BALS-EWMA-Cap,489,81.18609406952966,1.2269938650306749,17.586912065439673,0.0
326,1.0,0.0,0.5,DA-BALS-EWMA-Decay,489,81.39059304703477,1.2269938650306749,17.38241308793456,0.0
326,1.0,0.0,0.5,DA-BALS-Stabilized,489,81.39059304703477,1.2269938650306749,17.38241308793456,0.0
326,1.0,0.0,1.0,DA-BALS-EWMA,489,79.34560327198365,2.4539877300613497,18.200408997955012,0.0
326,1.0,0.0,1.0,DA-BALS-EWMA-Cap,489,79.34560327198365,2.4539877300613497,18.200408997955012,0.0
326,1.0,0.0,1.0,DA-BALS-EWMA-Decay,489,79.34560327198365,2.4539877300613497,18.200408997955012,0.0
326,1.0,0.0,1.0,DA-BALS-Stabilized,489,79.34560327198365,2.4539877300613497,18.200408997955012,0.0
326,1.0,10.0,0.0,DA-BALS-EWMA,489,82.61758691206545,0.2044989775051125,17.177914110429448,0.0
326,1.0,10.0,0.0,DA-BALS-EWMA-Cap,489,82.61758691206545,0.2044989775051125,17.177914110429448,0.0
326,1.0,10.0,0.0,DA-BALS-EWMA-Decay,489,82.61758691206545,0.2044989775051125,17.177914110429448,0.0
326,1.0,10.0,0.0,DA-BALS-Stabilized,489,82.61758691206545,0.2044989775051125,17.177914110429448,0.0
326,1.0,10.0,0.5,DA-BALS-EWMA,489,81.18609406952966,1.2269938650306749,17.586912065439673,0.0
326,1.0,10.0,0.5,DA-BALS-EWMA-Cap,489,81.18609406952966,1.2269938650306749,17.586912065439673,0.0
326,1.0,10.0,0.5,DA-BALS-EWMA-Decay,489,81.39059304703477,1.2269938650306749,17.38241308793456,0.0
326,1.0,10.0,0.5,DA-BALS-Stabilized,489,81.39059304703477,1.2269938650306749,17.38241308793456,0.0
326,1.0,10.0,1.0,DA-BALS-EWMA,489,79.14110429447852,2.4539877300613497,18.404907975460123,0.0
326,1.0,10.0,1.0,DA-BALS-EWMA-Cap,489,79.14110429447852,2.4539877300613497,18.404907975460123,0.0
326,1.0,10.0,1.0,DA-BALS-EWMA-Decay,489,79.34560327198365,2.4539877300613497,18.200408997955012,0.0
326,1.0,10.0,1.0,DA-BALS-Stabilized,489,79.34560327198365,2.4539877300613497,18.200408997955012,0.0
326,1.0,50.0,0.0,DA-BALS-EWMA,489,82.61758691206545,0.2044989775051125,17.177914110429448,0.0
326,1.0,50.0,0.0,DA-BALS-EWMA-Cap,489,82.61758691206545,0.2044989775051125,17.177914110429448,0.0
326,1.0,50.0,0.0,DA-BALS-EWMA-Decay,489,82.61758691206545,0.2044989775051125,17.177914110429448,0.0
326,1.0,50.0,0.0,DA-BALS-Stabilized,489,82.61758691206545,0.2044989775051125,17.177914110429448,0.0
326,1.0,50.0,0.5,DA-BALS-EWMA,489,81.18609406952966,1.2269938650306749,17.586912065439673,0.0
326,1.0,50.0,0.5,DA-BALS-EWMA-Cap,489,81.18609406952966,1.2269938650306749,17.586912065439673,0.0
326,1.0,50.0,0.5,DA-BALS-EWMA-Decay,489,81.39059304703477,1.2269938650306749,17.38241308793456,0.0
326,1.0,50.0,0.5,DA-BALS-Stabilized,489,81.39059304703477,1.2269938650306749,17.38241308793456,0.0
326,1.0,50.0,1.0,DA-BALS-EWMA,489,78.7321063394683,3.067484662576687,18.200408997955012,0.0
326,1.0,50.0,1.0,DA-BALS-EWMA-Cap,489,78.7321063394683,3.067484662576687,18.200408997955012,0.0
326,1.0,50.0,1.0,DA-BALS-EWMA-Decay,489,78.93660531697341,3.067484662576687,17.995910020449898,0.0
326,1.0,50.0,1.0,DA-BALS-Stabilized,489,78.93660531697341,3.067484662576687,17.995910020449898,0.0
326,1.2,0.0,0.0,DA-BALS-EWMA,631,70.36450079239303,0.7923930269413629,28.84310618066561,0.0
326,1.2,0.0,0.0,DA-BALS-EWMA-Cap,631,70.36450079239303,0.7923930269413629,28.84310618066561,0.0
326,1.2,0.0,0.0,DA-BALS-EWMA-Decay,631,70.36450079239303,0.7923930269413629,28.84310618066561,0.0
326,1.2,0.0,0.0,DA-BALS-Stabilized,631,70.36450079239303,0.7923930269413629,28.84310618066561,0.0
326,1.2,0.0,0.5,DA-BALS-EWMA,631,68.93819334389858,1.9017432646592711,29.160063391442154,0.0
326,1.2,0.0,0.5,DA-BALS-EWMA-Cap,631,68.93819334389858,1.9017432646592711,29.160063391442154,0.0
326,1.2,0.0,0.5,DA-BALS-EWMA-Decay,631,68.93819334389858,1.9017432646592711,29.160063391442154,0.0
326,1.2,0.0,0.5,DA-BALS-Stabilized,631,68.93819334389858,1.9017432646592711,29.160063391442154,0.0
326,1.2,0.0,1.0,DA-BALS-EWMA,631,65.76862123613311,4.437400950871632,29.793977812995248,0.0
326,1.2,0.0,1.0,DA-BALS-EWMA-Cap,631,65.76862123613311,4.437400950871632,29.793977812995248,0.0
326,1.2,0.0,1.0,DA-BALS-EWMA-Decay,631,66.24405705229795,4.437400950871632,29.318541996830426,0.0
326,1.2,0.0,1.0,DA-BALS-Stabilized,631,66.24405705229795,4.437400950871632,29.318541996830426,0.0
326,1.2,10.0,0.0,DA-BALS-EWMA,631,70.36450079239303,0.7923930269413629,28.84310618066561,0.0
326,1.2,10.0,0.0,DA-BALS-EWMA-Cap,631,70.36450079239303,0.7923930269413629,28.84310618066561,0.0
326,1.2,10.0,0.0,DA-BALS-EWMA-Decay,631,70.36450079239303,0.7923930269413629,28.84310618066561,0.0
326,1.2,10.0,0.0,DA-BALS-Stabilized,631,70.36450079239303,0.7923930269413629,28.84310618066561,0.0
326,1.2,10.0,0.5,DA-BALS-EWMA,631,68.30427892234549,2.0602218700475436,29.635499207606976,0.0
326,1.2,10.0,0.5,DA-BALS-EWMA-Cap,631,68.30427892234549,2.0602218700475436,29.635499207606976,0.0
326,1.2,10.0,0.5,DA-BALS-EWMA-Decay,631,68.62123613312204,2.0602218700475436,29.318541996830426,0.0
326,1.2,10.0,0.5,DA-BALS-Stabilized,631,68.62123613312204,2.0602218700475436,29.318541996830426,0.0
326,1.2,10.0,1.0,DA-BALS-EWMA,631,65.45166402535658,4.437400950871632,30.11093502377179,0.0
326,1.2,10.0,1.0,DA-BALS-EWMA-Cap,631,65.45166402535658,4.437400950871632,30.11093502377179,0.0
326,1.2,10.0,1.0,DA-BALS-EWMA-Decay,631,65.76862123613311,4.437400950871632,29.793977812995248,0.0
326,1.2,10.0,1.0,DA-BALS-Stabilized,631,65.76862123613311,4.437400950871632,29.793977812995248,0.0
326,1.2,50.0,0.0,DA-BALS-EWMA,631,70.36450079239303,0.7923930269413629,28.84310618066561,0.0
326,1.2,50.0,0.0,DA-BALS-EWMA-Cap,631,70.36450079239303,0.7923930269413629,28.84310618066561,0.0
326,1.2,50.0,0.0,DA-BALS-EWMA-Decay,631,70.36450079239303,0.7923930269413629,28.84310618066561,0.0
326,1.2,50.0,0.0,DA-BALS-Stabilized,631,70.36450079239303,0.7923930269413629,28.84310618066561,0.0
326,1.2,50.0,0.5,DA-BALS-EWMA,631,68.30427892234549,2.0602218700475436,29.635499207606976,0.0
326,1.2,50.0,0.5,DA-BALS-EWMA-Cap,631,68.30427892234549,2.0602218700475436,29.635499207606976,0.0
326,1.2,50.0,0.5,DA-BALS-EWMA-Decay,631,68.62123613312204,2.0602218700475436,29.318541996830426,0.0
326,1.2,50.0,0.5,DA-BALS-Stabilized,631,68.62123613312204,2.0602218700475436,29.318541996830426,0.0
326,1.2,50.0,1.0,DA-BALS-EWMA,631,65.45166402535658,4.437400950871632,30.11093502377179,0.0
326,1.2,50.0,1.0,DA-BALS-EWMA-Cap,631,65.45166402535658,4.437400950871632,30.11093502377179,0.0
326,1.2,50.0,1.0,DA-BALS-EWMA-Decay,631,65.76862123613311,4.437400950871632,29.793977812995248,0.0
326,1.2,50.0,1.0,DA-BALS-Stabilized,631,65.76862123613311,4.437400950871632,29.793977812995248,0.0
327,0.2,0.0,0.0,DA-BALS-EWMA,113,97.34513274336283,0.8849557522123894,1.7699115044247788,0.0
327,0.2,0.0,0.0,DA-BALS-EWMA-Cap,113,97.34513274336283,0.8849557522123894,1.7699115044247788,0.0
327,0.2,0.0,0.0,DA-BALS-EWMA-Decay,113,97.34513274336283,0.8849557522123894,1.7699115044247788,0.0
327,0.2,0.0,0.0,DA-BALS-Stabilized,113,97.34513274336283,0.8849557522123894,1.7699115044247788,0.0
327,0.2,0.0,0.5,DA-BALS-EWMA,113,97.34513274336283,0.8849557522123894,1.7699115044247788,0.0
327,0.2,0.0,0.5,DA-BALS-EWMA-Cap,113,97.34513274336283,0.8849557522123894,1.7699115044247788,0.0
327,0.2,0.0,0.5,DA-BALS-EWMA-Decay,113,97.34513274336283,0.8849557522123894,1.7699115044247788,0.0
327,0.2,0.0,0.5,DA-BALS-Stabilized,113,97.34513274336283,0.8849557522123894,1.7699115044247788,0.0
327,0.2,0.0,1.0,DA-BALS-EWMA,113,97.34513274336283,0.8849557522123894,1.7699115044247788,0.0
327,0.2,0.0,1.0,DA-BALS-EWMA-Cap,113,97.34513274336283,0.8849557522123894,1.7699115044247788,0.0
327,0.2,0.0,1.0,DA-BALS-EWMA-Decay,113,97.34513274336283,0.8849557522123894,1.7699115044247788,0.0
327,0.2,0.0,1.0,DA-BALS-Stabilized,113,97.34513274336283,0.8849557522123894,1.7699115044247788,0.0
327,0.2,10.0,0.0,DA-BALS-EWMA,113,97.34513274336283,0.8849557522123894,1.7699115044247788,0.0
327,0.2,10.0,0.0,DA-BALS-EWMA-Cap,113,97.34513274336283,0.8849557522123894,1.7699115044247788,0.0
327,0.2,10.0,0.0,DA-BALS-EWMA-Decay,113,97.34513274336283,0.8849557522123894,1.7699115044247788,0.0
327,0.2,10.0,0.0,DA-BALS-Stabilized,113,97.34513274336283,0.8849557522123894,1.7699115044247788,0.0
327,0.2,10.0,0.5,DA-BALS-EWMA,113,97.34513274336283,0.8849557522123894,1.7699115044247788,0.0
327,0.2,10.0,0.5,DA-BALS-EWMA-Cap,113,97.34513274336283,0.8849557522123894,1.7699115044247788,0.0
327,0.2,10.0,0.5,DA-BALS-EWMA-Decay,113,97.34513274336283,0.8849557522123894,1.7699115044247788,0.0
327,0.2,10.0,0.5,DA-BALS-Stabilized,113,97.34513274336283,0.8849557522123894,1.7699115044247788,0.0
327,0.2,10.0,1.0,DA-BALS-EWMA,113,97.34513274336283,0.8849557522123894,1.7699115044247788,0.0
327,0.2,10.0,1.0,DA-BALS-EWMA-Cap,113,97.34513274336283,0.8849557522123894,1.7699115044247788,0.0
327,0.2,10.0,1.0,DA-BALS-EWMA-Decay,113,97.34513274336283,0.8849557522123894,1.7699115044247788,0.0
327,0.2,10.0,1.0,DA-BALS-Stabilized,113,97.34513274336283,0.8849557522123894,1.7699115044247788,0.0
327,0.2,50.0,0.0,DA-BALS-EWMA,113,97.34513274336283,0.8849557522123894,1.7699115044247788,0.0
327,0.2,50.0,0.0,DA-BALS-EWMA-Cap,113,97.34513274336283,0.8849557522123894,1.7699115044247788,0.0
327,0.2,50.0,0.0,DA-BALS-EWMA-Decay,113,97.34513274336283,0.8849557522123894,1.7699115044247788,0.0
327,0.2,50.0,0.0,DA-BALS-Stabilized,113,97.34513274336283,0.8849557522123894,1.7699115044247788,0.0
327,0.2,50.0,0.5,DA-BALS-EWMA,113,97.34513274336283,0.8849557522123894,1.7699115044247788,0.0
327,0.2,50.0,0.5,DA-BALS-EWMA-Cap,113,97.34513274336283,0.8849557522123894,1.7699115044247788,0.0
327,0.2,50.0,0.5,DA-BALS-EWMA-Decay,113,97.34513274336283,0.8849557522123894,1.7699115044247788,0.0
327,0.2,50.0,0.5,DA-BALS-Stabilized,113,97.34513274336283,0.8849557522123894,1.7699115044247788,0.0
327,0.2,50.0,1.0,DA-BALS-EWMA,113,97.34513274336283,0.8849557522123894,1.7699115044247788,0.0
327,0.2,50.0,1.0,DA-BALS-EWMA-Cap,113,97.34513274336283,0.8849557522123894,1.7699115044247788,0.0
327,0.2,50.0,1.0,DA-BALS-EWMA-Decay,113,97.34513274336283,0.8849557522123894,1.7699115044247788,0.0
327,0.2,50.0,1.0,DA-BALS-Stabilized,113,97.34513274336283,0.8849557522123894,1.7699115044247788,0.0
327,0.4,0.0,0.0,DA-BALS-EWMA,195,93.84615384615384,0.0,6.153846153846154,0.0
327,0.4,0.0,0.0,DA-BALS-EWMA-Cap,195,93.84615384615384,0.0,6.153846153846154,0.0
327,0.4,0.0,0.0,DA-BALS-EWMA-Decay,195,93.84615384615384,0.0,6.153846153846154,0.0
327,0.4,0.0,0.0,DA-BALS-Stabilized,195,93.84615384615384,0.0,6.153846153846154,0.0
327,0.4,0.0,0.5,DA-BALS-EWMA,195,93.33333333333333,0.5128205128205128,6.153846153846154,0.0
327,0.4,0.0,0.5,DA-BALS-EWMA-Cap,195,93.33333333333333,0.5128205128205128,6.153846153846154,0.0
327,0.4,0.0,0.5,DA-BALS-EWMA-Decay,195,93.33333333333333,0.5128205128205128,6.153846153846154,0.0
327,0.4,0.0,0.5,DA-BALS-Stabilized,195,93.33333333333333,0.5128205128205128,6.153846153846154,0.0
327,0.4,0.0,1.0,DA-BALS-EWMA,195,90.76923076923077,3.076923076923077,6.153846153846154,0.0
327,0.4,0.0,1.0,DA-BALS-EWMA-Cap,195,90.76923076923077,3.076923076923077,6.153846153846154,0.0
327,0.4,0.0,1.0,DA-BALS-EWMA-Decay,195,90.76923076923077,3.076923076923077,6.153846153846154,0.0
327,0.4,0.0,1.0,DA-BALS-Stabilized,195,90.76923076923077,3.076923076923077,6.153846153846154,0.0
327,0.4,10.0,0.0,DA-BALS-EWMA,195,93.84615384615384,0.0,6.153846153846154,0.0
327,0.4,10.0,0.0,DA-BALS-EWMA-Cap,195,93.84615384615384,0.0,6.153846153846154,0.0
327,0.4,10.0,0.0,DA-BALS-EWMA-Decay,195,93.84615384615384,0.0,6.153846153846154,0.0
327,0.4,10.0,0.0,DA-BALS-Stabilized,195,93.84615384615384,0.0,6.153846153846154,0.0
327,0.4,10.0,0.5,DA-BALS-EWMA,195,93.33333333333333,0.5128205128205128,6.153846153846154,0.0
327,0.4,10.0,0.5,DA-BALS-EWMA-Cap,195,93.33333333333333,0.5128205128205128,6.153846153846154,0.0
327,0.4,10.0,0.5,DA-BALS-EWMA-Decay,195,93.33333333333333,0.5128205128205128,6.153846153846154,0.0
327,0.4,10.0,0.5,DA-BALS-Stabilized,195,93.33333333333333,0.5128205128205128,6.153846153846154,0.0
327,0.4,10.0,1.0,DA-BALS-EWMA,195,90.76923076923077,3.076923076923077,6.153846153846154,0.0
327,0.4,10.0,1.0,DA-BALS-EWMA-Cap,195,90.76923076923077,3.076923076923077,6.153846153846154,0.0
327,0.4,10.0,1.0,DA-BALS-EWMA-Decay,195,90.76923076923077,3.076923076923077,6.153846153846154,0.0
327,0.4,10.0,1.0,DA-BALS-Stabilized,195,90.76923076923077,3.076923076923077,6.153846153846154,0.0
327,0.4,50.0,0.0,DA-BALS-EWMA,195,93.84615384615384,0.0,6.153846153846154,0.0
327,0.4,50.0,0.0,DA-BALS-EWMA-Cap,195,93.84615384615384,0.0,6.153846153846154,0.0
327,0.4,50.0,0.0,DA-BALS-EWMA-Decay,195,93.84615384615384,0.0,6.153846153846154,0.0
327,0.4,50.0,0.0,DA-BALS-Stabilized,195,93.84615384615384,0.0,6.153846153846154,0.0
327,0.4,50.0,0.5,DA-BALS-EWMA,195,93.33333333333333,0.5128205128205128,6.153846153846154,0.0
327,0.4,50.0,0.5,DA-BALS-EWMA-Cap,195,93.33333333333333,0.5128205128205128,6.153846153846154,0.0
327,0.4,50.0,0.5,DA-BALS-EWMA-Decay,195,93.33333333333333,0.5128205128205128,6.153846153846154,0.0
327,0.4,50.0,0.5,DA-BALS-Stabilized,195,93.33333333333333,0.5128205128205128,6.153846153846154,0.0
327,0.4,50.0,1.0,DA-BALS-EWMA,195,90.76923076923077,3.076923076923077,6.153846153846154,0.0
327,0.4,50.0,1.0,DA-BALS-EWMA-Cap,195,90.76923076923077,3.076923076923077,6.153846153846154,0.0
327,0.4,50.0,1.0,DA-BALS-EWMA-Decay,195,90.76923076923077,3.076923076923077,6.153846153846154,0.0
327,0.4,50.0,1.0,DA-BALS-Stabilized,195,90.76923076923077,3.076923076923077,6.153846153846154,0.0
327,0.6,0.0,0.0,DA-BALS-EWMA,286,93.00699300699301,0.34965034965034963,6.643356643356643,0.0
327,0.6,0.0,0.0,DA-BALS-EWMA-Cap,286,93.00699300699301,0.34965034965034963,6.643356643356643,0.0
327,0.6,0.0,0.0,DA-BALS-EWMA-Decay,286,93.7062937062937,0.34965034965034963,5.944055944055944,0.0
327,0.6,0.0,0.0,DA-BALS-Stabilized,286,93.7062937062937,0.34965034965034963,5.944055944055944,0.0
327,0.6,0.0,0.5,DA-BALS-EWMA,286,91.95804195804196,1.3986013986013985,6.643356643356643,0.0
327,0.6,0.0,0.5,DA-BALS-EWMA-Cap,286,91.95804195804196,1.3986013986013985,6.643356643356643,0.0
327,0.6,0.0,0.5,DA-BALS-EWMA-Decay,286,91.95804195804196,1.3986013986013985,6.643356643356643,0.0
327,0.6,0.0,0.5,DA-BALS-Stabilized,286,91.95804195804196,1.3986013986013985,6.643356643356643,0.0
327,0.6,0.0,1.0,DA-BALS-EWMA,286,88.11188811188812,3.146853146853147,8.741258741258742,0.0
327,0.6,0.0,1.0,DA-BALS-EWMA-Cap,286,88.11188811188812,3.146853146853147,8.741258741258742,0.0
327,0.6,0.0,1.0,DA-BALS-EWMA-Decay,286,88.81118881118881,3.146853146853147,8.041958041958042,0.0
327,0.6,0.0,1.0,DA-BALS-Stabilized,286,88.81118881118881,3.146853146853147,8.041958041958042,0.0
327,0.6,10.0,0.0,DA-BALS-EWMA,286,93.00699300699301,0.34965034965034963,6.643356643356643,0.0
327,0.6,10.0,0.0,DA-BALS-EWMA-Cap,286,93.00699300699301,0.34965034965034963,6.643356643356643,0.0
327,0.6,10.0,0.0,DA-BALS-EWMA-Decay,286,93.7062937062937,0.34965034965034963,5.944055944055944,0.0
327,0.6,10.0,0.0,DA-BALS-Stabilized,286,93.7062937062937,0.34965034965034963,5.944055944055944,0.0
327,0.6,10.0,0.5,DA-BALS-EWMA,286,91.6083916083916,1.7482517482517483,6.643356643356643,0.0
327,0.6,10.0,0.5,DA-BALS-EWMA-Cap,286,91.6083916083916,1.7482517482517483,6.643356643356643,0.0
327,0.6,10.0,0.5,DA-BALS-EWMA-Decay,286,91.6083916083916,1.7482517482517483,6.643356643356643,0.0
327,0.6,10.0,0.5,DA-BALS-Stabilized,286,91.6083916083916,1.7482517482517483,6.643356643356643,0.0
327,0.6,10.0,1.0,DA-BALS-EWMA,286,88.11188811188812,4.195804195804196,7.6923076923076925,0.0
327,0.6,10.0,1.0,DA-BALS-EWMA-Cap,286,88.11188811188812,4.195804195804196,7.6923076923076925,0.0
327,0.6,10.0,1.0,DA-BALS-EWMA-Decay,286,88.46153846153845,4.195804195804196,7.3426573426573425,0.0
327,0.6,10.0,1.0,DA-BALS-Stabilized,286,88.46153846153845,4.195804195804196,7.3426573426573425,0.0
327,0.6,50.0,0.0,DA-BALS-EWMA,286,93.00699300699301,0.34965034965034963,6.643356643356643,0.0
327,0.6,50.0,0.0,DA-BALS-EWMA-Cap,286,93.00699300699301,0.34965034965034963,6.643356643356643,0.0
327,0.6,50.0,0.0,DA-BALS-EWMA-Decay,286,93.7062937062937,0.34965034965034963,5.944055944055944,0.0
327,0.6,50.0,0.0,DA-BALS-Stabilized,286,93.7062937062937,0.34965034965034963,5.944055944055944,0.0
327,0.6,50.0,0.5,DA-BALS-EWMA,286,91.6083916083916,1.7482517482517483,6.643356643356643,0.0
327,0.6,50.0,0.5,DA-BALS-EWMA-Cap,286,91.6083916083916,1.7482517482517483,6.643356643356643,0.0
327,0.6,50.0,0.5,DA-BALS-EWMA-Decay,286,91.6083916083916,1.7482517482517483,6.643356643356643,0.0
327,0.6,50.0,0.5,DA-BALS-Stabilized,286,91.6083916083916,1.7482517482517483,6.643356643356643,0.0
327,0.6,50.0,1.0,DA-BALS-EWMA,286,88.11188811188812,4.545454545454546,7.3426573426573425,0.0
327,0.6,50.0,1.0,DA-BALS-EWMA-Cap,286,88.11188811188812,4.545454545454546,7.3426573426573425,0.0
327,0.6,50.0,1.0,DA-BALS-EWMA-Decay,286,88.11188811188812,4.545454545454546,7.3426573426573425,0.0
327,0.6,50.0,1.0,DA-BALS-Stabilized,286,88.11188811188812,4.545454545454546,7.3426573426573425,0.0
327,0.8,0.0,0.0,DA-BALS-EWMA,390,86.15384615384616,0.5128205128205128,13.333333333333334,0.0
327,0.8,0.0,0.0,DA-BALS-EWMA-Cap,390,86.15384615384616,0.5128205128205128,13.333333333333334,0.0
327,0.8,0.0,0.0,DA-BALS-EWMA-Decay,390,86.15384615384616,0.7692307692307693,13.076923076923078,0.0
327,0.8,0.0,0.0,DA-BALS-Stabilized,390,86.15384615384616,0.7692307692307693,13.076923076923078,0.0
327,0.8,0.0,0.5,DA-BALS-EWMA,390,86.15384615384616,0.7692307692307693,13.076923076923078,0.0
327,0.8,0.0,0.5,DA-BALS-EWMA-Cap,390,86.15384615384616,0.7692307692307693,13.076923076923078,0.0
327,0.8,0.0,0.5,DA-BALS-EWMA-Decay,390,86.15384615384616,0.7692307692307693,13.076923076923078,0.0
327,0.8,0.0,0.5,DA-BALS-Stabilized,390,86.15384615384616,0.7692307692307693,13.076923076923078,0.0
327,0.8,0.0,1.0,DA-BALS-EWMA,390,83.58974358974359,2.307692307692308,14.102564102564102,0.0
327,0.8,0.0,1.0,DA-BALS-EWMA-Cap,390,83.58974358974359,2.307692307692308,14.102564102564102,0.0
327,0.8,0.0,1.0,DA-BALS-EWMA-Decay,390,83.84615384615385,2.8205128205128207,13.333333333333334,0.0
327,0.8,0.0,1.0,DA-BALS-Stabilized,390,83.84615384615385,2.8205128205128207,13.333333333333334,0.0
327,0.8,10.0,0.0,DA-BALS-EWMA,390,86.15384615384616,0.5128205128205128,13.333333333333334,0.0
327,0.8,10.0,0.0,DA-BALS-EWMA-Cap,390,86.15384615384616,0.5128205128205128,13.333333333333334,0.0
327,0.8,10.0,0.0,DA-BALS-EWMA-Decay,390,86.15384615384616,0.7692307692307693,13.076923076923078,0.0
327,0.8,10.0,0.0,DA-BALS-Stabilized,390,86.15384615384616,0.7692307692307693,13.076923076923078,0.0
327,0.8,10.0,0.5,DA-BALS-EWMA,390,86.15384615384616,0.7692307692307693,13.076923076923078,0.0
327,0.8,10.0,0.5,DA-BALS-EWMA-Cap,390,86.15384615384616,0.7692307692307693,13.076923076923078,0.0
327,0.8,10.0,0.5,DA-BALS-EWMA-Decay,390,86.15384615384616,0.7692307692307693,13.076923076923078,0.0
327,0.8,10.0,0.5,DA-BALS-Stabilized,390,86.15384615384616,0.7692307692307693,13.076923076923078,0.0
327,0.8,10.0,1.0,DA-BALS-EWMA,390,83.33333333333334,2.564102564102564,14.102564102564102,0.0
327,0.8,10.0,1.0,DA-BALS-EWMA-Cap,390,83.33333333333334,2.564102564102564,14.102564102564102,0.0
327,0.8,10.0,1.0,DA-BALS-EWMA-Decay,390,83.84615384615385,2.564102564102564,13.58974358974359,0.0
327,0.8,10.0,1.0,DA-BALS-Stabilized,390,83.84615384615385,2.564102564102564,13.58974358974359,0.0
327,0.8,50.0,0.0,DA-BALS-EWMA,390,86.15384615384616,0.5128205128205128,13.333333333333334,0.0
327,0.8,50.0,0.0,DA-BALS-EWMA-Cap,390,86.15384615384616,0.5128205128205128,13.333333333333334,0.0
327,0.8,50.0,0.0,DA-BALS-EWMA-Decay,390,86.15384615384616,0.7692307692307693,13.076923076923078,0.0
327,0.8,50.0,0.0,DA-BALS-Stabilized,390,86.15384615384616,0.7692307692307693,13.076923076923078,0.0
327,0.8,50.0,0.5,DA-BALS-EWMA,390,86.15384615384616,0.7692307692307693,13.076923076923078,0.0
327,0.8,50.0,0.5,DA-BALS-EWMA-Cap,390,86.15384615384616,0.7692307692307693,13.076923076923078,0.0
327,0.8,50.0,0.5,DA-BALS-EWMA-Decay,390,86.15384615384616,0.7692307692307693,13.076923076923078,0.0
327,0.8,50.0,0.5,DA-BALS-Stabilized,390,86.15384615384616,0.7692307692307693,13.076923076923078,0.0
327,0.8,50.0,1.0,DA-BALS-EWMA,390,83.33333333333334,2.564102564102564,14.102564102564102,0.0
327,0.8,50.0,1.0,DA-BALS-EWMA-Cap,390,83.33333333333334,2.564102564102564,14.102564102564102,0.0
327,0.8,50.0,1.0,DA-BALS-EWMA-Decay,390,83.58974358974359,2.564102564102564,13.846153846153847,0.0
327,0.8,50.0,1.0,DA-BALS-Stabilized,390,83.58974358974359,2.564102564102564,13.846153846153847,0.0
327,1.0,0.0,0.0,DA-BALS-EWMA,488,77.45901639344262,1.639344262295082,20.901639344262296,0.0
327,1.0,0.0,0.0,DA-BALS-EWMA-Cap,488,77.45901639344262,1.639344262295082,20.901639344262296,0.0
327,1.0,0.0,0.0,DA-BALS-EWMA-Decay,488,77.45901639344262,1.639344262295082,20.901639344262296,0.0
327,1.0,0.0,0.0,DA-BALS-Stabilized,488,77.45901639344262,1.639344262295082,20.901639344262296,0.0
327,1.0,0.0,0.5,DA-BALS-EWMA,488,76.4344262295082,2.2540983606557377,21.311475409836063,0.0
327,1.0,0.0,0.5,DA-BALS-EWMA-Cap,488,76.4344262295082,2.2540983606557377,21.311475409836063,0.0
327,1.0,0.0,0.5,DA-BALS-EWMA-Decay,488,76.4344262295082,2.2540983606557377,21.311475409836063,0.0
327,1.0,0.0,0.5,DA-BALS-Stabilized,488,76.4344262295082,2.2540983606557377,21.311475409836063,0.0
327,1.0,0.0,1.0,DA-BALS-EWMA,488,75.40983606557377,2.8688524590163933,21.721311475409834,0.0
327,1.0,0.0,1.0,DA-BALS-EWMA-Cap,488,75.40983606557377,2.8688524590163933,21.721311475409834,0.0
327,1.0,0.0,1.0,DA-BALS-EWMA-Decay,488,75.20491803278688,3.0737704918032787,21.721311475409834,0.0
327,1.0,0.0,1.0,DA-BALS-Stabilized,488,75.20491803278688,3.0737704918032787,21.721311475409834,0.0
327,1.0,10.0,0.0,DA-BALS-EWMA,488,77.45901639344262,1.639344262295082,20.901639344262296,0.0
327,1.0,10.0,0.0,DA-BALS-EWMA-Cap,488,77.45901639344262,1.639344262295082,20.901639344262296,0.0
327,1.0,10.0,0.0,DA-BALS-EWMA-Decay,488,77.45901639344262,1.639344262295082,20.901639344262296,0.0
327,1.0,10.0,0.0,DA-BALS-Stabilized,488,77.45901639344262,1.639344262295082,20.901639344262296,0.0
327,1.0,10.0,0.5,DA-BALS-EWMA,488,76.22950819672131,2.459016393442623,21.311475409836063,0.0
327,1.0,10.0,0.5,DA-BALS-EWMA-Cap,488,76.22950819672131,2.459016393442623,21.311475409836063,0.0
327,1.0,10.0,0.5,DA-BALS-EWMA-Decay,488,76.02459016393442,2.663934426229508,21.311475409836063,0.0
327,1.0,10.0,0.5,DA-BALS-Stabilized,488,76.02459016393442,2.663934426229508,21.311475409836063,0.0
327,1.0,10.0,1.0,DA-BALS-EWMA,488,75.0,3.483606557377049,21.51639344262295,0.0
327,1.0,10.0,1.0,DA-BALS-EWMA-Cap,488,75.0,3.483606557377049,21.51639344262295,0.0
327,1.0,10.0,1.0,DA-BALS-EWMA-Decay,488,74.79508196721312,3.6885245901639343,21.51639344262295,0.0
327,1.0,10.0,1.0,DA-BALS-Stabilized,488,74.79508196721312,3.6885245901639343,21.51639344262295,0.0
327,1.0,50.0,0.0,DA-BALS-EWMA,488,77.45901639344262,1.639344262295082,20.901639344262296,0.0
327,1.0,50.0,0.0,DA-BALS-EWMA-Cap,488,77.45901639344262,1.639344262295082,20.901639344262296,0.0
327,1.0,50.0,0.0,DA-BALS-EWMA-Decay,488,77.45901639344262,1.639344262295082,20.901639344262296,0.0
327,1.0,50.0,0.0,DA-BALS-Stabilized,488,77.45901639344262,1.639344262295082,20.901639344262296,0.0
327,1.0,50.0,0.5,DA-BALS-EWMA,488,76.22950819672131,2.459016393442623,21.311475409836063,0.0
327,1.0,50.0,0.5,DA-BALS-EWMA-Cap,488,76.22950819672131,2.459016393442623,21.311475409836063,0.0
327,1.0,50.0,0.5,DA-BALS-EWMA-Decay,488,76.02459016393442,2.663934426229508,21.311475409836063,0.0
327,1.0,50.0,0.5,DA-BALS-Stabilized,488,76.02459016393442,2.663934426229508,21.311475409836063,0.0
327,1.0,50.0,1.0,DA-BALS-EWMA,488,75.0,3.483606557377049,21.51639344262295,0.0
327,1.0,50.0,1.0,DA-BALS-EWMA-Cap,488,75.0,3.483606557377049,21.51639344262295,0.0
327,1.0,50.0,1.0,DA-BALS-EWMA-Decay,488,74.79508196721312,3.6885245901639343,21.51639344262295,0.0
327,1.0,50.0,1.0,DA-BALS-Stabilized,488,74.79508196721312,3.6885245901639343,21.51639344262295,0.0
327,1.2,0.0,0.0,DA-BALS-EWMA,552,75.90579710144928,0.9057971014492754,23.18840579710145,0.0
327,1.2,0.0,0.0,DA-BALS-EWMA-Cap,552,75.90579710144928,0.9057971014492754,23.18840579710145,0.0
327,1.2,0.0,0.0,DA-BALS-EWMA-Decay,552,75.72463768115942,0.9057971014492754,23.369565217391305,0.0
327,1.2,0.0,0.0,DA-BALS-Stabilized,552,75.72463768115942,0.9057971014492754,23.369565217391305,0.0
327,1.2,0.0,0.5,DA-BALS-EWMA,552,74.63768115942028,1.9927536231884055,23.369565217391305,0.0
327,1.2,0.0,0.5,DA-BALS-EWMA-Cap,552,74.63768115942028,1.9927536231884055,23.369565217391305,0.0
327,1.2,0.0,0.5,DA-BALS-EWMA-Decay,552,74.63768115942028,1.9927536231884055,23.369565217391305,0.0
327,1.2,0.0,0.5,DA-BALS-Stabilized,552,74.63768115942028,1.9927536231884055,23.369565217391305,0.0
327,1.2,0.0,1.0,DA-BALS-EWMA,552,72.82608695652173,3.260869565217391,23.91304347826087,0.0
327,1.2,0.0,1.0,DA-BALS-EWMA-Cap,552,72.82608695652173,3.260869565217391,23.91304347826087,0.0
327,1.2,0.0,1.0,DA-BALS-EWMA-Decay,552,73.0072463768116,3.260869565217391,23.731884057971016,0.0
327,1.2,0.0,1.0,DA-BALS-Stabilized,552,73.0072463768116,3.260869565217391,23.731884057971016,0.0
327,1.2,10.0,0.0,DA-BALS-EWMA,552,75.90579710144928,0.9057971014492754,23.18840579710145,0.0
327,1.2,10.0,0.0,DA-BALS-EWMA-Cap,552,75.90579710144928,0.9057971014492754,23.18840579710145,0.0
327,1.2,10.0,0.0,DA-BALS-EWMA-Decay,552,75.72463768115942,0.9057971014492754,23.369565217391305,0.0
327,1.2,10.0,0.0,DA-BALS-Stabilized,552,75.72463768115942,0.9057971014492754,23.369565217391305,0.0
327,1.2,10.0,0.5,DA-BALS-EWMA,552,74.63768115942028,1.9927536231884055,23.369565217391305,0.0
327,1.2,10.0,0.5,DA-BALS-EWMA-Cap,552,74.63768115942028,1.9927536231884055,23.369565217391305,0.0
327,1.2,10.0,0.5,DA-BALS-EWMA-Decay,552,74.63768115942028,1.9927536231884055,23.369565217391305,0.0
327,1.2,10.0,0.5,DA-BALS-Stabilized,552,74.63768115942028,1.9927536231884055,23.369565217391305,0.0
327,1.2,10.0,1.0,DA-BALS-EWMA,552,72.82608695652173,3.260869565217391,23.91304347826087,0.0
327,1.2,10.0,1.0,DA-BALS-EWMA-Cap,552,72.82608695652173,3.260869565217391,23.91304347826087,0.0
327,1.2,10.0,1.0,DA-BALS-EWMA-Decay,552,73.0072463768116,3.260869565217391,23.731884057971016,0.0
327,1.2,10.0,1.0,DA-BALS-Stabilized,552,73.0072463768116,3.260869565217391,23.731884057971016,0.0
327,1.2,50.0,0.0,DA-BALS-EWMA,552,75.90579710144928,0.9057971014492754,23.18840579710145,0.0
327,1.2,50.0,0.0,DA-BALS-EWMA-Cap,552,75.90579710144928,0.9057971014492754,23.18840579710145,0.0
327,1.2,50.0,0.0,DA-BALS-EWMA-Decay,552,75.72463768115942,0.9057971014492754,23.369565217391305,0.0
327,1.2,50.0,0.0,DA-BALS-Stabilized,552,75.72463768115942,0.9057971014492754,23.369565217391305,0.0
327,1.2,50.0,0.5,DA-BALS-EWMA,552,74.63768115942028,1.9927536231884055,23.369565217391305,0.0
327,1.2,50.0,0.5,DA-BALS-EWMA-Cap,552,74.63768115942028,1.9927536231884055,23.369565217391305,0.0
327,1.2,50.0,0.5,DA-BALS-EWMA-Decay,552,74.63768115942028,1.9927536231884055,23.369565217391305,0.0
327,1.2,50.0,0.5,DA-BALS-Stabilized,552,74.63768115942028,1.9927536231884055,23.369565217391305,0.0
327,1.2,50.0,1.0,DA-BALS-EWMA,552,72.82608695652173,3.4420289855072466,23.731884057971016,0.0
327,1.2,50.0,1.0,DA-BALS-EWMA-Cap,552,72.82608695652173,3.4420289855072466,23.731884057971016,0.0
327,1.2,50.0,1.0,DA-BALS-EWMA-Decay,552,73.0072463768116,3.4420289855072466,23.55072463768116,0.0
327,1.2,50.0,1.0,DA-BALS-Stabilized,552,73.0072463768116,3.4420289855072466,23.55072463768116,0.0
328,0.2,0.0,0.0,DA-BALS-EWMA,93,98.9247311827957,0.0,1.0752688172043012,0.0
328,0.2,0.0,0.0,DA-BALS-EWMA-Cap,93,98.9247311827957,0.0,1.0752688172043012,0.0
328,0.2,0.0,0.0,DA-BALS-EWMA-Decay,93,98.9247311827957,0.0,1.0752688172043012,0.0
328,0.2,0.0,0.0,DA-BALS-Stabilized,93,98.9247311827957,0.0,1.0752688172043012,0.0
328,0.2,0.0,0.5,DA-BALS-EWMA,93,96.7741935483871,2.1505376344086025,1.0752688172043012,0.0
328,0.2,0.0,0.5,DA-BALS-EWMA-Cap,93,96.7741935483871,2.1505376344086025,1.0752688172043012,0.0
328,0.2,0.0,0.5,DA-BALS-EWMA-Decay,93,96.7741935483871,2.1505376344086025,1.0752688172043012,0.0
328,0.2,0.0,0.5,DA-BALS-Stabilized,93,96.7741935483871,2.1505376344086025,1.0752688172043012,0.0
328,0.2,0.0,1.0,DA-BALS-EWMA,93,94.6236559139785,2.1505376344086025,3.225806451612903,0.0
328,0.2,0.0,1.0,DA-BALS-EWMA-Cap,93,94.6236559139785,2.1505376344086025,3.225806451612903,0.0
328,0.2,0.0,1.0,DA-BALS-EWMA-Decay,93,94.6236559139785,2.1505376344086025,3.225806451612903,0.0
328,0.2,0.0,1.0,DA-BALS-Stabilized,93,94.6236559139785,2.1505376344086025,3.225806451612903,0.0
328,0.2,10.0,0.0,DA-BALS-EWMA,93,98.9247311827957,0.0,1.0752688172043012,0.0
328,0.2,10.0,0.0,DA-BALS-EWMA-Cap,93,98.9247311827957,0.0,1.0752688172043012,0.0
328,0.2,10.0,0.0,DA-BALS-EWMA-Decay,93,98.9247311827957,0.0,1.0752688172043012,0.0
328,0.2,10.0,0.0,DA-BALS-Stabilized,93,98.9247311827957,0.0,1.0752688172043012,0.0
328,0.2,10.0,0.5,DA-BALS-EWMA,93,96.7741935483871,2.1505376344086025,1.0752688172043012,0.0
328,0.2,10.0,0.5,DA-BALS-EWMA-Cap,93,96.7741935483871,2.1505376344086025,1.0752688172043012,0.0
328,0.2,10.0,0.5,DA-BALS-EWMA-Decay,93,96.7741935483871,2.1505376344086025,1.0752688172043012,0.0
328,0.2,10.0,0.5,DA-BALS-Stabilized,93,96.7741935483871,2.1505376344086025,1.0752688172043012,0.0
328,0.2,10.0,1.0,DA-BALS-EWMA,93,94.6236559139785,2.1505376344086025,3.225806451612903,0.0
328,0.2,10.0,1.0,DA-BALS-EWMA-Cap,93,94.6236559139785,2.1505376344086025,3.225806451612903,0.0
328,0.2,10.0,1.0,DA-BALS-EWMA-Decay,93,94.6236559139785,3.225806451612903,2.1505376344086025,0.0
328,0.2,10.0,1.0,DA-BALS-Stabilized,93,94.6236559139785,3.225806451612903,2.1505376344086025,0.0
328,0.2,50.0,0.0,DA-BALS-EWMA,93,98.9247311827957,0.0,1.0752688172043012,0.0
328,0.2,50.0,0.0,DA-BALS-EWMA-Cap,93,98.9247311827957,0.0,1.0752688172043012,0.0
328,0.2,50.0,0.0,DA-BALS-EWMA-Decay,93,98.9247311827957,0.0,1.0752688172043012,0.0
328,0.2,50.0,0.0,DA-BALS-Stabilized,93,98.9247311827957,0.0,1.0752688172043012,0.0
328,0.2,50.0,0.5,DA-BALS-EWMA,93,96.7741935483871,2.1505376344086025,1.0752688172043012,0.0
328,0.2,50.0,0.5,DA-BALS-EWMA-Cap,93,96.7741935483871,2.1505376344086025,1.0752688172043012,0.0
328,0.2,50.0,0.5,DA-BALS-EWMA-Decay,93,96.7741935483871,2.1505376344086025,1.0752688172043012,0.0
328,0.2,50.0,0.5,DA-BALS-Stabilized,93,96.7741935483871,2.1505376344086025,1.0752688172043012,0.0
328,0.2,50.0,1.0,DA-BALS-EWMA,93,94.6236559139785,3.225806451612903,2.1505376344086025,0.0
328,0.2,50.0,1.0,DA-BALS-EWMA-Cap,93,94.6236559139785,3.225806451612903,2.1505376344086025,0.0
328,0.2,50.0,1.0,DA-BALS-EWMA-Decay,93,94.6236559139785,3.225806451612903,2.1505376344086025,0.0
328,0.2,50.0,1.0,DA-BALS-Stabilized,93,94.6236559139785,3.225806451612903,2.1505376344086025,0.0
328,0.4,0.0,0.0,DA-BALS-EWMA,213,95.77464788732394,0.0,4.225352112676056,0.0
328,0.4,0.0,0.0,DA-BALS-EWMA-Cap,213,95.77464788732394,0.0,4.225352112676056,0.0
328,0.4,0.0,0.0,DA-BALS-EWMA-Decay,213,95.77464788732394,0.0,4.225352112676056,0.0
328,0.4,0.0,0.0,DA-BALS-Stabilized,213,95.77464788732394,0.0,4.225352112676056,0.0
328,0.4,0.0,0.5,DA-BALS-EWMA,213,93.89671361502347,1.8779342723004695,4.225352112676056,0.0
328,0.4,0.0,0.5,DA-BALS-EWMA-Cap,213,93.89671361502347,1.8779342723004695,4.225352112676056,0.0
328,0.4,0.0,0.5,DA-BALS-EWMA-Decay,213,93.89671361502347,1.8779342723004695,4.225352112676056,0.0
328,0.4,0.0,0.5,DA-BALS-Stabilized,213,93.89671361502347,1.8779342723004695,4.225352112676056,0.0
328,0.4,0.0,1.0,DA-BALS-EWMA,213,90.61032863849765,5.164319248826291,4.225352112676056,0.0
328,0.4,0.0,1.0,DA-BALS-EWMA-Cap,213,90.61032863849765,5.164319248826291,4.225352112676056,0.0
328,0.4,0.0,1.0,DA-BALS-EWMA-Decay,213,90.61032863849765,5.164319248826291,4.225352112676056,0.0
328,0.4,0.0,1.0,DA-BALS-Stabilized,213,90.61032863849765,5.164319248826291,4.225352112676056,0.0
328,0.4,10.0,0.0,DA-BALS-EWMA,213,95.77464788732394,0.0,4.225352112676056,0.0
328,0.4,10.0,0.0,DA-BALS-EWMA-Cap,213,95.77464788732394,0.0,4.225352112676056,0.0
328,0.4,10.0,0.0,DA-BALS-EWMA-Decay,213,95.77464788732394,0.0,4.225352112676056,0.0
328,0.4,10.0,0.0,DA-BALS-Stabilized,213,95.77464788732394,0.0,4.225352112676056,0.0
328,0.4,10.0,0.5,DA-BALS-EWMA,213,93.89671361502347,1.8779342723004695,4.225352112676056,0.0
328,0.4,10.0,0.5,DA-BALS-EWMA-Cap,213,93.89671361502347,1.8779342723004695,4.225352112676056,0.0
328,0.4,10.0,0.5,DA-BALS-EWMA-Decay,213,93.89671361502347,1.8779342723004695,4.225352112676056,0.0
328,0.4,10.0,0.5,DA-BALS-Stabilized,213,93.89671361502347,1.8779342723004695,4.225352112676056,0.0
328,0.4,10.0,1.0,DA-BALS-EWMA,213,90.61032863849765,5.164319248826291,4.225352112676056,0.0
328,0.4,10.0,1.0,DA-BALS-EWMA-Cap,213,90.61032863849765,5.164319248826291,4.225352112676056,0.0
328,0.4,10.0,1.0,DA-BALS-EWMA-Decay,213,90.61032863849765,5.164319248826291,4.225352112676056,0.0
328,0.4,10.0,1.0,DA-BALS-Stabilized,213,90.61032863849765,5.164319248826291,4.225352112676056,0.0
328,0.4,50.0,0.0,DA-BALS-EWMA,213,95.77464788732394,0.0,4.225352112676056,0.0
328,0.4,50.0,0.0,DA-BALS-EWMA-Cap,213,95.77464788732394,0.0,4.225352112676056,0.0
328,0.4,50.0,0.0,DA-BALS-EWMA-Decay,213,95.77464788732394,0.0,4.225352112676056,0.0
328,0.4,50.0,0.0,DA-BALS-Stabilized,213,95.77464788732394,0.0,4.225352112676056,0.0
328,0.4,50.0,0.5,DA-BALS-EWMA,213,93.89671361502347,1.8779342723004695,4.225352112676056,0.0
328,0.4,50.0,0.5,DA-BALS-EWMA-Cap,213,93.89671361502347,1.8779342723004695,4.225352112676056,0.0
328,0.4,50.0,0.5,DA-BALS-EWMA-Decay,213,93.89671361502347,1.8779342723004695,4.225352112676056,0.0
328,0.4,50.0,0.5,DA-BALS-Stabilized,213,93.89671361502347,1.8779342723004695,4.225352112676056,0.0
328,0.4,50.0,1.0,DA-BALS-EWMA,213,90.61032863849765,5.164319248826291,4.225352112676056,0.0
328,0.4,50.0,1.0,DA-BALS-EWMA-Cap,213,90.61032863849765,5.164319248826291,4.225352112676056,0.0
328,0.4,50.0,1.0,DA-BALS-EWMA-Decay,213,90.61032863849765,5.164319248826291,4.225352112676056,0.0
328,0.4,50.0,1.0,DA-BALS-Stabilized,213,90.61032863849765,5.164319248826291,4.225352112676056,0.0
328,0.6,0.0,0.0,DA-BALS-EWMA,282,86.87943262411348,0.3546099290780142,12.76595744680851,0.0
328,0.6,0.0,0.0,DA-BALS-EWMA-Cap,282,86.87943262411348,0.3546099290780142,12.76595744680851,0.0
328,0.6,0.0,0.0,DA-BALS-EWMA-Decay,282,86.87943262411348,0.3546099290780142,12.76595744680851,0.0
328,0.6,0.0,0.0,DA-BALS-Stabilized,282,86.87943262411348,0.3546099290780142,12.76595744680851,0.0
328,0.6,0.0,0.5,DA-BALS-EWMA,282,85.46099290780141,1.773049645390071,12.76595744680851,0.0
328,0.6,0.0,0.5,DA-BALS-EWMA-Cap,282,85.46099290780141,1.773049645390071,12.76595744680851,0.0
328,0.6,0.0,0.5,DA-BALS-EWMA-Decay,282,85.46099290780141,1.773049645390071,12.76595744680851,0.0
328,0.6,0.0,0.5,DA-BALS-Stabilized,282,85.46099290780141,1.773049645390071,12.76595744680851,0.0
328,0.6,0.0,1.0,DA-BALS-EWMA,282,84.39716312056737,2.127659574468085,13.47517730496454,0.0
328,0.6,0.0,1.0,DA-BALS-EWMA-Cap,282,84.39716312056737,2.127659574468085,13.47517730496454,0.0
328,0.6,0.0,1.0,DA-BALS-EWMA-Decay,282,84.39716312056737,2.4822695035460995,13.120567375886525,0.0
328,0.6,0.0,1.0,DA-BALS-Stabilized,282,84.39716312056737,2.4822695035460995,13.120567375886525,0.0
328,0.6,10.0,0.0,DA-BALS-EWMA,282,86.87943262411348,0.3546099290780142,12.76595744680851,0.0
328,0.6,10.0,0.0,DA-BALS-EWMA-Cap,282,86.87943262411348,0.3546099290780142,12.76595744680851,0.0
328,0.6,10.0,0.0,DA-BALS-EWMA-Decay,282,86.87943262411348,0.3546099290780142,12.76595744680851,0.0
328,0.6,10.0,0.0,DA-BALS-Stabilized,282,86.87943262411348,0.3546099290780142,12.76595744680851,0.0
328,0.6,10.0,0.5,DA-BALS-EWMA,282,85.46099290780141,1.773049645390071,12.76595744680851,0.0
328,0.6,10.0,0.5,DA-BALS-EWMA-Cap,282,85.46099290780141,1.773049645390071,12.76595744680851,0.0
328,0.6,10.0,0.5,DA-BALS-EWMA-Decay,282,85.46099290780141,1.773049645390071,12.76595744680851,0.0
328,0.6,10.0,0.5,DA-BALS-Stabilized,282,85.46099290780141,1.773049645390071,12.76595744680851,0.0
328,0.6,10.0,1.0,DA-BALS-EWMA,282,84.39716312056737,2.127659574468085,13.47517730496454,0.0
328,0.6,10.0,1.0,DA-BALS-EWMA-Cap,282,84.39716312056737,2.127659574468085,13.47517730496454,0.0
328,0.6,10.0,1.0,DA-BALS-EWMA-Decay,282,84.39716312056737,2.4822695035460995,13.120567375886525,0.0
328,0.6,10.0,1.0,DA-BALS-Stabilized,282,84.39716312056737,2.4822695035460995,13.120567375886525,0.0
328,0.6,50.0,0.0,DA-BALS-EWMA,282,86.87943262411348,0.3546099290780142,12.76595744680851,0.0
328,0.6,50.0,0.0,DA-BALS-EWMA-Cap,282,86.87943262411348,0.3546099290780142,12.76595744680851,0.0
328,0.6,50.0,0.0,DA-BALS-EWMA-Decay,282,86.87943262411348,0.3546099290780142,12.76595744680851,0.0
328,0.6,50.0,0.0,DA-BALS-Stabilized,282,86.87943262411348,0.3546099290780142,12.76595744680851,0.0
328,0.6,50.0,0.5,DA-BALS-EWMA,282,85.46099290780141,1.773049645390071,12.76595744680851,0.0
328,0.6,50.0,0.5,DA-BALS-EWMA-Cap,282,85.46099290780141,1.773049645390071,12.76595744680851,0.0
328,0.6,50.0,0.5,DA-BALS-EWMA-Decay,282,85.46099290780141,1.773049645390071,12.76595744680851,0.0
328,0.6,50.0,0.5,DA-BALS-Stabilized,282,85.46099290780141,1.773049645390071,12.76595744680851,0.0
328,0.6,50.0,1.0,DA-BALS-EWMA,282,84.39716312056737,2.127659574468085,13.47517730496454,0.0
328,0.6,50.0,1.0,DA-BALS-EWMA-Cap,282,84.39716312056737,2.127659574468085,13.47517730496454,0.0
328,0.6,50.0,1.0,DA-BALS-EWMA-Decay,282,84.39716312056737,2.4822695035460995,13.120567375886525,0.0
328,0.6,50.0,1.0,DA-BALS-Stabilized,282,84.39716312056737,2.4822695035460995,13.120567375886525,0.0
328,0.8,0.0,0.0,DA-BALS-EWMA,393,87.02290076335878,0.0,12.977099236641221,0.0
328,0.8,0.0,0.0,DA-BALS-EWMA-Cap,393,87.02290076335878,0.0,12.977099236641221,0.0
328,0.8,0.0,0.0,DA-BALS-EWMA-Decay,393,87.02290076335878,0.0,12.977099236641221,0.0
328,0.8,0.0,0.0,DA-BALS-Stabilized,393,87.02290076335878,0.0,12.977099236641221,0.0
328,0.8,0.0,0.5,DA-BALS-EWMA,393,85.75063613231552,1.2722646310432568,12.977099236641221,0.0
328,0.8,0.0,0.5,DA-BALS-EWMA-Cap,393,85.75063613231552,1.2722646310432568,12.977099236641221,0.0
328,0.8,0.0,0.5,DA-BALS-EWMA-Decay,393,85.75063613231552,1.2722646310432568,12.977099236641221,0.0
328,0.8,0.0,0.5,DA-BALS-Stabilized,393,85.75063613231552,1.2722646310432568,12.977099236641221,0.0
328,0.8,0.0,1.0,DA-BALS-EWMA,393,82.1882951653944,2.7989821882951653,15.012722646310433,0.0
328,0.8,0.0,1.0,DA-BALS-EWMA-Cap,393,82.1882951653944,2.7989821882951653,15.012722646310433,0.0
328,0.8,0.0,1.0,DA-BALS-EWMA-Decay,393,82.69720101781171,2.7989821882951653,14.50381679389313,0.0
328,0.8,0.0,1.0,DA-BALS-Stabilized,393,82.69720101781171,2.7989821882951653,14.50381679389313,0.0
328,0.8,10.0,0.0,DA-BALS-EWMA,393,87.02290076335878,0.0,12.977099236641221,0.0
328,0.8,10.0,0.0,DA-BALS-EWMA-Cap,393,87.02290076335878,0.0,12.977099236641221,0.0
328,0.8,10.0,0.0,DA-BALS-EWMA-Decay,393,87.02290076335878,0.0,12.977099236641221,0.0
328,0.8,10.0,0.0,DA-BALS-Stabilized,393,87.02290076335878,0.0,12.977099236641221,0.0
328,0.8,10.0,0.5,DA-BALS-EWMA,393,85.75063613231552,1.2722646310432568,12.977099236641221,0.0
328,0.8,10.0,0.5,DA-BALS-EWMA-Cap,393,85.75063613231552,1.2722646310432568,12.977099236641221,0.0
328,0.8,10.0,0.5,DA-BALS-EWMA-Decay,393,85.75063613231552,1.2722646310432568,12.977099236641221,0.0
328,0.8,10.0,0.5,DA-BALS-Stabilized,393,85.75063613231552,1.2722646310432568,12.977099236641221,0.0
328,0.8,10.0,1.0,DA-BALS-EWMA,393,81.93384223918575,2.5445292620865136,15.521628498727736,0.0
328,0.8,10.0,1.0,DA-BALS-EWMA-Cap,393,81.93384223918575,2.5445292620865136,15.521628498727736,0.0
328,0.8,10.0,1.0,DA-BALS-EWMA-Decay,393,82.69720101781171,2.7989821882951653,14.50381679389313,0.0
328,0.8,10.0,1.0,DA-BALS-Stabilized,393,82.69720101781171,2.7989821882951653,14.50381679389313,0.0
328,0.8,50.0,0.0,DA-BALS-EWMA,393,87.02290076335878,0.0,12.977099236641221,0.0
328,0.8,50.0,0.0,DA-BALS-EWMA-Cap,393,87.02290076335878,0.0,12.977099236641221,0.0
328,0.8,50.0,0.0,DA-BALS-EWMA-Decay,393,87.02290076335878,0.0,12.977099236641221,0.0
328,0.8,50.0,0.0,DA-BALS-Stabilized,393,87.02290076335878,0.0,12.977099236641221,0.0
328,0.8,50.0,0.5,DA-BALS-EWMA,393,85.75063613231552,1.2722646310432568,12.977099236641221,0.0
328,0.8,50.0,0.5,DA-BALS-EWMA-Cap,393,85.75063613231552,1.2722646310432568,12.977099236641221,0.0
328,0.8,50.0,0.5,DA-BALS-EWMA-Decay,393,85.75063613231552,1.2722646310432568,12.977099236641221,0.0
328,0.8,50.0,0.5,DA-BALS-Stabilized,393,85.75063613231552,1.2722646310432568,12.977099236641221,0.0
328,0.8,50.0,1.0,DA-BALS-EWMA,393,81.42493638676844,3.307888040712468,15.267175572519085,0.0
328,0.8,50.0,1.0,DA-BALS-EWMA-Cap,393,81.42493638676844,3.307888040712468,15.267175572519085,0.0
328,0.8,50.0,1.0,DA-BALS-EWMA-Decay,393,82.44274809160305,3.307888040712468,14.249363867684478,0.0
328,0.8,50.0,1.0,DA-BALS-Stabilized,393,82.44274809160305,3.307888040712468,14.249363867684478,0.0
328,1.0,0.0,0.0,DA-BALS-EWMA,469,80.59701492537313,0.21321961620469082,19.189765458422176,0.0
328,1.0,0.0,0.0,DA-BALS-EWMA-Cap,469,80.59701492537313,0.21321961620469082,19.189765458422176,0.0
328,1.0,0.0,0.0,DA-BALS-EWMA-Decay,469,80.59701492537313,0.21321961620469082,19.189765458422176,0.0
328,1.0,0.0,0.0,DA-BALS-Stabilized,469,80.59701492537313,0.21321961620469082,19.189765458422176,0.0
328,1.0,0.0,0.5,DA-BALS-EWMA,469,79.74413646055437,0.6396588486140725,19.616204690831555,0.0
328,1.0,0.0,0.5,DA-BALS-EWMA-Cap,469,79.74413646055437,0.6396588486140725,19.616204690831555,0.0
328,1.0,0.0,0.5,DA-BALS-EWMA-Decay,469,79.74413646055437,0.8528784648187633,19.402985074626866,0.0
328,1.0,0.0,0.5,DA-BALS-Stabilized,469,79.74413646055437,0.8528784648187633,19.402985074626866,0.0
328,1.0,0.0,1.0,DA-BALS-EWMA,469,76.97228144989339,2.1321961620469083,20.8955223880597,0.0
328,1.0,0.0,1.0,DA-BALS-EWMA-Cap,469,76.97228144989339,2.1321961620469083,20.8955223880597,0.0
328,1.0,0.0,1.0,DA-BALS-EWMA-Decay,469,76.97228144989339,2.55863539445629,20.46908315565032,0.0
328,1.0,0.0,1.0,DA-BALS-Stabilized,469,76.97228144989339,2.55863539445629,20.46908315565032,0.0
328,1.0,10.0,0.0,DA-BALS-EWMA,469,80.59701492537313,0.21321961620469082,19.189765458422176,0.0
328,1.0,10.0,0.0,DA-BALS-EWMA-Cap,469,80.59701492537313,0.21321961620469082,19.189765458422176,0.0
328,1.0,10.0,0.0,DA-BALS-EWMA-Decay,469,80.59701492537313,0.21321961620469082,19.189765458422176,0.0
328,1.0,10.0,0.0,DA-BALS-Stabilized,469,80.59701492537313,0.21321961620469082,19.189765458422176,0.0
328,1.0,10.0,0.5,DA-BALS-EWMA,469,79.74413646055437,0.8528784648187633,19.402985074626866,0.0
328,1.0,10.0,0.5,DA-BALS-EWMA-Cap,469,79.74413646055437,0.8528784648187633,19.402985074626866,0.0
328,1.0,10.0,0.5,DA-BALS-EWMA-Decay,469,79.74413646055437,1.0660980810234542,19.189765458422176,0.0
328,1.0,10.0,0.5,DA-BALS-Stabilized,469,79.74413646055437,1.0660980810234542,19.189765458422176,0.0
328,1.0,10.0,1.0,DA-BALS-EWMA,469,76.97228144989339,2.771855010660981,20.255863539445627,0.0
328,1.0,10.0,1.0,DA-BALS-EWMA-Cap,469,76.97228144989339,2.771855010660981,20.255863539445627,0.0
328,1.0,10.0,1.0,DA-BALS-EWMA-Decay,469,76.97228144989339,2.771855010660981,20.255863539445627,0.0
328,1.0,10.0,1.0,DA-BALS-Stabilized,469,76.97228144989339,2.771855010660981,20.255863539445627,0.0
328,1.0,50.0,0.0,DA-BALS-EWMA,469,80.59701492537313,0.21321961620469082,19.189765458422176,0.0
328,1.0,50.0,0.0,DA-BALS-EWMA-Cap,469,80.59701492537313,0.21321961620469082,19.189765458422176,0.0
328,1.0,50.0,0.0,DA-BALS-EWMA-Decay,469,80.59701492537313,0.21321961620469082,19.189765458422176,0.0
328,1.0,50.0,0.0,DA-BALS-Stabilized,469,80.59701492537313,0.21321961620469082,19.189765458422176,0.0
328,1.0,50.0,0.5,DA-BALS-EWMA,469,79.74413646055437,0.8528784648187633,19.402985074626866,0.0
328,1.0,50.0,0.5,DA-BALS-EWMA-Cap,469,79.74413646055437,0.8528784648187633,19.402985074626866,0.0
328,1.0,50.0,0.5,DA-BALS-EWMA-Decay,469,79.74413646055437,1.0660980810234542,19.189765458422176,0.0
328,1.0,50.0,0.5,DA-BALS-Stabilized,469,79.74413646055437,1.0660980810234542,19.189765458422176,0.0
328,1.0,50.0,1.0,DA-BALS-EWMA,469,76.97228144989339,2.771855010660981,20.255863539445627,0.0
328,1.0,50.0,1.0,DA-BALS-EWMA-Cap,469,76.97228144989339,2.771855010660981,20.255863539445627,0.0
328,1.0,50.0,1.0,DA-BALS-EWMA-Decay,469,76.97228144989339,2.9850746268656714,20.042643923240938,0.0
328,1.0,50.0,1.0,DA-BALS-Stabilized,469,76.97228144989339,2.9850746268656714,20.042643923240938,0.0
328,1.2,0.0,0.0,DA-BALS-EWMA,603,73.13432835820896,0.8291873963515755,26.036484245439468,0.0
328,1.2,0.0,0.0,DA-BALS-EWMA-Cap,603,73.13432835820896,0.8291873963515755,26.036484245439468,0.0
328,1.2,0.0,0.0,DA-BALS-EWMA-Decay,603,73.13432835820896,0.8291873963515755,26.036484245439468,0.0
328,1.2,0.0,0.0,DA-BALS-Stabilized,603,73.13432835820896,0.8291873963515755,26.036484245439468,0.0
328,1.2,0.0,0.5,DA-BALS-EWMA,603,71.4759535655058,2.155887230514096,26.368159203980102,0.0
328,1.2,0.0,0.5,DA-BALS-EWMA-Cap,603,71.4759535655058,2.155887230514096,26.368159203980102,0.0
328,1.2,0.0,0.5,DA-BALS-EWMA-Decay,603,71.31011608623548,2.4875621890547266,26.202321724709783,0.0
328,1.2,0.0,0.5,DA-BALS-Stabilized,603,71.31011608623548,2.4875621890547266,26.202321724709783,0.0
328,1.2,0.0,1.0,DA-BALS-EWMA,603,69.48590381426202,3.6484245439469323,26.865671641791046,0.0
328,1.2,0.0,1.0,DA-BALS-EWMA-Cap,603,69.48590381426202,3.6484245439469323,26.865671641791046,0.0
328,1.2,0.0,1.0,DA-BALS-EWMA-Decay,603,69.48590381426202,3.814262023217247,26.69983416252073,0.0
328,1.2,0.0,1.0,DA-BALS-Stabilized,603,69.48590381426202,3.814262023217247,26.69983416252073,0.0
328,1.2,10.0,0.0,DA-BALS-EWMA,603,73.13432835820896,0.8291873963515755,26.036484245439468,0.0
328,1.2,10.0,0.0,DA-BALS-EWMA-Cap,603,73.13432835820896,0.8291873963515755,26.036484245439468,0.0
328,1.2,10.0,0.0,DA-BALS-EWMA-Decay,603,73.13432835820896,0.8291873963515755,26.036484245439468,0.0
328,1.2,10.0,0.0,DA-BALS-Stabilized,603,73.13432835820896,0.8291873963515755,26.036484245439468,0.0
328,1.2,10.0,0.5,DA-BALS-EWMA,603,71.4759535655058,2.155887230514096,26.368159203980102,0.0
328,1.2,10.0,0.5,DA-BALS-EWMA-Cap,603,71.4759535655058,2.155887230514096,26.368159203980102,0.0
328,1.2,10.0,0.5,DA-BALS-EWMA-Decay,603,71.31011608623548,2.4875621890547266,26.202321724709783,0.0
328,1.2,10.0,0.5,DA-BALS-Stabilized,603,71.31011608623548,2.4875621890547266,26.202321724709783,0.0
328,1.2,10.0,1.0,DA-BALS-EWMA,603,69.48590381426202,3.814262023217247,26.69983416252073,0.0
328,1.2,10.0,1.0,DA-BALS-EWMA-Cap,603,69.48590381426202,3.814262023217247,26.69983416252073,0.0
328,1.2,10.0,1.0,DA-BALS-EWMA-Decay,603,69.48590381426202,3.9800995024875623,26.533996683250415,0.0
328,1.2,10.0,1.0,DA-BALS-Stabilized,603,69.48590381426202,3.9800995024875623,26.533996683250415,0.0
328,1.2,50.0,0.0,DA-BALS-EWMA,603,73.13432835820896,0.8291873963515755,26.036484245439468,0.0
328,1.2,50.0,0.0,DA-BALS-EWMA-Cap,603,73.13432835820896,0.8291873963515755,26.036484245439468,0.0
328,1.2,50.0,0.0,DA-BALS-EWMA-Decay,603,73.13432835820896,0.8291873963515755,26.036484245439468,0.0
328,1.2,50.0,0.0,DA-BALS-Stabilized,603,73.13432835820896,0.8291873963515755,26.036484245439468,0.0
328,1.2,50.0,0.5,DA-BALS-EWMA,603,71.4759535655058,2.155887230514096,26.368159203980102,0.0
328,1.2,50.0,0.5,DA-BALS-EWMA-Cap,603,71.4759535655058,2.155887230514096,26.368159203980102,0.0
328,1.2,50.0,0.5,DA-BALS-EWMA-Decay,603,71.31011608623548,2.4875621890547266,26.202321724709783,0.0
328,1.2,50.0,0.5,DA-BALS-Stabilized,603,71.31011608623548,2.4875621890547266,26.202321724709783,0.0
328,1.2,50.0,1.0,DA-BALS-EWMA,603,69.48590381426202,3.9800995024875623,26.533996683250415,0.0
328,1.2,50.0,1.0,DA-BALS-EWMA-Cap,603,69.48590381426202,3.9800995024875623,26.533996683250415,0.0
328,1.2,50.0,1.0,DA-BALS-EWMA-Decay,603,69.48590381426202,4.1459369817578775,26.368159203980102,0.0
328,1.2,50.0,1.0,DA-BALS-Stabilized,603,69.48590381426202,4.1459369817578775,26.368159203980102,0.0
329,0.2,0.0,0.0,DA-BALS-EWMA,116,95.6896551724138,0.8620689655172413,3.4482758620689653,0.0
329,0.2,0.0,0.0,DA-BALS-EWMA-Cap,116,95.6896551724138,0.8620689655172413,3.4482758620689653,0.0
329,0.2,0.0,0.0,DA-BALS-EWMA-Decay,116,95.6896551724138,0.8620689655172413,3.4482758620689653,0.0
329,0.2,0.0,0.0,DA-BALS-Stabilized,116,95.6896551724138,0.8620689655172413,3.4482758620689653,0.0
329,0.2,0.0,0.5,DA-BALS-EWMA,116,94.82758620689656,1.7241379310344827,3.4482758620689653,0.0
329,0.2,0.0,0.5,DA-BALS-EWMA-Cap,116,94.82758620689656,1.7241379310344827,3.4482758620689653,0.0
329,0.2,0.0,0.5,DA-BALS-EWMA-Decay,116,94.82758620689656,1.7241379310344827,3.4482758620689653,0.0
329,0.2,0.0,0.5,DA-BALS-Stabilized,116,94.82758620689656,1.7241379310344827,3.4482758620689653,0.0
329,0.2,0.0,1.0,DA-BALS-EWMA,116,92.24137931034483,4.310344827586207,3.4482758620689653,0.0
329,0.2,0.0,1.0,DA-BALS-EWMA-Cap,116,92.24137931034483,4.310344827586207,3.4482758620689653,0.0
329,0.2,0.0,1.0,DA-BALS-EWMA-Decay,116,91.37931034482759,5.172413793103448,3.4482758620689653,0.0
329,0.2,0.0,1.0,DA-BALS-Stabilized,116,91.37931034482759,5.172413793103448,3.4482758620689653,0.0
329,0.2,10.0,0.0,DA-BALS-EWMA,116,95.6896551724138,0.8620689655172413,3.4482758620689653,0.0
329,0.2,10.0,0.0,DA-BALS-EWMA-Cap,116,95.6896551724138,0.8620689655172413,3.4482758620689653,0.0
329,0.2,10.0,0.0,DA-BALS-EWMA-Decay,116,95.6896551724138,0.8620689655172413,3.4482758620689653,0.0
329,0.2,10.0,0.0,DA-BALS-Stabilized,116,95.6896551724138,0.8620689655172413,3.4482758620689653,0.0
329,0.2,10.0,0.5,DA-BALS-EWMA,116,94.82758620689656,1.7241379310344827,3.4482758620689653,0.0
329,0.2,10.0,0.5,DA-BALS-EWMA-Cap,116,94.82758620689656,1.7241379310344827,3.4482758620689653,0.0
329,0.2,10.0,0.5,DA-BALS-EWMA-Decay,116,94.82758620689656,1.7241379310344827,3.4482758620689653,0.0
329,0.2,10.0,0.5,DA-BALS-Stabilized,116,94.82758620689656,1.7241379310344827,3.4482758620689653,0.0
329,0.2,10.0,1.0,DA-BALS-EWMA,116,92.24137931034483,4.310344827586207,3.4482758620689653,0.0
329,0.2,10.0,1.0,DA-BALS-EWMA-Cap,116,92.24137931034483,4.310344827586207,3.4482758620689653,0.0
329,0.2,10.0,1.0,DA-BALS-EWMA-Decay,116,91.37931034482759,5.172413793103448,3.4482758620689653,0.0
329,0.2,10.0,1.0,DA-BALS-Stabilized,116,91.37931034482759,5.172413793103448,3.4482758620689653,0.0
329,0.2,50.0,0.0,DA-BALS-EWMA,116,95.6896551724138,0.8620689655172413,3.4482758620689653,0.0
329,0.2,50.0,0.0,DA-BALS-EWMA-Cap,116,95.6896551724138,0.8620689655172413,3.4482758620689653,0.0
329,0.2,50.0,0.0,DA-BALS-EWMA-Decay,116,95.6896551724138,0.8620689655172413,3.4482758620689653,0.0
329,0.2,50.0,0.0,DA-BALS-Stabilized,116,95.6896551724138,0.8620689655172413,3.4482758620689653,0.0
329,0.2,50.0,0.5,DA-BALS-EWMA,116,94.82758620689656,1.7241379310344827,3.4482758620689653,0.0
329,0.2,50.0,0.5,DA-BALS-EWMA-Cap,116,94.82758620689656,1.7241379310344827,3.4482758620689653,0.0
329,0.2,50.0,0.5,DA-BALS-EWMA-Decay,116,94.82758620689656,1.7241379310344827,3.4482758620689653,0.0
329,0.2,50.0,0.5,DA-BALS-Stabilized,116,94.82758620689656,1.7241379310344827,3.4482758620689653,0.0
329,0.2,50.0,1.0,DA-BALS-EWMA,116,92.24137931034483,4.310344827586207,3.4482758620689653,0.0
329,0.2,50.0,1.0,DA-BALS-EWMA-Cap,116,92.24137931034483,4.310344827586207,3.4482758620689653,0.0
329,0.2,50.0,1.0,DA-BALS-EWMA-Decay,116,91.37931034482759,5.172413793103448,3.4482758620689653,0.0
329,0.2,50.0,1.0,DA-BALS-Stabilized,116,91.37931034482759,5.172413793103448,3.4482758620689653,0.0
329,0.4,0.0,0.0,DA-BALS-EWMA,207,93.23671497584542,0.0,6.763285024154589,0.0
329,0.4,0.0,0.0,DA-BALS-EWMA-Cap,207,93.23671497584542,0.0,6.763285024154589,0.0
329,0.4,0.0,0.0,DA-BALS-EWMA-Decay,207,93.23671497584542,0.0,6.763285024154589,0.0
329,0.4,0.0,0.0,DA-BALS-Stabilized,207,93.23671497584542,0.0,6.763285024154589,0.0
329,0.4,0.0,0.5,DA-BALS-EWMA,207,92.27053140096618,0.4830917874396135,7.246376811594203,0.0
329,0.4,0.0,0.5,DA-BALS-EWMA-Cap,207,92.27053140096618,0.4830917874396135,7.246376811594203,0.0
329,0.4,0.0,0.5,DA-BALS-EWMA-Decay,207,92.27053140096618,0.4830917874396135,7.246376811594203,0.0
329,0.4,0.0,0.5,DA-BALS-Stabilized,207,92.27053140096618,0.4830917874396135,7.246376811594203,0.0
329,0.4,0.0,1.0,DA-BALS-EWMA,207,87.43961352657004,4.3478260869565215,8.212560386473431,0.0
329,0.4,0.0,1.0,DA-BALS-EWMA-Cap,207,87.43961352657004,4.3478260869565215,8.212560386473431,0.0
329,0.4,0.0,1.0,DA-BALS-EWMA-Decay,207,87.43961352657004,4.830917874396135,7.729468599033816,0.0
329,0.4,0.0,1.0,DA-BALS-Stabilized,207,87.43961352657004,4.830917874396135,7.729468599033816,0.0
329,0.4,10.0,0.0,DA-BALS-EWMA,207,93.23671497584542,0.0,6.763285024154589,0.0
329,0.4,10.0,0.0,DA-BALS-EWMA-Cap,207,93.23671497584542,0.0,6.763285024154589,0.0
329,0.4,10.0,0.0,DA-BALS-EWMA-Decay,207,93.23671497584542,0.0,6.763285024154589,0.0
329,0.4,10.0,0.0,DA-BALS-Stabilized,207,93.23671497584542,0.0,6.763285024154589,0.0
329,0.4,10.0,0.5,DA-BALS-EWMA,207,92.27053140096618,0.4830917874396135,7.246376811594203,0.0
329,0.4,10.0,0.5,DA-BALS-EWMA-Cap,207,92.27053140096618,0.4830917874396135,7.246376811594203,0.0
329,0.4,10.0,0.5,DA-BALS-EWMA-Decay,207,92.27053140096618,0.4830917874396135,7.246376811594203,0.0
329,0.4,10.0,0.5,DA-BALS-Stabilized,207,92.27053140096618,0.4830917874396135,7.246376811594203,0.0
329,0.4,10.0,1.0,DA-BALS-EWMA,207,87.43961352657004,4.3478260869565215,8.212560386473431,0.0
329,0.4,10.0,1.0,DA-BALS-EWMA-Cap,207,87.43961352657004,4.3478260869565215,8.212560386473431,0.0
329,0.4,10.0,1.0,DA-BALS-EWMA-Decay,207,87.43961352657004,4.830917874396135,7.729468599033816,0.0
329,0.4,10.0,1.0,DA-BALS-Stabilized,207,87.43961352657004,4.830917874396135,7.729468599033816,0.0
329,0.4,50.0,0.0,DA-BALS-EWMA,207,93.23671497584542,0.0,6.763285024154589,0.0
329,0.4,50.0,0.0,DA-BALS-EWMA-Cap,207,93.23671497584542,0.0,6.763285024154589,0.0
329,0.4,50.0,0.0,DA-BALS-EWMA-Decay,207,93.23671497584542,0.0,6.763285024154589,0.0
329,0.4,50.0,0.0,DA-BALS-Stabilized,207,93.23671497584542,0.0,6.763285024154589,0.0
329,0.4,50.0,0.5,DA-BALS-EWMA,207,92.27053140096618,0.4830917874396135,7.246376811594203,0.0
329,0.4,50.0,0.5,DA-BALS-EWMA-Cap,207,92.27053140096618,0.4830917874396135,7.246376811594203,0.0
329,0.4,50.0,0.5,DA-BALS-EWMA-Decay,207,92.27053140096618,0.4830917874396135,7.246376811594203,0.0
329,0.4,50.0,0.5,DA-BALS-Stabilized,207,92.27053140096618,0.4830917874396135,7.246376811594203,0.0
329,0.4,50.0,1.0,DA-BALS-EWMA,207,87.43961352657004,4.830917874396135,7.729468599033816,0.0
329,0.4,50.0,1.0,DA-BALS-EWMA-Cap,207,87.43961352657004,4.830917874396135,7.729468599033816,0.0
329,0.4,50.0,1.0,DA-BALS-EWMA-Decay,207,87.43961352657004,4.830917874396135,7.729468599033816,0.0
329,0.4,50.0,1.0,DA-BALS-Stabilized,207,87.43961352657004,4.830917874396135,7.729468599033816,0.0
329,0.6,0.0,0.0,DA-BALS-EWMA,308,88.96103896103897,0.6493506493506493,10.38961038961039,0.0
329,0.6,0.0,0.0,DA-BALS-EWMA-Cap,308,88.96103896103897,0.6493506493506493,10.38961038961039,0.0
329,0.6,0.0,0.0,DA-BALS-EWMA-Decay,308,88.96103896103897,0.6493506493506493,10.38961038961039,0.0
329,0.6,0.0,0.0,DA-BALS-Stabilized,308,88.96103896103897,0.6493506493506493,10.38961038961039,0.0
329,0.6,0.0,0.5,DA-BALS-EWMA,308,88.63636363636364,0.6493506493506493,10.714285714285714,0.0
329,0.6,0.0,0.5,DA-BALS-EWMA-Cap,308,88.63636363636364,0.6493506493506493,10.714285714285714,0.0
329,0.6,0.0,0.5,DA-BALS-EWMA-Decay,308,88.31168831168831,0.974025974025974,10.714285714285714,0.0
329,0.6,0.0,0.5,DA-BALS-Stabilized,308,88.31168831168831,0.974025974025974,10.714285714285714,0.0
329,0.6,0.0,1.0,DA-BALS-EWMA,308,87.01298701298701,1.948051948051948,11.03896103896104,0.0
329,0.6,0.0,1.0,DA-BALS-EWMA-Cap,308,87.01298701298701,1.948051948051948,11.03896103896104,0.0
329,0.6,0.0,1.0,DA-BALS-EWMA-Decay,308,86.68831168831169,2.272727272727273,11.03896103896104,0.0
329,0.6,0.0,1.0,DA-BALS-Stabilized,308,86.68831168831169,2.272727272727273,11.03896103896104,0.0
329,0.6,10.0,0.0,DA-BALS-EWMA,308,88.96103896103897,0.6493506493506493,10.38961038961039,0.0
329,0.6,10.0,0.0,DA-BALS-EWMA-Cap,308,88.96103896103897,0.6493506493506493,10.38961038961039,0.0
329,0.6,10.0,0.0,DA-BALS-EWMA-Decay,308,88.96103896103897,0.6493506493506493,10.38961038961039,0.0
329,0.6,10.0,0.0,DA-BALS-Stabilized,308,88.96103896103897,0.6493506493506493,10.38961038961039,0.0
329,0.6,10.0,0.5,DA-BALS-EWMA,308,88.63636363636364,0.6493506493506493,10.714285714285714,0.0
329,0.6,10.0,0.5,DA-BALS-EWMA-Cap,308,88.63636363636364,0.6493506493506493,10.714285714285714,0.0
329,0.6,10.0,0.5,DA-BALS-EWMA-Decay,308,88.31168831168831,0.974025974025974,10.714285714285714,0.0
329,0.6,10.0,0.5,DA-BALS-Stabilized,308,88.31168831168831,0.974025974025974,10.714285714285714,0.0
329,0.6,10.0,1.0,DA-BALS-EWMA,308,87.01298701298701,1.948051948051948,11.03896103896104,0.0
329,0.6,10.0,1.0,DA-BALS-EWMA-Cap,308,87.01298701298701,1.948051948051948,11.03896103896104,0.0
329,0.6,10.0,1.0,DA-BALS-EWMA-Decay,308,86.68831168831169,2.272727272727273,11.03896103896104,0.0
329,0.6,10.0,1.0,DA-BALS-Stabilized,308,86.68831168831169,2.272727272727273,11.03896103896104,0.0
329,0.6,50.0,0.0,DA-BALS-EWMA,308,88.96103896103897,0.6493506493506493,10.38961038961039,0.0
329,0.6,50.0,0.0,DA-BALS-EWMA-Cap,308,88.96103896103897,0.6493506493506493,10.38961038961039,0.0
329,0.6,50.0,0.0,DA-BALS-EWMA-Decay,308,88.96103896103897,0.6493506493506493,10.38961038961039,0.0
329,0.6,50.0,0.0,DA-BALS-Stabilized,308,88.96103896103897,0.6493506493506493,10.38961038961039,0.0
329,0.6,50.0,0.5,DA-BALS-EWMA,308,88.63636363636364,0.6493506493506493,10.714285714285714,0.0
329,0.6,50.0,0.5,DA-BALS-EWMA-Cap,308,88.63636363636364,0.6493506493506493,10.714285714285714,0.0
329,0.6,50.0,0.5,DA-BALS-EWMA-Decay,308,88.31168831168831,0.974025974025974,10.714285714285714,0.0
329,0.6,50.0,0.5,DA-BALS-Stabilized,308,88.31168831168831,0.974025974025974,10.714285714285714,0.0
329,0.6,50.0,1.0,DA-BALS-EWMA,308,87.01298701298701,1.948051948051948,11.03896103896104,0.0
329,0.6,50.0,1.0,DA-BALS-EWMA-Cap,308,87.01298701298701,1.948051948051948,11.03896103896104,0.0
329,0.6,50.0,1.0,DA-BALS-EWMA-Decay,308,86.68831168831169,2.272727272727273,11.03896103896104,0.0
329,0.6,50.0,1.0,DA-BALS-Stabilized,308,86.68831168831169,2.272727272727273,11.03896103896104,0.0
329,0.8,0.0,0.0,DA-BALS-EWMA,416,84.13461538461539,0.2403846153846154,15.625,0.0
329,0.8,0.0,0.0,DA-BALS-EWMA-Cap,416,84.13461538461539,0.2403846153846154,15.625,0.0
329,0.8,0.0,0.0,DA-BALS-EWMA-Decay,416,84.375,0.2403846153846154,15.384615384615385,0.0
329,0.8,0.0,0.0,DA-BALS-Stabilized,416,84.375,0.2403846153846154,15.384615384615385,0.0
329,0.8,0.0,0.5,DA-BALS-EWMA,416,81.49038461538461,1.9230769230769231,16.58653846153846,0.0
329,0.8,0.0,0.5,DA-BALS-EWMA-Cap,416,81.49038461538461,1.9230769230769231,16.58653846153846,0.0
329,0.8,0.0,0.5,DA-BALS-EWMA-Decay,416,81.73076923076923,1.9230769230769231,16.346153846153847,0.0
329,0.8,0.0,0.5,DA-BALS-Stabilized,416,81.73076923076923,1.9230769230769231,16.346153846153847,0.0
329,0.8,0.0,1.0,DA-BALS-EWMA,416,79.5673076923077,3.125,17.307692307692307,0.0
329,0.8,0.0,1.0,DA-BALS-EWMA-Cap,416,79.5673076923077,3.125,17.307692307692307,0.0
329,0.8,0.0,1.0,DA-BALS-EWMA-Decay,416,79.8076923076923,2.8846153846153846,17.307692307692307,0.0
329,0.8,0.0,1.0,DA-BALS-Stabilized,416,79.8076923076923,2.8846153846153846,17.307692307692307,0.0
329,0.8,10.0,0.0,DA-BALS-EWMA,416,84.13461538461539,0.2403846153846154,15.625,0.0
329,0.8,10.0,0.0,DA-BALS-EWMA-Cap,416,84.13461538461539,0.2403846153846154,15.625,0.0
329,0.8,10.0,0.0,DA-BALS-EWMA-Decay,416,84.375,0.2403846153846154,15.384615384615385,0.0
329,0.8,10.0,0.0,DA-BALS-Stabilized,416,84.375,0.2403846153846154,15.384615384615385,0.0
329,0.8,10.0,0.5,DA-BALS-EWMA,416,81.25,1.9230769230769231,16.826923076923077,0.0
329,0.8,10.0,0.5,DA-BALS-EWMA-Cap,416,81.25,1.9230769230769231,16.826923076923077,0.0
329,0.8,10.0,0.5,DA-BALS-EWMA-Decay,416,81.25,2.1634615384615383,16.58653846153846,0.0
329,0.8,10.0,0.5,DA-BALS-Stabilized,416,81.25,2.1634615384615383,16.58653846153846,0.0
329,0.8,10.0,1.0,DA-BALS-EWMA,416,78.60576923076923,4.086538461538462,17.307692307692307,0.0
329,0.8,10.0,1.0,DA-BALS-EWMA-Cap,416,78.60576923076923,4.086538461538462,17.307692307692307,0.0
329,0.8,10.0,1.0,DA-BALS-EWMA-Decay,416,78.60576923076923,4.326923076923077,17.067307692307693,0.0
329,0.8,10.0,1.0,DA-BALS-Stabilized,416,78.60576923076923,4.326923076923077,17.067307692307693,0.0
329,0.8,50.0,0.0,DA-BALS-EWMA,416,84.13461538461539,0.2403846153846154,15.625,0.0
329,0.8,50.0,0.0,DA-BALS-EWMA-Cap,416,84.13461538461539,0.2403846153846154,15.625,0.0
329,0.8,50.0,0.0,DA-BALS-EWMA-Decay,416,84.375,0.2403846153846154,15.384615384615385,0.0
329,0.8,50.0,0.0,DA-BALS-Stabilized,416,84.375,0.2403846153846154,15.384615384615385,0.0
329,0.8,50.0,0.5,DA-BALS-EWMA,416,81.25,1.9230769230769231,16.826923076923077,0.0
329,0.8,50.0,0.5,DA-BALS-EWMA-Cap,416,81.25,1.9230769230769231,16.826923076923077,0.0
329,0.8,50.0,0.5,DA-BALS-EWMA-Decay,416,81.25,2.1634615384615383,16.58653846153846,0.0
329,0.8,50.0,0.5,DA-BALS-Stabilized,416,81.25,2.1634615384615383,16.58653846153846,0.0
329,0.8,50.0,1.0,DA-BALS-EWMA,416,78.60576923076923,4.086538461538462,17.307692307692307,0.0
329,0.8,50.0,1.0,DA-BALS-EWMA-Cap,416,78.60576923076923,4.086538461538462,17.307692307692307,0.0
329,0.8,50.0,1.0,DA-BALS-EWMA-Decay,416,78.60576923076923,4.326923076923077,17.067307692307693,0.0
329,0.8,50.0,1.0,DA-BALS-Stabilized,416,78.60576923076923,4.326923076923077,17.067307692307693,0.0
329,1.0,0.0,0.0,DA-BALS-EWMA,484,78.099173553719,1.0330578512396695,20.867768595041323,0.0
329,1.0,0.0,0.0,DA-BALS-EWMA-Cap,484,78.099173553719,1.0330578512396695,20.867768595041323,0.0
329,1.0,0.0,0.0,DA-BALS-EWMA-Decay,484,78.30578512396694,1.0330578512396695,20.66115702479339,0.0
329,1.0,0.0,0.0,DA-BALS-Stabilized,484,78.30578512396694,1.0330578512396695,20.66115702479339,0.0
329,1.0,0.0,0.5,DA-BALS-EWMA,484,77.47933884297521,1.6528925619834711,20.867768595041323,0.0
329,1.0,0.0,0.5,DA-BALS-EWMA-Cap,484,77.47933884297521,1.6528925619834711,20.867768595041323,0.0
329,1.0,0.0,0.5,DA-BALS-EWMA-Decay,484,77.47933884297521,1.6528925619834711,20.867768595041323,0.0
329,1.0,0.0,0.5,DA-BALS-Stabilized,484,77.47933884297521,1.6528925619834711,20.867768595041323,0.0
329,1.0,0.0,1.0,DA-BALS-EWMA,484,75.41322314049587,3.0991735537190084,21.487603305785125,0.0
329,1.0,0.0,1.0,DA-BALS-EWMA-Cap,484,75.41322314049587,3.0991735537190084,21.487603305785125,0.0
329,1.0,0.0,1.0,DA-BALS-EWMA-Decay,484,75.20661157024794,3.3057851239669422,21.487603305785125,0.0
329,1.0,0.0,1.0,DA-BALS-Stabilized,484,75.20661157024794,3.3057851239669422,21.487603305785125,0.0
329,1.0,10.0,0.0,DA-BALS-EWMA,484,78.099173553719,1.0330578512396695,20.867768595041323,0.0
329,1.0,10.0,0.0,DA-BALS-EWMA-Cap,484,78.099173553719,1.0330578512396695,20.867768595041323,0.0
329,1.0,10.0,0.0,DA-BALS-EWMA-Decay,484,78.30578512396694,1.0330578512396695,20.66115702479339,0.0
329,1.0,10.0,0.0,DA-BALS-Stabilized,484,78.30578512396694,1.0330578512396695,20.66115702479339,0.0
329,1.0,10.0,0.5,DA-BALS-EWMA,484,77.47933884297521,1.6528925619834711,20.867768595041323,0.0
329,1.0,10.0,0.5,DA-BALS-EWMA-Cap,484,77.47933884297521,1.6528925619834711,20.867768595041323,0.0
329,1.0,10.0,0.5,DA-BALS-EWMA-Decay,484,77.47933884297521,1.6528925619834711,20.867768595041323,0.0
329,1.0,10.0,0.5,DA-BALS-Stabilized,484,77.47933884297521,1.6528925619834711,20.867768595041323,0.0
329,1.0,10.0,1.0,DA-BALS-EWMA,484,75.41322314049587,3.512396694214876,21.074380165289256,0.0
329,1.0,10.0,1.0,DA-BALS-EWMA-Cap,484,75.41322314049587,3.512396694214876,21.074380165289256,0.0
329,1.0,10.0,1.0,DA-BALS-EWMA-Decay,484,75.20661157024794,3.71900826446281,21.074380165289256,0.0
329,1.0,10.0,1.0,DA-BALS-Stabilized,484,75.20661157024794,3.71900826446281,21.074380165289256,0.0
329,1.0,50.0,0.0,DA-BALS-EWMA,484,78.099173553719,1.0330578512396695,20.867768595041323,0.0
329,1.0,50.0,0.0,DA-BALS-EWMA-Cap,484,78.099173553719,1.0330578512396695,20.867768595041323,0.0
329,1.0,50.0,0.0,DA-BALS-EWMA-Decay,484,78.30578512396694,1.0330578512396695,20.66115702479339,0.0
329,1.0,50.0,0.0,DA-BALS-Stabilized,484,78.30578512396694,1.0330578512396695,20.66115702479339,0.0
329,1.0,50.0,0.5,DA-BALS-EWMA,484,77.47933884297521,1.6528925619834711,20.867768595041323,0.0
329,1.0,50.0,0.5,DA-BALS-EWMA-Cap,484,77.47933884297521,1.6528925619834711,20.867768595041323,0.0
329,1.0,50.0,0.5,DA-BALS-EWMA-Decay,484,77.47933884297521,1.6528925619834711,20.867768595041323,0.0
329,1.0,50.0,0.5,DA-BALS-Stabilized,484,77.47933884297521,1.6528925619834711,20.867768595041323,0.0
329,1.0,50.0,1.0,DA-BALS-EWMA,484,75.41322314049587,3.3057851239669422,21.280991735537192,0.0
329,1.0,50.0,1.0,DA-BALS-EWMA-Cap,484,75.41322314049587,3.3057851239669422,21.280991735537192,0.0
329,1.0,50.0,1.0,DA-BALS-EWMA-Decay,484,75.20661157024794,3.71900826446281,21.074380165289256,0.0
329,1.0,50.0,1.0,DA-BALS-Stabilized,484,75.20661157024794,3.71900826446281,21.074380165289256,0.0
329,1.2,0.0,0.0,DA-BALS-EWMA,586,74.06143344709898,0.6825938566552902,25.25597269624573,0.0
329,1.2,0.0,0.0,DA-BALS-EWMA-Cap,586,74.06143344709898,0.6825938566552902,25.25597269624573,0.0
329,1.2,0.0,0.0,DA-BALS-EWMA-Decay,586,74.23208191126281,0.6825938566552902,25.085324232081913,0.0
329,1.2,0.0,0.0,DA-BALS-Stabilized,586,74.23208191126281,0.6825938566552902,25.085324232081913,0.0
329,1.2,0.0,0.5,DA-BALS-EWMA,586,72.6962457337884,1.7064846416382253,25.597269624573375,0.0
329,1.2,0.0,0.5,DA-BALS-EWMA-Cap,586,72.6962457337884,1.7064846416382253,25.597269624573375,0.0
329,1.2,0.0,0.5,DA-BALS-EWMA-Decay,586,72.6962457337884,1.7064846416382253,25.597269624573375,0.0
329,1.2,0.0,0.5,DA-BALS-Stabilized,586,72.6962457337884,1.7064846416382253,25.597269624573375,0.0
329,1.2,0.0,1.0,DA-BALS-EWMA,586,71.160409556314,2.5597269624573378,26.27986348122867,0.0
329,1.2,0.0,1.0,DA-BALS-EWMA-Cap,586,71.160409556314,2.5597269624573378,26.27986348122867,0.0
329,1.2,0.0,1.0,DA-BALS-EWMA-Decay,586,70.81911262798634,2.7303754266211606,26.450511945392492,0.0
329,1.2,0.0,1.0,DA-BALS-Stabilized,586,70.81911262798634,2.7303754266211606,26.450511945392492,0.0
329,1.2,10.0,0.0,DA-BALS-EWMA,586,74.06143344709898,0.6825938566552902,25.25597269624573,0.0
329,1.2,10.0,0.0,DA-BALS-EWMA-Cap,586,74.06143344709898,0.6825938566552902,25.25597269624573,0.0
329,1.2,10.0,0.0,DA-BALS-EWMA-Decay,586,74.23208191126281,0.6825938566552902,25.085324232081913,0.0
329,1.2,10.0,0.0,DA-BALS-Stabilized,586,74.23208191126281,0.6825938566552902,25.085324232081913,0.0
329,1.2,10.0,0.5,DA-BALS-EWMA,586,72.6962457337884,1.7064846416382253,25.597269624573375,0.0
329,1.2,10.0,0.5,DA-BALS-EWMA-Cap,586,72.6962457337884,1.7064846416382253,25.597269624573375,0.0
329,1.2,10.0,0.5,DA-BALS-EWMA-Decay,586,72.6962457337884,1.7064846416382253,25.597269624573375,0.0
329,1.2,10.0,0.5,DA-BALS-Stabilized,586,72.6962457337884,1.7064846416382253,25.597269624573375,0.0
329,1.2,10.0,1.0,DA-BALS-EWMA,586,71.160409556314,2.7303754266211606,26.109215017064848,0.0
329,1.2,10.0,1.0,DA-BALS-EWMA-Cap,586,71.160409556314,2.7303754266211606,26.109215017064848,0.0
329,1.2,10.0,1.0,DA-BALS-EWMA-Decay,586,70.81911262798634,2.901023890784983,26.27986348122867,0.0
329,1.2,10.0,1.0,DA-BALS-Stabilized,586,70.81911262798634,2.901023890784983,26.27986348122867,0.0
329,1.2,50.0,0.0,DA-BALS-EWMA,586,74.06143344709898,0.6825938566552902,25.25597269624573,0.0
329,1.2,50.0,0.0,DA-BALS-EWMA-Cap,586,74.06143344709898,0.6825938566552902,25.25597269624573,0.0
329,1.2,50.0,0.0,DA-BALS-EWMA-Decay,586,74.23208191126281,0.6825938566552902,25.085324232081913,0.0
329,1.2,50.0,0.0,DA-BALS-Stabilized,586,74.23208191126281,0.6825938566552902,25.085324232081913,0.0
329,1.2,50.0,0.5,DA-BALS-EWMA,586,72.6962457337884,1.7064846416382253,25.597269624573375,0.0
329,1.2,50.0,0.5,DA-BALS-EWMA-Cap,586,72.6962457337884,1.7064846416382253,25.597269624573375,0.0
329,1.2,50.0,0.5,DA-BALS-EWMA-Decay,586,72.6962457337884,1.7064846416382253,25.597269624573375,0.0
329,1.2,50.0,0.5,DA-BALS-Stabilized,586,72.6962457337884,1.7064846416382253,25.597269624573375,0.0
329,1.2,50.0,1.0,DA-BALS-EWMA,586,71.160409556314,2.7303754266211606,26.109215017064848,0.0
329,1.2,50.0,1.0,DA-BALS-EWMA-Cap,586,71.160409556314,2.7303754266211606,26.109215017064848,0.0
329,1.2,50.0,1.0,DA-BALS-EWMA-Decay,586,70.81911262798634,2.901023890784983,26.27986348122867,0.0
329,1.2,50.0,1.0,DA-BALS-Stabilized,586,70.81911262798634,2.901023890784983,26.27986348122867,0.0
