seed,load,tau_ms,cv,policy,requests,on_time_fraction_pct,late_fraction_pct,shed_fraction_pct,normalized_network_waste
200,0.2,0.0,0.0,DA-BALS-NoMargin,105,94.28571428571428,1.9047619047619049,3.8095238095238098,0.0
200,0.2,0.0,0.0,DA-BALS-FixedMargin,105,89.52380952380953,0.0,10.476190476190476,0.0
200,0.2,0.0,0.0,DA-BALS-Adaptive,105,92.38095238095238,0.9523809523809524,6.666666666666667,0.0
200,0.2,0.0,0.0,DA-BALS-Stabilized,105,94.28571428571428,1.9047619047619049,3.8095238095238098,0.0
200,0.2,0.0,0.5,DA-BALS-NoMargin,105,96.19047619047619,0.0,3.8095238095238098,0.0
200,0.2,0.0,0.5,DA-BALS-FixedMargin,105,89.52380952380953,0.0,10.476190476190476,0.0
200,0.2,0.0,0.5,DA-BALS-Adaptive,105,94.28571428571428,0.0,5.714285714285714,0.0
200,0.2,0.0,0.5,DA-BALS-Stabilized,105,96.19047619047619,0.0,3.8095238095238098,0.0
200,0.2,0.0,1.0,DA-BALS-NoMargin,105,93.33333333333333,1.9047619047619049,4.761904761904762,0.0
200,0.2,0.0,1.0,DA-BALS-FixedMargin,105,88.57142857142857,0.9523809523809524,10.476190476190476,0.0
200,0.2,0.0,1.0,DA-BALS-Adaptive,105,87.61904761904762,0.9523809523809524,11.428571428571429,0.0
200,0.2,0.0,1.0,DA-BALS-Stabilized,105,93.33333333333333,1.9047619047619049,4.761904761904762,0.0
200,0.2,10.0,0.0,DA-BALS-NoMargin,105,94.28571428571428,1.9047619047619049,3.8095238095238098,0.0
200,0.2,10.0,0.0,DA-BALS-FixedMargin,105,89.52380952380953,0.0,10.476190476190476,0.0
200,0.2,10.0,0.0,DA-BALS-Adaptive,105,92.38095238095238,0.9523809523809524,6.666666666666667,0.0
200,0.2,10.0,0.0,DA-BALS-Stabilized,105,94.28571428571428,1.9047619047619049,3.8095238095238098,0.0
200,0.2,10.0,0.5,DA-BALS-NoMargin,105,96.19047619047619,0.0,3.8095238095238098,0.0
200,0.2,10.0,0.5,DA-BALS-FixedMargin,105,89.52380952380953,0.0,10.476190476190476,0.0
200,0.2,10.0,0.5,DA-BALS-Adaptive,105,94.28571428571428,0.0,5.714285714285714,0.0
200,0.2,10.0,0.5,DA-BALS-Stabilized,105,96.19047619047619,0.0,3.8095238095238098,0.0
200,0.2,10.0,1.0,DA-BALS-NoMargin,105,93.33333333333333,2.857142857142857,3.8095238095238098,0.0
200,0.2,10.0,1.0,DA-BALS-FixedMargin,105,88.57142857142857,0.9523809523809524,10.476190476190476,0.0
200,0.2,10.0,1.0,DA-BALS-Adaptive,105,88.57142857142857,1.9047619047619049,9.523809523809524,0.0
200,0.2,10.0,1.0,DA-BALS-Stabilized,105,93.33333333333333,2.857142857142857,3.8095238095238098,0.0
200,0.2,50.0,0.0,DA-BALS-NoMargin,105,94.28571428571428,1.9047619047619049,3.8095238095238098,0.0
200,0.2,50.0,0.0,DA-BALS-FixedMargin,105,89.52380952380953,0.0,10.476190476190476,0.0
200,0.2,50.0,0.0,DA-BALS-Adaptive,105,92.38095238095238,0.9523809523809524,6.666666666666667,0.0
200,0.2,50.0,0.0,DA-BALS-Stabilized,105,94.28571428571428,1.9047619047619049,3.8095238095238098,0.0
200,0.2,50.0,0.5,DA-BALS-NoMargin,105,96.19047619047619,0.0,3.8095238095238098,0.0
200,0.2,50.0,0.5,DA-BALS-FixedMargin,105,89.52380952380953,0.0,10.476190476190476,0.0
200,0.2,50.0,0.5,DA-BALS-Adaptive,105,94.28571428571428,0.0,5.714285714285714,0.0
200,0.2,50.0,0.5,DA-BALS-Stabilized,105,96.19047619047619,0.0,3.8095238095238098,0.0
200,0.2,50.0,1.0,DA-BALS-NoMargin,105,93.33333333333333,2.857142857142857,3.8095238095238098,0.0
200,0.2,50.0,1.0,DA-BALS-FixedMargin,105,88.57142857142857,0.9523809523809524,10.476190476190476,0.0
200,0.2,50.0,1.0,DA-BALS-Adaptive,105,88.57142857142857,1.9047619047619049,9.523809523809524,0.0
200,0.2,50.0,1.0,DA-BALS-Stabilized,105,93.33333333333333,2.857142857142857,3.8095238095238098,0.0
200,0.4,0.0,0.0,DA-BALS-NoMargin,201,94.5273631840796,0.4975124378109453,4.975124378109453,0.0
200,0.4,0.0,0.0,DA-BALS-FixedMargin,201,90.54726368159204,0.0,9.45273631840796,0.0
200,0.4,0.0,0.0,DA-BALS-Adaptive,201,93.53233830845771,0.4975124378109453,5.970149253731343,0.0
200,0.4,0.0,0.0,DA-BALS-Stabilized,201,94.5273631840796,0.4975124378109453,4.975124378109453,0.0
200,0.4,0.0,0.5,DA-BALS-NoMargin,201,93.53233830845771,1.4925373134328357,4.975124378109453,0.0
200,0.4,0.0,0.5,DA-BALS-FixedMargin,201,89.55223880597015,0.9950248756218906,9.45273631840796,0.0
200,0.4,0.0,0.5,DA-BALS-Adaptive,201,91.04477611940298,0.9950248756218906,7.960199004975125,0.0
200,0.4,0.0,0.5,DA-BALS-Stabilized,201,93.53233830845771,1.4925373134328357,4.975124378109453,0.0
200,0.4,0.0,1.0,DA-BALS-NoMargin,201,92.03980099502488,2.4875621890547266,5.472636815920398,0.0
200,0.4,0.0,1.0,DA-BALS-FixedMargin,201,88.55721393034825,1.4925373134328357,9.950248756218906,0.0
200,0.4,0.0,1.0,DA-BALS-Adaptive,201,88.05970149253731,1.4925373134328357,10.44776119402985,0.0
200,0.4,0.0,1.0,DA-BALS-Stabilized,201,91.54228855721394,2.4875621890547266,5.970149253731343,0.0
200,0.4,10.0,0.0,DA-BALS-NoMargin,201,94.5273631840796,0.4975124378109453,4.975124378109453,0.0
200,0.4,10.0,0.0,DA-BALS-FixedMargin,201,90.54726368159204,0.0,9.45273631840796,0.0
200,0.4,10.0,0.0,DA-BALS-Adaptive,201,93.53233830845771,0.4975124378109453,5.970149253731343,0.0
200,0.4,10.0,0.0,DA-BALS-Stabilized,201,94.5273631840796,0.4975124378109453,4.975124378109453,0.0
200,0.4,10.0,0.5,DA-BALS-NoMargin,201,93.53233830845771,1.4925373134328357,4.975124378109453,0.0
200,0.4,10.0,0.5,DA-BALS-FixedMargin,201,89.55223880597015,0.9950248756218906,9.45273631840796,0.0
200,0.4,10.0,0.5,DA-BALS-Adaptive,201,91.04477611940298,0.9950248756218906,7.960199004975125,0.0
200,0.4,10.0,0.5,DA-BALS-Stabilized,201,93.53233830845771,1.4925373134328357,4.975124378109453,0.0
200,0.4,10.0,1.0,DA-BALS-NoMargin,201,92.03980099502488,2.4875621890547266,5.472636815920398,0.0
200,0.4,10.0,1.0,DA-BALS-FixedMargin,201,89.05472636815921,1.4925373134328357,9.45273631840796,0.0
200,0.4,10.0,1.0,DA-BALS-Adaptive,201,88.05970149253731,1.4925373134328357,10.44776119402985,0.0
200,0.4,10.0,1.0,DA-BALS-Stabilized,201,91.54228855721394,2.4875621890547266,5.970149253731343,0.0
200,0.4,50.0,0.0,DA-BALS-NoMargin,201,94.5273631840796,0.4975124378109453,4.975124378109453,0.0
200,0.4,50.0,0.0,DA-BALS-FixedMargin,201,90.54726368159204,0.0,9.45273631840796,0.0
200,0.4,50.0,0.0,DA-BALS-Adaptive,201,93.53233830845771,0.4975124378109453,5.970149253731343,0.0
200,0.4,50.0,0.0,DA-BALS-Stabilized,201,94.5273631840796,0.4975124378109453,4.975124378109453,0.0
200,0.4,50.0,0.5,DA-BALS-NoMargin,201,93.53233830845771,1.4925373134328357,4.975124378109453,0.0
200,0.4,50.0,0.5,DA-BALS-FixedMargin,201,89.55223880597015,0.9950248756218906,9.45273631840796,0.0
200,0.4,50.0,0.5,DA-BALS-Adaptive,201,91.04477611940298,0.9950248756218906,7.960199004975125,0.0
200,0.4,50.0,0.5,DA-BALS-Stabilized,201,93.53233830845771,1.4925373134328357,4.975124378109453,0.0
200,0.4,50.0,1.0,DA-BALS-NoMargin,201,92.03980099502488,2.9850746268656714,4.975124378109453,0.0
200,0.4,50.0,1.0,DA-BALS-FixedMargin,201,89.05472636815921,1.4925373134328357,9.45273631840796,0.0
200,0.4,50.0,1.0,DA-BALS-Adaptive,201,84.07960199004975,1.9900497512437811,13.930348258706468,0.0
200,0.4,50.0,1.0,DA-BALS-Stabilized,201,91.54228855721394,2.9850746268656714,5.472636815920398,0.0
200,0.6,0.0,0.0,DA-BALS-NoMargin,303,93.06930693069307,0.0,6.9306930693069315,0.0
200,0.6,0.0,0.0,DA-BALS-FixedMargin,303,86.13861386138613,0.0,13.861386138613863,0.0
200,0.6,0.0,0.0,DA-BALS-Adaptive,303,92.73927392739274,0.0,7.2607260726072615,0.0
200,0.6,0.0,0.0,DA-BALS-Stabilized,303,93.06930693069307,0.0,6.9306930693069315,0.0
200,0.6,0.0,0.5,DA-BALS-NoMargin,303,92.4092409240924,0.6600660066006601,6.9306930693069315,0.0
200,0.6,0.0,0.5,DA-BALS-FixedMargin,303,86.13861386138613,0.0,13.861386138613863,0.0
200,0.6,0.0,0.5,DA-BALS-Adaptive,303,89.76897689768977,0.33003300330033003,9.900990099009901,0.0
200,0.6,0.0,0.5,DA-BALS-Stabilized,303,92.4092409240924,0.6600660066006601,6.9306930693069315,0.0
200,0.6,0.0,1.0,DA-BALS-NoMargin,303,90.75907590759076,2.31023102310231,6.9306930693069315,0.0
200,0.6,0.0,1.0,DA-BALS-FixedMargin,303,85.14851485148515,0.9900990099009901,13.861386138613863,0.0
200,0.6,0.0,1.0,DA-BALS-Adaptive,303,86.46864686468648,0.9900990099009901,12.541254125412541,0.0
200,0.6,0.0,1.0,DA-BALS-Stabilized,303,90.75907590759076,2.31023102310231,6.9306930693069315,0.0
200,0.6,10.0,0.0,DA-BALS-NoMargin,303,93.06930693069307,0.0,6.9306930693069315,0.0
200,0.6,10.0,0.0,DA-BALS-FixedMargin,303,86.13861386138613,0.0,13.861386138613863,0.0
200,0.6,10.0,0.0,DA-BALS-Adaptive,303,92.73927392739274,0.0,7.2607260726072615,0.0
200,0.6,10.0,0.0,DA-BALS-Stabilized,303,93.06930693069307,0.0,6.9306930693069315,0.0
200,0.6,10.0,0.5,DA-BALS-NoMargin,303,92.4092409240924,0.6600660066006601,6.9306930693069315,0.0
200,0.6,10.0,0.5,DA-BALS-FixedMargin,303,86.13861386138613,0.0,13.861386138613863,0.0
200,0.6,10.0,0.5,DA-BALS-Adaptive,303,89.76897689768977,0.33003300330033003,9.900990099009901,0.0
200,0.6,10.0,0.5,DA-BALS-Stabilized,303,92.4092409240924,0.6600660066006601,6.9306930693069315,0.0
200,0.6,10.0,1.0,DA-BALS-NoMargin,303,90.75907590759076,2.31023102310231,6.9306930693069315,0.0
200,0.6,10.0,1.0,DA-BALS-FixedMargin,303,85.14851485148515,0.9900990099009901,13.861386138613863,0.0
200,0.6,10.0,1.0,DA-BALS-Adaptive,303,86.46864686468648,0.9900990099009901,12.541254125412541,0.0
200,0.6,10.0,1.0,DA-BALS-Stabilized,303,90.75907590759076,2.31023102310231,6.9306930693069315,0.0
200,0.6,50.0,0.0,DA-BALS-NoMargin,303,93.06930693069307,0.0,6.9306930693069315,0.0
200,0.6,50.0,0.0,DA-BALS-FixedMargin,303,86.13861386138613,0.0,13.861386138613863,0.0
200,0.6,50.0,0.0,DA-BALS-Adaptive,303,92.73927392739274,0.0,7.2607260726072615,0.0
200,0.6,50.0,0.0,DA-BALS-Stabilized,303,93.06930693069307,0.0,6.9306930693069315,0.0
200,0.6,50.0,0.5,DA-BALS-NoMargin,303,92.4092409240924,0.6600660066006601,6.9306930693069315,0.0
200,0.6,50.0,0.5,DA-BALS-FixedMargin,303,86.13861386138613,0.0,13.861386138613863,0.0
200,0.6,50.0,0.5,DA-BALS-Adaptive,303,89.76897689768977,0.33003300330033003,9.900990099009901,0.0
200,0.6,50.0,0.5,DA-BALS-Stabilized,303,92.4092409240924,0.6600660066006601,6.9306930693069315,0.0
200,0.6,50.0,1.0,DA-BALS-NoMargin,303,90.75907590759076,2.31023102310231,6.9306930693069315,0.0
200,0.6,50.0,1.0,DA-BALS-FixedMargin,303,85.14851485148515,0.9900990099009901,13.861386138613863,0.0
200,0.6,50.0,1.0,DA-BALS-Adaptive,303,86.46864686468648,0.9900990099009901,12.541254125412541,0.0
200,0.6,50.0,1.0,DA-BALS-Stabilized,303,90.75907590759076,2.31023102310231,6.9306930693069315,0.0
200,0.8,0.0,0.0,DA-BALS-NoMargin,422,83.41232227488152,0.23696682464454977,16.350710900473935,0.0
200,0.8,0.0,0.0,DA-BALS-FixedMargin,422,78.67298578199052,0.0,21.32701421800948,0.0
200,0.8,0.0,0.0,DA-BALS-Adaptive,422,82.46445497630332,0.23696682464454977,17.298578199052134,0.0
200,0.8,0.0,0.0,DA-BALS-Stabilized,422,83.41232227488152,0.23696682464454977,16.350710900473935,0.0
200,0.8,0.0,0.5,DA-BALS-NoMargin,422,82.70142180094787,0.9478672985781991,16.350710900473935,0.0
200,0.8,0.0,0.5,DA-BALS-FixedMargin,422,78.19905213270142,0.47393364928909953,21.32701421800948,0.0
200,0.8,0.0,0.5,DA-BALS-Adaptive,422,81.04265402843602,0.47393364928909953,18.48341232227488,0.0
200,0.8,0.0,0.5,DA-BALS-Stabilized,422,82.70142180094787,0.9478672985781991,16.350710900473935,0.0
200,0.8,0.0,1.0,DA-BALS-NoMargin,422,80.09478672985783,3.3175355450236967,16.587677725118482,0.0
200,0.8,0.0,1.0,DA-BALS-FixedMargin,422,76.06635071090048,2.132701421800948,21.80094786729858,0.0
200,0.8,0.0,1.0,DA-BALS-Adaptive,422,74.40758293838863,1.4218009478672986,24.170616113744074,0.0
200,0.8,0.0,1.0,DA-BALS-Stabilized,422,80.09478672985783,3.3175355450236967,16.587677725118482,0.0
200,0.8,10.0,0.0,DA-BALS-NoMargin,422,83.41232227488152,0.23696682464454977,16.350710900473935,0.0
200,0.8,10.0,0.0,DA-BALS-FixedMargin,422,78.67298578199052,0.0,21.32701421800948,0.0
200,0.8,10.0,0.0,DA-BALS-Adaptive,422,82.46445497630332,0.23696682464454977,17.298578199052134,0.0
200,0.8,10.0,0.0,DA-BALS-Stabilized,422,83.41232227488152,0.23696682464454977,16.350710900473935,0.0
200,0.8,10.0,0.5,DA-BALS-NoMargin,422,82.70142180094787,0.9478672985781991,16.350710900473935,0.0
200,0.8,10.0,0.5,DA-BALS-FixedMargin,422,78.19905213270142,0.47393364928909953,21.32701421800948,0.0
200,0.8,10.0,0.5,DA-BALS-Adaptive,422,80.56872037914692,0.47393364928909953,18.95734597156398,0.0
200,0.8,10.0,0.5,DA-BALS-Stabilized,422,82.70142180094787,0.9478672985781991,16.350710900473935,0.0
200,0.8,10.0,1.0,DA-BALS-NoMargin,422,80.33175355450237,3.3175355450236967,16.350710900473935,0.0
200,0.8,10.0,1.0,DA-BALS-FixedMargin,422,76.06635071090048,2.3696682464454977,21.563981042654028,0.0
200,0.8,10.0,1.0,DA-BALS-Adaptive,422,74.40758293838863,1.6587677725118484,23.933649289099527,0.0
200,0.8,10.0,1.0,DA-BALS-Stabilized,422,79.85781990521326,3.3175355450236967,16.824644549763033,0.0
200,0.8,50.0,0.0,DA-BALS-NoMargin,422,83.41232227488152,0.23696682464454977,16.350710900473935,0.0
200,0.8,50.0,0.0,DA-BALS-FixedMargin,422,78.67298578199052,0.0,21.32701421800948,0.0
200,0.8,50.0,0.0,DA-BALS-Adaptive,422,82.46445497630332,0.23696682464454977,17.298578199052134,0.0
200,0.8,50.0,0.0,DA-BALS-Stabilized,422,83.41232227488152,0.23696682464454977,16.350710900473935,0.0
200,0.8,50.0,0.5,DA-BALS-NoMargin,422,82.70142180094787,0.9478672985781991,16.350710900473935,0.0
200,0.8,50.0,0.5,DA-BALS-FixedMargin,422,78.19905213270142,0.47393364928909953,21.32701421800948,0.0
200,0.8,50.0,0.5,DA-BALS-Adaptive,422,80.56872037914692,0.47393364928909953,18.95734597156398,0.0
200,0.8,50.0,0.5,DA-BALS-Stabilized,422,82.70142180094787,0.9478672985781991,16.350710900473935,0.0
200,0.8,50.0,1.0,DA-BALS-NoMargin,422,80.33175355450237,3.3175355450236967,16.350710900473935,0.0
200,0.8,50.0,1.0,DA-BALS-FixedMargin,422,76.30331753554502,2.3696682464454977,21.32701421800948,0.0
200,0.8,50.0,1.0,DA-BALS-Adaptive,422,74.40758293838863,1.6587677725118484,23.933649289099527,0.0
200,0.8,50.0,1.0,DA-BALS-Stabilized,422,80.09478672985783,3.3175355450236967,16.587677725118482,0.0
200,1.0,0.0,0.0,DA-BALS-NoMargin,526,78.13688212927757,0.5703422053231939,21.292775665399237,0.0
200,1.0,0.0,0.0,DA-BALS-FixedMargin,526,75.2851711026616,0.0,24.714828897338403,0.0
200,1.0,0.0,0.0,DA-BALS-Adaptive,526,77.75665399239544,0.19011406844106463,22.0532319391635,0.0
200,1.0,0.0,0.0,DA-BALS-Stabilized,526,77.9467680608365,0.5703422053231939,21.482889733840306,0.0
200,1.0,0.0,0.5,DA-BALS-NoMargin,526,76.61596958174906,2.091254752851711,21.292775665399237,0.0
200,1.0,0.0,0.5,DA-BALS-FixedMargin,526,74.52471482889734,0.5703422053231939,24.904942965779465,0.0
200,1.0,0.0,0.5,DA-BALS-Adaptive,526,76.23574144486692,0.9505703422053232,22.813688212927758,0.0
200,1.0,0.0,0.5,DA-BALS-Stabilized,526,77.18631178707224,1.3307984790874523,21.482889733840306,0.0
200,1.0,0.0,1.0,DA-BALS-NoMargin,526,74.90494296577947,3.4220532319391634,21.673003802281368,0.0
200,1.0,0.0,1.0,DA-BALS-FixedMargin,526,73.19391634980988,1.7110266159695817,25.09505703422053,0.0
200,1.0,0.0,1.0,DA-BALS-Adaptive,526,73.19391634980988,0.9505703422053232,25.85551330798479,0.0
200,1.0,0.0,1.0,DA-BALS-Stabilized,526,76.04562737642586,2.091254752851711,21.863117870722434,0.0
200,1.0,10.0,0.0,DA-BALS-NoMargin,526,78.13688212927757,0.5703422053231939,21.292775665399237,0.0
200,1.0,10.0,0.0,DA-BALS-FixedMargin,526,75.2851711026616,0.0,24.714828897338403,0.0
200,1.0,10.0,0.0,DA-BALS-Adaptive,526,77.75665399239544,0.19011406844106463,22.0532319391635,0.0
200,1.0,10.0,0.0,DA-BALS-Stabilized,526,77.9467680608365,0.5703422053231939,21.482889733840306,0.0
200,1.0,10.0,0.5,DA-BALS-NoMargin,526,76.61596958174906,2.091254752851711,21.292775665399237,0.0
200,1.0,10.0,0.5,DA-BALS-FixedMargin,526,74.52471482889734,0.7604562737642585,24.714828897338403,0.0
200,1.0,10.0,0.5,DA-BALS-Adaptive,526,75.8555133079848,0.9505703422053232,23.193916349809886,0.0
200,1.0,10.0,0.5,DA-BALS-Stabilized,526,77.18631178707224,1.3307984790874523,21.482889733840306,0.0
200,1.0,10.0,1.0,DA-BALS-NoMargin,526,74.52471482889734,3.9923954372623576,21.482889733840306,0.0
200,1.0,10.0,1.0,DA-BALS-FixedMargin,526,73.00380228136882,2.091254752851711,24.904942965779465,0.0
200,1.0,10.0,1.0,DA-BALS-Adaptive,526,73.19391634980988,0.9505703422053232,25.85551330798479,0.0
200,1.0,10.0,1.0,DA-BALS-Stabilized,526,75.66539923954373,2.6615969581749046,21.673003802281368,0.0
200,1.0,50.0,0.0,DA-BALS-NoMargin,526,78.13688212927757,0.5703422053231939,21.292775665399237,0.0
200,1.0,50.0,0.0,DA-BALS-FixedMargin,526,75.2851711026616,0.0,24.714828897338403,0.0
200,1.0,50.0,0.0,DA-BALS-Adaptive,526,77.75665399239544,0.19011406844106463,22.0532319391635,0.0
200,1.0,50.0,0.0,DA-BALS-Stabilized,526,77.9467680608365,0.5703422053231939,21.482889733840306,0.0
200,1.0,50.0,0.5,DA-BALS-NoMargin,526,76.61596958174906,2.091254752851711,21.292775665399237,0.0
200,1.0,50.0,0.5,DA-BALS-FixedMargin,526,74.52471482889734,0.7604562737642585,24.714828897338403,0.0
200,1.0,50.0,0.5,DA-BALS-Adaptive,526,75.8555133079848,0.9505703422053232,23.193916349809886,0.0
200,1.0,50.0,0.5,DA-BALS-Stabilized,526,77.18631178707224,1.3307984790874523,21.482889733840306,0.0
200,1.0,50.0,1.0,DA-BALS-NoMargin,526,74.33460076045627,4.3726235741444865,21.292775665399237,0.0
200,1.0,50.0,1.0,DA-BALS-FixedMargin,526,72.6235741444867,2.6615969581749046,24.714828897338403,0.0
200,1.0,50.0,1.0,DA-BALS-Adaptive,526,73.19391634980988,1.1406844106463878,25.665399239543724,0.0
200,1.0,50.0,1.0,DA-BALS-Stabilized,526,75.47528517110266,3.041825095057034,21.482889733840306,0.0
200,1.2,0.0,0.0,DA-BALS-NoMargin,580,76.72413793103449,0.8620689655172413,22.413793103448278,0.0
200,1.2,0.0,0.0,DA-BALS-FixedMargin,580,73.62068965517241,0.0,26.379310344827587,0.0
200,1.2,0.0,0.0,DA-BALS-Adaptive,580,75.3448275862069,0.5172413793103449,24.137931034482758,0.0
200,1.2,0.0,0.0,DA-BALS-Stabilized,580,76.72413793103449,0.8620689655172413,22.413793103448278,0.0
200,1.2,0.0,0.5,DA-BALS-NoMargin,580,75.51724137931033,2.0689655172413794,22.413793103448278,0.0
200,1.2,0.0,0.5,DA-BALS-FixedMargin,580,73.10344827586206,0.5172413793103449,26.379310344827587,0.0
200,1.2,0.0,0.5,DA-BALS-Adaptive,580,73.27586206896551,1.0344827586206897,25.689655172413794,0.0
200,1.2,0.0,0.5,DA-BALS-Stabilized,580,75.86206896551724,1.7241379310344827,22.413793103448278,0.0
200,1.2,0.0,1.0,DA-BALS-NoMargin,580,74.13793103448276,3.4482758620689653,22.413793103448278,0.0
200,1.2,0.0,1.0,DA-BALS-FixedMargin,580,71.72413793103448,1.5517241379310345,26.72413793103448,0.0
200,1.2,0.0,1.0,DA-BALS-Adaptive,580,67.58620689655173,1.7241379310344827,30.689655172413794,0.0
200,1.2,0.0,1.0,DA-BALS-Stabilized,580,73.9655172413793,3.103448275862069,22.93103448275862,0.0
200,1.2,10.0,0.0,DA-BALS-NoMargin,580,76.72413793103449,0.8620689655172413,22.413793103448278,0.0
200,1.2,10.0,0.0,DA-BALS-FixedMargin,580,73.62068965517241,0.0,26.379310344827587,0.0
200,1.2,10.0,0.0,DA-BALS-Adaptive,580,75.3448275862069,0.5172413793103449,24.137931034482758,0.0
200,1.2,10.0,0.0,DA-BALS-Stabilized,580,76.72413793103449,0.8620689655172413,22.413793103448278,0.0
200,1.2,10.0,0.5,DA-BALS-NoMargin,580,75.51724137931033,2.0689655172413794,22.413793103448278,0.0
200,1.2,10.0,0.5,DA-BALS-FixedMargin,580,73.10344827586206,0.5172413793103449,26.379310344827587,0.0
200,1.2,10.0,0.5,DA-BALS-Adaptive,580,73.27586206896551,1.0344827586206897,25.689655172413794,0.0
200,1.2,10.0,0.5,DA-BALS-Stabilized,580,75.86206896551724,1.7241379310344827,22.413793103448278,0.0
200,1.2,10.0,1.0,DA-BALS-NoMargin,580,73.44827586206897,3.9655172413793105,22.586206896551726,0.0
200,1.2,10.0,1.0,DA-BALS-FixedMargin,580,71.72413793103448,1.896551724137931,26.379310344827587,0.0
200,1.2,10.0,1.0,DA-BALS-Adaptive,580,70.17241379310344,1.5517241379310345,28.27586206896552,0.0
200,1.2,10.0,1.0,DA-BALS-Stabilized,580,73.62068965517241,3.2758620689655173,23.103448275862068,0.0
200,1.2,50.0,0.0,DA-BALS-NoMargin,580,76.72413793103449,0.8620689655172413,22.413793103448278,0.0
200,1.2,50.0,0.0,DA-BALS-FixedMargin,580,73.62068965517241,0.0,26.379310344827587,0.0
200,1.2,50.0,0.0,DA-BALS-Adaptive,580,75.3448275862069,0.5172413793103449,24.137931034482758,0.0
200,1.2,50.0,0.0,DA-BALS-Stabilized,580,76.72413793103449,0.8620689655172413,22.413793103448278,0.0
200,1.2,50.0,0.5,DA-BALS-NoMargin,580,75.51724137931033,2.0689655172413794,22.413793103448278,0.0
200,1.2,50.0,0.5,DA-BALS-FixedMargin,580,73.10344827586206,0.5172413793103449,26.379310344827587,0.0
200,1.2,50.0,0.5,DA-BALS-Adaptive,580,73.27586206896551,1.0344827586206897,25.689655172413794,0.0
200,1.2,50.0,0.5,DA-BALS-Stabilized,580,75.86206896551724,1.7241379310344827,22.413793103448278,0.0
200,1.2,50.0,1.0,DA-BALS-NoMargin,580,73.27586206896551,4.310344827586207,22.413793103448278,0.0
200,1.2,50.0,1.0,DA-BALS-FixedMargin,580,70.86206896551724,2.7586206896551726,26.379310344827587,0.0
200,1.2,50.0,1.0,DA-BALS-Adaptive,580,70.0,1.896551724137931,28.10344827586207,0.0
200,1.2,50.0,1.0,DA-BALS-Stabilized,580,72.58620689655172,3.793103448275862,23.620689655172413,0.0
201,0.2,0.0,0.0,DA-BALS-NoMargin,86,100.0,0.0,0.0,0.0
201,0.2,0.0,0.0,DA-BALS-FixedMargin,86,87.20930232558139,0.0,12.790697674418606,0.0
201,0.2,0.0,0.0,DA-BALS-Adaptive,86,97.67441860465115,0.0,2.3255813953488373,0.0
201,0.2,0.0,0.0,DA-BALS-Stabilized,86,100.0,0.0,0.0,0.0
201,0.2,0.0,0.5,DA-BALS-NoMargin,86,100.0,0.0,0.0,0.0
201,0.2,0.0,0.5,DA-BALS-FixedMargin,86,87.20930232558139,0.0,12.790697674418606,0.0
201,0.2,0.0,0.5,DA-BALS-Adaptive,86,96.51162790697676,0.0,3.488372093023256,0.0
201,0.2,0.0,0.5,DA-BALS-Stabilized,86,100.0,0.0,0.0,0.0
201,0.2,0.0,1.0,DA-BALS-NoMargin,86,97.67441860465115,2.3255813953488373,0.0,0.0
201,0.2,0.0,1.0,DA-BALS-FixedMargin,86,86.04651162790698,1.1627906976744187,12.790697674418606,0.0
201,0.2,0.0,1.0,DA-BALS-Adaptive,86,90.69767441860465,0.0,9.30232558139535,0.0
201,0.2,0.0,1.0,DA-BALS-Stabilized,86,97.67441860465115,2.3255813953488373,0.0,0.0
201,0.2,10.0,0.0,DA-BALS-NoMargin,86,100.0,0.0,0.0,0.0
201,0.2,10.0,0.0,DA-BALS-FixedMargin,86,87.20930232558139,0.0,12.790697674418606,0.0
201,0.2,10.0,0.0,DA-BALS-Adaptive,86,97.67441860465115,0.0,2.3255813953488373,0.0
201,0.2,10.0,0.0,DA-BALS-Stabilized,86,100.0,0.0,0.0,0.0
201,0.2,10.0,0.5,DA-BALS-NoMargin,86,100.0,0.0,0.0,0.0
201,0.2,10.0,0.5,DA-BALS-FixedMargin,86,87.20930232558139,0.0,12.790697674418606,0.0
201,0.2,10.0,0.5,DA-BALS-Adaptive,86,96.51162790697676,0.0,3.488372093023256,0.0
201,0.2,10.0,0.5,DA-BALS-Stabilized,86,100.0,0.0,0.0,0.0
201,0.2,10.0,1.0,DA-BALS-NoMargin,86,97.67441860465115,2.3255813953488373,0.0,0.0
201,0.2,10.0,1.0,DA-BALS-FixedMargin,86,86.04651162790698,1.1627906976744187,12.790697674418606,0.0
201,0.2,10.0,1.0,DA-BALS-Adaptive,86,90.69767441860465,0.0,9.30232558139535,0.0
201,0.2,10.0,1.0,DA-BALS-Stabilized,86,97.67441860465115,2.3255813953488373,0.0,0.0
201,0.2,50.0,0.0,DA-BALS-NoMargin,86,100.0,0.0,0.0,0.0
201,0.2,50.0,0.0,DA-BALS-FixedMargin,86,87.20930232558139,0.0,12.790697674418606,0.0
201,0.2,50.0,0.0,DA-BALS-Adaptive,86,97.67441860465115,0.0,2.3255813953488373,0.0
201,0.2,50.0,0.0,DA-BALS-Stabilized,86,100.0,0.0,0.0,0.0
201,0.2,50.0,0.5,DA-BALS-NoMargin,86,100.0,0.0,0.0,0.0
201,0.2,50.0,0.5,DA-BALS-FixedMargin,86,87.20930232558139,0.0,12.790697674418606,0.0
201,0.2,50.0,0.5,DA-BALS-Adaptive,86,96.51162790697676,0.0,3.488372093023256,0.0
201,0.2,50.0,0.5,DA-BALS-Stabilized,86,100.0,0.0,0.0,0.0
201,0.2,50.0,1.0,DA-BALS-NoMargin,86,97.67441860465115,2.3255813953488373,0.0,0.0
201,0.2,50.0,1.0,DA-BALS-FixedMargin,86,86.04651162790698,1.1627906976744187,12.790697674418606,0.0
201,0.2,50.0,1.0,DA-BALS-Adaptive,86,90.69767441860465,0.0,9.30232558139535,0.0
201,0.2,50.0,1.0,DA-BALS-Stabilized,86,97.67441860465115,2.3255813953488373,0.0,0.0
201,0.4,0.0,0.0,DA-BALS-NoMargin,223,91.92825112107623,1.345291479820628,6.726457399103139,0.0
201,0.4,0.0,0.0,DA-BALS-FixedMargin,223,88.78923766816143,0.0,11.210762331838566,0.0
201,0.4,0.0,0.0,DA-BALS-Adaptive,223,91.92825112107623,0.8968609865470852,7.174887892376682,0.0
201,0.4,0.0,0.0,DA-BALS-Stabilized,223,91.92825112107623,1.345291479820628,6.726457399103139,0.0
201,0.4,0.0,0.5,DA-BALS-NoMargin,223,91.03139013452915,2.242152466367713,6.726457399103139,0.0
201,0.4,0.0,0.5,DA-BALS-FixedMargin,223,88.34080717488789,0.4484304932735426,11.210762331838566,0.0
201,0.4,0.0,0.5,DA-BALS-Adaptive,223,90.5829596412556,0.8968609865470852,8.520179372197308,0.0
201,0.4,0.0,0.5,DA-BALS-Stabilized,223,91.4798206278027,1.7937219730941705,6.726457399103139,0.0
201,0.4,0.0,1.0,DA-BALS-NoMargin,223,89.68609865470853,3.587443946188341,6.726457399103139,0.0
201,0.4,0.0,1.0,DA-BALS-FixedMargin,223,86.54708520179372,2.242152466367713,11.210762331838566,0.0
201,0.4,0.0,1.0,DA-BALS-Adaptive,223,78.9237668161435,2.690582959641256,18.385650224215247,0.0
201,0.4,0.0,1.0,DA-BALS-Stabilized,223,88.78923766816143,3.1390134529147984,8.071748878923767,0.0
201,0.4,10.0,0.0,DA-BALS-NoMargin,223,91.92825112107623,1.345291479820628,6.726457399103139,0.0
201,0.4,10.0,0.0,DA-BALS-FixedMargin,223,88.78923766816143,0.0,11.210762331838566,0.0
201,0.4,10.0,0.0,DA-BALS-Adaptive,223,91.92825112107623,0.8968609865470852,7.174887892376682,0.0
201,0.4,10.0,0.0,DA-BALS-Stabilized,223,91.92825112107623,1.345291479820628,6.726457399103139,0.0
201,0.4,10.0,0.5,DA-BALS-NoMargin,223,91.03139013452915,2.242152466367713,6.726457399103139,0.0
201,0.4,10.0,0.5,DA-BALS-FixedMargin,223,88.34080717488789,0.4484304932735426,11.210762331838566,0.0
201,0.4,10.0,0.5,DA-BALS-Adaptive,223,90.5829596412556,0.8968609865470852,8.520179372197308,0.0
201,0.4,10.0,0.5,DA-BALS-Stabilized,223,91.4798206278027,1.7937219730941705,6.726457399103139,0.0
201,0.4,10.0,1.0,DA-BALS-NoMargin,223,89.68609865470853,3.587443946188341,6.726457399103139,0.0
201,0.4,10.0,1.0,DA-BALS-FixedMargin,223,86.54708520179372,2.242152466367713,11.210762331838566,0.0
201,0.4,10.0,1.0,DA-BALS-Adaptive,223,78.9237668161435,2.690582959641256,18.385650224215247,0.0
201,0.4,10.0,1.0,DA-BALS-Stabilized,223,88.78923766816143,3.1390134529147984,8.071748878923767,0.0
201,0.4,50.0,0.0,DA-BALS-NoMargin,223,91.92825112107623,1.345291479820628,6.726457399103139,0.0
201,0.4,50.0,0.0,DA-BALS-FixedMargin,223,88.78923766816143,0.0,11.210762331838566,0.0
201,0.4,50.0,0.0,DA-BALS-Adaptive,223,91.92825112107623,0.8968609865470852,7.174887892376682,0.0
201,0.4,50.0,0.0,DA-BALS-Stabilized,223,91.92825112107623,1.345291479820628,6.726457399103139,0.0
201,0.4,50.0,0.5,DA-BALS-NoMargin,223,91.03139013452915,2.242152466367713,6.726457399103139,0.0
201,0.4,50.0,0.5,DA-BALS-FixedMargin,223,88.34080717488789,0.4484304932735426,11.210762331838566,0.0
201,0.4,50.0,0.5,DA-BALS-Adaptive,223,90.5829596412556,0.8968609865470852,8.520179372197308,0.0
201,0.4,50.0,0.5,DA-BALS-Stabilized,223,91.4798206278027,1.7937219730941705,6.726457399103139,0.0
201,0.4,50.0,1.0,DA-BALS-NoMargin,223,89.68609865470853,3.587443946188341,6.726457399103139,0.0
201,0.4,50.0,1.0,DA-BALS-FixedMargin,223,86.54708520179372,2.242152466367713,11.210762331838566,0.0
201,0.4,50.0,1.0,DA-BALS-Adaptive,223,78.9237668161435,2.690582959641256,18.385650224215247,0.0
201,0.4,50.0,1.0,DA-BALS-Stabilized,223,88.78923766816143,3.1390134529147984,8.071748878923767,0.0
201,0.6,0.0,0.0,DA-BALS-NoMargin,311,86.81672025723472,0.3215434083601286,12.861736334405144,0.0
201,0.6,0.0,0.0,DA-BALS-FixedMargin,311,82.63665594855306,0.0,17.363344051446948,0.0
201,0.6,0.0,0.0,DA-BALS-Adaptive,311,85.53054662379421,0.3215434083601286,14.14790996784566,0.0
201,0.6,0.0,0.0,DA-BALS-Stabilized,311,86.81672025723472,0.3215434083601286,12.861736334405144,0.0
201,0.6,0.0,0.5,DA-BALS-NoMargin,311,84.88745980707395,2.2508038585209005,12.861736334405144,0.0
201,0.6,0.0,0.5,DA-BALS-FixedMargin,311,81.9935691318328,0.6430868167202572,17.363344051446948,0.0
201,0.6,0.0,0.5,DA-BALS-Adaptive,311,82.31511254019293,1.2861736334405145,16.39871382636656,0.0
201,0.6,0.0,0.5,DA-BALS-Stabilized,311,84.88745980707395,2.2508038585209005,12.861736334405144,0.0
201,0.6,0.0,1.0,DA-BALS-NoMargin,311,84.56591639871382,2.572347266881029,12.861736334405144,0.0
201,0.6,0.0,1.0,DA-BALS-FixedMargin,311,81.35048231511254,1.2861736334405145,17.363344051446948,0.0
201,0.6,0.0,1.0,DA-BALS-Adaptive,311,77.491961414791,0.964630225080386,21.54340836012862,0.0
201,0.6,0.0,1.0,DA-BALS-Stabilized,311,84.2443729903537,1.607717041800643,14.14790996784566,0.0
201,0.6,10.0,0.0,DA-BALS-NoMargin,311,86.81672025723472,0.3215434083601286,12.861736334405144,0.0
201,0.6,10.0,0.0,DA-BALS-FixedMargin,311,82.63665594855306,0.0,17.363344051446948,0.0
201,0.6,10.0,0.0,DA-BALS-Adaptive,311,85.53054662379421,0.3215434083601286,14.14790996784566,0.0
201,0.6,10.0,0.0,DA-BALS-Stabilized,311,86.81672025723472,0.3215434083601286,12.861736334405144,0.0
201,0.6,10.0,0.5,DA-BALS-NoMargin,311,84.88745980707395,2.2508038585209005,12.861736334405144,0.0
201,0.6,10.0,0.5,DA-BALS-FixedMargin,311,81.9935691318328,0.6430868167202572,17.363344051446948,0.0
201,0.6,10.0,0.5,DA-BALS-Adaptive,311,82.31511254019293,1.2861736334405145,16.39871382636656,0.0
201,0.6,10.0,0.5,DA-BALS-Stabilized,311,84.88745980707395,2.2508038585209005,12.861736334405144,0.0
201,0.6,10.0,1.0,DA-BALS-NoMargin,311,84.56591639871382,2.572347266881029,12.861736334405144,0.0
201,0.6,10.0,1.0,DA-BALS-FixedMargin,311,81.35048231511254,1.2861736334405145,17.363344051446948,0.0
201,0.6,10.0,1.0,DA-BALS-Adaptive,311,77.491961414791,0.964630225080386,21.54340836012862,0.0
201,0.6,10.0,1.0,DA-BALS-Stabilized,311,84.2443729903537,1.607717041800643,14.14790996784566,0.0
201,0.6,50.0,0.0,DA-BALS-NoMargin,311,86.81672025723472,0.3215434083601286,12.861736334405144,0.0
201,0.6,50.0,0.0,DA-BALS-FixedMargin,311,82.63665594855306,0.0,17.363344051446948,0.0
201,0.6,50.0,0.0,DA-BALS-Adaptive,311,85.53054662379421,0.3215434083601286,14.14790996784566,0.0
201,0.6,50.0,0.0,DA-BALS-Stabilized,311,86.81672025723472,0.3215434083601286,12.861736334405144,0.0
201,0.6,50.0,0.5,DA-BALS-NoMargin,311,84.88745980707395,2.2508038585209005,12.861736334405144,0.0
201,0.6,50.0,0.5,DA-BALS-FixedMargin,311,81.9935691318328,0.6430868167202572,17.363344051446948,0.0
201,0.6,50.0,0.5,DA-BALS-Adaptive,311,82.31511254019293,1.2861736334405145,16.39871382636656,0.0
201,0.6,50.0,0.5,DA-BALS-Stabilized,311,84.88745980707395,2.2508038585209005,12.861736334405144,0.0
201,0.6,50.0,1.0,DA-BALS-NoMargin,311,84.56591639871382,2.572347266881029,12.861736334405144,0.0
201,0.6,50.0,1.0,DA-BALS-FixedMargin,311,81.35048231511254,1.2861736334405145,17.363344051446948,0.0
201,0.6,50.0,1.0,DA-BALS-Adaptive,311,77.491961414791,0.964630225080386,21.54340836012862,0.0
201,0.6,50.0,1.0,DA-BALS-Stabilized,311,84.2443729903537,1.607717041800643,14.14790996784566,0.0
201,0.8,0.0,0.0,DA-BALS-NoMargin,399,83.45864661654136,1.0025062656641603,15.538847117794486,0.0
201,0.8,0.0,0.0,DA-BALS-FixedMargin,399,80.20050125313283,0.2506265664160401,19.548872180451127,0.0
201,0.8,0.0,0.0,DA-BALS-Adaptive,399,81.95488721804512,0.5012531328320802,17.543859649122805,0.0
201,0.8,0.0,0.0,DA-BALS-Stabilized,399,83.20802005012531,1.0025062656641603,15.789473684210526,0.0
201,0.8,0.0,0.5,DA-BALS-NoMargin,399,82.70676691729322,1.7543859649122806,15.538847117794486,0.0
201,0.8,0.0,0.5,DA-BALS-FixedMargin,399,80.20050125313283,0.5012531328320802,19.298245614035086,0.0
201,0.8,0.0,0.5,DA-BALS-Adaptive,399,80.95238095238095,1.2531328320802004,17.794486215538846,0.0
201,0.8,0.0,0.5,DA-BALS-Stabilized,399,82.45614035087719,1.7543859649122806,15.789473684210526,0.0
201,0.8,0.0,1.0,DA-BALS-NoMargin,399,80.45112781954887,3.508771929824561,16.040100250626566,0.0
201,0.8,0.0,1.0,DA-BALS-FixedMargin,399,78.44611528822055,1.7543859649122806,19.799498746867165,0.0
201,0.8,0.0,1.0,DA-BALS-Adaptive,399,77.94486215538848,2.2556390977443606,19.799498746867165,0.0
201,0.8,0.0,1.0,DA-BALS-Stabilized,399,80.20050125313283,3.508771929824561,16.290726817042607,0.0
201,0.8,10.0,0.0,DA-BALS-NoMargin,399,83.45864661654136,1.0025062656641603,15.538847117794486,0.0
201,0.8,10.0,0.0,DA-BALS-FixedMargin,399,80.20050125313283,0.5012531328320802,19.298245614035086,0.0
201,0.8,10.0,0.0,DA-BALS-Adaptive,399,81.95488721804512,0.5012531328320802,17.543859649122805,0.0
201,0.8,10.0,0.0,DA-BALS-Stabilized,399,83.20802005012531,1.0025062656641603,15.789473684210526,0.0
201,0.8,10.0,0.5,DA-BALS-NoMargin,399,82.70676691729322,1.7543859649122806,15.538847117794486,0.0
201,0.8,10.0,0.5,DA-BALS-FixedMargin,399,80.20050125313283,0.5012531328320802,19.298245614035086,0.0
201,0.8,10.0,0.5,DA-BALS-Adaptive,399,80.95238095238095,1.2531328320802004,17.794486215538846,0.0
201,0.8,10.0,0.5,DA-BALS-Stabilized,399,82.45614035087719,1.7543859649122806,15.789473684210526,0.0
201,0.8,10.0,1.0,DA-BALS-NoMargin,399,80.45112781954887,3.508771929824561,16.040100250626566,0.0
201,0.8,10.0,1.0,DA-BALS-FixedMargin,399,78.44611528822055,1.7543859649122806,19.799498746867165,0.0
201,0.8,10.0,1.0,DA-BALS-Adaptive,399,77.94486215538848,2.2556390977443606,19.799498746867165,0.0
201,0.8,10.0,1.0,DA-BALS-Stabilized,399,80.20050125313283,3.508771929824561,16.290726817042607,0.0
201,0.8,50.0,0.0,DA-BALS-NoMargin,399,83.45864661654136,1.0025062656641603,15.538847117794486,0.0
201,0.8,50.0,0.0,DA-BALS-FixedMargin,399,80.20050125313283,0.5012531328320802,19.298245614035086,0.0
201,0.8,50.0,0.0,DA-BALS-Adaptive,399,81.95488721804512,0.5012531328320802,17.543859649122805,0.0
201,0.8,50.0,0.0,DA-BALS-Stabilized,399,83.20802005012531,1.0025062656641603,15.789473684210526,0.0
201,0.8,50.0,0.5,DA-BALS-NoMargin,399,82.70676691729322,1.7543859649122806,15.538847117794486,0.0
201,0.8,50.0,0.5,DA-BALS-FixedMargin,399,80.20050125313283,0.5012531328320802,19.298245614035086,0.0
201,0.8,50.0,0.5,DA-BALS-Adaptive,399,80.95238095238095,1.2531328320802004,17.794486215538846,0.0
201,0.8,50.0,0.5,DA-BALS-Stabilized,399,82.45614035087719,1.7543859649122806,15.789473684210526,0.0
201,0.8,50.0,1.0,DA-BALS-NoMargin,399,80.45112781954887,4.010025062656641,15.538847117794486,0.0
201,0.8,50.0,1.0,DA-BALS-FixedMargin,399,78.44611528822055,2.2556390977443606,19.298245614035086,0.0
201,0.8,50.0,1.0,DA-BALS-Adaptive,399,76.44110275689223,2.2556390977443606,21.303258145363408,0.0
201,0.8,50.0,1.0,DA-BALS-Stabilized,399,79.9498746867168,4.010025062656641,16.040100250626566,0.0
201,1.0,0.0,0.0,DA-BALS-NoMargin,508,76.77165354330708,0.7874015748031495,22.440944881889763,0.0
201,1.0,0.0,0.0,DA-BALS-FixedMargin,508,73.4251968503937,0.19685039370078738,26.37795275590551,0.0
201,1.0,0.0,0.0,DA-BALS-Adaptive,508,75.78740157480314,0.5905511811023622,23.62204724409449,0.0
201,1.0,0.0,0.0,DA-BALS-Stabilized,508,76.96850393700787,0.5905511811023622,22.440944881889763,0.0
201,1.0,0.0,0.5,DA-BALS-NoMargin,508,75.78740157480314,1.7716535433070866,22.440944881889763,0.0
201,1.0,0.0,0.5,DA-BALS-FixedMargin,508,73.03149606299213,0.5905511811023622,26.37795275590551,0.0
201,1.0,0.0,0.5,DA-BALS-Adaptive,508,74.40944881889764,1.3779527559055118,24.21259842519685,0.0
201,1.0,0.0,0.5,DA-BALS-Stabilized,508,76.18110236220473,1.3779527559055118,22.440944881889763,0.0
201,1.0,0.0,1.0,DA-BALS-NoMargin,508,74.40944881889764,3.149606299212598,22.440944881889763,0.0
201,1.0,0.0,1.0,DA-BALS-FixedMargin,508,72.44094488188976,1.1811023622047243,26.37795275590551,0.0
201,1.0,0.0,1.0,DA-BALS-Adaptive,508,72.24409448818898,1.574803149606299,26.181102362204722,0.0
201,1.0,0.0,1.0,DA-BALS-Stabilized,508,74.40944881889764,2.7559055118110236,22.83464566929134,0.0
201,1.0,10.0,0.0,DA-BALS-NoMargin,508,76.77165354330708,0.7874015748031495,22.440944881889763,0.0
201,1.0,10.0,0.0,DA-BALS-FixedMargin,508,73.4251968503937,0.19685039370078738,26.37795275590551,0.0
201,1.0,10.0,0.0,DA-BALS-Adaptive,508,75.78740157480314,0.5905511811023622,23.62204724409449,0.0
201,1.0,10.0,0.0,DA-BALS-Stabilized,508,76.96850393700787,0.5905511811023622,22.440944881889763,0.0
201,1.0,10.0,0.5,DA-BALS-NoMargin,508,75.78740157480314,1.7716535433070866,22.440944881889763,0.0
201,1.0,10.0,0.5,DA-BALS-FixedMargin,508,73.03149606299213,0.5905511811023622,26.37795275590551,0.0
201,1.0,10.0,0.5,DA-BALS-Adaptive,508,74.40944881889764,1.3779527559055118,24.21259842519685,0.0
201,1.0,10.0,0.5,DA-BALS-Stabilized,508,76.18110236220473,1.3779527559055118,22.440944881889763,0.0
201,1.0,10.0,1.0,DA-BALS-NoMargin,508,74.40944881889764,3.149606299212598,22.440944881889763,0.0
201,1.0,10.0,1.0,DA-BALS-FixedMargin,508,72.44094488188976,1.1811023622047243,26.37795275590551,0.0
201,1.0,10.0,1.0,DA-BALS-Adaptive,508,72.24409448818898,1.574803149606299,26.181102362204722,0.0
201,1.0,10.0,1.0,DA-BALS-Stabilized,508,74.40944881889764,2.7559055118110236,22.83464566929134,0.0
201,1.0,50.0,0.0,DA-BALS-NoMargin,508,76.77165354330708,0.7874015748031495,22.440944881889763,0.0
201,1.0,50.0,0.0,DA-BALS-FixedMargin,508,73.4251968503937,0.19685039370078738,26.37795275590551,0.0
201,1.0,50.0,0.0,DA-BALS-Adaptive,508,75.78740157480314,0.5905511811023622,23.62204724409449,0.0
201,1.0,50.0,0.0,DA-BALS-Stabilized,508,76.96850393700787,0.5905511811023622,22.440944881889763,0.0
201,1.0,50.0,0.5,DA-BALS-NoMargin,508,75.78740157480314,1.7716535433070866,22.440944881889763,0.0
201,1.0,50.0,0.5,DA-BALS-FixedMargin,508,73.03149606299213,0.5905511811023622,26.37795275590551,0.0
201,1.0,50.0,0.5,DA-BALS-Adaptive,508,74.40944881889764,1.3779527559055118,24.21259842519685,0.0
201,1.0,50.0,0.5,DA-BALS-Stabilized,508,76.18110236220473,1.3779527559055118,22.440944881889763,0.0
201,1.0,50.0,1.0,DA-BALS-NoMargin,508,74.40944881889764,3.149606299212598,22.440944881889763,0.0
201,1.0,50.0,1.0,DA-BALS-FixedMargin,508,72.44094488188976,1.1811023622047243,26.37795275590551,0.0
201,1.0,50.0,1.0,DA-BALS-Adaptive,508,72.24409448818898,1.574803149606299,26.181102362204722,0.0
201,1.0,50.0,1.0,DA-BALS-Stabilized,508,74.40944881889764,2.7559055118110236,22.83464566929134,0.0
201,1.2,0.0,0.0,DA-BALS-NoMargin,605,73.55371900826447,0.3305785123966942,26.115702479338843,0.0
201,1.2,0.0,0.0,DA-BALS-FixedMargin,605,71.07438016528926,0.1652892561983471,28.760330578512395,0.0
201,1.2,0.0,0.0,DA-BALS-Adaptive,605,72.72727272727273,0.1652892561983471,27.107438016528924,0.0
201,1.2,0.0,0.0,DA-BALS-Stabilized,605,73.05785123966942,0.3305785123966942,26.611570247933887,0.0
201,1.2,0.0,0.5,DA-BALS-NoMargin,605,72.06611570247934,1.8181818181818181,26.115702479338843,0.0
201,1.2,0.0,0.5,DA-BALS-FixedMargin,605,70.41322314049587,0.6611570247933884,28.92561983471074,0.0
201,1.2,0.0,0.5,DA-BALS-Adaptive,605,71.07438016528926,0.8264462809917356,28.09917355371901,0.0
201,1.2,0.0,0.5,DA-BALS-Stabilized,605,72.06611570247934,1.322314049586777,26.611570247933887,0.0
201,1.2,0.0,1.0,DA-BALS-NoMargin,605,70.08264462809917,3.4710743801652892,26.446280991735538,0.0
201,1.2,0.0,1.0,DA-BALS-FixedMargin,605,69.0909090909091,1.6528925619834711,29.256198347107436,0.0
201,1.2,0.0,1.0,DA-BALS-Adaptive,605,65.28925619834712,2.479338842975207,32.231404958677686,0.0
201,1.2,0.0,1.0,DA-BALS-Stabilized,605,69.75206611570248,2.809917355371901,27.43801652892562,0.0
201,1.2,10.0,0.0,DA-BALS-NoMargin,605,73.55371900826447,0.3305785123966942,26.115702479338843,0.0
201,1.2,10.0,0.0,DA-BALS-FixedMargin,605,71.07438016528926,0.1652892561983471,28.760330578512395,0.0
201,1.2,10.0,0.0,DA-BALS-Adaptive,605,72.72727272727273,0.1652892561983471,27.107438016528924,0.0
201,1.2,10.0,0.0,DA-BALS-Stabilized,605,73.05785123966942,0.3305785123966942,26.611570247933887,0.0
201,1.2,10.0,0.5,DA-BALS-NoMargin,605,72.06611570247934,1.8181818181818181,26.115702479338843,0.0
201,1.2,10.0,0.5,DA-BALS-FixedMargin,605,70.57851239669421,0.6611570247933884,28.760330578512395,0.0
201,1.2,10.0,0.5,DA-BALS-Adaptive,605,71.2396694214876,0.8264462809917356,27.933884297520663,0.0
201,1.2,10.0,0.5,DA-BALS-Stabilized,605,72.06611570247934,1.322314049586777,26.611570247933887,0.0
201,1.2,10.0,1.0,DA-BALS-NoMargin,605,69.91735537190083,3.9669421487603307,26.115702479338843,0.0
201,1.2,10.0,1.0,DA-BALS-FixedMargin,605,68.92561983471074,2.3140495867768593,28.760330578512395,0.0
201,1.2,10.0,1.0,DA-BALS-Adaptive,605,67.43801652892562,2.3140495867768593,30.247933884297524,0.0
201,1.2,10.0,1.0,DA-BALS-Stabilized,605,69.75206611570248,3.1404958677685952,27.107438016528924,0.0
201,1.2,50.0,0.0,DA-BALS-NoMargin,605,73.55371900826447,0.3305785123966942,26.115702479338843,0.0
201,1.2,50.0,0.0,DA-BALS-FixedMargin,605,71.07438016528926,0.1652892561983471,28.760330578512395,0.0
201,1.2,50.0,0.0,DA-BALS-Adaptive,605,72.72727272727273,0.1652892561983471,27.107438016528924,0.0
201,1.2,50.0,0.0,DA-BALS-Stabilized,605,73.05785123966942,0.3305785123966942,26.611570247933887,0.0
201,1.2,50.0,0.5,DA-BALS-NoMargin,605,72.06611570247934,1.8181818181818181,26.115702479338843,0.0
201,1.2,50.0,0.5,DA-BALS-FixedMargin,605,70.57851239669421,0.6611570247933884,28.760330578512395,0.0
201,1.2,50.0,0.5,DA-BALS-Adaptive,605,71.2396694214876,0.8264462809917356,27.933884297520663,0.0
201,1.2,50.0,0.5,DA-BALS-Stabilized,605,72.06611570247934,1.322314049586777,26.611570247933887,0.0
201,1.2,50.0,1.0,DA-BALS-NoMargin,605,69.91735537190083,3.9669421487603307,26.115702479338843,0.0
201,1.2,50.0,1.0,DA-BALS-FixedMargin,605,68.92561983471074,2.3140495867768593,28.760330578512395,0.0
201,1.2,50.0,1.0,DA-BALS-Adaptive,605,67.60330578512396,2.3140495867768593,30.082644628099175,0.0
201,1.2,50.0,1.0,DA-BALS-Stabilized,605,69.75206611570248,3.1404958677685952,27.107438016528924,0.0
202,0.2,0.0,0.0,DA-BALS-NoMargin,101,97.02970297029702,0.0,2.9702970297029703,0.0
202,0.2,0.0,0.0,DA-BALS-FixedMargin,101,95.04950495049505,0.0,4.9504950495049505,0.0
202,0.2,0.0,0.0,DA-BALS-Adaptive,101,97.02970297029702,0.0,2.9702970297029703,0.0
202,0.2,0.0,0.0,DA-BALS-Stabilized,101,97.02970297029702,0.0,2.9702970297029703,0.0
202,0.2,0.0,0.5,DA-BALS-NoMargin,101,97.02970297029702,0.0,2.9702970297029703,0.0
202,0.2,0.0,0.5,DA-BALS-FixedMargin,101,95.04950495049505,0.0,4.9504950495049505,0.0
202,0.2,0.0,0.5,DA-BALS-Adaptive,101,97.02970297029702,0.0,2.9702970297029703,0.0
202,0.2,0.0,0.5,DA-BALS-Stabilized,101,97.02970297029702,0.0,2.9702970297029703,0.0
202,0.2,0.0,1.0,DA-BALS-NoMargin,101,96.03960396039604,0.9900990099009901,2.9702970297029703,0.0
202,0.2,0.0,1.0,DA-BALS-FixedMargin,101,94.05940594059405,0.9900990099009901,4.9504950495049505,0.0
202,0.2,0.0,1.0,DA-BALS-Adaptive,101,94.05940594059405,0.9900990099009901,4.9504950495049505,0.0
202,0.2,0.0,1.0,DA-BALS-Stabilized,101,96.03960396039604,0.9900990099009901,2.9702970297029703,0.0
202,0.2,10.0,0.0,DA-BALS-NoMargin,101,97.02970297029702,0.0,2.9702970297029703,0.0
202,0.2,10.0,0.0,DA-BALS-FixedMargin,101,95.04950495049505,0.0,4.9504950495049505,0.0
202,0.2,10.0,0.0,DA-BALS-Adaptive,101,97.02970297029702,0.0,2.9702970297029703,0.0
202,0.2,10.0,0.0,DA-BALS-Stabilized,101,97.02970297029702,0.0,2.9702970297029703,0.0
202,0.2,10.0,0.5,DA-BALS-NoMargin,101,97.02970297029702,0.0,2.9702970297029703,0.0
202,0.2,10.0,0.5,DA-BALS-FixedMargin,101,95.04950495049505,0.0,4.9504950495049505,0.0
202,0.2,10.0,0.5,DA-BALS-Adaptive,101,97.02970297029702,0.0,2.9702970297029703,0.0
202,0.2,10.0,0.5,DA-BALS-Stabilized,101,97.02970297029702,0.0,2.9702970297029703,0.0
202,0.2,10.0,1.0,DA-BALS-NoMargin,101,96.03960396039604,0.9900990099009901,2.9702970297029703,0.0
202,0.2,10.0,1.0,DA-BALS-FixedMargin,101,94.05940594059405,0.9900990099009901,4.9504950495049505,0.0
202,0.2,10.0,1.0,DA-BALS-Adaptive,101,93.06930693069307,0.9900990099009901,5.9405940594059405,0.0
202,0.2,10.0,1.0,DA-BALS-Stabilized,101,96.03960396039604,0.9900990099009901,2.9702970297029703,0.0
202,0.2,50.0,0.0,DA-BALS-NoMargin,101,97.02970297029702,0.0,2.9702970297029703,0.0
202,0.2,50.0,0.0,DA-BALS-FixedMargin,101,95.04950495049505,0.0,4.9504950495049505,0.0
202,0.2,50.0,0.0,DA-BALS-Adaptive,101,97.02970297029702,0.0,2.9702970297029703,0.0
202,0.2,50.0,0.0,DA-BALS-Stabilized,101,97.02970297029702,0.0,2.9702970297029703,0.0
202,0.2,50.0,0.5,DA-BALS-NoMargin,101,97.02970297029702,0.0,2.9702970297029703,0.0
202,0.2,50.0,0.5,DA-BALS-FixedMargin,101,95.04950495049505,0.0,4.9504950495049505,0.0
202,0.2,50.0,0.5,DA-BALS-Adaptive,101,97.02970297029702,0.0,2.9702970297029703,0.0
202,0.2,50.0,0.5,DA-BALS-Stabilized,101,97.02970297029702,0.0,2.9702970297029703,0.0
202,0.2,50.0,1.0,DA-BALS-NoMargin,101,96.03960396039604,0.9900990099009901,2.9702970297029703,0.0
202,0.2,50.0,1.0,DA-BALS-FixedMargin,101,94.05940594059405,0.9900990099009901,4.9504950495049505,0.0
202,0.2,50.0,1.0,DA-BALS-Adaptive,101,93.06930693069307,0.9900990099009901,5.9405940594059405,0.0
202,0.2,50.0,1.0,DA-BALS-Stabilized,101,96.03960396039604,0.9900990099009901,2.9702970297029703,0.0
202,0.4,0.0,0.0,DA-BALS-NoMargin,204,93.13725490196079,0.9803921568627451,5.88235294117647,0.0
202,0.4,0.0,0.0,DA-BALS-FixedMargin,204,88.23529411764706,0.0,11.76470588235294,0.0
202,0.4,0.0,0.0,DA-BALS-Adaptive,204,92.64705882352942,0.0,7.352941176470589,0.0
202,0.4,0.0,0.0,DA-BALS-Stabilized,204,93.13725490196079,0.9803921568627451,5.88235294117647,0.0
202,0.4,0.0,0.5,DA-BALS-NoMargin,204,93.62745098039215,0.49019607843137253,5.88235294117647,0.0
202,0.4,0.0,0.5,DA-BALS-FixedMargin,204,88.23529411764706,0.0,11.76470588235294,0.0
202,0.4,0.0,0.5,DA-BALS-Adaptive,204,92.15686274509804,0.0,7.8431372549019605,0.0
202,0.4,0.0,0.5,DA-BALS-Stabilized,204,93.62745098039215,0.49019607843137253,5.88235294117647,0.0
202,0.4,0.0,1.0,DA-BALS-NoMargin,204,92.15686274509804,1.9607843137254901,5.88235294117647,0.0
202,0.4,0.0,1.0,DA-BALS-FixedMargin,204,86.27450980392157,1.4705882352941175,12.254901960784313,0.0
202,0.4,0.0,1.0,DA-BALS-Adaptive,204,85.29411764705883,1.4705882352941175,13.23529411764706,0.0
202,0.4,0.0,1.0,DA-BALS-Stabilized,204,92.15686274509804,1.9607843137254901,5.88235294117647,0.0
202,0.4,10.0,0.0,DA-BALS-NoMargin,204,93.13725490196079,0.9803921568627451,5.88235294117647,0.0
202,0.4,10.0,0.0,DA-BALS-FixedMargin,204,88.23529411764706,0.0,11.76470588235294,0.0
202,0.4,10.0,0.0,DA-BALS-Adaptive,204,92.64705882352942,0.0,7.352941176470589,0.0
202,0.4,10.0,0.0,DA-BALS-Stabilized,204,93.13725490196079,0.9803921568627451,5.88235294117647,0.0
202,0.4,10.0,0.5,DA-BALS-NoMargin,204,93.62745098039215,0.49019607843137253,5.88235294117647,0.0
202,0.4,10.0,0.5,DA-BALS-FixedMargin,204,88.23529411764706,0.0,11.76470588235294,0.0
202,0.4,10.0,0.5,DA-BALS-Adaptive,204,92.15686274509804,0.0,7.8431372549019605,0.0
202,0.4,10.0,0.5,DA-BALS-Stabilized,204,93.62745098039215,0.49019607843137253,5.88235294117647,0.0
202,0.4,10.0,1.0,DA-BALS-NoMargin,204,92.15686274509804,1.9607843137254901,5.88235294117647,0.0
202,0.4,10.0,1.0,DA-BALS-FixedMargin,204,86.76470588235294,1.4705882352941175,11.76470588235294,0.0
202,0.4,10.0,1.0,DA-BALS-Adaptive,204,85.29411764705883,1.4705882352941175,13.23529411764706,0.0
202,0.4,10.0,1.0,DA-BALS-Stabilized,204,92.15686274509804,1.9607843137254901,5.88235294117647,0.0
202,0.4,50.0,0.0,DA-BALS-NoMargin,204,93.13725490196079,0.9803921568627451,5.88235294117647,0.0
202,0.4,50.0,0.0,DA-BALS-FixedMargin,204,88.23529411764706,0.0,11.76470588235294,0.0
202,0.4,50.0,0.0,DA-BALS-Adaptive,204,92.64705882352942,0.0,7.352941176470589,0.0
202,0.4,50.0,0.0,DA-BALS-Stabilized,204,93.13725490196079,0.9803921568627451,5.88235294117647,0.0
202,0.4,50.0,0.5,DA-BALS-NoMargin,204,93.62745098039215,0.49019607843137253,5.88235294117647,0.0
202,0.4,50.0,0.5,DA-BALS-FixedMargin,204,88.23529411764706,0.0,11.76470588235294,0.0
202,0.4,50.0,0.5,DA-BALS-Adaptive,204,92.15686274509804,0.0,7.8431372549019605,0.0
202,0.4,50.0,0.5,DA-BALS-Stabilized,204,93.62745098039215,0.49019607843137253,5.88235294117647,0.0
202,0.4,50.0,1.0,DA-BALS-NoMargin,204,92.15686274509804,1.9607843137254901,5.88235294117647,0.0
202,0.4,50.0,1.0,DA-BALS-FixedMargin,204,86.76470588235294,1.4705882352941175,11.76470588235294,0.0
202,0.4,50.0,1.0,DA-BALS-Adaptive,204,85.29411764705883,1.4705882352941175,13.23529411764706,0.0
202,0.4,50.0,1.0,DA-BALS-Stabilized,204,92.15686274509804,1.9607843137254901,5.88235294117647,0.0
202,0.6,0.0,0.0,DA-BALS-NoMargin,272,90.07352941176471,1.1029411764705883,8.823529411764707,0.0
202,0.6,0.0,0.0,DA-BALS-FixedMargin,272,86.39705882352942,0.0,13.602941176470587,0.0
202,0.6,0.0,0.0,DA-BALS-Adaptive,272,88.23529411764706,0.3676470588235294,11.397058823529411,0.0
202,0.6,0.0,0.0,DA-BALS-Stabilized,272,90.07352941176471,1.1029411764705883,8.823529411764707,0.0
202,0.6,0.0,0.5,DA-BALS-NoMargin,272,89.33823529411765,1.8382352941176472,8.823529411764707,0.0
202,0.6,0.0,0.5,DA-BALS-FixedMargin,272,86.39705882352942,0.0,13.602941176470587,0.0
202,0.6,0.0,0.5,DA-BALS-Adaptive,272,87.13235294117648,0.3676470588235294,12.5,0.0
202,0.6,0.0,0.5,DA-BALS-Stabilized,272,88.97058823529412,1.8382352941176472,9.191176470588236,0.0
202,0.6,0.0,1.0,DA-BALS-NoMargin,272,88.23529411764706,2.5735294117647056,9.191176470588236,0.0
202,0.6,0.0,1.0,DA-BALS-FixedMargin,272,85.29411764705883,1.1029411764705883,13.602941176470587,0.0
202,0.6,0.0,1.0,DA-BALS-Adaptive,272,84.19117647058823,0.7352941176470588,15.073529411764705,0.0
202,0.6,0.0,1.0,DA-BALS-Stabilized,272,87.5,2.2058823529411766,10.294117647058822,0.0
202,0.6,10.0,0.0,DA-BALS-NoMargin,272,90.07352941176471,1.1029411764705883,8.823529411764707,0.0
202,0.6,10.0,0.0,DA-BALS-FixedMargin,272,86.39705882352942,0.0,13.602941176470587,0.0
202,0.6,10.0,0.0,DA-BALS-Adaptive,272,88.23529411764706,0.3676470588235294,11.397058823529411,0.0
202,0.6,10.0,0.0,DA-BALS-Stabilized,272,90.07352941176471,1.1029411764705883,8.823529411764707,0.0
202,0.6,10.0,0.5,DA-BALS-NoMargin,272,89.33823529411765,1.8382352941176472,8.823529411764707,0.0
202,0.6,10.0,0.5,DA-BALS-FixedMargin,272,86.39705882352942,0.0,13.602941176470587,0.0
202,0.6,10.0,0.5,DA-BALS-Adaptive,272,87.13235294117648,0.3676470588235294,12.5,0.0
202,0.6,10.0,0.5,DA-BALS-Stabilized,272,88.97058823529412,1.8382352941176472,9.191176470588236,0.0
202,0.6,10.0,1.0,DA-BALS-NoMargin,272,88.23529411764706,2.5735294117647056,9.191176470588236,0.0
202,0.6,10.0,1.0,DA-BALS-FixedMargin,272,85.29411764705883,1.1029411764705883,13.602941176470587,0.0
202,0.6,10.0,1.0,DA-BALS-Adaptive,272,84.55882352941177,0.7352941176470588,14.705882352941178,0.0
202,0.6,10.0,1.0,DA-BALS-Stabilized,272,87.5,2.2058823529411766,10.294117647058822,0.0
202,0.6,50.0,0.0,DA-BALS-NoMargin,272,90.07352941176471,1.1029411764705883,8.823529411764707,0.0
202,0.6,50.0,0.0,DA-BALS-FixedMargin,272,86.39705882352942,0.0,13.602941176470587,0.0
202,0.6,50.0,0.0,DA-BALS-Adaptive,272,88.23529411764706,0.3676470588235294,11.397058823529411,0.0
202,0.6,50.0,0.0,DA-BALS-Stabilized,272,90.07352941176471,1.1029411764705883,8.823529411764707,0.0
202,0.6,50.0,0.5,DA-BALS-NoMargin,272,89.33823529411765,1.8382352941176472,8.823529411764707,0.0
202,0.6,50.0,0.5,DA-BALS-FixedMargin,272,86.39705882352942,0.0,13.602941176470587,0.0
202,0.6,50.0,0.5,DA-BALS-Adaptive,272,87.13235294117648,0.3676470588235294,12.5,0.0
202,0.6,50.0,0.5,DA-BALS-Stabilized,272,88.97058823529412,1.8382352941176472,9.191176470588236,0.0
202,0.6,50.0,1.0,DA-BALS-NoMargin,272,88.23529411764706,2.941176470588235,8.823529411764707,0.0
202,0.6,50.0,1.0,DA-BALS-FixedMargin,272,85.29411764705883,1.1029411764705883,13.602941176470587,0.0
202,0.6,50.0,1.0,DA-BALS-Adaptive,272,84.55882352941177,0.7352941176470588,14.705882352941178,0.0
202,0.6,50.0,1.0,DA-BALS-Stabilized,272,87.5,2.5735294117647056,9.926470588235293,0.0
202,0.8,0.0,0.0,DA-BALS-NoMargin,395,84.81012658227847,0.7594936708860759,14.430379746835442,0.0
202,0.8,0.0,0.0,DA-BALS-FixedMargin,395,80.50632911392405,0.0,19.49367088607595,0.0
202,0.8,0.0,0.0,DA-BALS-Adaptive,395,84.55696202531645,0.7594936708860759,14.683544303797468,0.0
202,0.8,0.0,0.0,DA-BALS-Stabilized,395,84.81012658227847,0.7594936708860759,14.430379746835442,0.0
202,0.8,0.0,0.5,DA-BALS-NoMargin,395,83.29113924050633,2.0253164556962027,14.683544303797468,0.0
202,0.8,0.0,0.5,DA-BALS-FixedMargin,395,80.25316455696202,0.25316455696202533,19.49367088607595,0.0
202,0.8,0.0,0.5,DA-BALS-Adaptive,395,82.02531645569621,1.0126582278481013,16.962025316455694,0.0
202,0.8,0.0,0.5,DA-BALS-Stabilized,395,83.29113924050633,1.5189873417721518,15.18987341772152,0.0
202,0.8,0.0,1.0,DA-BALS-NoMargin,395,81.0126582278481,3.2911392405063293,15.69620253164557,0.0
202,0.8,0.0,1.0,DA-BALS-FixedMargin,395,78.22784810126582,1.2658227848101267,20.506329113924053,0.0
202,0.8,0.0,1.0,DA-BALS-Adaptive,395,54.936708860759495,0.5063291139240507,44.55696202531645,0.0
202,0.8,0.0,1.0,DA-BALS-Stabilized,395,81.26582278481013,2.5316455696202533,16.20253164556962,0.0
202,0.8,10.0,0.0,DA-BALS-NoMargin,395,84.81012658227847,0.7594936708860759,14.430379746835442,0.0
202,0.8,10.0,0.0,DA-BALS-FixedMargin,395,80.75949367088607,0.0,19.240506329113924,0.0
202,0.8,10.0,0.0,DA-BALS-Adaptive,395,84.55696202531645,0.7594936708860759,14.683544303797468,0.0
202,0.8,10.0,0.0,DA-BALS-Stabilized,395,84.81012658227847,0.7594936708860759,14.430379746835442,0.0
202,0.8,10.0,0.5,DA-BALS-NoMargin,395,83.29113924050633,2.278481012658228,14.430379746835442,0.0
202,0.8,10.0,0.5,DA-BALS-FixedMargin,395,80.25316455696202,0.5063291139240507,19.240506329113924,0.0
202,0.8,10.0,0.5,DA-BALS-Adaptive,395,82.02531645569621,1.0126582278481013,16.962025316455694,0.0
202,0.8,10.0,0.5,DA-BALS-Stabilized,395,83.29113924050633,1.7721518987341773,14.936708860759493,0.0
202,0.8,10.0,1.0,DA-BALS-NoMargin,395,81.0126582278481,3.5443037974683547,15.443037974683543,0.0
202,0.8,10.0,1.0,DA-BALS-FixedMargin,395,78.22784810126582,1.5189873417721518,20.253164556962027,0.0
202,0.8,10.0,1.0,DA-BALS-Adaptive,395,54.936708860759495,0.5063291139240507,44.55696202531645,0.0
202,0.8,10.0,1.0,DA-BALS-Stabilized,395,81.26582278481013,2.7848101265822782,15.949367088607595,0.0
202,0.8,50.0,0.0,DA-BALS-NoMargin,395,84.81012658227847,0.7594936708860759,14.430379746835442,0.0
202,0.8,50.0,0.0,DA-BALS-FixedMargin,395,80.75949367088607,0.0,19.240506329113924,0.0
202,0.8,50.0,0.0,DA-BALS-Adaptive,395,84.55696202531645,0.7594936708860759,14.683544303797468,0.0
202,0.8,50.0,0.0,DA-BALS-Stabilized,395,84.81012658227847,0.7594936708860759,14.430379746835442,0.0
202,0.8,50.0,0.5,DA-BALS-NoMargin,395,83.29113924050633,2.278481012658228,14.430379746835442,0.0
202,0.8,50.0,0.5,DA-BALS-FixedMargin,395,80.25316455696202,0.5063291139240507,19.240506329113924,0.0
202,0.8,50.0,0.5,DA-BALS-Adaptive,395,82.02531645569621,1.0126582278481013,16.962025316455694,0.0
202,0.8,50.0,0.5,DA-BALS-Stabilized,395,83.29113924050633,1.7721518987341773,14.936708860759493,0.0
202,0.8,50.0,1.0,DA-BALS-NoMargin,395,80.75949367088607,4.810126582278481,14.430379746835442,0.0
202,0.8,50.0,1.0,DA-BALS-FixedMargin,395,78.22784810126582,2.5316455696202533,19.240506329113924,0.0
202,0.8,50.0,1.0,DA-BALS-Adaptive,395,54.936708860759495,1.7721518987341773,43.291139240506325,0.0
202,0.8,50.0,1.0,DA-BALS-Stabilized,395,81.0126582278481,4.050632911392405,14.936708860759493,0.0
202,1.0,0.0,0.0,DA-BALS-NoMargin,499,78.95791583166333,0.4008016032064128,20.64128256513026,0.0
202,1.0,0.0,0.0,DA-BALS-FixedMargin,499,75.35070140280561,0.2004008016032064,24.448897795591183,0.0
202,1.0,0.0,0.0,DA-BALS-Adaptive,499,76.75350701402806,0.2004008016032064,23.04609218436874,0.0
202,1.0,0.0,0.0,DA-BALS-Stabilized,499,78.75751503006012,0.4008016032064128,20.841683366733466,0.0
202,1.0,0.0,0.5,DA-BALS-NoMargin,499,76.55310621242485,2.80561122244489,20.64128256513026,0.0
202,1.0,0.0,0.5,DA-BALS-FixedMargin,499,74.34869739478958,1.2024048096192386,24.448897795591183,0.0
202,1.0,0.0,0.5,DA-BALS-Adaptive,499,74.14829659318637,1.8036072144288577,24.04809619238477,0.0
202,1.0,0.0,0.5,DA-BALS-Stabilized,499,76.35270541082164,2.2044088176352705,21.442885771543086,0.0
202,1.0,0.0,1.0,DA-BALS-NoMargin,499,72.74549098196393,6.212424849699398,21.04208416833667,0.0
202,1.0,0.0,1.0,DA-BALS-FixedMargin,499,71.34268537074149,3.6072144288577155,25.0501002004008,0.0
202,1.0,0.0,1.0,DA-BALS-Adaptive,499,64.32865731462925,3.2064128256513023,32.46492985971944,0.0
202,1.0,0.0,1.0,DA-BALS-Stabilized,499,71.9438877755511,5.410821643286573,22.645290581162325,0.0
202,1.0,10.0,0.0,DA-BALS-NoMargin,499,78.95791583166333,0.4008016032064128,20.64128256513026,0.0
202,1.0,10.0,0.0,DA-BALS-FixedMargin,499,75.35070140280561,0.2004008016032064,24.448897795591183,0.0
202,1.0,10.0,0.0,DA-BALS-Adaptive,499,76.75350701402806,0.2004008016032064,23.04609218436874,0.0
202,1.0,10.0,0.0,DA-BALS-Stabilized,499,78.75751503006012,0.4008016032064128,20.841683366733466,0.0
202,1.0,10.0,0.5,DA-BALS-NoMargin,499,76.55310621242485,2.80561122244489,20.64128256513026,0.0
202,1.0,10.0,0.5,DA-BALS-FixedMargin,499,74.34869739478958,1.2024048096192386,24.448897795591183,0.0
202,1.0,10.0,0.5,DA-BALS-Adaptive,499,74.14829659318637,1.8036072144288577,24.04809619238477,0.0
202,1.0,10.0,0.5,DA-BALS-Stabilized,499,76.35270541082164,2.2044088176352705,21.442885771543086,0.0
202,1.0,10.0,1.0,DA-BALS-NoMargin,499,72.74549098196393,6.613226452905812,20.64128256513026,0.0
202,1.0,10.0,1.0,DA-BALS-FixedMargin,499,71.34268537074149,4.008016032064128,24.649298597194388,0.0
202,1.0,10.0,1.0,DA-BALS-Adaptive,499,65.53106212424849,3.2064128256513023,31.262525050100198,0.0
202,1.0,10.0,1.0,DA-BALS-Stabilized,499,71.7434869739479,6.012024048096192,22.24448897795591,0.0
202,1.0,50.0,0.0,DA-BALS-NoMargin,499,78.95791583166333,0.4008016032064128,20.64128256513026,0.0
202,1.0,50.0,0.0,DA-BALS-FixedMargin,499,75.35070140280561,0.2004008016032064,24.448897795591183,0.0
202,1.0,50.0,0.0,DA-BALS-Adaptive,499,76.75350701402806,0.2004008016032064,23.04609218436874,0.0
202,1.0,50.0,0.0,DA-BALS-Stabilized,499,78.75751503006012,0.4008016032064128,20.841683366733466,0.0
202,1.0,50.0,0.5,DA-BALS-NoMargin,499,76.55310621242485,2.80561122244489,20.64128256513026,0.0
202,1.0,50.0,0.5,DA-BALS-FixedMargin,499,74.34869739478958,1.2024048096192386,24.448897795591183,0.0
202,1.0,50.0,0.5,DA-BALS-Adaptive,499,74.14829659318637,1.8036072144288577,24.04809619238477,0.0
202,1.0,50.0,0.5,DA-BALS-Stabilized,499,76.35270541082164,2.2044088176352705,21.442885771543086,0.0
202,1.0,50.0,1.0,DA-BALS-NoMargin,499,72.74549098196393,6.613226452905812,20.64128256513026,0.0
202,1.0,50.0,1.0,DA-BALS-FixedMargin,499,71.34268537074149,4.208416833667335,24.448897795591183,0.0
202,1.0,50.0,1.0,DA-BALS-Adaptive,499,65.7314629258517,3.2064128256513023,31.062124248496993,0.0
202,1.0,50.0,1.0,DA-BALS-Stabilized,499,71.7434869739479,6.012024048096192,22.24448897795591,0.0
202,1.2,0.0,0.0,DA-BALS-NoMargin,605,70.24793388429752,1.1570247933884297,28.595041322314053,0.0
202,1.2,0.0,0.0,DA-BALS-FixedMargin,605,68.09917355371901,0.3305785123966942,31.5702479338843,0.0
202,1.2,0.0,0.0,DA-BALS-Adaptive,605,68.09917355371901,1.1570247933884297,30.74380165289256,0.0
202,1.2,0.0,0.0,DA-BALS-Stabilized,605,69.75206611570248,1.1570247933884297,29.09090909090909,0.0
202,1.2,0.0,0.5,DA-BALS-NoMargin,605,68.09917355371901,3.3057851239669422,28.595041322314053,0.0
202,1.2,0.0,0.5,DA-BALS-FixedMargin,605,67.10743801652893,1.322314049586777,31.5702479338843,0.0
202,1.2,0.0,0.5,DA-BALS-Adaptive,605,68.09917355371901,0.9917355371900827,30.909090909090907,0.0
202,1.2,0.0,0.5,DA-BALS-Stabilized,605,68.09917355371901,2.644628099173554,29.256198347107436,0.0
202,1.2,0.0,1.0,DA-BALS-NoMargin,605,66.11570247933885,5.289256198347108,28.595041322314053,0.0
202,1.2,0.0,1.0,DA-BALS-FixedMargin,605,64.95867768595042,3.3057851239669422,31.735537190082646,0.0
202,1.2,0.0,1.0,DA-BALS-Adaptive,605,63.47107438016529,1.8181818181818181,34.710743801652896,0.0
202,1.2,0.0,1.0,DA-BALS-Stabilized,605,64.79338842975207,5.289256198347108,29.91735537190083,0.0
202,1.2,10.0,0.0,DA-BALS-NoMargin,605,70.24793388429752,1.1570247933884297,28.595041322314053,0.0
202,1.2,10.0,0.0,DA-BALS-FixedMargin,605,68.09917355371901,0.3305785123966942,31.5702479338843,0.0
202,1.2,10.0,0.0,DA-BALS-Adaptive,605,68.09917355371901,1.1570247933884297,30.74380165289256,0.0
202,1.2,10.0,0.0,DA-BALS-Stabilized,605,69.75206611570248,1.1570247933884297,29.09090909090909,0.0
202,1.2,10.0,0.5,DA-BALS-NoMargin,605,68.09917355371901,3.3057851239669422,28.595041322314053,0.0
202,1.2,10.0,0.5,DA-BALS-FixedMargin,605,67.10743801652893,1.322314049586777,31.5702479338843,0.0
202,1.2,10.0,0.5,DA-BALS-Adaptive,605,68.09917355371901,0.9917355371900827,30.909090909090907,0.0
202,1.2,10.0,0.5,DA-BALS-Stabilized,605,68.09917355371901,2.644628099173554,29.256198347107436,0.0
202,1.2,10.0,1.0,DA-BALS-NoMargin,605,66.11570247933885,5.289256198347108,28.595041322314053,0.0
202,1.2,10.0,1.0,DA-BALS-FixedMargin,605,64.79338842975207,3.6363636363636362,31.5702479338843,0.0
202,1.2,10.0,1.0,DA-BALS-Adaptive,605,63.63636363636363,1.8181818181818181,34.54545454545455,0.0
202,1.2,10.0,1.0,DA-BALS-Stabilized,605,64.95867768595042,5.12396694214876,29.91735537190083,0.0
202,1.2,50.0,0.0,DA-BALS-NoMargin,605,70.24793388429752,1.1570247933884297,28.595041322314053,0.0
202,1.2,50.0,0.0,DA-BALS-FixedMargin,605,68.09917355371901,0.3305785123966942,31.5702479338843,0.0
202,1.2,50.0,0.0,DA-BALS-Adaptive,605,68.09917355371901,1.1570247933884297,30.74380165289256,0.0
202,1.2,50.0,0.0,DA-BALS-Stabilized,605,69.75206611570248,1.1570247933884297,29.09090909090909,0.0
202,1.2,50.0,0.5,DA-BALS-NoMargin,605,68.09917355371901,3.3057851239669422,28.595041322314053,0.0
202,1.2,50.0,0.5,DA-BALS-FixedMargin,605,67.10743801652893,1.322314049586777,31.5702479338843,0.0
202,1.2,50.0,0.5,DA-BALS-Adaptive,605,68.09917355371901,0.9917355371900827,30.909090909090907,0.0
202,1.2,50.0,0.5,DA-BALS-Stabilized,605,68.09917355371901,2.644628099173554,29.256198347107436,0.0
202,1.2,50.0,1.0,DA-BALS-NoMargin,605,66.11570247933885,5.289256198347108,28.595041322314053,0.0
202,1.2,50.0,1.0,DA-BALS-FixedMargin,605,64.79338842975207,3.6363636363636362,31.5702479338843,0.0
202,1.2,50.0,1.0,DA-BALS-Adaptive,605,63.63636363636363,1.8181818181818181,34.54545454545455,0.0
202,1.2,50.0,1.0,DA-BALS-Stabilized,605,64.95867768595042,5.12396694214876,29.91735537190083,0.0
203,0.2,0.0,0.0,DA-BALS-NoMargin,102,94.11764705882352,0.9803921568627451,4.901960784313726,0.0
203,0.2,0.0,0.0,DA-BALS-FixedMargin,102,88.23529411764706,0.0,11.76470588235294,0.0
203,0.2,0.0,0.0,DA-BALS-Adaptive,102,93.13725490196079,0.9803921568627451,5.88235294117647,0.0
203,0.2,0.0,0.0,DA-BALS-Stabilized,102,94.11764705882352,0.9803921568627451,4.901960784313726,0.0
203,0.2,0.0,0.5,DA-BALS-NoMargin,102,93.13725490196079,1.9607843137254901,4.901960784313726,0.0
203,0.2,0.0,0.5,DA-BALS-FixedMargin,102,88.23529411764706,0.0,11.76470588235294,0.0
203,0.2,0.0,0.5,DA-BALS-Adaptive,102,91.17647058823529,0.0,8.823529411764707,0.0
203,0.2,0.0,0.5,DA-BALS-Stabilized,102,93.13725490196079,1.9607843137254901,4.901960784313726,0.0
203,0.2,0.0,1.0,DA-BALS-NoMargin,102,90.19607843137256,4.901960784313726,4.901960784313726,0.0
203,0.2,0.0,1.0,DA-BALS-FixedMargin,102,86.27450980392157,1.9607843137254901,11.76470588235294,0.0
203,0.2,0.0,1.0,DA-BALS-Adaptive,102,89.2156862745098,2.941176470588235,7.8431372549019605,0.0
203,0.2,0.0,1.0,DA-BALS-Stabilized,102,90.19607843137256,3.9215686274509802,5.88235294117647,0.0
203,0.2,10.0,0.0,DA-BALS-NoMargin,102,94.11764705882352,0.9803921568627451,4.901960784313726,0.0
203,0.2,10.0,0.0,DA-BALS-FixedMargin,102,88.23529411764706,0.0,11.76470588235294,0.0
203,0.2,10.0,0.0,DA-BALS-Adaptive,102,93.13725490196079,0.9803921568627451,5.88235294117647,0.0
203,0.2,10.0,0.0,DA-BALS-Stabilized,102,94.11764705882352,0.9803921568627451,4.901960784313726,0.0
203,0.2,10.0,0.5,DA-BALS-NoMargin,102,93.13725490196079,1.9607843137254901,4.901960784313726,0.0
203,0.2,10.0,0.5,DA-BALS-FixedMargin,102,88.23529411764706,0.0,11.76470588235294,0.0
203,0.2,10.0,0.5,DA-BALS-Adaptive,102,91.17647058823529,0.0,8.823529411764707,0.0
203,0.2,10.0,0.5,DA-BALS-Stabilized,102,93.13725490196079,1.9607843137254901,4.901960784313726,0.0
203,0.2,10.0,1.0,DA-BALS-NoMargin,102,90.19607843137256,4.901960784313726,4.901960784313726,0.0
203,0.2,10.0,1.0,DA-BALS-FixedMargin,102,86.27450980392157,1.9607843137254901,11.76470588235294,0.0
203,0.2,10.0,1.0,DA-BALS-Adaptive,102,89.2156862745098,2.941176470588235,7.8431372549019605,0.0
203,0.2,10.0,1.0,DA-BALS-Stabilized,102,90.19607843137256,3.9215686274509802,5.88235294117647,0.0
203,0.2,50.0,0.0,DA-BALS-NoMargin,102,94.11764705882352,0.9803921568627451,4.901960784313726,0.0
203,0.2,50.0,0.0,DA-BALS-FixedMargin,102,88.23529411764706,0.0,11.76470588235294,0.0
203,0.2,50.0,0.0,DA-BALS-Adaptive,102,93.13725490196079,0.9803921568627451,5.88235294117647,0.0
203,0.2,50.0,0.0,DA-BALS-Stabilized,102,94.11764705882352,0.9803921568627451,4.901960784313726,0.0
203,0.2,50.0,0.5,DA-BALS-NoMargin,102,93.13725490196079,1.9607843137254901,4.901960784313726,0.0
203,0.2,50.0,0.5,DA-BALS-FixedMargin,102,88.23529411764706,0.0,11.76470588235294,0.0
203,0.2,50.0,0.5,DA-BALS-Adaptive,102,91.17647058823529,0.0,8.823529411764707,0.0
203,0.2,50.0,0.5,DA-BALS-Stabilized,102,93.13725490196079,1.9607843137254901,4.901960784313726,0.0
203,0.2,50.0,1.0,DA-BALS-NoMargin,102,90.19607843137256,4.901960784313726,4.901960784313726,0.0
203,0.2,50.0,1.0,DA-BALS-FixedMargin,102,86.27450980392157,1.9607843137254901,11.76470588235294,0.0
203,0.2,50.0,1.0,DA-BALS-Adaptive,102,89.2156862745098,2.941176470588235,7.8431372549019605,0.0
203,0.2,50.0,1.0,DA-BALS-Stabilized,102,90.19607843137256,3.9215686274509802,5.88235294117647,0.0
203,0.4,0.0,0.0,DA-BALS-NoMargin,177,93.22033898305084,0.5649717514124294,6.214689265536723,0.0
203,0.4,0.0,0.0,DA-BALS-FixedMargin,177,89.26553672316385,0.5649717514124294,10.16949152542373,0.0
203,0.4,0.0,0.0,DA-BALS-Adaptive,177,90.96045197740112,0.5649717514124294,8.47457627118644,0.0
203,0.4,0.0,0.0,DA-BALS-Stabilized,177,93.22033898305084,0.5649717514124294,6.214689265536723,0.0
203,0.4,0.0,0.5,DA-BALS-NoMargin,177,92.65536723163842,1.1299435028248588,6.214689265536723,0.0
203,0.4,0.0,0.5,DA-BALS-FixedMargin,177,88.70056497175142,1.1299435028248588,10.16949152542373,0.0
203,0.4,0.0,0.5,DA-BALS-Adaptive,177,90.96045197740112,1.1299435028248588,7.909604519774012,0.0
203,0.4,0.0,0.5,DA-BALS-Stabilized,177,92.65536723163842,1.1299435028248588,6.214689265536723,0.0
203,0.4,0.0,1.0,DA-BALS-NoMargin,177,92.09039548022598,1.694915254237288,6.214689265536723,0.0
203,0.4,0.0,1.0,DA-BALS-FixedMargin,177,88.70056497175142,1.1299435028248588,10.16949152542373,0.0
203,0.4,0.0,1.0,DA-BALS-Adaptive,177,90.96045197740112,1.1299435028248588,7.909604519774012,0.0
203,0.4,0.0,1.0,DA-BALS-Stabilized,177,92.09039548022598,1.694915254237288,6.214689265536723,0.0
203,0.4,10.0,0.0,DA-BALS-NoMargin,177,93.22033898305084,0.5649717514124294,6.214689265536723,0.0
203,0.4,10.0,0.0,DA-BALS-FixedMargin,177,89.26553672316385,0.5649717514124294,10.16949152542373,0.0
203,0.4,10.0,0.0,DA-BALS-Adaptive,177,90.96045197740112,0.5649717514124294,8.47457627118644,0.0
203,0.4,10.0,0.0,DA-BALS-Stabilized,177,93.22033898305084,0.5649717514124294,6.214689265536723,0.0
203,0.4,10.0,0.5,DA-BALS-NoMargin,177,92.65536723163842,1.1299435028248588,6.214689265536723,0.0
203,0.4,10.0,0.5,DA-BALS-FixedMargin,177,88.70056497175142,1.1299435028248588,10.16949152542373,0.0
203,0.4,10.0,0.5,DA-BALS-Adaptive,177,90.96045197740112,1.1299435028248588,7.909604519774012,0.0
203,0.4,10.0,0.5,DA-BALS-Stabilized,177,92.65536723163842,1.1299435028248588,6.214689265536723,0.0
203,0.4,10.0,1.0,DA-BALS-NoMargin,177,92.09039548022598,1.694915254237288,6.214689265536723,0.0
203,0.4,10.0,1.0,DA-BALS-FixedMargin,177,88.70056497175142,1.1299435028248588,10.16949152542373,0.0
203,0.4,10.0,1.0,DA-BALS-Adaptive,177,90.96045197740112,1.1299435028248588,7.909604519774012,0.0
203,0.4,10.0,1.0,DA-BALS-Stabilized,177,92.09039548022598,1.694915254237288,6.214689265536723,0.0
203,0.4,50.0,0.0,DA-BALS-NoMargin,177,93.22033898305084,0.5649717514124294,6.214689265536723,0.0
203,0.4,50.0,0.0,DA-BALS-FixedMargin,177,89.26553672316385,0.5649717514124294,10.16949152542373,0.0
203,0.4,50.0,0.0,DA-BALS-Adaptive,177,90.96045197740112,0.5649717514124294,8.47457627118644,0.0
203,0.4,50.0,0.0,DA-BALS-Stabilized,177,93.22033898305084,0.5649717514124294,6.214689265536723,0.0
203,0.4,50.0,0.5,DA-BALS-NoMargin,177,92.65536723163842,1.1299435028248588,6.214689265536723,0.0
203,0.4,50.0,0.5,DA-BALS-FixedMargin,177,88.70056497175142,1.1299435028248588,10.16949152542373,0.0
203,0.4,50.0,0.5,DA-BALS-Adaptive,177,90.96045197740112,1.1299435028248588,7.909604519774012,0.0
203,0.4,50.0,0.5,DA-BALS-Stabilized,177,92.65536723163842,1.1299435028248588,6.214689265536723,0.0
203,0.4,50.0,1.0,DA-BALS-NoMargin,177,92.09039548022598,1.694915254237288,6.214689265536723,0.0
203,0.4,50.0,1.0,DA-BALS-FixedMargin,177,88.70056497175142,1.1299435028248588,10.16949152542373,0.0
203,0.4,50.0,1.0,DA-BALS-Adaptive,177,88.70056497175142,1.1299435028248588,10.16949152542373,0.0
203,0.4,50.0,1.0,DA-BALS-Stabilized,177,92.09039548022598,1.694915254237288,6.214689265536723,0.0
203,0.6,0.0,0.0,DA-BALS-NoMargin,306,87.58169934640523,0.0,12.418300653594772,0.0
203,0.6,0.0,0.0,DA-BALS-FixedMargin,306,84.640522875817,0.0,15.359477124183007,0.0
203,0.6,0.0,0.0,DA-BALS-Adaptive,306,87.58169934640523,0.0,12.418300653594772,0.0
203,0.6,0.0,0.0,DA-BALS-Stabilized,306,87.58169934640523,0.0,12.418300653594772,0.0
203,0.6,0.0,0.5,DA-BALS-NoMargin,306,86.9281045751634,0.6535947712418301,12.418300653594772,0.0
203,0.6,0.0,0.5,DA-BALS-FixedMargin,306,84.31372549019608,0.32679738562091504,15.359477124183007,0.0
203,0.6,0.0,0.5,DA-BALS-Adaptive,306,85.94771241830065,0.6535947712418301,13.398692810457517,0.0
203,0.6,0.0,0.5,DA-BALS-Stabilized,306,86.9281045751634,0.6535947712418301,12.418300653594772,0.0
203,0.6,0.0,1.0,DA-BALS-NoMargin,306,85.94771241830065,1.6339869281045754,12.418300653594772,0.0
203,0.6,0.0,1.0,DA-BALS-FixedMargin,306,83.66013071895425,0.9803921568627451,15.359477124183007,0.0
203,0.6,0.0,1.0,DA-BALS-Adaptive,306,83.33333333333334,1.3071895424836601,15.359477124183007,0.0
203,0.6,0.0,1.0,DA-BALS-Stabilized,306,85.94771241830065,1.6339869281045754,12.418300653594772,0.0
203,0.6,10.0,0.0,DA-BALS-NoMargin,306,87.58169934640523,0.0,12.418300653594772,0.0
203,0.6,10.0,0.0,DA-BALS-FixedMargin,306,84.640522875817,0.0,15.359477124183007,0.0
203,0.6,10.0,0.0,DA-BALS-Adaptive,306,87.58169934640523,0.0,12.418300653594772,0.0
203,0.6,10.0,0.0,DA-BALS-Stabilized,306,87.58169934640523,0.0,12.418300653594772,0.0
203,0.6,10.0,0.5,DA-BALS-NoMargin,306,86.9281045751634,0.6535947712418301,12.418300653594772,0.0
203,0.6,10.0,0.5,DA-BALS-FixedMargin,306,84.31372549019608,0.32679738562091504,15.359477124183007,0.0
203,0.6,10.0,0.5,DA-BALS-Adaptive,306,85.94771241830065,0.6535947712418301,13.398692810457517,0.0
203,0.6,10.0,0.5,DA-BALS-Stabilized,306,86.9281045751634,0.6535947712418301,12.418300653594772,0.0
203,0.6,10.0,1.0,DA-BALS-NoMargin,306,85.94771241830065,1.6339869281045754,12.418300653594772,0.0
203,0.6,10.0,1.0,DA-BALS-FixedMargin,306,83.66013071895425,0.9803921568627451,15.359477124183007,0.0
203,0.6,10.0,1.0,DA-BALS-Adaptive,306,82.02614379084967,0.9803921568627451,16.99346405228758,0.0
203,0.6,10.0,1.0,DA-BALS-Stabilized,306,85.94771241830065,1.6339869281045754,12.418300653594772,0.0
203,0.6,50.0,0.0,DA-BALS-NoMargin,306,87.58169934640523,0.0,12.418300653594772,0.0
203,0.6,50.0,0.0,DA-BALS-FixedMargin,306,84.640522875817,0.0,15.359477124183007,0.0
203,0.6,50.0,0.0,DA-BALS-Adaptive,306,87.58169934640523,0.0,12.418300653594772,0.0
203,0.6,50.0,0.0,DA-BALS-Stabilized,306,87.58169934640523,0.0,12.418300653594772,0.0
203,0.6,50.0,0.5,DA-BALS-NoMargin,306,86.9281045751634,0.6535947712418301,12.418300653594772,0.0
203,0.6,50.0,0.5,DA-BALS-FixedMargin,306,84.31372549019608,0.32679738562091504,15.359477124183007,0.0
203,0.6,50.0,0.5,DA-BALS-Adaptive,306,85.94771241830065,0.6535947712418301,13.398692810457517,0.0
203,0.6,50.0,0.5,DA-BALS-Stabilized,306,86.9281045751634,0.6535947712418301,12.418300653594772,0.0
203,0.6,50.0,1.0,DA-BALS-NoMargin,306,85.94771241830065,1.6339869281045754,12.418300653594772,0.0
203,0.6,50.0,1.0,DA-BALS-FixedMargin,306,83.66013071895425,0.9803921568627451,15.359477124183007,0.0
203,0.6,50.0,1.0,DA-BALS-Adaptive,306,82.02614379084967,0.9803921568627451,16.99346405228758,0.0
203,0.6,50.0,1.0,DA-BALS-Stabilized,306,85.94771241830065,1.6339869281045754,12.418300653594772,0.0
203,0.8,0.0,0.0,DA-BALS-NoMargin,405,84.69135802469135,0.7407407407407408,14.5679012345679,0.0
203,0.8,0.0,0.0,DA-BALS-FixedMargin,405,82.22222222222221,0.24691358024691357,17.530864197530864,0.0
203,0.8,0.0,0.0,DA-BALS-Adaptive,405,84.93827160493828,0.49382716049382713,14.5679012345679,0.0
203,0.8,0.0,0.0,DA-BALS-Stabilized,405,84.69135802469135,0.7407407407407408,14.5679012345679,0.0
203,0.8,0.0,0.5,DA-BALS-NoMargin,405,82.96296296296296,2.4691358024691357,14.5679012345679,0.0
203,0.8,0.0,0.5,DA-BALS-FixedMargin,405,81.48148148148148,0.9876543209876543,17.530864197530864,0.0
203,0.8,0.0,0.5,DA-BALS-Adaptive,405,82.22222222222221,1.4814814814814816,16.296296296296298,0.0
203,0.8,0.0,0.5,DA-BALS-Stabilized,405,82.96296296296296,2.4691358024691357,14.5679012345679,0.0
203,0.8,0.0,1.0,DA-BALS-NoMargin,405,80.98765432098766,3.7037037037037033,15.308641975308642,0.0
203,0.8,0.0,1.0,DA-BALS-FixedMargin,405,79.75308641975309,1.9753086419753085,18.271604938271604,0.0
203,0.8,0.0,1.0,DA-BALS-Adaptive,405,76.04938271604938,2.2222222222222223,21.728395061728396,0.0
203,0.8,0.0,1.0,DA-BALS-Stabilized,405,80.98765432098766,3.7037037037037033,15.308641975308642,0.0
203,0.8,10.0,0.0,DA-BALS-NoMargin,405,84.69135802469135,0.7407407407407408,14.5679012345679,0.0
203,0.8,10.0,0.0,DA-BALS-FixedMargin,405,82.22222222222221,0.24691358024691357,17.530864197530864,0.0
203,0.8,10.0,0.0,DA-BALS-Adaptive,405,84.93827160493828,0.49382716049382713,14.5679012345679,0.0
203,0.8,10.0,0.0,DA-BALS-Stabilized,405,84.69135802469135,0.7407407407407408,14.5679012345679,0.0
203,0.8,10.0,0.5,DA-BALS-NoMargin,405,82.96296296296296,2.4691358024691357,14.5679012345679,0.0
203,0.8,10.0,0.5,DA-BALS-FixedMargin,405,81.48148148148148,0.9876543209876543,17.530864197530864,0.0
203,0.8,10.0,0.5,DA-BALS-Adaptive,405,82.22222222222221,1.4814814814814816,16.296296296296298,0.0
203,0.8,10.0,0.5,DA-BALS-Stabilized,405,82.96296296296296,2.4691358024691357,14.5679012345679,0.0
203,0.8,10.0,1.0,DA-BALS-NoMargin,405,80.49382716049382,4.444444444444445,15.06172839506173,0.0
203,0.8,10.0,1.0,DA-BALS-FixedMargin,405,79.25925925925927,2.7160493827160495,18.02469135802469,0.0
203,0.8,10.0,1.0,DA-BALS-Adaptive,405,77.03703703703704,2.2222222222222223,20.74074074074074,0.0
203,0.8,10.0,1.0,DA-BALS-Stabilized,405,80.74074074074075,4.197530864197531,15.06172839506173,0.0
203,0.8,50.0,0.0,DA-BALS-NoMargin,405,84.69135802469135,0.7407407407407408,14.5679012345679,0.0
203,0.8,50.0,0.0,DA-BALS-FixedMargin,405,82.22222222222221,0.24691358024691357,17.530864197530864,0.0
203,0.8,50.0,0.0,DA-BALS-Adaptive,405,84.93827160493828,0.49382716049382713,14.5679012345679,0.0
203,0.8,50.0,0.0,DA-BALS-Stabilized,405,84.69135802469135,0.7407407407407408,14.5679012345679,0.0
203,0.8,50.0,0.5,DA-BALS-NoMargin,405,82.96296296296296,2.4691358024691357,14.5679012345679,0.0
203,0.8,50.0,0.5,DA-BALS-FixedMargin,405,81.48148148148148,0.9876543209876543,17.530864197530864,0.0
203,0.8,50.0,0.5,DA-BALS-Adaptive,405,82.22222222222221,1.4814814814814816,16.296296296296298,0.0
203,0.8,50.0,0.5,DA-BALS-Stabilized,405,82.96296296296296,2.4691358024691357,14.5679012345679,0.0
203,0.8,50.0,1.0,DA-BALS-NoMargin,405,80.24691358024691,5.185185185185185,14.5679012345679,0.0
203,0.8,50.0,1.0,DA-BALS-FixedMargin,405,79.50617283950618,2.9629629629629632,17.530864197530864,0.0
203,0.8,50.0,1.0,DA-BALS-Adaptive,405,76.29629629629629,2.4691358024691357,21.23456790123457,0.0
203,0.8,50.0,1.0,DA-BALS-Stabilized,405,80.24691358024691,4.938271604938271,14.814814814814813,0.0
203,1.0,0.0,0.0,DA-BALS-NoMargin,499,76.35270541082164,1.2024048096192386,22.44488977955912,0.0
203,1.0,0.0,0.0,DA-BALS-FixedMargin,499,73.94789579158316,0.2004008016032064,25.851703406813627,0.0
203,1.0,0.0,0.0,DA-BALS-Adaptive,499,75.35070140280561,0.8016032064128256,23.847695390781563,0.0
203,1.0,0.0,0.0,DA-BALS-Stabilized,499,76.15230460921843,1.002004008016032,22.84569138276553,0.0
203,1.0,0.0,0.5,DA-BALS-NoMargin,499,75.1503006012024,2.404809619238477,22.44488977955912,0.0
203,1.0,0.0,0.5,DA-BALS-FixedMargin,499,73.54709418837675,0.4008016032064128,26.052104208416832,0.0
203,1.0,0.0,0.5,DA-BALS-Adaptive,499,73.54709418837675,1.402805611222445,25.0501002004008,0.0
203,1.0,0.0,0.5,DA-BALS-Stabilized,499,74.9498997995992,2.2044088176352705,22.84569138276553,0.0
203,1.0,0.0,1.0,DA-BALS-NoMargin,499,73.74749498997996,3.807615230460922,22.44488977955912,0.0
203,1.0,0.0,1.0,DA-BALS-FixedMargin,499,72.34468937875751,1.6032064128256511,26.052104208416832,0.0
203,1.0,0.0,1.0,DA-BALS-Adaptive,499,71.9438877755511,1.2024048096192386,26.853707414829657,0.0
203,1.0,0.0,1.0,DA-BALS-Stabilized,499,73.74749498997996,2.80561122244489,23.446893787575153,0.0
203,1.0,10.0,0.0,DA-BALS-NoMargin,499,76.35270541082164,1.402805611222445,22.24448897795591,0.0
203,1.0,10.0,0.0,DA-BALS-FixedMargin,499,73.94789579158316,0.2004008016032064,25.851703406813627,0.0
203,1.0,10.0,0.0,DA-BALS-Adaptive,499,75.35070140280561,0.8016032064128256,23.847695390781563,0.0
203,1.0,10.0,0.0,DA-BALS-Stabilized,499,76.15230460921843,1.2024048096192386,22.645290581162325,0.0
203,1.0,10.0,0.5,DA-BALS-NoMargin,499,75.1503006012024,2.6052104208416833,22.24448897795591,0.0
203,1.0,10.0,0.5,DA-BALS-FixedMargin,499,73.54709418837675,0.6012024048096193,25.851703406813627,0.0
203,1.0,10.0,0.5,DA-BALS-Adaptive,499,73.74749498997996,1.6032064128256511,24.649298597194388,0.0
203,1.0,10.0,0.5,DA-BALS-Stabilized,499,74.9498997995992,2.2044088176352705,22.84569138276553,0.0
203,1.0,10.0,1.0,DA-BALS-NoMargin,499,73.74749498997996,3.807615230460922,22.44488977955912,0.0
203,1.0,10.0,1.0,DA-BALS-FixedMargin,499,72.34468937875751,1.8036072144288577,25.851703406813627,0.0
203,1.0,10.0,1.0,DA-BALS-Adaptive,499,72.34468937875751,1.402805611222445,26.252505010020037,0.0
203,1.0,10.0,1.0,DA-BALS-Stabilized,499,73.74749498997996,3.006012024048096,23.246492985971944,0.0
203,1.0,50.0,0.0,DA-BALS-NoMargin,499,76.35270541082164,1.402805611222445,22.24448897795591,0.0
203,1.0,50.0,0.0,DA-BALS-FixedMargin,499,73.94789579158316,0.2004008016032064,25.851703406813627,0.0
203,1.0,50.0,0.0,DA-BALS-Adaptive,499,75.35070140280561,0.8016032064128256,23.847695390781563,0.0
203,1.0,50.0,0.0,DA-BALS-Stabilized,499,76.15230460921843,1.2024048096192386,22.645290581162325,0.0
203,1.0,50.0,0.5,DA-BALS-NoMargin,499,75.1503006012024,2.6052104208416833,22.24448897795591,0.0
203,1.0,50.0,0.5,DA-BALS-FixedMargin,499,73.54709418837675,0.6012024048096193,25.851703406813627,0.0
203,1.0,50.0,0.5,DA-BALS-Adaptive,499,73.74749498997996,1.6032064128256511,24.649298597194388,0.0
203,1.0,50.0,0.5,DA-BALS-Stabilized,499,74.9498997995992,2.2044088176352705,22.84569138276553,0.0
203,1.0,50.0,1.0,DA-BALS-NoMargin,499,73.74749498997996,4.008016032064128,22.24448897795591,0.0
203,1.0,50.0,1.0,DA-BALS-FixedMargin,499,72.34468937875751,1.8036072144288577,25.851703406813627,0.0
203,1.0,50.0,1.0,DA-BALS-Adaptive,499,72.34468937875751,1.402805611222445,26.252505010020037,0.0
203,1.0,50.0,1.0,DA-BALS-Stabilized,499,73.74749498997996,3.2064128256513023,23.04609218436874,0.0
203,1.2,0.0,0.0,DA-BALS-NoMargin,631,72.74167987321711,0.6339144215530903,26.62440570522979,0.0
203,1.2,0.0,0.0,DA-BALS-FixedMargin,631,70.36450079239303,0.0,29.635499207606976,0.0
203,1.2,0.0,0.0,DA-BALS-Adaptive,631,71.94928684627575,0.31695721077654515,27.733755942947703,0.0
203,1.2,0.0,0.0,DA-BALS-Stabilized,631,72.74167987321711,0.4754358161648178,26.782884310618066,0.0
203,1.2,0.0,0.5,DA-BALS-NoMargin,631,70.68145800316957,2.694136291600634,26.62440570522979,0.0
203,1.2,0.0,0.5,DA-BALS-FixedMargin,631,69.4136291600634,0.9508716323296356,29.635499207606976,0.0
203,1.2,0.0,0.5,DA-BALS-Adaptive,631,69.57210776545166,1.109350237717908,29.318541996830426,0.0
203,1.2,0.0,0.5,DA-BALS-Stabilized,631,70.68145800316957,2.3771790808240887,26.94136291600634,0.0
203,1.2,0.0,1.0,DA-BALS-NoMargin,631,67.98732171156894,5.229793977812995,26.782884310618066,0.0
203,1.2,0.0,1.0,DA-BALS-FixedMargin,631,67.0364500792393,3.328050713153724,29.635499207606976,0.0
203,1.2,0.0,1.0,DA-BALS-Adaptive,631,65.2931854199683,2.694136291600634,32.01267828843106,0.0
203,1.2,0.0,1.0,DA-BALS-Stabilized,631,68.77971473851031,3.9619651347068143,27.258320126782888,0.0
203,1.2,10.0,0.0,DA-BALS-NoMargin,631,72.74167987321711,0.6339144215530903,26.62440570522979,0.0
203,1.2,10.0,0.0,DA-BALS-FixedMargin,631,70.36450079239303,0.0,29.635499207606976,0.0
203,1.2,10.0,0.0,DA-BALS-Adaptive,631,71.94928684627575,0.31695721077654515,27.733755942947703,0.0
203,1.2,10.0,0.0,DA-BALS-Stabilized,631,72.74167987321711,0.4754358161648178,26.782884310618066,0.0
203,1.2,10.0,0.5,DA-BALS-NoMargin,631,70.68145800316957,2.694136291600634,26.62440570522979,0.0
203,1.2,10.0,0.5,DA-BALS-FixedMargin,631,69.4136291600634,0.9508716323296356,29.635499207606976,0.0
203,1.2,10.0,0.5,DA-BALS-Adaptive,631,69.57210776545166,1.109350237717908,29.318541996830426,0.0
203,1.2,10.0,0.5,DA-BALS-Stabilized,631,70.68145800316957,2.3771790808240887,26.94136291600634,0.0
203,1.2,10.0,1.0,DA-BALS-NoMargin,631,67.98732171156894,5.388272583201268,26.62440570522979,0.0
203,1.2,10.0,1.0,DA-BALS-FixedMargin,631,67.0364500792393,3.328050713153724,29.635499207606976,0.0
203,1.2,10.0,1.0,DA-BALS-Adaptive,631,65.45166402535658,2.8526148969889067,31.695721077654515,0.0
203,1.2,10.0,1.0,DA-BALS-Stabilized,631,68.77971473851031,4.120443740095087,27.099841521394612,0.0
203,1.2,50.0,0.0,DA-BALS-NoMargin,631,72.74167987321711,0.6339144215530903,26.62440570522979,0.0
203,1.2,50.0,0.0,DA-BALS-FixedMargin,631,70.36450079239303,0.0,29.635499207606976,0.0
203,1.2,50.0,0.0,DA-BALS-Adaptive,631,71.94928684627575,0.31695721077654515,27.733755942947703,0.0
203,1.2,50.0,0.0,DA-BALS-Stabilized,631,72.74167987321711,0.4754358161648178,26.782884310618066,0.0
203,1.2,50.0,0.5,DA-BALS-NoMargin,631,70.68145800316957,2.694136291600634,26.62440570522979,0.0
203,1.2,50.0,0.5,DA-BALS-FixedMargin,631,69.4136291600634,0.9508716323296356,29.635499207606976,0.0
203,1.2,50.0,0.5,DA-BALS-Adaptive,631,69.57210776545166,1.109350237717908,29.318541996830426,0.0
203,1.2,50.0,0.5,DA-BALS-Stabilized,631,70.68145800316957,2.3771790808240887,26.94136291600634,0.0
203,1.2,50.0,1.0,DA-BALS-NoMargin,631,67.98732171156894,5.388272583201268,26.62440570522979,0.0
203,1.2,50.0,1.0,DA-BALS-FixedMargin,631,67.0364500792393,3.328050713153724,29.635499207606976,0.0
203,1.2,50.0,1.0,DA-BALS-Adaptive,631,65.45166402535658,2.8526148969889067,31.695721077654515,0.0
203,1.2,50.0,1.0,DA-BALS-Stabilized,631,68.77971473851031,4.120443740095087,27.099841521394612,0.0
204,0.2,0.0,0.0,DA-BALS-NoMargin,101,99.00990099009901,0.0,0.9900990099009901,0.0
204,0.2,0.0,0.0,DA-BALS-FixedMargin,101,94.05940594059405,0.0,5.9405940594059405,0.0
204,0.2,0.0,0.0,DA-BALS-Adaptive,101,98.01980198019803,0.0,1.9801980198019802,0.0
204,0.2,0.0,0.0,DA-BALS-Stabilized,101,99.00990099009901,0.0,0.9900990099009901,0.0
204,0.2,0.0,0.5,DA-BALS-NoMargin,101,98.01980198019803,0.9900990099009901,0.9900990099009901,0.0
204,0.2,0.0,0.5,DA-BALS-FixedMargin,101,94.05940594059405,0.0,5.9405940594059405,0.0
204,0.2,0.0,0.5,DA-BALS-Adaptive,101,96.03960396039604,0.9900990099009901,2.9702970297029703,0.0
204,0.2,0.0,0.5,DA-BALS-Stabilized,101,97.02970297029702,0.9900990099009901,1.9801980198019802,0.0
204,0.2,0.0,1.0,DA-BALS-NoMargin,101,95.04950495049505,2.9702970297029703,1.9801980198019802,0.0
204,0.2,0.0,1.0,DA-BALS-FixedMargin,101,93.06930693069307,0.9900990099009901,5.9405940594059405,0.0
204,0.2,0.0,1.0,DA-BALS-Adaptive,101,88.11881188118812,1.9801980198019802,9.900990099009901,0.0
204,0.2,0.0,1.0,DA-BALS-Stabilized,101,95.04950495049505,2.9702970297029703,1.9801980198019802,0.0
204,0.2,10.0,0.0,DA-BALS-NoMargin,101,99.00990099009901,0.0,0.9900990099009901,0.0
204,0.2,10.0,0.0,DA-BALS-FixedMargin,101,94.05940594059405,0.0,5.9405940594059405,0.0
204,0.2,10.0,0.0,DA-BALS-Adaptive,101,98.01980198019803,0.0,1.9801980198019802,0.0
204,0.2,10.0,0.0,DA-BALS-Stabilized,101,99.00990099009901,0.0,0.9900990099009901,0.0
204,0.2,10.0,0.5,DA-BALS-NoMargin,101,98.01980198019803,0.9900990099009901,0.9900990099009901,0.0
204,0.2,10.0,0.5,DA-BALS-FixedMargin,101,94.05940594059405,0.0,5.9405940594059405,0.0
204,0.2,10.0,0.5,DA-BALS-Adaptive,101,96.03960396039604,0.9900990099009901,2.9702970297029703,0.0
204,0.2,10.0,0.5,DA-BALS-Stabilized,101,97.02970297029702,0.9900990099009901,1.9801980198019802,0.0
204,0.2,10.0,1.0,DA-BALS-NoMargin,101,96.03960396039604,2.9702970297029703,0.9900990099009901,0.0
204,0.2,10.0,1.0,DA-BALS-FixedMargin,101,93.06930693069307,0.9900990099009901,5.9405940594059405,0.0
204,0.2,10.0,1.0,DA-BALS-Adaptive,101,88.11881188118812,1.9801980198019802,9.900990099009901,0.0
204,0.2,10.0,1.0,DA-BALS-Stabilized,101,95.04950495049505,2.9702970297029703,1.9801980198019802,0.0
204,0.2,50.0,0.0,DA-BALS-NoMargin,101,99.00990099009901,0.0,0.9900990099009901,0.0
204,0.2,50.0,0.0,DA-BALS-FixedMargin,101,94.05940594059405,0.0,5.9405940594059405,0.0
204,0.2,50.0,0.0,DA-BALS-Adaptive,101,98.01980198019803,0.0,1.9801980198019802,0.0
204,0.2,50.0,0.0,DA-BALS-Stabilized,101,99.00990099009901,0.0,0.9900990099009901,0.0
204,0.2,50.0,0.5,DA-BALS-NoMargin,101,98.01980198019803,0.9900990099009901,0.9900990099009901,0.0
204,0.2,50.0,0.5,DA-BALS-FixedMargin,101,94.05940594059405,0.0,5.9405940594059405,0.0
204,0.2,50.0,0.5,DA-BALS-Adaptive,101,96.03960396039604,0.9900990099009901,2.9702970297029703,0.0
204,0.2,50.0,0.5,DA-BALS-Stabilized,101,97.02970297029702,0.9900990099009901,1.9801980198019802,0.0
204,0.2,50.0,1.0,DA-BALS-NoMargin,101,96.03960396039604,2.9702970297029703,0.9900990099009901,0.0
204,0.2,50.0,1.0,DA-BALS-FixedMargin,101,93.06930693069307,0.9900990099009901,5.9405940594059405,0.0
204,0.2,50.0,1.0,DA-BALS-Adaptive,101,90.0990099009901,1.9801980198019802,7.920792079207921,0.0
204,0.2,50.0,1.0,DA-BALS-Stabilized,101,95.04950495049505,2.9702970297029703,1.9801980198019802,0.0
204,0.4,0.0,0.0,DA-BALS-NoMargin,199,94.47236180904522,0.5025125628140703,5.025125628140704,0.0
204,0.4,0.0,0.0,DA-BALS-FixedMargin,199,91.95979899497488,0.0,8.040201005025125,0.0
204,0.4,0.0,0.0,DA-BALS-Adaptive,199,93.46733668341709,0.5025125628140703,6.030150753768844,0.0
204,0.4,0.0,0.0,DA-BALS-Stabilized,199,93.96984924623115,0.5025125628140703,5.527638190954774,0.0
204,0.4,0.0,0.5,DA-BALS-NoMargin,199,93.96984924623115,1.0050251256281406,5.025125628140704,0.0
204,0.4,0.0,0.5,DA-BALS-FixedMargin,199,91.95979899497488,0.0,8.040201005025125,0.0
204,0.4,0.0,0.5,DA-BALS-Adaptive,199,92.96482412060301,0.0,7.035175879396985,0.0
204,0.4,0.0,0.5,DA-BALS-Stabilized,199,93.96984924623115,0.5025125628140703,5.527638190954774,0.0
204,0.4,0.0,1.0,DA-BALS-NoMargin,199,92.46231155778895,2.512562814070352,5.025125628140704,0.0
204,0.4,0.0,1.0,DA-BALS-FixedMargin,199,90.45226130653266,1.507537688442211,8.040201005025125,0.0
204,0.4,0.0,1.0,DA-BALS-Adaptive,199,90.95477386934674,1.507537688442211,7.537688442211055,0.0
204,0.4,0.0,1.0,DA-BALS-Stabilized,199,92.46231155778895,2.0100502512562812,5.527638190954774,0.0
204,0.4,10.0,0.0,DA-BALS-NoMargin,199,94.47236180904522,0.5025125628140703,5.025125628140704,0.0
204,0.4,10.0,0.0,DA-BALS-FixedMargin,199,91.95979899497488,0.0,8.040201005025125,0.0
204,0.4,10.0,0.0,DA-BALS-Adaptive,199,93.46733668341709,0.5025125628140703,6.030150753768844,0.0
204,0.4,10.0,0.0,DA-BALS-Stabilized,199,93.96984924623115,0.5025125628140703,5.527638190954774,0.0
204,0.4,10.0,0.5,DA-BALS-NoMargin,199,93.96984924623115,1.0050251256281406,5.025125628140704,0.0
204,0.4,10.0,0.5,DA-BALS-FixedMargin,199,91.95979899497488,0.0,8.040201005025125,0.0
204,0.4,10.0,0.5,DA-BALS-Adaptive,199,92.96482412060301,0.0,7.035175879396985,0.0
204,0.4,10.0,0.5,DA-BALS-Stabilized,199,93.96984924623115,0.5025125628140703,5.527638190954774,0.0
204,0.4,10.0,1.0,DA-BALS-NoMargin,199,92.46231155778895,2.512562814070352,5.025125628140704,0.0
204,0.4,10.0,1.0,DA-BALS-FixedMargin,199,90.45226130653266,1.507537688442211,8.040201005025125,0.0
204,0.4,10.0,1.0,DA-BALS-Adaptive,199,90.95477386934674,1.507537688442211,7.537688442211055,0.0
204,0.4,10.0,1.0,DA-BALS-Stabilized,199,92.46231155778895,2.0100502512562812,5.527638190954774,0.0
204,0.4,50.0,0.0,DA-BALS-NoMargin,199,94.47236180904522,0.5025125628140703,5.025125628140704,0.0
204,0.4,50.0,0.0,DA-BALS-FixedMargin,199,91.95979899497488,0.0,8.040201005025125,0.0
204,0.4,50.0,0.0,DA-BALS-Adaptive,199,93.46733668341709,0.5025125628140703,6.030150753768844,0.0
204,0.4,50.0,0.0,DA-BALS-Stabilized,199,93.96984924623115,0.5025125628140703,5.527638190954774,0.0
204,0.4,50.0,0.5,DA-BALS-NoMargin,199,93.96984924623115,1.0050251256281406,5.025125628140704,0.0
204,0.4,50.0,0.5,DA-BALS-FixedMargin,199,91.95979899497488,0.0,8.040201005025125,0.0
204,0.4,50.0,0.5,DA-BALS-Adaptive,199,92.96482412060301,0.0,7.035175879396985,0.0
204,0.4,50.0,0.5,DA-BALS-Stabilized,199,93.96984924623115,0.5025125628140703,5.527638190954774,0.0
204,0.4,50.0,1.0,DA-BALS-NoMargin,199,92.46231155778895,2.512562814070352,5.025125628140704,0.0
204,0.4,50.0,1.0,DA-BALS-FixedMargin,199,90.45226130653266,1.507537688442211,8.040201005025125,0.0
204,0.4,50.0,1.0,DA-BALS-Adaptive,199,90.95477386934674,1.507537688442211,7.537688442211055,0.0
204,0.4,50.0,1.0,DA-BALS-Stabilized,199,92.46231155778895,2.0100502512562812,5.527638190954774,0.0
204,0.6,0.0,0.0,DA-BALS-NoMargin,310,89.6774193548387,0.3225806451612903,10.0,0.0
204,0.6,0.0,0.0,DA-BALS-FixedMargin,310,84.83870967741936,0.3225806451612903,14.838709677419354,0.0
204,0.6,0.0,0.0,DA-BALS-Adaptive,310,87.74193548387098,0.3225806451612903,11.935483870967742,0.0
204,0.6,0.0,0.0,DA-BALS-Stabilized,310,89.6774193548387,0.3225806451612903,10.0,0.0
204,0.6,0.0,0.5,DA-BALS-NoMargin,310,88.06451612903226,1.935483870967742,10.0,0.0
204,0.6,0.0,0.5,DA-BALS-FixedMargin,310,84.51612903225806,0.6451612903225806,14.838709677419354,0.0
204,0.6,0.0,0.5,DA-BALS-Adaptive,310,85.16129032258064,1.2903225806451613,13.548387096774196,0.0
204,0.6,0.0,0.5,DA-BALS-Stabilized,310,88.06451612903226,1.6129032258064515,10.32258064516129,0.0
204,0.6,0.0,1.0,DA-BALS-NoMargin,310,86.45161290322581,3.5483870967741935,10.0,0.0
204,0.6,0.0,1.0,DA-BALS-FixedMargin,310,83.22580645161291,1.2903225806451613,15.483870967741936,0.0
204,0.6,0.0,1.0,DA-BALS-Adaptive,310,80.3225806451613,2.5806451612903225,17.096774193548388,0.0
204,0.6,0.0,1.0,DA-BALS-Stabilized,310,85.80645161290322,3.225806451612903,10.967741935483872,0.0
204,0.6,10.0,0.0,DA-BALS-NoMargin,310,89.6774193548387,0.3225806451612903,10.0,0.0
204,0.6,10.0,0.0,DA-BALS-FixedMargin,310,84.83870967741936,0.3225806451612903,14.838709677419354,0.0
204,0.6,10.0,0.0,DA-BALS-Adaptive,310,87.74193548387098,0.3225806451612903,11.935483870967742,0.0
204,0.6,10.0,0.0,DA-BALS-Stabilized,310,89.6774193548387,0.3225806451612903,10.0,0.0
204,0.6,10.0,0.5,DA-BALS-NoMargin,310,88.06451612903226,1.935483870967742,10.0,0.0
204,0.6,10.0,0.5,DA-BALS-FixedMargin,310,84.51612903225806,0.6451612903225806,14.838709677419354,0.0
204,0.6,10.0,0.5,DA-BALS-Adaptive,310,85.16129032258064,1.2903225806451613,13.548387096774196,0.0
204,0.6,10.0,0.5,DA-BALS-Stabilized,310,88.06451612903226,1.6129032258064515,10.32258064516129,0.0
204,0.6,10.0,1.0,DA-BALS-NoMargin,310,86.45161290322581,3.5483870967741935,10.0,0.0
204,0.6,10.0,1.0,DA-BALS-FixedMargin,310,83.54838709677419,1.6129032258064515,14.838709677419354,0.0
204,0.6,10.0,1.0,DA-BALS-Adaptive,310,80.3225806451613,2.5806451612903225,17.096774193548388,0.0
204,0.6,10.0,1.0,DA-BALS-Stabilized,310,85.80645161290322,3.225806451612903,10.967741935483872,0.0
204,0.6,50.0,0.0,DA-BALS-NoMargin,310,89.6774193548387,0.3225806451612903,10.0,0.0
204,0.6,50.0,0.0,DA-BALS-FixedMargin,310,84.83870967741936,0.3225806451612903,14.838709677419354,0.0
204,0.6,50.0,0.0,DA-BALS-Adaptive,310,87.74193548387098,0.3225806451612903,11.935483870967742,0.0
204,0.6,50.0,0.0,DA-BALS-Stabilized,310,89.6774193548387,0.3225806451612903,10.0,0.0
204,0.6,50.0,0.5,DA-BALS-NoMargin,310,88.06451612903226,1.935483870967742,10.0,0.0
204,0.6,50.0,0.5,DA-BALS-FixedMargin,310,84.51612903225806,0.6451612903225806,14.838709677419354,0.0
204,0.6,50.0,0.5,DA-BALS-Adaptive,310,85.16129032258064,1.2903225806451613,13.548387096774196,0.0
204,0.6,50.0,0.5,DA-BALS-Stabilized,310,88.06451612903226,1.6129032258064515,10.32258064516129,0.0
204,0.6,50.0,1.0,DA-BALS-NoMargin,310,86.45161290322581,3.5483870967741935,10.0,0.0
204,0.6,50.0,1.0,DA-BALS-FixedMargin,310,83.54838709677419,1.6129032258064515,14.838709677419354,0.0
204,0.6,50.0,1.0,DA-BALS-Adaptive,310,80.3225806451613,2.5806451612903225,17.096774193548388,0.0
204,0.6,50.0,1.0,DA-BALS-Stabilized,310,85.80645161290322,3.225806451612903,10.967741935483872,0.0
204,0.8,0.0,0.0,DA-BALS-NoMargin,406,85.71428571428571,0.9852216748768473,13.30049261083744,0.0
204,0.8,0.0,0.0,DA-BALS-FixedMargin,406,81.5270935960591,0.24630541871921183,18.226600985221676,0.0
204,0.8,0.0,0.0,DA-BALS-Adaptive,406,84.72906403940887,0.9852216748768473,14.285714285714285,0.0
204,0.8,0.0,0.0,DA-BALS-Stabilized,406,85.4679802955665,0.9852216748768473,13.546798029556651,0.0
204,0.8,0.0,0.5,DA-BALS-NoMargin,406,85.22167487684729,1.477832512315271,13.30049261083744,0.0
204,0.8,0.0,0.5,DA-BALS-FixedMargin,406,80.54187192118226,1.2315270935960592,18.226600985221676,0.0
204,0.8,0.0,0.5,DA-BALS-Adaptive,406,83.00492610837439,1.2315270935960592,15.763546798029557,0.0
204,0.8,0.0,0.5,DA-BALS-Stabilized,406,85.22167487684729,1.477832512315271,13.30049261083744,0.0
204,0.8,0.0,1.0,DA-BALS-NoMargin,406,83.2512315270936,3.4482758620689653,13.30049261083744,0.0
204,0.8,0.0,1.0,DA-BALS-FixedMargin,406,78.81773399014779,2.4630541871921183,18.7192118226601,0.0
204,0.8,0.0,1.0,DA-BALS-Adaptive,406,78.81773399014779,1.9704433497536946,19.21182266009852,0.0
204,0.8,0.0,1.0,DA-BALS-Stabilized,406,83.00492610837439,2.70935960591133,14.285714285714285,0.0
204,0.8,10.0,0.0,DA-BALS-NoMargin,406,85.4679802955665,1.2315270935960592,13.30049261083744,0.0
204,0.8,10.0,0.0,DA-BALS-FixedMargin,406,81.2807881773399,0.49261083743842365,18.226600985221676,0.0
204,0.8,10.0,0.0,DA-BALS-Adaptive,406,84.72906403940887,1.2315270935960592,14.039408866995073,0.0
204,0.8,10.0,0.0,DA-BALS-Stabilized,406,85.4679802955665,1.2315270935960592,13.30049261083744,0.0
204,0.8,10.0,0.5,DA-BALS-NoMargin,406,84.97536945812809,1.7241379310344827,13.30049261083744,0.0
204,0.8,10.0,0.5,DA-BALS-FixedMargin,406,80.29556650246306,1.477832512315271,18.226600985221676,0.0
204,0.8,10.0,0.5,DA-BALS-Adaptive,406,83.2512315270936,1.2315270935960592,15.517241379310345,0.0
204,0.8,10.0,0.5,DA-BALS-Stabilized,406,84.97536945812809,1.7241379310344827,13.30049261083744,0.0
204,0.8,10.0,1.0,DA-BALS-NoMargin,406,83.2512315270936,3.4482758620689653,13.30049261083744,0.0
204,0.8,10.0,1.0,DA-BALS-FixedMargin,406,78.81773399014779,2.955665024630542,18.226600985221676,0.0
204,0.8,10.0,1.0,DA-BALS-Adaptive,406,79.55665024630541,1.7241379310344827,18.7192118226601,0.0
204,0.8,10.0,1.0,DA-BALS-Stabilized,406,82.51231527093597,3.4482758620689653,14.039408866995073,0.0
204,0.8,50.0,0.0,DA-BALS-NoMargin,406,85.4679802955665,1.2315270935960592,13.30049261083744,0.0
204,0.8,50.0,0.0,DA-BALS-FixedMargin,406,81.2807881773399,0.49261083743842365,18.226600985221676,0.0
204,0.8,50.0,0.0,DA-BALS-Adaptive,406,84.72906403940887,1.2315270935960592,14.039408866995073,0.0
204,0.8,50.0,0.0,DA-BALS-Stabilized,406,85.4679802955665,1.2315270935960592,13.30049261083744,0.0
204,0.8,50.0,0.5,DA-BALS-NoMargin,406,84.97536945812809,1.7241379310344827,13.30049261083744,0.0
204,0.8,50.0,0.5,DA-BALS-FixedMargin,406,80.29556650246306,1.477832512315271,18.226600985221676,0.0
204,0.8,50.0,0.5,DA-BALS-Adaptive,406,83.2512315270936,1.2315270935960592,15.517241379310345,0.0
204,0.8,50.0,0.5,DA-BALS-Stabilized,406,84.97536945812809,1.7241379310344827,13.30049261083744,0.0
204,0.8,50.0,1.0,DA-BALS-NoMargin,406,83.2512315270936,3.4482758620689653,13.30049261083744,0.0
204,0.8,50.0,1.0,DA-BALS-FixedMargin,406,78.81773399014779,2.955665024630542,18.226600985221676,0.0
204,0.8,50.0,1.0,DA-BALS-Adaptive,406,79.55665024630541,1.7241379310344827,18.7192118226601,0.0
204,0.8,50.0,1.0,DA-BALS-Stabilized,406,82.51231527093597,3.4482758620689653,14.039408866995073,0.0
204,1.0,0.0,0.0,DA-BALS-NoMargin,504,79.96031746031747,0.7936507936507936,19.246031746031747,0.0
204,1.0,0.0,0.0,DA-BALS-FixedMargin,504,76.5873015873016,0.0,23.41269841269841,0.0
204,1.0,0.0,0.0,DA-BALS-Adaptive,504,78.96825396825396,0.5952380952380952,20.436507936507937,0.0
204,1.0,0.0,0.0,DA-BALS-Stabilized,504,79.76190476190477,0.7936507936507936,19.444444444444446,0.0
204,1.0,0.0,0.5,DA-BALS-NoMargin,504,79.96031746031747,0.7936507936507936,19.246031746031747,0.0
204,1.0,0.0,0.5,DA-BALS-FixedMargin,504,76.38888888888889,0.1984126984126984,23.41269841269841,0.0
204,1.0,0.0,0.5,DA-BALS-Adaptive,504,78.57142857142857,0.1984126984126984,21.23015873015873,0.0
204,1.0,0.0,0.5,DA-BALS-Stabilized,504,79.76190476190477,0.7936507936507936,19.444444444444446,0.0
204,1.0,0.0,1.0,DA-BALS-NoMargin,504,78.57142857142857,2.1825396825396823,19.246031746031747,0.0
204,1.0,0.0,1.0,DA-BALS-FixedMargin,504,76.19047619047619,0.3968253968253968,23.41269841269841,0.0
204,1.0,0.0,1.0,DA-BALS-Adaptive,504,76.5873015873016,0.992063492063492,22.42063492063492,0.0
204,1.0,0.0,1.0,DA-BALS-Stabilized,504,78.37301587301587,1.984126984126984,19.642857142857142,0.0
204,1.0,10.0,0.0,DA-BALS-NoMargin,504,79.96031746031747,0.7936507936507936,19.246031746031747,0.0
204,1.0,10.0,0.0,DA-BALS-FixedMargin,504,76.5873015873016,0.0,23.41269841269841,0.0
204,1.0,10.0,0.0,DA-BALS-Adaptive,504,78.96825396825396,0.5952380952380952,20.436507936507937,0.0
204,1.0,10.0,0.0,DA-BALS-Stabilized,504,79.76190476190477,0.7936507936507936,19.444444444444446,0.0
204,1.0,10.0,0.5,DA-BALS-NoMargin,504,79.96031746031747,0.7936507936507936,19.246031746031747,0.0
204,1.0,10.0,0.5,DA-BALS-FixedMargin,504,76.38888888888889,0.1984126984126984,23.41269841269841,0.0
204,1.0,10.0,0.5,DA-BALS-Adaptive,504,78.57142857142857,0.1984126984126984,21.23015873015873,0.0
204,1.0,10.0,0.5,DA-BALS-Stabilized,504,79.76190476190477,0.7936507936507936,19.444444444444446,0.0
204,1.0,10.0,1.0,DA-BALS-NoMargin,504,78.57142857142857,2.1825396825396823,19.246031746031747,0.0
204,1.0,10.0,1.0,DA-BALS-FixedMargin,504,76.19047619047619,0.3968253968253968,23.41269841269841,0.0
204,1.0,10.0,1.0,DA-BALS-Adaptive,504,76.5873015873016,0.992063492063492,22.42063492063492,0.0
204,1.0,10.0,1.0,DA-BALS-Stabilized,504,78.37301587301587,1.984126984126984,19.642857142857142,0.0
204,1.0,50.0,0.0,DA-BALS-NoMargin,504,79.96031746031747,0.7936507936507936,19.246031746031747,0.0
204,1.0,50.0,0.0,DA-BALS-FixedMargin,504,76.5873015873016,0.0,23.41269841269841,0.0
204,1.0,50.0,0.0,DA-BALS-Adaptive,504,78.96825396825396,0.5952380952380952,20.436507936507937,0.0
204,1.0,50.0,0.0,DA-BALS-Stabilized,504,79.76190476190477,0.7936507936507936,19.444444444444446,0.0
204,1.0,50.0,0.5,DA-BALS-NoMargin,504,79.96031746031747,0.7936507936507936,19.246031746031747,0.0
204,1.0,50.0,0.5,DA-BALS-FixedMargin,504,76.38888888888889,0.1984126984126984,23.41269841269841,0.0
204,1.0,50.0,0.5,DA-BALS-Adaptive,504,78.57142857142857,0.1984126984126984,21.23015873015873,0.0
204,1.0,50.0,0.5,DA-BALS-Stabilized,504,79.76190476190477,0.7936507936507936,19.444444444444446,0.0
204,1.0,50.0,1.0,DA-BALS-NoMargin,504,78.57142857142857,2.1825396825396823,19.246031746031747,0.0
204,1.0,50.0,1.0,DA-BALS-FixedMargin,504,76.19047619047619,0.3968253968253968,23.41269841269841,0.0
204,1.0,50.0,1.0,DA-BALS-Adaptive,504,76.5873015873016,0.992063492063492,22.42063492063492,0.0
204,1.0,50.0,1.0,DA-BALS-Stabilized,504,78.37301587301587,1.984126984126984,19.642857142857142,0.0
204,1.2,0.0,0.0,DA-BALS-NoMargin,585,72.47863247863248,1.1965811965811968,26.324786324786327,0.0
204,1.2,0.0,0.0,DA-BALS-FixedMargin,585,70.25641025641025,0.0,29.743589743589745,0.0
204,1.2,0.0,0.0,DA-BALS-Adaptive,585,72.3076923076923,0.3418803418803419,27.350427350427353,0.0
204,1.2,0.0,0.0,DA-BALS-Stabilized,585,72.82051282051282,0.17094017094017094,27.00854700854701,0.0
204,1.2,0.0,0.5,DA-BALS-NoMargin,585,70.76923076923077,2.905982905982906,26.324786324786327,0.0
204,1.2,0.0,0.5,DA-BALS-FixedMargin,585,69.74358974358974,0.5128205128205128,29.743589743589745,0.0
204,1.2,0.0,0.5,DA-BALS-Adaptive,585,70.08547008547008,1.1965811965811968,28.717948717948715,0.0
204,1.2,0.0,0.5,DA-BALS-Stabilized,585,70.76923076923077,2.2222222222222223,27.00854700854701,0.0
204,1.2,0.0,1.0,DA-BALS-NoMargin,585,66.15384615384615,6.837606837606838,27.00854700854701,0.0
204,1.2,0.0,1.0,DA-BALS-FixedMargin,585,66.32478632478632,2.905982905982906,30.76923076923077,0.0
204,1.2,0.0,1.0,DA-BALS-Adaptive,585,64.61538461538461,2.735042735042735,32.64957264957265,0.0
204,1.2,0.0,1.0,DA-BALS-Stabilized,585,66.49572649572649,4.786324786324787,28.717948717948715,0.0
204,1.2,10.0,0.0,DA-BALS-NoMargin,585,72.47863247863248,1.1965811965811968,26.324786324786327,0.0
204,1.2,10.0,0.0,DA-BALS-FixedMargin,585,70.25641025641025,0.0,29.743589743589745,0.0
204,1.2,10.0,0.0,DA-BALS-Adaptive,585,72.3076923076923,0.3418803418803419,27.350427350427353,0.0
204,1.2,10.0,0.0,DA-BALS-Stabilized,585,72.82051282051282,0.17094017094017094,27.00854700854701,0.0
204,1.2,10.0,0.5,DA-BALS-NoMargin,585,70.76923076923077,2.905982905982906,26.324786324786327,0.0
204,1.2,10.0,0.5,DA-BALS-FixedMargin,585,69.74358974358974,0.5128205128205128,29.743589743589745,0.0
204,1.2,10.0,0.5,DA-BALS-Adaptive,585,70.08547008547008,1.1965811965811968,28.717948717948715,0.0
204,1.2,10.0,0.5,DA-BALS-Stabilized,585,70.76923076923077,2.2222222222222223,27.00854700854701,0.0
204,1.2,10.0,1.0,DA-BALS-NoMargin,585,65.98290598290598,7.0085470085470085,27.00854700854701,0.0
204,1.2,10.0,1.0,DA-BALS-FixedMargin,585,66.49572649572649,3.076923076923077,30.427350427350426,0.0
204,1.2,10.0,1.0,DA-BALS-Adaptive,585,64.78632478632478,2.3931623931623935,32.82051282051282,0.0
204,1.2,10.0,1.0,DA-BALS-Stabilized,585,66.49572649572649,5.128205128205128,28.376068376068375,0.0
204,1.2,50.0,0.0,DA-BALS-NoMargin,585,72.47863247863248,1.1965811965811968,26.324786324786327,0.0
204,1.2,50.0,0.0,DA-BALS-FixedMargin,585,70.25641025641025,0.0,29.743589743589745,0.0
204,1.2,50.0,0.0,DA-BALS-Adaptive,585,72.3076923076923,0.3418803418803419,27.350427350427353,0.0
204,1.2,50.0,0.0,DA-BALS-Stabilized,585,72.82051282051282,0.17094017094017094,27.00854700854701,0.0
204,1.2,50.0,0.5,DA-BALS-NoMargin,585,70.76923076923077,2.905982905982906,26.324786324786327,0.0
204,1.2,50.0,0.5,DA-BALS-FixedMargin,585,69.74358974358974,0.5128205128205128,29.743589743589745,0.0
204,1.2,50.0,0.5,DA-BALS-Adaptive,585,70.08547008547008,1.1965811965811968,28.717948717948715,0.0
204,1.2,50.0,0.5,DA-BALS-Stabilized,585,70.76923076923077,2.2222222222222223,27.00854700854701,0.0
204,1.2,50.0,1.0,DA-BALS-NoMargin,585,65.47008547008546,8.205128205128204,26.324786324786327,0.0
204,1.2,50.0,1.0,DA-BALS-FixedMargin,585,65.12820512820512,5.128205128205128,29.743589743589745,0.0
204,1.2,50.0,1.0,DA-BALS-Adaptive,585,61.36752136752137,3.7606837606837606,34.87179487179487,0.0
204,1.2,50.0,1.0,DA-BALS-Stabilized,585,64.95726495726495,6.666666666666667,28.376068376068375,0.0
205,0.2,0.0,0.0,DA-BALS-NoMargin,111,95.4954954954955,0.9009009009009009,3.6036036036036037,0.0
205,0.2,0.0,0.0,DA-BALS-FixedMargin,111,88.28828828828829,0.0,11.711711711711711,0.0
205,0.2,0.0,0.0,DA-BALS-Adaptive,111,94.5945945945946,0.9009009009009009,4.504504504504505,0.0
205,0.2,0.0,0.0,DA-BALS-Stabilized,111,95.4954954954955,0.9009009009009009,3.6036036036036037,0.0
205,0.2,0.0,0.5,DA-BALS-NoMargin,111,93.69369369369369,2.7027027027027026,3.6036036036036037,0.0
205,0.2,0.0,0.5,DA-BALS-FixedMargin,111,87.38738738738738,0.9009009009009009,11.711711711711711,0.0
205,0.2,0.0,0.5,DA-BALS-Adaptive,111,88.28828828828829,1.8018018018018018,9.90990990990991,0.0
205,0.2,0.0,0.5,DA-BALS-Stabilized,111,92.7927927927928,2.7027027027027026,4.504504504504505,0.0
205,0.2,0.0,1.0,DA-BALS-NoMargin,111,90.09009009009009,6.306306306306306,3.6036036036036037,0.0
205,0.2,0.0,1.0,DA-BALS-FixedMargin,111,85.58558558558559,2.7027027027027026,11.711711711711711,0.0
205,0.2,0.0,1.0,DA-BALS-Adaptive,111,82.88288288288288,1.8018018018018018,15.315315315315313,0.0
205,0.2,0.0,1.0,DA-BALS-Stabilized,111,89.1891891891892,6.306306306306306,4.504504504504505,0.0
205,0.2,10.0,0.0,DA-BALS-NoMargin,111,95.4954954954955,0.9009009009009009,3.6036036036036037,0.0
205,0.2,10.0,0.0,DA-BALS-FixedMargin,111,88.28828828828829,0.0,11.711711711711711,0.0
205,0.2,10.0,0.0,DA-BALS-Adaptive,111,94.5945945945946,0.9009009009009009,4.504504504504505,0.0
205,0.2,10.0,0.0,DA-BALS-Stabilized,111,95.4954954954955,0.9009009009009009,3.6036036036036037,0.0
205,0.2,10.0,0.5,DA-BALS-NoMargin,111,93.69369369369369,2.7027027027027026,3.6036036036036037,0.0
205,0.2,10.0,0.5,DA-BALS-FixedMargin,111,87.38738738738738,0.9009009009009009,11.711711711711711,0.0
205,0.2,10.0,0.5,DA-BALS-Adaptive,111,88.28828828828829,1.8018018018018018,9.90990990990991,0.0
205,0.2,10.0,0.5,DA-BALS-Stabilized,111,92.7927927927928,2.7027027027027026,4.504504504504505,0.0
205,0.2,10.0,1.0,DA-BALS-NoMargin,111,90.09009009009009,6.306306306306306,3.6036036036036037,0.0
205,0.2,10.0,1.0,DA-BALS-FixedMargin,111,85.58558558558559,2.7027027027027026,11.711711711711711,0.0
205,0.2,10.0,1.0,DA-BALS-Adaptive,111,82.88288288288288,1.8018018018018018,15.315315315315313,0.0
205,0.2,10.0,1.0,DA-BALS-Stabilized,111,89.1891891891892,6.306306306306306,4.504504504504505,0.0
205,0.2,50.0,0.0,DA-BALS-NoMargin,111,95.4954954954955,0.9009009009009009,3.6036036036036037,0.0
205,0.2,50.0,0.0,DA-BALS-FixedMargin,111,88.28828828828829,0.0,11.711711711711711,0.0
205,0.2,50.0,0.0,DA-BALS-Adaptive,111,94.5945945945946,0.9009009009009009,4.504504504504505,0.0
205,0.2,50.0,0.0,DA-BALS-Stabilized,111,95.4954954954955,0.9009009009009009,3.6036036036036037,0.0
205,0.2,50.0,0.5,DA-BALS-NoMargin,111,93.69369369369369,2.7027027027027026,3.6036036036036037,0.0
205,0.2,50.0,0.5,DA-BALS-FixedMargin,111,87.38738738738738,0.9009009009009009,11.711711711711711,0.0
205,0.2,50.0,0.5,DA-BALS-Adaptive,111,88.28828828828829,1.8018018018018018,9.90990990990991,0.0
205,0.2,50.0,0.5,DA-BALS-Stabilized,111,92.7927927927928,2.7027027027027026,4.504504504504505,0.0
205,0.2,50.0,1.0,DA-BALS-NoMargin,111,90.09009009009009,6.306306306306306,3.6036036036036037,0.0
205,0.2,50.0,1.0,DA-BALS-FixedMargin,111,85.58558558558559,2.7027027027027026,11.711711711711711,0.0
205,0.2,50.0,1.0,DA-BALS-Adaptive,111,82.88288288288288,1.8018018018018018,15.315315315315313,0.0
205,0.2,50.0,1.0,DA-BALS-Stabilized,111,89.1891891891892,6.306306306306306,4.504504504504505,0.0
205,0.4,0.0,0.0,DA-BALS-NoMargin,204,93.62745098039215,0.0,6.372549019607843,0.0
205,0.4,0.0,0.0,DA-BALS-FixedMargin,204,89.70588235294117,0.0,10.294117647058822,0.0
205,0.4,0.0,0.0,DA-BALS-Adaptive,204,93.62745098039215,0.0,6.372549019607843,0.0
205,0.4,0.0,0.0,DA-BALS-Stabilized,204,93.62745098039215,0.0,6.372549019607843,0.0
205,0.4,0.0,0.5,DA-BALS-NoMargin,204,92.15686274509804,1.4705882352941175,6.372549019607843,0.0
205,0.4,0.0,0.5,DA-BALS-FixedMargin,204,89.70588235294117,0.0,10.294117647058822,0.0
205,0.4,0.0,0.5,DA-BALS-Adaptive,204,89.70588235294117,0.0,10.294117647058822,0.0
205,0.4,0.0,0.5,DA-BALS-Stabilized,204,92.15686274509804,1.4705882352941175,6.372549019607843,0.0
205,0.4,0.0,1.0,DA-BALS-NoMargin,204,89.2156862745098,4.411764705882353,6.372549019607843,0.0
205,0.4,0.0,1.0,DA-BALS-FixedMargin,204,86.27450980392157,3.431372549019608,10.294117647058822,0.0
205,0.4,0.0,1.0,DA-BALS-Adaptive,204,80.3921568627451,3.431372549019608,16.176470588235293,0.0
205,0.4,0.0,1.0,DA-BALS-Stabilized,204,88.23529411764706,4.411764705882353,7.352941176470589,0.0
205,0.4,10.0,0.0,DA-BALS-NoMargin,204,93.62745098039215,0.0,6.372549019607843,0.0
205,0.4,10.0,0.0,DA-BALS-FixedMargin,204,89.70588235294117,0.0,10.294117647058822,0.0
205,0.4,10.0,0.0,DA-BALS-Adaptive,204,93.62745098039215,0.0,6.372549019607843,0.0
205,0.4,10.0,0.0,DA-BALS-Stabilized,204,93.62745098039215,0.0,6.372549019607843,0.0
205,0.4,10.0,0.5,DA-BALS-NoMargin,204,92.15686274509804,1.4705882352941175,6.372549019607843,0.0
205,0.4,10.0,0.5,DA-BALS-FixedMargin,204,89.70588235294117,0.0,10.294117647058822,0.0
205,0.4,10.0,0.5,DA-BALS-Adaptive,204,89.70588235294117,0.0,10.294117647058822,0.0
205,0.4,10.0,0.5,DA-BALS-Stabilized,204,92.15686274509804,1.4705882352941175,6.372549019607843,0.0
205,0.4,10.0,1.0,DA-BALS-NoMargin,204,89.2156862745098,4.411764705882353,6.372549019607843,0.0
205,0.4,10.0,1.0,DA-BALS-FixedMargin,204,86.27450980392157,3.431372549019608,10.294117647058822,0.0
205,0.4,10.0,1.0,DA-BALS-Adaptive,204,80.3921568627451,3.431372549019608,16.176470588235293,0.0
205,0.4,10.0,1.0,DA-BALS-Stabilized,204,87.74509803921569,4.411764705882353,7.8431372549019605,0.0
205,0.4,50.0,0.0,DA-BALS-NoMargin,204,93.62745098039215,0.0,6.372549019607843,0.0
205,0.4,50.0,0.0,DA-BALS-FixedMargin,204,89.70588235294117,0.0,10.294117647058822,0.0
205,0.4,50.0,0.0,DA-BALS-Adaptive,204,93.62745098039215,0.0,6.372549019607843,0.0
205,0.4,50.0,0.0,DA-BALS-Stabilized,204,93.62745098039215,0.0,6.372549019607843,0.0
205,0.4,50.0,0.5,DA-BALS-NoMargin,204,92.15686274509804,1.4705882352941175,6.372549019607843,0.0
205,0.4,50.0,0.5,DA-BALS-FixedMargin,204,89.70588235294117,0.0,10.294117647058822,0.0
205,0.4,50.0,0.5,DA-BALS-Adaptive,204,89.70588235294117,0.0,10.294117647058822,0.0
205,0.4,50.0,0.5,DA-BALS-Stabilized,204,92.15686274509804,1.4705882352941175,6.372549019607843,0.0
205,0.4,50.0,1.0,DA-BALS-NoMargin,204,89.2156862745098,4.411764705882353,6.372549019607843,0.0
205,0.4,50.0,1.0,DA-BALS-FixedMargin,204,86.27450980392157,3.431372549019608,10.294117647058822,0.0
205,0.4,50.0,1.0,DA-BALS-Adaptive,204,78.92156862745098,3.431372549019608,17.647058823529413,0.0
205,0.4,50.0,1.0,DA-BALS-Stabilized,204,87.74509803921569,4.411764705882353,7.8431372549019605,0.0
205,0.6,0.0,0.0,DA-BALS-NoMargin,308,88.96103896103897,0.974025974025974,10.064935064935066,0.0
205,0.6,0.0,0.0,DA-BALS-FixedMargin,308,84.74025974025975,0.0,15.259740259740258,0.0
205,0.6,0.0,0.0,DA-BALS-Adaptive,308,87.01298701298701,0.3246753246753247,12.662337662337661,0.0
205,0.6,0.0,0.0,DA-BALS-Stabilized,308,88.63636363636364,0.974025974025974,10.38961038961039,0.0
205,0.6,0.0,0.5,DA-BALS-NoMargin,308,88.63636363636364,1.2987012987012987,10.064935064935066,0.0
205,0.6,0.0,0.5,DA-BALS-FixedMargin,308,84.74025974025975,0.0,15.259740259740258,0.0
205,0.6,0.0,0.5,DA-BALS-Adaptive,308,86.68831168831169,0.6493506493506493,12.662337662337661,0.0
205,0.6,0.0,0.5,DA-BALS-Stabilized,308,87.98701298701299,1.2987012987012987,10.714285714285714,0.0
205,0.6,0.0,1.0,DA-BALS-NoMargin,308,87.33766233766234,2.5974025974025974,10.064935064935066,0.0
205,0.6,0.0,1.0,DA-BALS-FixedMargin,308,83.44155844155844,1.2987012987012987,15.259740259740258,0.0
205,0.6,0.0,1.0,DA-BALS-Adaptive,308,82.46753246753246,2.272727272727273,15.259740259740258,0.0
205,0.6,0.0,1.0,DA-BALS-Stabilized,308,86.68831168831169,2.5974025974025974,10.714285714285714,0.0
205,0.6,10.0,0.0,DA-BALS-NoMargin,308,88.96103896103897,0.974025974025974,10.064935064935066,0.0
205,0.6,10.0,0.0,DA-BALS-FixedMargin,308,84.74025974025975,0.0,15.259740259740258,0.0
205,0.6,10.0,0.0,DA-BALS-Adaptive,308,87.01298701298701,0.3246753246753247,12.662337662337661,0.0
205,0.6,10.0,0.0,DA-BALS-Stabilized,308,88.63636363636364,0.974025974025974,10.38961038961039,0.0
205,0.6,10.0,0.5,DA-BALS-NoMargin,308,88.63636363636364,1.2987012987012987,10.064935064935066,0.0
205,0.6,10.0,0.5,DA-BALS-FixedMargin,308,84.74025974025975,0.0,15.259740259740258,0.0
205,0.6,10.0,0.5,DA-BALS-Adaptive,308,86.68831168831169,0.6493506493506493,12.662337662337661,0.0
205,0.6,10.0,0.5,DA-BALS-Stabilized,308,87.98701298701299,1.2987012987012987,10.714285714285714,0.0
205,0.6,10.0,1.0,DA-BALS-NoMargin,308,87.33766233766234,2.5974025974025974,10.064935064935066,0.0
205,0.6,10.0,1.0,DA-BALS-FixedMargin,308,83.44155844155844,1.2987012987012987,15.259740259740258,0.0
205,0.6,10.0,1.0,DA-BALS-Adaptive,308,82.46753246753246,1.948051948051948,15.584415584415584,0.0
205,0.6,10.0,1.0,DA-BALS-Stabilized,308,86.68831168831169,2.5974025974025974,10.714285714285714,0.0
205,0.6,50.0,0.0,DA-BALS-NoMargin,308,88.96103896103897,0.974025974025974,10.064935064935066,0.0
205,0.6,50.0,0.0,DA-BALS-FixedMargin,308,84.74025974025975,0.0,15.259740259740258,0.0
205,0.6,50.0,0.0,DA-BALS-Adaptive,308,87.01298701298701,0.3246753246753247,12.662337662337661,0.0
205,0.6,50.0,0.0,DA-BALS-Stabilized,308,88.63636363636364,0.974025974025974,10.38961038961039,0.0
205,0.6,50.0,0.5,DA-BALS-NoMargin,308,88.63636363636364,1.2987012987012987,10.064935064935066,0.0
205,0.6,50.0,0.5,DA-BALS-FixedMargin,308,84.74025974025975,0.0,15.259740259740258,0.0
205,0.6,50.0,0.5,DA-BALS-Adaptive,308,86.68831168831169,0.6493506493506493,12.662337662337661,0.0
205,0.6,50.0,0.5,DA-BALS-Stabilized,308,87.98701298701299,1.2987012987012987,10.714285714285714,0.0
205,0.6,50.0,1.0,DA-BALS-NoMargin,308,87.33766233766234,2.5974025974025974,10.064935064935066,0.0
205,0.6,50.0,1.0,DA-BALS-FixedMargin,308,83.44155844155844,1.2987012987012987,15.259740259740258,0.0
205,0.6,50.0,1.0,DA-BALS-Adaptive,308,82.46753246753246,1.948051948051948,15.584415584415584,0.0
205,0.6,50.0,1.0,DA-BALS-Stabilized,308,86.68831168831169,2.5974025974025974,10.714285714285714,0.0
205,0.8,0.0,0.0,DA-BALS-NoMargin,377,87.0026525198939,0.7957559681697612,12.20159151193634,0.0
205,0.8,0.0,0.0,DA-BALS-FixedMargin,377,81.9628647214854,0.5305039787798408,17.50663129973475,0.0
205,0.8,0.0,0.0,DA-BALS-Adaptive,377,85.14588859416446,0.5305039787798408,14.323607427055704,0.0
205,0.8,0.0,0.0,DA-BALS-Stabilized,377,86.73740053050398,0.7957559681697612,12.46684350132626,0.0
205,0.8,0.0,0.5,DA-BALS-NoMargin,377,86.47214854111405,1.3262599469496021,12.20159151193634,0.0
205,0.8,0.0,0.5,DA-BALS-FixedMargin,377,82.22811671087533,0.2652519893899204,17.50663129973475,0.0
205,0.8,0.0,0.5,DA-BALS-Adaptive,377,84.61538461538461,0.2652519893899204,15.119363395225463,0.0
205,0.8,0.0,0.5,DA-BALS-Stabilized,377,86.20689655172413,1.0610079575596816,12.73209549071618,0.0
205,0.8,0.0,1.0,DA-BALS-NoMargin,377,85.14588859416446,2.3872679045092835,12.46684350132626,0.0
205,0.8,0.0,1.0,DA-BALS-FixedMargin,377,80.90185676392572,1.3262599469496021,17.771883289124666,0.0
205,0.8,0.0,1.0,DA-BALS-Adaptive,377,81.16710875331566,1.0610079575596816,17.771883289124666,0.0
205,0.8,0.0,1.0,DA-BALS-Stabilized,377,84.61538461538461,2.122015915119363,13.262599469496022,0.0
205,0.8,10.0,0.0,DA-BALS-NoMargin,377,87.0026525198939,0.7957559681697612,12.20159151193634,0.0
205,0.8,10.0,0.0,DA-BALS-FixedMargin,377,81.9628647214854,0.5305039787798408,17.50663129973475,0.0
205,0.8,10.0,0.0,DA-BALS-Adaptive,377,85.14588859416446,0.5305039787798408,14.323607427055704,0.0
205,0.8,10.0,0.0,DA-BALS-Stabilized,377,86.73740053050398,0.7957559681697612,12.46684350132626,0.0
205,0.8,10.0,0.5,DA-BALS-NoMargin,377,86.47214854111405,1.3262599469496021,12.20159151193634,0.0
205,0.8,10.0,0.5,DA-BALS-FixedMargin,377,82.22811671087533,0.2652519893899204,17.50663129973475,0.0
205,0.8,10.0,0.5,DA-BALS-Adaptive,377,84.61538461538461,0.2652519893899204,15.119363395225463,0.0
205,0.8,10.0,0.5,DA-BALS-Stabilized,377,86.20689655172413,1.0610079575596816,12.73209549071618,0.0
205,0.8,10.0,1.0,DA-BALS-NoMargin,377,85.14588859416446,2.6525198938992043,12.20159151193634,0.0
205,0.8,10.0,1.0,DA-BALS-FixedMargin,377,80.90185676392572,1.5915119363395225,17.50663129973475,0.0
205,0.8,10.0,1.0,DA-BALS-Adaptive,377,79.57559681697613,1.3262599469496021,19.098143236074268,0.0
205,0.8,10.0,1.0,DA-BALS-Stabilized,377,84.61538461538461,2.3872679045092835,12.9973474801061,0.0
205,0.8,50.0,0.0,DA-BALS-NoMargin,377,87.0026525198939,0.7957559681697612,12.20159151193634,0.0
205,0.8,50.0,0.0,DA-BALS-FixedMargin,377,81.9628647214854,0.5305039787798408,17.50663129973475,0.0
205,0.8,50.0,0.0,DA-BALS-Adaptive,377,85.14588859416446,0.5305039787798408,14.323607427055704,0.0
205,0.8,50.0,0.0,DA-BALS-Stabilized,377,86.73740053050398,0.7957559681697612,12.46684350132626,0.0
205,0.8,50.0,0.5,DA-BALS-NoMargin,377,86.47214854111405,1.3262599469496021,12.20159151193634,0.0
205,0.8,50.0,0.5,DA-BALS-FixedMargin,377,82.22811671087533,0.2652519893899204,17.50663129973475,0.0
205,0.8,50.0,0.5,DA-BALS-Adaptive,377,84.61538461538461,0.2652519893899204,15.119363395225463,0.0
205,0.8,50.0,0.5,DA-BALS-Stabilized,377,86.20689655172413,1.0610079575596816,12.73209549071618,0.0
205,0.8,50.0,1.0,DA-BALS-NoMargin,377,85.14588859416446,2.6525198938992043,12.20159151193634,0.0
205,0.8,50.0,1.0,DA-BALS-FixedMargin,377,80.90185676392572,1.5915119363395225,17.50663129973475,0.0
205,0.8,50.0,1.0,DA-BALS-Adaptive,377,79.57559681697613,1.3262599469496021,19.098143236074268,0.0
205,0.8,50.0,1.0,DA-BALS-Stabilized,377,84.61538461538461,2.3872679045092835,12.9973474801061,0.0
205,1.0,0.0,0.0,DA-BALS-NoMargin,508,80.11811023622047,0.39370078740157477,19.488188976377952,0.0
205,1.0,0.0,0.0,DA-BALS-FixedMargin,508,75.98425196850394,0.0,24.015748031496063,0.0
205,1.0,0.0,0.0,DA-BALS-Adaptive,508,79.13385826771653,0.19685039370078738,20.669291338582678,0.0
205,1.0,0.0,0.0,DA-BALS-Stabilized,508,80.11811023622047,0.39370078740157477,19.488188976377952,0.0
205,1.0,0.0,0.5,DA-BALS-NoMargin,508,78.74015748031496,1.7716535433070866,19.488188976377952,0.0
205,1.0,0.0,0.5,DA-BALS-FixedMargin,508,75.59055118110236,0.39370078740157477,24.015748031496063,0.0
205,1.0,0.0,0.5,DA-BALS-Adaptive,508,76.5748031496063,0.984251968503937,22.440944881889763,0.0
205,1.0,0.0,0.5,DA-BALS-Stabilized,508,78.74015748031496,1.3779527559055118,19.88188976377953,0.0
205,1.0,0.0,1.0,DA-BALS-NoMargin,508,76.96850393700787,3.149606299212598,19.88188976377953,0.0
205,1.0,0.0,1.0,DA-BALS-FixedMargin,508,74.01574803149606,1.574803149606299,24.409448818897637,0.0
205,1.0,0.0,1.0,DA-BALS-Adaptive,508,67.71653543307087,1.574803149606299,30.708661417322837,0.0
205,1.0,0.0,1.0,DA-BALS-Stabilized,508,76.77165354330708,2.559055118110236,20.669291338582678,0.0
205,1.0,10.0,0.0,DA-BALS-NoMargin,508,80.11811023622047,0.39370078740157477,19.488188976377952,0.0
205,1.0,10.0,0.0,DA-BALS-FixedMargin,508,75.98425196850394,0.0,24.015748031496063,0.0
205,1.0,10.0,0.0,DA-BALS-Adaptive,508,79.13385826771653,0.19685039370078738,20.669291338582678,0.0
205,1.0,10.0,0.0,DA-BALS-Stabilized,508,80.11811023622047,0.39370078740157477,19.488188976377952,0.0
205,1.0,10.0,0.5,DA-BALS-NoMargin,508,78.74015748031496,1.7716535433070866,19.488188976377952,0.0
205,1.0,10.0,0.5,DA-BALS-FixedMargin,508,75.59055118110236,0.39370078740157477,24.015748031496063,0.0
205,1.0,10.0,0.5,DA-BALS-Adaptive,508,76.5748031496063,0.984251968503937,22.440944881889763,0.0
205,1.0,10.0,0.5,DA-BALS-Stabilized,508,78.74015748031496,1.3779527559055118,19.88188976377953,0.0
205,1.0,10.0,1.0,DA-BALS-NoMargin,508,76.77165354330708,3.543307086614173,19.68503937007874,0.0
205,1.0,10.0,1.0,DA-BALS-FixedMargin,508,73.81889763779527,1.968503937007874,24.21259842519685,0.0
205,1.0,10.0,1.0,DA-BALS-Adaptive,508,67.1259842519685,1.968503937007874,30.905511811023622,0.0
205,1.0,10.0,1.0,DA-BALS-Stabilized,508,76.5748031496063,2.952755905511811,20.47244094488189,0.0
205,1.0,50.0,0.0,DA-BALS-NoMargin,508,80.11811023622047,0.39370078740157477,19.488188976377952,0.0
205,1.0,50.0,0.0,DA-BALS-FixedMargin,508,75.98425196850394,0.0,24.015748031496063,0.0
205,1.0,50.0,0.0,DA-BALS-Adaptive,508,79.13385826771653,0.19685039370078738,20.669291338582678,0.0
205,1.0,50.0,0.0,DA-BALS-Stabilized,508,80.11811023622047,0.39370078740157477,19.488188976377952,0.0
205,1.0,50.0,0.5,DA-BALS-NoMargin,508,78.74015748031496,1.7716535433070866,19.488188976377952,0.0
205,1.0,50.0,0.5,DA-BALS-FixedMargin,508,75.59055118110236,0.39370078740157477,24.015748031496063,0.0
205,1.0,50.0,0.5,DA-BALS-Adaptive,508,76.5748031496063,0.984251968503937,22.440944881889763,0.0
205,1.0,50.0,0.5,DA-BALS-Stabilized,508,78.74015748031496,1.3779527559055118,19.88188976377953,0.0
205,1.0,50.0,1.0,DA-BALS-NoMargin,508,76.77165354330708,3.740157480314961,19.488188976377952,0.0
205,1.0,50.0,1.0,DA-BALS-FixedMargin,508,73.81889763779527,2.1653543307086616,24.015748031496063,0.0
205,1.0,50.0,1.0,DA-BALS-Adaptive,508,66.33858267716536,2.1653543307086616,31.496062992125985,0.0
205,1.0,50.0,1.0,DA-BALS-Stabilized,508,76.5748031496063,3.149606299212598,20.275590551181104,0.0
205,1.2,0.0,0.0,DA-BALS-NoMargin,579,74.09326424870466,1.0362694300518136,24.870466321243523,0.0
205,1.2,0.0,0.0,DA-BALS-FixedMargin,579,70.98445595854922,0.17271157167530224,28.842832469775477,0.0
205,1.2,0.0,0.0,DA-BALS-Adaptive,579,73.74784110535406,0.690846286701209,25.561312607944732,0.0
205,1.2,0.0,0.0,DA-BALS-Stabilized,579,73.92055267702936,1.0362694300518136,25.043177892918827,0.0
205,1.2,0.0,0.5,DA-BALS-NoMargin,579,73.05699481865285,2.072538860103627,24.870466321243523,0.0
205,1.2,0.0,0.5,DA-BALS-FixedMargin,579,70.29360967184802,0.690846286701209,29.015544041450774,0.0
205,1.2,0.0,0.5,DA-BALS-Adaptive,579,71.67530224525042,1.0362694300518136,27.288428324697755,0.0
205,1.2,0.0,0.5,DA-BALS-Stabilized,579,73.05699481865285,1.7271157167530224,25.215889464594127,0.0
205,1.2,0.0,1.0,DA-BALS-NoMargin,579,71.15716753022453,3.7996545768566494,25.043177892918827,0.0
205,1.2,0.0,1.0,DA-BALS-FixedMargin,579,69.08462867012089,1.8998272884283247,29.015544041450774,0.0
205,1.2,0.0,1.0,DA-BALS-Adaptive,579,67.53022452504318,1.5544041450777202,30.915371329879104,0.0
205,1.2,0.0,1.0,DA-BALS-Stabilized,579,71.32987910189983,3.281519861830743,25.38860103626943,0.0
205,1.2,10.0,0.0,DA-BALS-NoMargin,579,74.09326424870466,1.0362694300518136,24.870466321243523,0.0
205,1.2,10.0,0.0,DA-BALS-FixedMargin,579,70.98445595854922,0.17271157167530224,28.842832469775477,0.0
205,1.2,10.0,0.0,DA-BALS-Adaptive,579,73.74784110535406,0.690846286701209,25.561312607944732,0.0
205,1.2,10.0,0.0,DA-BALS-Stabilized,579,73.92055267702936,1.0362694300518136,25.043177892918827,0.0
205,1.2,10.0,0.5,DA-BALS-NoMargin,579,73.05699481865285,2.072538860103627,24.870466321243523,0.0
205,1.2,10.0,0.5,DA-BALS-FixedMargin,579,70.29360967184802,0.8635578583765112,28.842832469775477,0.0
205,1.2,10.0,0.5,DA-BALS-Adaptive,579,71.67530224525042,1.2089810017271159,27.11571675302245,0.0
205,1.2,10.0,0.5,DA-BALS-Stabilized,579,73.05699481865285,1.7271157167530224,25.215889464594127,0.0
205,1.2,10.0,1.0,DA-BALS-NoMargin,579,70.98445595854922,4.145077720207254,24.870466321243523,0.0
205,1.2,10.0,1.0,DA-BALS-FixedMargin,579,68.9119170984456,2.2452504317789295,28.842832469775477,0.0
205,1.2,10.0,1.0,DA-BALS-Adaptive,579,67.53022452504318,2.072538860103627,30.397236614853195,0.0
205,1.2,10.0,1.0,DA-BALS-Stabilized,579,71.15716753022453,3.6269430051813467,25.215889464594127,0.0
205,1.2,50.0,0.0,DA-BALS-NoMargin,579,74.09326424870466,1.0362694300518136,24.870466321243523,0.0
205,1.2,50.0,0.0,DA-BALS-FixedMargin,579,70.98445595854922,0.17271157167530224,28.842832469775477,0.0
205,1.2,50.0,0.0,DA-BALS-Adaptive,579,73.74784110535406,0.690846286701209,25.561312607944732,0.0
205,1.2,50.0,0.0,DA-BALS-Stabilized,579,73.92055267702936,1.0362694300518136,25.043177892918827,0.0
205,1.2,50.0,0.5,DA-BALS-NoMargin,579,73.05699481865285,2.072538860103627,24.870466321243523,0.0
205,1.2,50.0,0.5,DA-BALS-FixedMargin,579,70.29360967184802,0.8635578583765112,28.842832469775477,0.0
205,1.2,50.0,0.5,DA-BALS-Adaptive,579,71.67530224525042,1.2089810017271159,27.11571675302245,0.0
205,1.2,50.0,0.5,DA-BALS-Stabilized,579,73.05699481865285,1.7271157167530224,25.215889464594127,0.0
205,1.2,50.0,1.0,DA-BALS-NoMargin,579,70.98445595854922,4.145077720207254,24.870466321243523,0.0
205,1.2,50.0,1.0,DA-BALS-FixedMargin,579,68.9119170984456,2.2452504317789295,28.842832469775477,0.0
205,1.2,50.0,1.0,DA-BALS-Adaptive,579,67.53022452504318,2.072538860103627,30.397236614853195,0.0
205,1.2,50.0,1.0,DA-BALS-Stabilized,579,71.15716753022453,3.6269430051813467,25.215889464594127,0.0
206,0.2,0.0,0.0,DA-BALS-NoMargin,103,96.11650485436894,2.912621359223301,0.9708737864077669,0.0
206,0.2,0.0,0.0,DA-BALS-FixedMargin,103,92.23300970873787,0.9708737864077669,6.796116504854369,0.0
206,0.2,0.0,0.0,DA-BALS-Adaptive,103,94.1747572815534,1.9417475728155338,3.8834951456310676,0.0
206,0.2,0.0,0.0,DA-BALS-Stabilized,103,96.11650485436894,1.9417475728155338,1.9417475728155338,0.0
206,0.2,0.0,0.5,DA-BALS-NoMargin,103,97.0873786407767,1.9417475728155338,0.9708737864077669,0.0
206,0.2,0.0,0.5,DA-BALS-FixedMargin,103,92.23300970873787,0.9708737864077669,6.796116504854369,0.0
206,0.2,0.0,0.5,DA-BALS-Adaptive,103,93.20388349514563,0.9708737864077669,5.825242718446602,0.0
206,0.2,0.0,0.5,DA-BALS-Stabilized,103,96.11650485436894,1.9417475728155338,1.9417475728155338,0.0
206,0.2,0.0,1.0,DA-BALS-NoMargin,103,94.1747572815534,1.9417475728155338,3.8834951456310676,0.0
206,0.2,0.0,1.0,DA-BALS-FixedMargin,103,88.3495145631068,1.9417475728155338,9.70873786407767,0.0
206,0.2,0.0,1.0,DA-BALS-Adaptive,103,89.32038834951457,1.9417475728155338,8.737864077669903,0.0
206,0.2,0.0,1.0,DA-BALS-Stabilized,103,93.20388349514563,1.9417475728155338,4.854368932038835,0.0
206,0.2,10.0,0.0,DA-BALS-NoMargin,103,96.11650485436894,2.912621359223301,0.9708737864077669,0.0
206,0.2,10.0,0.0,DA-BALS-FixedMargin,103,92.23300970873787,0.9708737864077669,6.796116504854369,0.0
206,0.2,10.0,0.0,DA-BALS-Adaptive,103,94.1747572815534,1.9417475728155338,3.8834951456310676,0.0
206,0.2,10.0,0.0,DA-BALS-Stabilized,103,96.11650485436894,1.9417475728155338,1.9417475728155338,0.0
206,0.2,10.0,0.5,DA-BALS-NoMargin,103,97.0873786407767,1.9417475728155338,0.9708737864077669,0.0
206,0.2,10.0,0.5,DA-BALS-FixedMargin,103,92.23300970873787,0.9708737864077669,6.796116504854369,0.0
206,0.2,10.0,0.5,DA-BALS-Adaptive,103,88.3495145631068,0.9708737864077669,10.679611650485436,0.0
206,0.2,10.0,0.5,DA-BALS-Stabilized,103,96.11650485436894,1.9417475728155338,1.9417475728155338,0.0
206,0.2,10.0,1.0,DA-BALS-NoMargin,103,94.1747572815534,4.854368932038835,0.9708737864077669,0.0
206,0.2,10.0,1.0,DA-BALS-FixedMargin,103,88.3495145631068,4.854368932038835,6.796116504854369,0.0
206,0.2,10.0,1.0,DA-BALS-Adaptive,103,60.19417475728155,0.9708737864077669,38.83495145631068,0.0
206,0.2,10.0,1.0,DA-BALS-Stabilized,103,93.20388349514563,4.854368932038835,1.9417475728155338,0.0
206,0.2,50.0,0.0,DA-BALS-NoMargin,103,96.11650485436894,2.912621359223301,0.9708737864077669,0.0
206,0.2,50.0,0.0,DA-BALS-FixedMargin,103,92.23300970873787,0.9708737864077669,6.796116504854369,0.0
206,0.2,50.0,0.0,DA-BALS-Adaptive,103,94.1747572815534,1.9417475728155338,3.8834951456310676,0.0
206,0.2,50.0,0.0,DA-BALS-Stabilized,103,96.11650485436894,1.9417475728155338,1.9417475728155338,0.0
206,0.2,50.0,0.5,DA-BALS-NoMargin,103,97.0873786407767,1.9417475728155338,0.9708737864077669,0.0
206,0.2,50.0,0.5,DA-BALS-FixedMargin,103,92.23300970873787,0.9708737864077669,6.796116504854369,0.0
206,0.2,50.0,0.5,DA-BALS-Adaptive,103,88.3495145631068,0.9708737864077669,10.679611650485436,0.0
206,0.2,50.0,0.5,DA-BALS-Stabilized,103,96.11650485436894,1.9417475728155338,1.9417475728155338,0.0
206,0.2,50.0,1.0,DA-BALS-NoMargin,103,94.1747572815534,4.854368932038835,0.9708737864077669,0.0
206,0.2,50.0,1.0,DA-BALS-FixedMargin,103,88.3495145631068,4.854368932038835,6.796116504854369,0.0
206,0.2,50.0,1.0,DA-BALS-Adaptive,103,61.165048543689316,0.9708737864077669,37.86407766990291,0.0
206,0.2,50.0,1.0,DA-BALS-Stabilized,103,93.20388349514563,4.854368932038835,1.9417475728155338,0.0
206,0.4,0.0,0.0,DA-BALS-NoMargin,210,91.9047619047619,0.0,8.095238095238095,0.0
206,0.4,0.0,0.0,DA-BALS-FixedMargin,210,89.04761904761904,0.0,10.952380952380953,0.0
206,0.4,0.0,0.0,DA-BALS-Adaptive,210,90.47619047619048,0.0,9.523809523809524,0.0
206,0.4,0.0,0.0,DA-BALS-Stabilized,210,91.42857142857143,0.0,8.571428571428571,0.0
206,0.4,0.0,0.5,DA-BALS-NoMargin,210,91.42857142857143,0.4761904761904762,8.095238095238095,0.0
206,0.4,0.0,0.5,DA-BALS-FixedMargin,210,89.04761904761904,0.0,10.952380952380953,0.0
206,0.4,0.0,0.5,DA-BALS-Adaptive,210,90.95238095238095,0.0,9.047619047619047,0.0
206,0.4,0.0,0.5,DA-BALS-Stabilized,210,91.42857142857143,0.0,8.571428571428571,0.0
206,0.4,0.0,1.0,DA-BALS-NoMargin,210,90.95238095238095,0.9523809523809524,8.095238095238095,0.0
206,0.4,0.0,1.0,DA-BALS-FixedMargin,210,89.04761904761904,0.0,10.952380952380953,0.0
206,0.4,0.0,1.0,DA-BALS-Adaptive,210,90.0,0.4761904761904762,9.523809523809524,0.0
206,0.4,0.0,1.0,DA-BALS-Stabilized,210,90.95238095238095,0.4761904761904762,8.571428571428571,0.0
206,0.4,10.0,0.0,DA-BALS-NoMargin,210,91.9047619047619,0.0,8.095238095238095,0.0
206,0.4,10.0,0.0,DA-BALS-FixedMargin,210,89.04761904761904,0.0,10.952380952380953,0.0
206,0.4,10.0,0.0,DA-BALS-Adaptive,210,90.47619047619048,0.0,9.523809523809524,0.0
206,0.4,10.0,0.0,DA-BALS-Stabilized,210,91.42857142857143,0.0,8.571428571428571,0.0
206,0.4,10.0,0.5,DA-BALS-NoMargin,210,91.42857142857143,0.4761904761904762,8.095238095238095,0.0
206,0.4,10.0,0.5,DA-BALS-FixedMargin,210,89.04761904761904,0.0,10.952380952380953,0.0
206,0.4,10.0,0.5,DA-BALS-Adaptive,210,90.95238095238095,0.0,9.047619047619047,0.0
206,0.4,10.0,0.5,DA-BALS-Stabilized,210,91.42857142857143,0.0,8.571428571428571,0.0
206,0.4,10.0,1.0,DA-BALS-NoMargin,210,90.95238095238095,0.9523809523809524,8.095238095238095,0.0
206,0.4,10.0,1.0,DA-BALS-FixedMargin,210,89.04761904761904,0.0,10.952380952380953,0.0
206,0.4,10.0,1.0,DA-BALS-Adaptive,210,90.0,0.4761904761904762,9.523809523809524,0.0
206,0.4,10.0,1.0,DA-BALS-Stabilized,210,90.95238095238095,0.4761904761904762,8.571428571428571,0.0
206,0.4,50.0,0.0,DA-BALS-NoMargin,210,91.9047619047619,0.0,8.095238095238095,0.0
206,0.4,50.0,0.0,DA-BALS-FixedMargin,210,89.04761904761904,0.0,10.952380952380953,0.0
206,0.4,50.0,0.0,DA-BALS-Adaptive,210,90.47619047619048,0.0,9.523809523809524,0.0
206,0.4,50.0,0.0,DA-BALS-Stabilized,210,91.42857142857143,0.0,8.571428571428571,0.0
206,0.4,50.0,0.5,DA-BALS-NoMargin,210,91.42857142857143,0.4761904761904762,8.095238095238095,0.0
206,0.4,50.0,0.5,DA-BALS-FixedMargin,210,89.04761904761904,0.0,10.952380952380953,0.0
206,0.4,50.0,0.5,DA-BALS-Adaptive,210,90.95238095238095,0.0,9.047619047619047,0.0
206,0.4,50.0,0.5,DA-BALS-Stabilized,210,91.42857142857143,0.0,8.571428571428571,0.0
206,0.4,50.0,1.0,DA-BALS-NoMargin,210,90.95238095238095,0.9523809523809524,8.095238095238095,0.0
206,0.4,50.0,1.0,DA-BALS-FixedMargin,210,89.04761904761904,0.0,10.952380952380953,0.0
206,0.4,50.0,1.0,DA-BALS-Adaptive,210,90.0,0.4761904761904762,9.523809523809524,0.0
206,0.4,50.0,1.0,DA-BALS-Stabilized,210,90.95238095238095,0.4761904761904762,8.571428571428571,0.0
206,0.6,0.0,0.0,DA-BALS-NoMargin,264,88.25757575757575,1.893939393939394,9.848484848484848,0.0
206,0.6,0.0,0.0,DA-BALS-FixedMargin,264,85.22727272727273,0.3787878787878788,14.393939393939394,0.0
206,0.6,0.0,0.0,DA-BALS-Adaptive,264,87.87878787878788,1.1363636363636365,10.984848484848484,0.0
206,0.6,0.0,0.0,DA-BALS-Stabilized,264,88.25757575757575,1.893939393939394,9.848484848484848,0.0
206,0.6,0.0,0.5,DA-BALS-NoMargin,264,89.01515151515152,1.1363636363636365,9.848484848484848,0.0
206,0.6,0.0,0.5,DA-BALS-FixedMargin,264,85.22727272727273,0.3787878787878788,14.393939393939394,0.0
206,0.6,0.0,0.5,DA-BALS-Adaptive,264,87.87878787878788,0.7575757575757576,11.363636363636363,0.0
206,0.6,0.0,0.5,DA-BALS-Stabilized,264,89.01515151515152,1.1363636363636365,9.848484848484848,0.0
206,0.6,0.0,1.0,DA-BALS-NoMargin,264,88.63636363636364,1.5151515151515151,9.848484848484848,0.0
206,0.6,0.0,1.0,DA-BALS-FixedMargin,264,84.84848484848484,0.7575757575757576,14.393939393939394,0.0
206,0.6,0.0,1.0,DA-BALS-Adaptive,264,85.98484848484848,0.7575757575757576,13.257575757575758,0.0
206,0.6,0.0,1.0,DA-BALS-Stabilized,264,88.63636363636364,1.5151515151515151,9.848484848484848,0.0
206,0.6,10.0,0.0,DA-BALS-NoMargin,264,88.25757575757575,1.893939393939394,9.848484848484848,0.0
206,0.6,10.0,0.0,DA-BALS-FixedMargin,264,85.22727272727273,0.3787878787878788,14.393939393939394,0.0
206,0.6,10.0,0.0,DA-BALS-Adaptive,264,87.87878787878788,1.1363636363636365,10.984848484848484,0.0
206,0.6,10.0,0.0,DA-BALS-Stabilized,264,88.25757575757575,1.893939393939394,9.848484848484848,0.0
206,0.6,10.0,0.5,DA-BALS-NoMargin,264,89.01515151515152,1.1363636363636365,9.848484848484848,0.0
206,0.6,10.0,0.5,DA-BALS-FixedMargin,264,85.22727272727273,0.3787878787878788,14.393939393939394,0.0
206,0.6,10.0,0.5,DA-BALS-Adaptive,264,87.87878787878788,0.7575757575757576,11.363636363636363,0.0
206,0.6,10.0,0.5,DA-BALS-Stabilized,264,89.01515151515152,1.1363636363636365,9.848484848484848,0.0
206,0.6,10.0,1.0,DA-BALS-NoMargin,264,88.63636363636364,1.5151515151515151,9.848484848484848,0.0
206,0.6,10.0,1.0,DA-BALS-FixedMargin,264,84.84848484848484,0.7575757575757576,14.393939393939394,0.0
206,0.6,10.0,1.0,DA-BALS-Adaptive,264,85.22727272727273,0.7575757575757576,14.015151515151514,0.0
206,0.6,10.0,1.0,DA-BALS-Stabilized,264,88.63636363636364,1.5151515151515151,9.848484848484848,0.0
206,0.6,50.0,0.0,DA-BALS-NoMargin,264,88.25757575757575,1.893939393939394,9.848484848484848,0.0
206,0.6,50.0,0.0,DA-BALS-FixedMargin,264,85.22727272727273,0.3787878787878788,14.393939393939394,0.0
206,0.6,50.0,0.0,DA-BALS-Adaptive,264,87.87878787878788,1.1363636363636365,10.984848484848484,0.0
206,0.6,50.0,0.0,DA-BALS-Stabilized,264,88.25757575757575,1.893939393939394,9.848484848484848,0.0
206,0.6,50.0,0.5,DA-BALS-NoMargin,264,89.01515151515152,1.1363636363636365,9.848484848484848,0.0
206,0.6,50.0,0.5,DA-BALS-FixedMargin,264,85.22727272727273,0.3787878787878788,14.393939393939394,0.0
206,0.6,50.0,0.5,DA-BALS-Adaptive,264,87.87878787878788,0.7575757575757576,11.363636363636363,0.0
206,0.6,50.0,0.5,DA-BALS-Stabilized,264,89.01515151515152,1.1363636363636365,9.848484848484848,0.0
206,0.6,50.0,1.0,DA-BALS-NoMargin,264,88.63636363636364,1.5151515151515151,9.848484848484848,0.0
206,0.6,50.0,1.0,DA-BALS-FixedMargin,264,84.84848484848484,0.7575757575757576,14.393939393939394,0.0
206,0.6,50.0,1.0,DA-BALS-Adaptive,264,85.22727272727273,0.7575757575757576,14.015151515151514,0.0
206,0.6,50.0,1.0,DA-BALS-Stabilized,264,88.63636363636364,1.5151515151515151,9.848484848484848,0.0
206,0.8,0.0,0.0,DA-BALS-NoMargin,407,86.97788697788698,1.2285012285012284,11.793611793611793,0.0
206,0.8,0.0,0.0,DA-BALS-FixedMargin,407,85.01228501228502,0.0,14.987714987714988,0.0
206,0.8,0.0,0.0,DA-BALS-Adaptive,407,86.97788697788698,0.7371007371007371,12.285012285012286,0.0
206,0.8,0.0,0.0,DA-BALS-Stabilized,407,86.97788697788698,0.9828009828009828,12.039312039312039,0.0
206,0.8,0.0,0.5,DA-BALS-NoMargin,407,87.22358722358723,0.9828009828009828,11.793611793611793,0.0
206,0.8,0.0,0.5,DA-BALS-FixedMargin,407,84.52088452088452,0.2457002457002457,15.233415233415235,0.0
206,0.8,0.0,0.5,DA-BALS-Adaptive,407,84.02948402948402,0.2457002457002457,15.724815724815725,0.0
206,0.8,0.0,0.5,DA-BALS-Stabilized,407,86.73218673218673,0.7371007371007371,12.530712530712531,0.0
206,0.8,0.0,1.0,DA-BALS-NoMargin,407,82.80098280098281,2.9484029484029484,14.250614250614252,0.0
206,0.8,0.0,1.0,DA-BALS-FixedMargin,407,80.34398034398035,1.9656019656019657,17.69041769041769,0.0
206,0.8,0.0,1.0,DA-BALS-Adaptive,407,66.58476658476658,1.4742014742014742,31.941031941031937,0.0
206,0.8,0.0,1.0,DA-BALS-Stabilized,407,81.81818181818183,2.457002457002457,15.724815724815725,0.0
206,0.8,10.0,0.0,DA-BALS-NoMargin,407,86.97788697788698,1.2285012285012284,11.793611793611793,0.0
206,0.8,10.0,0.0,DA-BALS-FixedMargin,407,85.01228501228502,0.0,14.987714987714988,0.0
206,0.8,10.0,0.0,DA-BALS-Adaptive,407,86.97788697788698,0.7371007371007371,12.285012285012286,0.0
206,0.8,10.0,0.0,DA-BALS-Stabilized,407,86.97788697788698,0.9828009828009828,12.039312039312039,0.0
206,0.8,10.0,0.5,DA-BALS-NoMargin,407,87.22358722358723,0.9828009828009828,11.793611793611793,0.0
206,0.8,10.0,0.5,DA-BALS-FixedMargin,407,84.76658476658476,0.2457002457002457,14.987714987714988,0.0
206,0.8,10.0,0.5,DA-BALS-Adaptive,407,84.02948402948402,0.2457002457002457,15.724815724815725,0.0
206,0.8,10.0,0.5,DA-BALS-Stabilized,407,86.73218673218673,0.7371007371007371,12.530712530712531,0.0
206,0.8,10.0,1.0,DA-BALS-NoMargin,407,82.55528255528255,3.9312039312039313,13.513513513513514,0.0
206,0.8,10.0,1.0,DA-BALS-FixedMargin,407,80.0982800982801,2.9484029484029484,16.953316953316953,0.0
206,0.8,10.0,1.0,DA-BALS-Adaptive,407,66.33906633906635,1.4742014742014742,32.186732186732186,0.0
206,0.8,10.0,1.0,DA-BALS-Stabilized,407,80.83538083538083,3.43980343980344,15.724815724815725,0.0
206,0.8,50.0,0.0,DA-BALS-NoMargin,407,86.97788697788698,1.2285012285012284,11.793611793611793,0.0
206,0.8,50.0,0.0,DA-BALS-FixedMargin,407,85.01228501228502,0.0,14.987714987714988,0.0
206,0.8,50.0,0.0,DA-BALS-Adaptive,407,86.97788697788698,0.7371007371007371,12.285012285012286,0.0
206,0.8,50.0,0.0,DA-BALS-Stabilized,407,86.97788697788698,0.9828009828009828,12.039312039312039,0.0
206,0.8,50.0,0.5,DA-BALS-NoMargin,407,87.22358722358723,0.9828009828009828,11.793611793611793,0.0
206,0.8,50.0,0.5,DA-BALS-FixedMargin,407,84.76658476658476,0.2457002457002457,14.987714987714988,0.0
206,0.8,50.0,0.5,DA-BALS-Adaptive,407,84.02948402948402,0.2457002457002457,15.724815724815725,0.0
206,0.8,50.0,0.5,DA-BALS-Stabilized,407,86.73218673218673,0.7371007371007371,12.530712530712531,0.0
206,0.8,50.0,1.0,DA-BALS-NoMargin,407,81.81818181818183,6.388206388206388,11.793611793611793,0.0
206,0.8,50.0,1.0,DA-BALS-FixedMargin,407,79.60687960687962,5.159705159705159,15.233415233415235,0.0
206,0.8,50.0,1.0,DA-BALS-Adaptive,407,66.58476658476658,2.457002457002457,30.95823095823096,0.0
206,0.8,50.0,1.0,DA-BALS-Stabilized,407,79.60687960687962,5.159705159705159,15.233415233415235,0.0
206,1.0,0.0,0.0,DA-BALS-NoMargin,507,77.31755424063115,0.9861932938856016,21.696252465483234,0.0
206,1.0,0.0,0.0,DA-BALS-FixedMargin,507,74.35897435897436,0.0,25.64102564102564,0.0
206,1.0,0.0,0.0,DA-BALS-Adaptive,507,76.52859960552269,0.19723865877712032,23.274161735700197,0.0
206,1.0,0.0,0.0,DA-BALS-Stabilized,507,76.92307692307693,0.7889546351084813,22.287968441814595,0.0
206,1.0,0.0,0.5,DA-BALS-NoMargin,507,75.7396449704142,2.564102564102564,21.696252465483234,0.0
206,1.0,0.0,0.5,DA-BALS-FixedMargin,507,73.76725838264299,0.591715976331361,25.64102564102564,0.0
206,1.0,0.0,0.5,DA-BALS-Adaptive,507,74.16173570019724,0.7889546351084813,25.04930966469428,0.0
206,1.0,0.0,0.5,DA-BALS-Stabilized,507,75.93688362919131,1.5779092702169626,22.485207100591715,0.0
206,1.0,0.0,1.0,DA-BALS-NoMargin,507,73.17554240631164,4.339250493096647,22.485207100591715,0.0
206,1.0,0.0,1.0,DA-BALS-FixedMargin,507,70.80867850098619,2.564102564102564,26.627218934911244,0.0
206,1.0,0.0,1.0,DA-BALS-Adaptive,507,61.53846153846154,1.3806706114398422,37.08086785009862,0.0
206,1.0,0.0,1.0,DA-BALS-Stabilized,507,72.97830374753451,3.7475345167652856,23.274161735700197,0.0
206,1.0,10.0,0.0,DA-BALS-NoMargin,507,77.31755424063115,0.9861932938856016,21.696252465483234,0.0
206,1.0,10.0,0.0,DA-BALS-FixedMargin,507,74.35897435897436,0.0,25.64102564102564,0.0
206,1.0,10.0,0.0,DA-BALS-Adaptive,507,76.52859960552269,0.19723865877712032,23.274161735700197,0.0
206,1.0,10.0,0.0,DA-BALS-Stabilized,507,76.92307692307693,0.7889546351084813,22.287968441814595,0.0
206,1.0,10.0,0.5,DA-BALS-NoMargin,507,75.7396449704142,2.564102564102564,21.696252465483234,0.0
206,1.0,10.0,0.5,DA-BALS-FixedMargin,507,73.76725838264299,0.591715976331361,25.64102564102564,0.0
206,1.0,10.0,0.5,DA-BALS-Adaptive,507,73.96449704142012,0.7889546351084813,25.2465483234714,0.0
206,1.0,10.0,0.5,DA-BALS-Stabilized,507,75.93688362919131,1.5779092702169626,22.485207100591715,0.0
206,1.0,10.0,1.0,DA-BALS-NoMargin,507,72.97830374753451,4.930966469428008,22.090729783037474,0.0
206,1.0,10.0,1.0,DA-BALS-FixedMargin,507,71.00591715976331,2.7613412228796843,26.232741617357004,0.0
206,1.0,10.0,1.0,DA-BALS-Adaptive,507,61.53846153846154,1.5779092702169626,36.883629191321496,0.0
206,1.0,10.0,1.0,DA-BALS-Stabilized,507,72.97830374753451,3.7475345167652856,23.274161735700197,0.0
206,1.0,50.0,0.0,DA-BALS-NoMargin,507,77.31755424063115,0.9861932938856016,21.696252465483234,0.0
206,1.0,50.0,0.0,DA-BALS-FixedMargin,507,74.35897435897436,0.0,25.64102564102564,0.0
206,1.0,50.0,0.0,DA-BALS-Adaptive,507,76.52859960552269,0.19723865877712032,23.274161735700197,0.0
206,1.0,50.0,0.0,DA-BALS-Stabilized,507,76.92307692307693,0.7889546351084813,22.287968441814595,0.0
206,1.0,50.0,0.5,DA-BALS-NoMargin,507,75.7396449704142,2.564102564102564,21.696252465483234,0.0
206,1.0,50.0,0.5,DA-BALS-FixedMargin,507,73.76725838264299,0.591715976331361,25.64102564102564,0.0
206,1.0,50.0,0.5,DA-BALS-Adaptive,507,73.96449704142012,0.7889546351084813,25.2465483234714,0.0
206,1.0,50.0,0.5,DA-BALS-Stabilized,507,75.93688362919131,1.5779092702169626,22.485207100591715,0.0
206,1.0,50.0,1.0,DA-BALS-NoMargin,507,72.97830374753451,5.325443786982249,21.696252465483234,0.0
206,1.0,50.0,1.0,DA-BALS-FixedMargin,507,70.80867850098619,3.5502958579881656,25.64102564102564,0.0
206,1.0,50.0,1.0,DA-BALS-Adaptive,507,61.735700197238664,1.7751479289940828,36.489151873767256,0.0
206,1.0,50.0,1.0,DA-BALS-Stabilized,507,72.7810650887574,4.142011834319527,23.076923076923077,0.0
206,1.2,0.0,0.0,DA-BALS-NoMargin,596,72.48322147651007,0.8389261744966443,26.677852348993287,0.0
206,1.2,0.0,0.0,DA-BALS-FixedMargin,596,69.96644295302013,0.0,30.033557046979865,0.0
206,1.2,0.0,0.0,DA-BALS-Adaptive,596,72.14765100671141,0.5033557046979865,27.348993288590606,0.0
206,1.2,0.0,0.0,DA-BALS-Stabilized,596,71.97986577181209,0.6711409395973155,27.348993288590606,0.0
206,1.2,0.0,0.5,DA-BALS-NoMargin,596,70.9731543624161,2.348993288590604,26.677852348993287,0.0
206,1.2,0.0,0.5,DA-BALS-FixedMargin,596,69.12751677852349,0.8389261744966443,30.033557046979865,0.0
206,1.2,0.0,0.5,DA-BALS-Adaptive,596,69.96644295302013,0.8389261744966443,29.194630872483224,0.0
206,1.2,0.0,0.5,DA-BALS-Stabilized,596,71.14093959731544,1.5100671140939599,27.348993288590606,0.0
206,1.2,0.0,1.0,DA-BALS-NoMargin,596,68.79194630872483,4.026845637583892,27.181208053691275,0.0
206,1.2,0.0,1.0,DA-BALS-FixedMargin,596,67.28187919463086,2.1812080536912752,30.536912751677853,0.0
206,1.2,0.0,1.0,DA-BALS-Adaptive,596,47.81879194630873,1.006711409395973,51.174496644295296,0.0
206,1.2,0.0,1.0,DA-BALS-Stabilized,596,69.29530201342283,2.684563758389262,28.02013422818792,0.0
206,1.2,10.0,0.0,DA-BALS-NoMargin,596,72.48322147651007,0.8389261744966443,26.677852348993287,0.0
206,1.2,10.0,0.0,DA-BALS-FixedMargin,596,69.96644295302013,0.0,30.033557046979865,0.0
206,1.2,10.0,0.0,DA-BALS-Adaptive,596,72.14765100671141,0.5033557046979865,27.348993288590606,0.0
206,1.2,10.0,0.0,DA-BALS-Stabilized,596,71.97986577181209,0.6711409395973155,27.348993288590606,0.0
206,1.2,10.0,0.5,DA-BALS-NoMargin,596,70.9731543624161,2.348993288590604,26.677852348993287,0.0
206,1.2,10.0,0.5,DA-BALS-FixedMargin,596,69.12751677852349,0.8389261744966443,30.033557046979865,0.0
206,1.2,10.0,0.5,DA-BALS-Adaptive,596,69.96644295302013,0.8389261744966443,29.194630872483224,0.0
206,1.2,10.0,0.5,DA-BALS-Stabilized,596,71.14093959731544,1.5100671140939599,27.348993288590606,0.0
206,1.2,10.0,1.0,DA-BALS-NoMargin,596,68.45637583892618,4.530201342281879,27.01342281879195,0.0
206,1.2,10.0,1.0,DA-BALS-FixedMargin,596,66.77852348993288,2.5167785234899327,30.70469798657718,0.0
206,1.2,10.0,1.0,DA-BALS-Adaptive,596,47.81879194630873,1.342281879194631,50.83892617449665,0.0
206,1.2,10.0,1.0,DA-BALS-Stabilized,596,68.79194630872483,2.684563758389262,28.523489932885905,0.0
206,1.2,50.0,0.0,DA-BALS-NoMargin,596,72.48322147651007,0.8389261744966443,26.677852348993287,0.0
206,1.2,50.0,0.0,DA-BALS-FixedMargin,596,69.96644295302013,0.0,30.033557046979865,0.0
206,1.2,50.0,0.0,DA-BALS-Adaptive,596,72.14765100671141,0.5033557046979865,27.348993288590606,0.0
206,1.2,50.0,0.0,DA-BALS-Stabilized,596,71.97986577181209,0.6711409395973155,27.348993288590606,0.0
206,1.2,50.0,0.5,DA-BALS-NoMargin,596,70.9731543624161,2.348993288590604,26.677852348993287,0.0
206,1.2,50.0,0.5,DA-BALS-FixedMargin,596,69.12751677852349,0.8389261744966443,30.033557046979865,0.0
206,1.2,50.0,0.5,DA-BALS-Adaptive,596,69.96644295302013,0.8389261744966443,29.194630872483224,0.0
206,1.2,50.0,0.5,DA-BALS-Stabilized,596,71.14093959731544,1.5100671140939599,27.348993288590606,0.0
206,1.2,50.0,1.0,DA-BALS-NoMargin,596,67.9530201342282,5.369127516778524,26.677852348993287,0.0
206,1.2,50.0,1.0,DA-BALS-FixedMargin,596,66.44295302013423,3.523489932885906,30.033557046979865,0.0
206,1.2,50.0,1.0,DA-BALS-Adaptive,596,47.81879194630873,1.5100671140939599,50.671140939597315,0.0
206,1.2,50.0,1.0,DA-BALS-Stabilized,596,68.45637583892618,3.0201342281879198,28.523489932885905,0.0
207,0.2,0.0,0.0,DA-BALS-NoMargin,104,97.11538461538461,0.0,2.8846153846153846,0.0
207,0.2,0.0,0.0,DA-BALS-FixedMargin,104,92.3076923076923,0.0,7.6923076923076925,0.0
207,0.2,0.0,0.0,DA-BALS-Adaptive,104,97.11538461538461,0.0,2.8846153846153846,0.0
207,0.2,0.0,0.0,DA-BALS-Stabilized,104,97.11538461538461,0.0,2.8846153846153846,0.0
207,0.2,0.0,0.5,DA-BALS-NoMargin,104,95.1923076923077,1.9230769230769231,2.8846153846153846,0.0
207,0.2,0.0,0.5,DA-BALS-FixedMargin,104,91.34615384615384,0.9615384615384616,7.6923076923076925,0.0
207,0.2,0.0,0.5,DA-BALS-Adaptive,104,92.3076923076923,1.9230769230769231,5.769230769230769,0.0
207,0.2,0.0,0.5,DA-BALS-Stabilized,104,95.1923076923077,1.9230769230769231,2.8846153846153846,0.0
207,0.2,0.0,1.0,DA-BALS-NoMargin,104,94.23076923076923,2.8846153846153846,2.8846153846153846,0.0
207,0.2,0.0,1.0,DA-BALS-FixedMargin,104,90.38461538461539,1.9230769230769231,7.6923076923076925,0.0
207,0.2,0.0,1.0,DA-BALS-Adaptive,104,87.5,0.9615384615384616,11.538461538461538,0.0
207,0.2,0.0,1.0,DA-BALS-Stabilized,104,93.26923076923077,2.8846153846153846,3.8461538461538463,0.0
207,0.2,10.0,0.0,DA-BALS-NoMargin,104,97.11538461538461,0.0,2.8846153846153846,0.0
207,0.2,10.0,0.0,DA-BALS-FixedMargin,104,92.3076923076923,0.0,7.6923076923076925,0.0
207,0.2,10.0,0.0,DA-BALS-Adaptive,104,97.11538461538461,0.0,2.8846153846153846,0.0
207,0.2,10.0,0.0,DA-BALS-Stabilized,104,97.11538461538461,0.0,2.8846153846153846,0.0
207,0.2,10.0,0.5,DA-BALS-NoMargin,104,95.1923076923077,1.9230769230769231,2.8846153846153846,0.0
207,0.2,10.0,0.5,DA-BALS-FixedMargin,104,91.34615384615384,0.9615384615384616,7.6923076923076925,0.0
207,0.2,10.0,0.5,DA-BALS-Adaptive,104,92.3076923076923,1.9230769230769231,5.769230769230769,0.0
207,0.2,10.0,0.5,DA-BALS-Stabilized,104,95.1923076923077,1.9230769230769231,2.8846153846153846,0.0
207,0.2,10.0,1.0,DA-BALS-NoMargin,104,94.23076923076923,2.8846153846153846,2.8846153846153846,0.0
207,0.2,10.0,1.0,DA-BALS-FixedMargin,104,90.38461538461539,1.9230769230769231,7.6923076923076925,0.0
207,0.2,10.0,1.0,DA-BALS-Adaptive,104,87.5,0.9615384615384616,11.538461538461538,0.0
207,0.2,10.0,1.0,DA-BALS-Stabilized,104,93.26923076923077,2.8846153846153846,3.8461538461538463,0.0
207,0.2,50.0,0.0,DA-BALS-NoMargin,104,97.11538461538461,0.0,2.8846153846153846,0.0
207,0.2,50.0,0.0,DA-BALS-FixedMargin,104,92.3076923076923,0.0,7.6923076923076925,0.0
207,0.2,50.0,0.0,DA-BALS-Adaptive,104,97.11538461538461,0.0,2.8846153846153846,0.0
207,0.2,50.0,0.0,DA-BALS-Stabilized,104,97.11538461538461,0.0,2.8846153846153846,0.0
207,0.2,50.0,0.5,DA-BALS-NoMargin,104,95.1923076923077,1.9230769230769231,2.8846153846153846,0.0
207,0.2,50.0,0.5,DA-BALS-FixedMargin,104,91.34615384615384,0.9615384615384616,7.6923076923076925,0.0
207,0.2,50.0,0.5,DA-BALS-Adaptive,104,92.3076923076923,1.9230769230769231,5.769230769230769,0.0
207,0.2,50.0,0.5,DA-BALS-Stabilized,104,95.1923076923077,1.9230769230769231,2.8846153846153846,0.0
207,0.2,50.0,1.0,DA-BALS-NoMargin,104,94.23076923076923,2.8846153846153846,2.8846153846153846,0.0
207,0.2,50.0,1.0,DA-BALS-FixedMargin,104,90.38461538461539,1.9230769230769231,7.6923076923076925,0.0
207,0.2,50.0,1.0,DA-BALS-Adaptive,104,87.5,0.9615384615384616,11.538461538461538,0.0
207,0.2,50.0,1.0,DA-BALS-Stabilized,104,93.26923076923077,2.8846153846153846,3.8461538461538463,0.0
207,0.4,0.0,0.0,DA-BALS-NoMargin,194,96.3917525773196,0.0,3.608247422680412,0.0
207,0.4,0.0,0.0,DA-BALS-FixedMargin,194,91.23711340206185,0.0,8.762886597938143,0.0
207,0.4,0.0,0.0,DA-BALS-Adaptive,194,94.84536082474226,0.0,5.154639175257731,0.0
207,0.4,0.0,0.0,DA-BALS-Stabilized,194,96.3917525773196,0.0,3.608247422680412,0.0
207,0.4,0.0,0.5,DA-BALS-NoMargin,194,95.87628865979381,0.5154639175257731,3.608247422680412,0.0
207,0.4,0.0,0.5,DA-BALS-FixedMargin,194,91.23711340206185,0.0,8.762886597938143,0.0
207,0.4,0.0,0.5,DA-BALS-Adaptive,194,94.3298969072165,0.5154639175257731,5.154639175257731,0.0
207,0.4,0.0,0.5,DA-BALS-Stabilized,194,95.87628865979381,0.5154639175257731,3.608247422680412,0.0
207,0.4,0.0,1.0,DA-BALS-NoMargin,194,94.3298969072165,2.0618556701030926,3.608247422680412,0.0
207,0.4,0.0,1.0,DA-BALS-FixedMargin,194,90.20618556701031,1.0309278350515463,8.762886597938143,0.0
207,0.4,0.0,1.0,DA-BALS-Adaptive,194,81.95876288659794,1.5463917525773196,16.49484536082474,0.0
207,0.4,0.0,1.0,DA-BALS-Stabilized,194,93.29896907216495,2.0618556701030926,4.639175257731959,0.0
207,0.4,10.0,0.0,DA-BALS-NoMargin,194,96.3917525773196,0.0,3.608247422680412,0.0
207,0.4,10.0,0.0,DA-BALS-FixedMargin,194,91.23711340206185,0.0,8.762886597938143,0.0
207,0.4,10.0,0.0,DA-BALS-Adaptive,194,94.84536082474226,0.0,5.154639175257731,0.0
207,0.4,10.0,0.0,DA-BALS-Stabilized,194,96.3917525773196,0.0,3.608247422680412,0.0
207,0.4,10.0,0.5,DA-BALS-NoMargin,194,95.87628865979381,0.5154639175257731,3.608247422680412,0.0
207,0.4,10.0,0.5,DA-BALS-FixedMargin,194,91.23711340206185,0.0,8.762886597938143,0.0
207,0.4,10.0,0.5,DA-BALS-Adaptive,194,94.3298969072165,0.5154639175257731,5.154639175257731,0.0
207,0.4,10.0,0.5,DA-BALS-Stabilized,194,95.87628865979381,0.5154639175257731,3.608247422680412,0.0
207,0.4,10.0,1.0,DA-BALS-NoMargin,194,94.3298969072165,2.0618556701030926,3.608247422680412,0.0
207,0.4,10.0,1.0,DA-BALS-FixedMargin,194,90.20618556701031,1.0309278350515463,8.762886597938143,0.0
207,0.4,10.0,1.0,DA-BALS-Adaptive,194,81.95876288659794,1.5463917525773196,16.49484536082474,0.0
207,0.4,10.0,1.0,DA-BALS-Stabilized,194,93.29896907216495,2.0618556701030926,4.639175257731959,0.0
207,0.4,50.0,0.0,DA-BALS-NoMargin,194,96.3917525773196,0.0,3.608247422680412,0.0
207,0.4,50.0,0.0,DA-BALS-FixedMargin,194,91.23711340206185,0.0,8.762886597938143,0.0
207,0.4,50.0,0.0,DA-BALS-Adaptive,194,94.84536082474226,0.0,5.154639175257731,0.0
207,0.4,50.0,0.0,DA-BALS-Stabilized,194,96.3917525773196,0.0,3.608247422680412,0.0
207,0.4,50.0,0.5,DA-BALS-NoMargin,194,95.87628865979381,0.5154639175257731,3.608247422680412,0.0
207,0.4,50.0,0.5,DA-BALS-FixedMargin,194,91.23711340206185,0.0,8.762886597938143,0.0
207,0.4,50.0,0.5,DA-BALS-Adaptive,194,94.3298969072165,0.5154639175257731,5.154639175257731,0.0
207,0.4,50.0,0.5,DA-BALS-Stabilized,194,95.87628865979381,0.5154639175257731,3.608247422680412,0.0
207,0.4,50.0,1.0,DA-BALS-NoMargin,194,94.3298969072165,2.0618556701030926,3.608247422680412,0.0
207,0.4,50.0,1.0,DA-BALS-FixedMargin,194,90.20618556701031,1.0309278350515463,8.762886597938143,0.0
207,0.4,50.0,1.0,DA-BALS-Adaptive,194,81.95876288659794,1.5463917525773196,16.49484536082474,0.0
207,0.4,50.0,1.0,DA-BALS-Stabilized,194,93.29896907216495,2.0618556701030926,4.639175257731959,0.0
207,0.6,0.0,0.0,DA-BALS-NoMargin,296,87.83783783783784,0.33783783783783783,11.824324324324325,0.0
207,0.6,0.0,0.0,DA-BALS-FixedMargin,296,82.43243243243244,0.0,17.56756756756757,0.0
207,0.6,0.0,0.0,DA-BALS-Adaptive,296,85.8108108108108,0.33783783783783783,13.85135135135135,0.0
207,0.6,0.0,0.0,DA-BALS-Stabilized,296,87.16216216216216,0.33783783783783783,12.5,0.0
207,0.6,0.0,0.5,DA-BALS-NoMargin,296,86.48648648648648,1.6891891891891893,11.824324324324325,0.0
207,0.6,0.0,0.5,DA-BALS-FixedMargin,296,82.0945945945946,0.33783783783783783,17.56756756756757,0.0
207,0.6,0.0,0.5,DA-BALS-Adaptive,296,83.78378378378379,0.33783783783783783,15.878378378378377,0.0
207,0.6,0.0,0.5,DA-BALS-Stabilized,296,85.47297297297297,1.3513513513513513,13.175675675675674,0.0
207,0.6,0.0,1.0,DA-BALS-NoMargin,296,84.7972972972973,2.7027027027027026,12.5,0.0
207,0.6,0.0,1.0,DA-BALS-FixedMargin,296,81.08108108108108,1.0135135135135136,17.905405405405407,0.0
207,0.6,0.0,1.0,DA-BALS-Adaptive,296,81.75675675675676,1.3513513513513513,16.89189189189189,0.0
207,0.6,0.0,1.0,DA-BALS-Stabilized,296,82.77027027027027,2.364864864864865,14.864864864864865,0.0
207,0.6,10.0,0.0,DA-BALS-NoMargin,296,87.83783783783784,0.33783783783783783,11.824324324324325,0.0
207,0.6,10.0,0.0,DA-BALS-FixedMargin,296,82.43243243243244,0.0,17.56756756756757,0.0
207,0.6,10.0,0.0,DA-BALS-Adaptive,296,85.8108108108108,0.33783783783783783,13.85135135135135,0.0
207,0.6,10.0,0.0,DA-BALS-Stabilized,296,87.16216216216216,0.33783783783783783,12.5,0.0
207,0.6,10.0,0.5,DA-BALS-NoMargin,296,86.48648648648648,1.6891891891891893,11.824324324324325,0.0
207,0.6,10.0,0.5,DA-BALS-FixedMargin,296,82.0945945945946,0.33783783783783783,17.56756756756757,0.0
207,0.6,10.0,0.5,DA-BALS-Adaptive,296,83.78378378378379,0.33783783783783783,15.878378378378377,0.0
207,0.6,10.0,0.5,DA-BALS-Stabilized,296,85.47297297297297,1.3513513513513513,13.175675675675674,0.0
207,0.6,10.0,1.0,DA-BALS-NoMargin,296,84.45945945945947,3.3783783783783785,12.162162162162163,0.0
207,0.6,10.0,1.0,DA-BALS-FixedMargin,296,81.08108108108108,1.0135135135135136,17.905405405405407,0.0
207,0.6,10.0,1.0,DA-BALS-Adaptive,296,81.75675675675676,1.3513513513513513,16.89189189189189,0.0
207,0.6,10.0,1.0,DA-BALS-Stabilized,296,82.43243243243244,3.040540540540541,14.527027027027026,0.0
207,0.6,50.0,0.0,DA-BALS-NoMargin,296,87.83783783783784,0.33783783783783783,11.824324324324325,0.0
207,0.6,50.0,0.0,DA-BALS-FixedMargin,296,82.43243243243244,0.0,17.56756756756757,0.0
207,0.6,50.0,0.0,DA-BALS-Adaptive,296,85.8108108108108,0.33783783783783783,13.85135135135135,0.0
207,0.6,50.0,0.0,DA-BALS-Stabilized,296,87.16216216216216,0.33783783783783783,12.5,0.0
207,0.6,50.0,0.5,DA-BALS-NoMargin,296,86.48648648648648,1.6891891891891893,11.824324324324325,0.0
207,0.6,50.0,0.5,DA-BALS-FixedMargin,296,82.0945945945946,0.33783783783783783,17.56756756756757,0.0
207,0.6,50.0,0.5,DA-BALS-Adaptive,296,83.78378378378379,0.33783783783783783,15.878378378378377,0.0
207,0.6,50.0,0.5,DA-BALS-Stabilized,296,85.47297297297297,1.3513513513513513,13.175675675675674,0.0
207,0.6,50.0,1.0,DA-BALS-NoMargin,296,84.45945945945947,3.7162162162162162,11.824324324324325,0.0
207,0.6,50.0,1.0,DA-BALS-FixedMargin,296,81.08108108108108,1.3513513513513513,17.56756756756757,0.0
207,0.6,50.0,1.0,DA-BALS-Adaptive,296,81.75675675675676,1.3513513513513513,16.89189189189189,0.0
207,0.6,50.0,1.0,DA-BALS-Stabilized,296,82.43243243243244,3.3783783783783785,14.18918918918919,0.0
207,0.8,0.0,0.0,DA-BALS-NoMargin,399,85.21303258145363,0.7518796992481203,14.035087719298245,0.0
207,0.8,0.0,0.0,DA-BALS-FixedMargin,399,82.45614035087719,0.2506265664160401,17.293233082706767,0.0
207,0.8,0.0,0.0,DA-BALS-Adaptive,399,83.20802005012531,0.7518796992481203,16.040100250626566,0.0
207,0.8,0.0,0.0,DA-BALS-Stabilized,399,84.9624060150376,0.7518796992481203,14.285714285714285,0.0
207,0.8,0.0,0.5,DA-BALS-NoMargin,399,83.70927318295739,2.2556390977443606,14.035087719298245,0.0
207,0.8,0.0,0.5,DA-BALS-FixedMargin,399,81.95488721804512,0.7518796992481203,17.293233082706767,0.0
207,0.8,0.0,0.5,DA-BALS-Adaptive,399,83.45864661654136,0.7518796992481203,15.789473684210526,0.0
207,0.8,0.0,0.5,DA-BALS-Stabilized,399,83.45864661654136,2.2556390977443606,14.285714285714285,0.0
207,0.8,0.0,1.0,DA-BALS-NoMargin,399,81.45363408521304,4.260651629072681,14.285714285714285,0.0
207,0.8,0.0,1.0,DA-BALS-FixedMargin,399,80.20050125313283,2.0050125313283207,17.794486215538846,0.0
207,0.8,0.0,1.0,DA-BALS-Adaptive,399,76.44110275689223,1.7543859649122806,21.804511278195488,0.0
207,0.8,0.0,1.0,DA-BALS-Stabilized,399,81.45363408521304,3.508771929824561,15.037593984962406,0.0
207,0.8,10.0,0.0,DA-BALS-NoMargin,399,85.21303258145363,0.7518796992481203,14.035087719298245,0.0
207,0.8,10.0,0.0,DA-BALS-FixedMargin,399,82.45614035087719,0.2506265664160401,17.293233082706767,0.0
207,0.8,10.0,0.0,DA-BALS-Adaptive,399,83.20802005012531,0.7518796992481203,16.040100250626566,0.0
207,0.8,10.0,0.0,DA-BALS-Stabilized,399,84.9624060150376,0.7518796992481203,14.285714285714285,0.0
207,0.8,10.0,0.5,DA-BALS-NoMargin,399,83.70927318295739,2.2556390977443606,14.035087719298245,0.0
207,0.8,10.0,0.5,DA-BALS-FixedMargin,399,81.95488721804512,0.7518796992481203,17.293233082706767,0.0
207,0.8,10.0,0.5,DA-BALS-Adaptive,399,83.45864661654136,0.7518796992481203,15.789473684210526,0.0
207,0.8,10.0,0.5,DA-BALS-Stabilized,399,83.45864661654136,2.2556390977443606,14.285714285714285,0.0
207,0.8,10.0,1.0,DA-BALS-NoMargin,399,81.45363408521304,4.260651629072681,14.285714285714285,0.0
207,0.8,10.0,1.0,DA-BALS-FixedMargin,399,80.20050125313283,2.0050125313283207,17.794486215538846,0.0
207,0.8,10.0,1.0,DA-BALS-Adaptive,399,76.19047619047619,1.7543859649122806,22.05513784461153,0.0
207,0.8,10.0,1.0,DA-BALS-Stabilized,399,81.45363408521304,3.508771929824561,15.037593984962406,0.0
207,0.8,50.0,0.0,DA-BALS-NoMargin,399,85.21303258145363,0.7518796992481203,14.035087719298245,0.0
207,0.8,50.0,0.0,DA-BALS-FixedMargin,399,82.45614035087719,0.2506265664160401,17.293233082706767,0.0
207,0.8,50.0,0.0,DA-BALS-Adaptive,399,83.20802005012531,0.7518796992481203,16.040100250626566,0.0
207,0.8,50.0,0.0,DA-BALS-Stabilized,399,84.9624060150376,0.7518796992481203,14.285714285714285,0.0
207,0.8,50.0,0.5,DA-BALS-NoMargin,399,83.70927318295739,2.2556390977443606,14.035087719298245,0.0
207,0.8,50.0,0.5,DA-BALS-FixedMargin,399,81.95488721804512,0.7518796992481203,17.293233082706767,0.0
207,0.8,50.0,0.5,DA-BALS-Adaptive,399,83.45864661654136,0.7518796992481203,15.789473684210526,0.0
207,0.8,50.0,0.5,DA-BALS-Stabilized,399,83.45864661654136,2.2556390977443606,14.285714285714285,0.0
207,0.8,50.0,1.0,DA-BALS-NoMargin,399,81.45363408521304,4.511278195488721,14.035087719298245,0.0
207,0.8,50.0,1.0,DA-BALS-FixedMargin,399,80.20050125313283,2.506265664160401,17.293233082706767,0.0
207,0.8,50.0,1.0,DA-BALS-Adaptive,399,76.19047619047619,2.0050125313283207,21.804511278195488,0.0
207,0.8,50.0,1.0,DA-BALS-Stabilized,399,81.45363408521304,3.7593984962406015,14.786967418546364,0.0
207,1.0,0.0,0.0,DA-BALS-NoMargin,512,77.5390625,0.9765625,21.484375,0.0
207,1.0,0.0,0.0,DA-BALS-FixedMargin,512,74.609375,0.1953125,25.1953125,0.0
207,1.0,0.0,0.0,DA-BALS-Adaptive,512,77.34375,0.78125,21.875,0.0
207,1.0,0.0,0.0,DA-BALS-Stabilized,512,77.34375,0.9765625,21.6796875,0.0
207,1.0,0.0,0.5,DA-BALS-NoMargin,512,77.34375,1.171875,21.484375,0.0
207,1.0,0.0,0.5,DA-BALS-FixedMargin,512,74.609375,0.1953125,25.1953125,0.0
207,1.0,0.0,0.5,DA-BALS-Adaptive,512,75.390625,0.1953125,24.4140625,0.0
207,1.0,0.0,0.5,DA-BALS-Stabilized,512,77.5390625,0.5859375,21.875,0.0
207,1.0,0.0,1.0,DA-BALS-NoMargin,512,74.4140625,3.7109375,21.875,0.0
207,1.0,0.0,1.0,DA-BALS-FixedMargin,512,72.265625,2.1484375,25.5859375,0.0
207,1.0,0.0,1.0,DA-BALS-Adaptive,512,68.5546875,1.7578125,29.6875,0.0
207,1.0,0.0,1.0,DA-BALS-Stabilized,512,74.21875,3.125,22.65625,0.0
207,1.0,10.0,0.0,DA-BALS-NoMargin,512,77.5390625,0.9765625,21.484375,0.0
207,1.0,10.0,0.0,DA-BALS-FixedMargin,512,74.609375,0.1953125,25.1953125,0.0
207,1.0,10.0,0.0,DA-BALS-Adaptive,512,77.34375,0.78125,21.875,0.0
207,1.0,10.0,0.0,DA-BALS-Stabilized,512,77.34375,0.9765625,21.6796875,0.0
207,1.0,10.0,0.5,DA-BALS-NoMargin,512,77.34375,1.171875,21.484375,0.0
207,1.0,10.0,0.5,DA-BALS-FixedMargin,512,74.609375,0.1953125,25.1953125,0.0
207,1.0,10.0,0.5,DA-BALS-Adaptive,512,75.390625,0.1953125,24.4140625,0.0
207,1.0,10.0,0.5,DA-BALS-Stabilized,512,77.5390625,0.5859375,21.875,0.0
207,1.0,10.0,1.0,DA-BALS-NoMargin,512,74.4140625,3.90625,21.6796875,0.0
207,1.0,10.0,1.0,DA-BALS-FixedMargin,512,72.265625,2.34375,25.390625,0.0
207,1.0,10.0,1.0,DA-BALS-Adaptive,512,66.6015625,1.5625,31.8359375,0.0
207,1.0,10.0,1.0,DA-BALS-Stabilized,512,74.21875,3.125,22.65625,0.0
207,1.0,50.0,0.0,DA-BALS-NoMargin,512,77.5390625,0.9765625,21.484375,0.0
207,1.0,50.0,0.0,DA-BALS-FixedMargin,512,74.609375,0.1953125,25.1953125,0.0
207,1.0,50.0,0.0,DA-BALS-Adaptive,512,77.34375,0.78125,21.875,0.0
207,1.0,50.0,0.0,DA-BALS-Stabilized,512,77.34375,0.9765625,21.6796875,0.0
207,1.0,50.0,0.5,DA-BALS-NoMargin,512,77.34375,1.171875,21.484375,0.0
207,1.0,50.0,0.5,DA-BALS-FixedMargin,512,74.609375,0.1953125,25.1953125,0.0
207,1.0,50.0,0.5,DA-BALS-Adaptive,512,75.390625,0.1953125,24.4140625,0.0
207,1.0,50.0,0.5,DA-BALS-Stabilized,512,77.5390625,0.5859375,21.875,0.0
207,1.0,50.0,1.0,DA-BALS-NoMargin,512,74.4140625,4.1015625,21.484375,0.0
207,1.0,50.0,1.0,DA-BALS-FixedMargin,512,72.265625,2.5390625,25.1953125,0.0
207,1.0,50.0,1.0,DA-BALS-Adaptive,512,66.40625,1.5625,32.03125,0.0
207,1.0,50.0,1.0,DA-BALS-Stabilized,512,74.21875,3.3203125,22.4609375,0.0
207,1.2,0.0,0.0,DA-BALS-NoMargin,634,70.82018927444796,1.2618296529968454,27.917981072555204,0.0
207,1.2,0.0,0.0,DA-BALS-FixedMargin,634,68.61198738170347,0.0,31.38801261829653,0.0
207,1.2,0.0,0.0,DA-BALS-Adaptive,634,70.66246056782335,0.0,29.33753943217666,0.0
207,1.2,0.0,0.0,DA-BALS-Stabilized,634,70.82018927444796,0.47318611987381703,28.706624605678233,0.0
207,1.2,0.0,0.5,DA-BALS-NoMargin,634,69.71608832807571,2.365930599369085,27.917981072555204,0.0
207,1.2,0.0,0.5,DA-BALS-FixedMargin,634,68.45425867507886,0.15772870662460567,31.38801261829653,0.0
207,1.2,0.0,0.5,DA-BALS-Adaptive,634,68.45425867507886,0.6309148264984227,30.914826498422716,0.0
207,1.2,0.0,0.5,DA-BALS-Stabilized,634,69.5583596214511,1.7350157728706623,28.706624605678233,0.0
207,1.2,0.0,1.0,DA-BALS-NoMargin,634,66.7192429022082,5.3627760252365935,27.917981072555204,0.0
207,1.2,0.0,1.0,DA-BALS-FixedMargin,634,65.14195583596214,3.3123028391167195,31.545741324921135,0.0
207,1.2,0.0,1.0,DA-BALS-Adaptive,634,65.29968454258676,2.5236593059936907,32.17665615141956,0.0
207,1.2,0.0,1.0,DA-BALS-Stabilized,634,66.5615141955836,4.574132492113565,28.86435331230284,0.0
207,1.2,10.0,0.0,DA-BALS-NoMargin,634,70.82018927444796,1.2618296529968454,27.917981072555204,0.0
207,1.2,10.0,0.0,DA-BALS-FixedMargin,634,68.61198738170347,0.0,31.38801261829653,0.0
207,1.2,10.0,0.0,DA-BALS-Adaptive,634,70.66246056782335,0.0,29.33753943217666,0.0
207,1.2,10.0,0.0,DA-BALS-Stabilized,634,70.82018927444796,0.47318611987381703,28.706624605678233,0.0
207,1.2,10.0,0.5,DA-BALS-NoMargin,634,69.71608832807571,2.365930599369085,27.917981072555204,0.0
207,1.2,10.0,0.5,DA-BALS-FixedMargin,634,68.45425867507886,0.15772870662460567,31.38801261829653,0.0
207,1.2,10.0,0.5,DA-BALS-Adaptive,634,68.29652996845425,0.9463722397476341,30.757097791798106,0.0
207,1.2,10.0,0.5,DA-BALS-Stabilized,634,69.5583596214511,1.7350157728706623,28.706624605678233,0.0
207,1.2,10.0,1.0,DA-BALS-NoMargin,634,66.7192429022082,5.3627760252365935,27.917981072555204,0.0
207,1.2,10.0,1.0,DA-BALS-FixedMargin,634,65.14195583596214,3.4700315457413247,31.38801261829653,0.0
207,1.2,10.0,1.0,DA-BALS-Adaptive,634,65.14195583596214,2.050473186119874,32.80757097791798,0.0
207,1.2,10.0,1.0,DA-BALS-Stabilized,634,66.5615141955836,4.574132492113565,28.86435331230284,0.0
207,1.2,50.0,0.0,DA-BALS-NoMargin,634,70.82018927444796,1.2618296529968454,27.917981072555204,0.0
207,1.2,50.0,0.0,DA-BALS-FixedMargin,634,68.61198738170347,0.0,31.38801261829653,0.0
207,1.2,50.0,0.0,DA-BALS-Adaptive,634,70.66246056782335,0.0,29.33753943217666,0.0
207,1.2,50.0,0.0,DA-BALS-Stabilized,634,70.82018927444796,0.47318611987381703,28.706624605678233,0.0
207,1.2,50.0,0.5,DA-BALS-NoMargin,634,69.71608832807571,2.365930599369085,27.917981072555204,0.0
207,1.2,50.0,0.5,DA-BALS-FixedMargin,634,68.45425867507886,0.15772870662460567,31.38801261829653,0.0
207,1.2,50.0,0.5,DA-BALS-Adaptive,634,68.29652996845425,0.9463722397476341,30.757097791798106,0.0
207,1.2,50.0,0.5,DA-BALS-Stabilized,634,69.5583596214511,1.7350157728706623,28.706624605678233,0.0
207,1.2,50.0,1.0,DA-BALS-NoMargin,634,66.7192429022082,5.3627760252365935,27.917981072555204,0.0
207,1.2,50.0,1.0,DA-BALS-FixedMargin,634,65.14195583596214,3.4700315457413247,31.38801261829653,0.0
207,1.2,50.0,1.0,DA-BALS-Adaptive,634,65.14195583596214,2.050473186119874,32.80757097791798,0.0
207,1.2,50.0,1.0,DA-BALS-Stabilized,634,66.5615141955836,4.574132492113565,28.86435331230284,0.0
208,0.2,0.0,0.0,DA-BALS-NoMargin,120,95.83333333333334,0.0,4.166666666666666,0.0
208,0.2,0.0,0.0,DA-BALS-FixedMargin,120,92.5,0.0,7.5,0.0
208,0.2,0.0,0.0,DA-BALS-Adaptive,120,95.0,0.0,5.0,0.0
208,0.2,0.0,0.0,DA-BALS-Stabilized,120,95.83333333333334,0.0,4.166666666666666,0.0
208,0.2,0.0,0.5,DA-BALS-NoMargin,120,95.0,0.8333333333333334,4.166666666666666,0.0
208,0.2,0.0,0.5,DA-BALS-FixedMargin,120,92.5,0.0,7.5,0.0
208,0.2,0.0,0.5,DA-BALS-Adaptive,120,94.16666666666667,0.0,5.833333333333333,0.0
208,0.2,0.0,0.5,DA-BALS-Stabilized,120,95.0,0.8333333333333334,4.166666666666666,0.0
208,0.2,0.0,1.0,DA-BALS-NoMargin,120,95.0,0.8333333333333334,4.166666666666666,0.0
208,0.2,0.0,1.0,DA-BALS-FixedMargin,120,92.5,0.0,7.5,0.0
208,0.2,0.0,1.0,DA-BALS-Adaptive,120,94.16666666666667,0.0,5.833333333333333,0.0
208,0.2,0.0,1.0,DA-BALS-Stabilized,120,95.0,0.8333333333333334,4.166666666666666,0.0
208,0.2,10.0,0.0,DA-BALS-NoMargin,120,95.83333333333334,0.0,4.166666666666666,0.0
208,0.2,10.0,0.0,DA-BALS-FixedMargin,120,92.5,0.0,7.5,0.0
208,0.2,10.0,0.0,DA-BALS-Adaptive,120,95.0,0.0,5.0,0.0
208,0.2,10.0,0.0,DA-BALS-Stabilized,120,95.83333333333334,0.0,4.166666666666666,0.0
208,0.2,10.0,0.5,DA-BALS-NoMargin,120,95.0,0.8333333333333334,4.166666666666666,0.0
208,0.2,10.0,0.5,DA-BALS-FixedMargin,120,92.5,0.0,7.5,0.0
208,0.2,10.0,0.5,DA-BALS-Adaptive,120,94.16666666666667,0.0,5.833333333333333,0.0
208,0.2,10.0,0.5,DA-BALS-Stabilized,120,95.0,0.8333333333333334,4.166666666666666,0.0
208,0.2,10.0,1.0,DA-BALS-NoMargin,120,95.0,0.8333333333333334,4.166666666666666,0.0
208,0.2,10.0,1.0,DA-BALS-FixedMargin,120,92.5,0.0,7.5,0.0
208,0.2,10.0,1.0,DA-BALS-Adaptive,120,94.16666666666667,0.0,5.833333333333333,0.0
208,0.2,10.0,1.0,DA-BALS-Stabilized,120,95.0,0.8333333333333334,4.166666666666666,0.0
208,0.2,50.0,0.0,DA-BALS-NoMargin,120,95.83333333333334,0.0,4.166666666666666,0.0
208,0.2,50.0,0.0,DA-BALS-FixedMargin,120,92.5,0.0,7.5,0.0
208,0.2,50.0,0.0,DA-BALS-Adaptive,120,95.0,0.0,5.0,0.0
208,0.2,50.0,0.0,DA-BALS-Stabilized,120,95.83333333333334,0.0,4.166666666666666,0.0
208,0.2,50.0,0.5,DA-BALS-NoMargin,120,95.0,0.8333333333333334,4.166666666666666,0.0
208,0.2,50.0,0.5,DA-BALS-FixedMargin,120,92.5,0.0,7.5,0.0
208,0.2,50.0,0.5,DA-BALS-Adaptive,120,94.16666666666667,0.0,5.833333333333333,0.0
208,0.2,50.0,0.5,DA-BALS-Stabilized,120,95.0,0.8333333333333334,4.166666666666666,0.0
208,0.2,50.0,1.0,DA-BALS-NoMargin,120,95.0,0.8333333333333334,4.166666666666666,0.0
208,0.2,50.0,1.0,DA-BALS-FixedMargin,120,92.5,0.0,7.5,0.0
208,0.2,50.0,1.0,DA-BALS-Adaptive,120,94.16666666666667,0.0,5.833333333333333,0.0
208,0.2,50.0,1.0,DA-BALS-Stabilized,120,95.0,0.8333333333333334,4.166666666666666,0.0
208,0.4,0.0,0.0,DA-BALS-NoMargin,203,94.08866995073892,0.49261083743842365,5.41871921182266,0.0
208,0.4,0.0,0.0,DA-BALS-FixedMargin,203,88.66995073891626,0.0,11.330049261083744,0.0
208,0.4,0.0,0.0,DA-BALS-Adaptive,203,94.08866995073892,0.0,5.911330049261084,0.0
208,0.4,0.0,0.0,DA-BALS-Stabilized,203,94.08866995073892,0.49261083743842365,5.41871921182266,0.0
208,0.4,0.0,0.5,DA-BALS-NoMargin,203,93.59605911330048,0.9852216748768473,5.41871921182266,0.0
208,0.4,0.0,0.5,DA-BALS-FixedMargin,203,88.66995073891626,0.0,11.330049261083744,0.0
208,0.4,0.0,0.5,DA-BALS-Adaptive,203,91.13300492610837,0.0,8.866995073891626,0.0
208,0.4,0.0,0.5,DA-BALS-Stabilized,203,93.59605911330048,0.9852216748768473,5.41871921182266,0.0
208,0.4,0.0,1.0,DA-BALS-NoMargin,203,92.11822660098522,2.4630541871921183,5.41871921182266,0.0
208,0.4,0.0,1.0,DA-BALS-FixedMargin,203,87.68472906403942,0.9852216748768473,11.330049261083744,0.0
208,0.4,0.0,1.0,DA-BALS-Adaptive,203,88.17733990147784,0.49261083743842365,11.330049261083744,0.0
208,0.4,0.0,1.0,DA-BALS-Stabilized,203,92.11822660098522,1.9704433497536946,5.911330049261084,0.0
208,0.4,10.0,0.0,DA-BALS-NoMargin,203,94.08866995073892,0.49261083743842365,5.41871921182266,0.0
208,0.4,10.0,0.0,DA-BALS-FixedMargin,203,88.66995073891626,0.0,11.330049261083744,0.0
208,0.4,10.0,0.0,DA-BALS-Adaptive,203,94.08866995073892,0.0,5.911330049261084,0.0
208,0.4,10.0,0.0,DA-BALS-Stabilized,203,94.08866995073892,0.49261083743842365,5.41871921182266,0.0
208,0.4,10.0,0.5,DA-BALS-NoMargin,203,93.59605911330048,0.9852216748768473,5.41871921182266,0.0
208,0.4,10.0,0.5,DA-BALS-FixedMargin,203,88.66995073891626,0.0,11.330049261083744,0.0
208,0.4,10.0,0.5,DA-BALS-Adaptive,203,91.13300492610837,0.0,8.866995073891626,0.0
208,0.4,10.0,0.5,DA-BALS-Stabilized,203,93.59605911330048,0.9852216748768473,5.41871921182266,0.0
208,0.4,10.0,1.0,DA-BALS-NoMargin,203,92.11822660098522,2.4630541871921183,5.41871921182266,0.0
208,0.4,10.0,1.0,DA-BALS-FixedMargin,203,87.68472906403942,0.9852216748768473,11.330049261083744,0.0
208,0.4,10.0,1.0,DA-BALS-Adaptive,203,88.17733990147784,0.49261083743842365,11.330049261083744,0.0
208,0.4,10.0,1.0,DA-BALS-Stabilized,203,92.11822660098522,1.9704433497536946,5.911330049261084,0.0
208,0.4,50.0,0.0,DA-BALS-NoMargin,203,94.08866995073892,0.49261083743842365,5.41871921182266,0.0
208,0.4,50.0,0.0,DA-BALS-FixedMargin,203,88.66995073891626,0.0,11.330049261083744,0.0
208,0.4,50.0,0.0,DA-BALS-Adaptive,203,94.08866995073892,0.0,5.911330049261084,0.0
208,0.4,50.0,0.0,DA-BALS-Stabilized,203,94.08866995073892,0.49261083743842365,5.41871921182266,0.0
208,0.4,50.0,0.5,DA-BALS-NoMargin,203,93.59605911330048,0.9852216748768473,5.41871921182266,0.0
208,0.4,50.0,0.5,DA-BALS-FixedMargin,203,88.66995073891626,0.0,11.330049261083744,0.0
208,0.4,50.0,0.5,DA-BALS-Adaptive,203,91.13300492610837,0.0,8.866995073891626,0.0
208,0.4,50.0,0.5,DA-BALS-Stabilized,203,93.59605911330048,0.9852216748768473,5.41871921182266,0.0
208,0.4,50.0,1.0,DA-BALS-NoMargin,203,92.11822660098522,2.4630541871921183,5.41871921182266,0.0
208,0.4,50.0,1.0,DA-BALS-FixedMargin,203,87.68472906403942,0.9852216748768473,11.330049261083744,0.0
208,0.4,50.0,1.0,DA-BALS-Adaptive,203,88.17733990147784,0.49261083743842365,11.330049261083744,0.0
208,0.4,50.0,1.0,DA-BALS-Stabilized,203,92.11822660098522,1.9704433497536946,5.911330049261084,0.0
208,0.6,0.0,0.0,DA-BALS-NoMargin,284,88.02816901408451,1.4084507042253522,10.56338028169014,0.0
208,0.6,0.0,0.0,DA-BALS-FixedMargin,284,82.04225352112677,0.0,17.95774647887324,0.0
208,0.6,0.0,0.0,DA-BALS-Adaptive,284,87.32394366197182,1.056338028169014,11.619718309859154,0.0
208,0.6,0.0,0.0,DA-BALS-Stabilized,284,88.02816901408451,1.4084507042253522,10.56338028169014,0.0
208,0.6,0.0,0.5,DA-BALS-NoMargin,284,88.38028169014085,1.056338028169014,10.56338028169014,0.0
208,0.6,0.0,0.5,DA-BALS-FixedMargin,284,82.04225352112677,0.0,17.95774647887324,0.0
208,0.6,0.0,0.5,DA-BALS-Adaptive,284,86.26760563380282,0.7042253521126761,13.028169014084506,0.0
208,0.6,0.0,0.5,DA-BALS-Stabilized,284,88.02816901408451,0.7042253521126761,11.267605633802818,0.0
208,0.6,0.0,1.0,DA-BALS-NoMargin,284,86.61971830985915,2.8169014084507045,10.56338028169014,0.0
208,0.6,0.0,1.0,DA-BALS-FixedMargin,284,81.69014084507043,0.35211267605633806,17.95774647887324,0.0
208,0.6,0.0,1.0,DA-BALS-Adaptive,284,82.74647887323944,1.4084507042253522,15.845070422535212,0.0
208,0.6,0.0,1.0,DA-BALS-Stabilized,284,86.26760563380282,2.464788732394366,11.267605633802818,0.0
208,0.6,10.0,0.0,DA-BALS-NoMargin,284,88.02816901408451,1.4084507042253522,10.56338028169014,0.0
208,0.6,10.0,0.0,DA-BALS-FixedMargin,284,82.04225352112677,0.0,17.95774647887324,0.0
208,0.6,10.0,0.0,DA-BALS-Adaptive,284,87.32394366197182,1.056338028169014,11.619718309859154,0.0
208,0.6,10.0,0.0,DA-BALS-Stabilized,284,88.02816901408451,1.4084507042253522,10.56338028169014,0.0
208,0.6,10.0,0.5,DA-BALS-NoMargin,284,88.38028169014085,1.056338028169014,10.56338028169014,0.0
208,0.6,10.0,0.5,DA-BALS-FixedMargin,284,82.04225352112677,0.0,17.95774647887324,0.0
208,0.6,10.0,0.5,DA-BALS-Adaptive,284,86.26760563380282,0.7042253521126761,13.028169014084506,0.0
208,0.6,10.0,0.5,DA-BALS-Stabilized,284,88.02816901408451,0.7042253521126761,11.267605633802818,0.0
208,0.6,10.0,1.0,DA-BALS-NoMargin,284,86.61971830985915,2.8169014084507045,10.56338028169014,0.0
208,0.6,10.0,1.0,DA-BALS-FixedMargin,284,81.69014084507043,0.35211267605633806,17.95774647887324,0.0
208,0.6,10.0,1.0,DA-BALS-Adaptive,284,82.74647887323944,1.4084507042253522,15.845070422535212,0.0
208,0.6,10.0,1.0,DA-BALS-Stabilized,284,86.26760563380282,2.464788732394366,11.267605633802818,0.0
208,0.6,50.0,0.0,DA-BALS-NoMargin,284,88.02816901408451,1.4084507042253522,10.56338028169014,0.0
208,0.6,50.0,0.0,DA-BALS-FixedMargin,284,82.04225352112677,0.0,17.95774647887324,0.0
208,0.6,50.0,0.0,DA-BALS-Adaptive,284,87.32394366197182,1.056338028169014,11.619718309859154,0.0
208,0.6,50.0,0.0,DA-BALS-Stabilized,284,88.02816901408451,1.4084507042253522,10.56338028169014,0.0
208,0.6,50.0,0.5,DA-BALS-NoMargin,284,88.38028169014085,1.056338028169014,10.56338028169014,0.0
208,0.6,50.0,0.5,DA-BALS-FixedMargin,284,82.04225352112677,0.0,17.95774647887324,0.0
208,0.6,50.0,0.5,DA-BALS-Adaptive,284,86.26760563380282,0.7042253521126761,13.028169014084506,0.0
208,0.6,50.0,0.5,DA-BALS-Stabilized,284,88.02816901408451,0.7042253521126761,11.267605633802818,0.0
208,0.6,50.0,1.0,DA-BALS-NoMargin,284,86.61971830985915,2.8169014084507045,10.56338028169014,0.0
208,0.6,50.0,1.0,DA-BALS-FixedMargin,284,81.69014084507043,0.35211267605633806,17.95774647887324,0.0
208,0.6,50.0,1.0,DA-BALS-Adaptive,284,82.74647887323944,1.4084507042253522,15.845070422535212,0.0
208,0.6,50.0,1.0,DA-BALS-Stabilized,284,86.26760563380282,2.464788732394366,11.267605633802818,0.0
208,0.8,0.0,0.0,DA-BALS-NoMargin,421,83.8479809976247,1.66270783847981,14.489311163895488,0.0
208,0.8,0.0,0.0,DA-BALS-FixedMargin,421,79.80997624703087,0.4750593824228029,19.71496437054632,0.0
208,0.8,0.0,0.0,DA-BALS-Adaptive,421,82.6603325415677,0.7125890736342043,16.6270783847981,0.0
208,0.8,0.0,0.0,DA-BALS-Stabilized,421,83.8479809976247,1.4251781472684086,14.726840855106888,0.0
208,0.8,0.0,0.5,DA-BALS-NoMargin,421,82.89786223277909,2.6128266033254155,14.489311163895488,0.0
208,0.8,0.0,0.5,DA-BALS-FixedMargin,421,78.85985748218528,1.4251781472684086,19.71496437054632,0.0
208,0.8,0.0,0.5,DA-BALS-Adaptive,421,80.76009501187649,1.4251781472684086,17.81472684085511,0.0
208,0.8,0.0,0.5,DA-BALS-Stabilized,421,81.94774346793349,2.6128266033254155,15.439429928741092,0.0
208,0.8,0.0,1.0,DA-BALS-NoMargin,421,81.47268408551069,3.800475059382423,14.726840855106888,0.0
208,0.8,0.0,1.0,DA-BALS-FixedMargin,421,78.14726840855107,1.9002375296912115,19.95249406175772,0.0
208,0.8,0.0,1.0,DA-BALS-Adaptive,421,76.48456057007125,1.187648456057007,22.327790973871732,0.0
208,0.8,0.0,1.0,DA-BALS-Stabilized,421,81.47268408551069,3.0878859857482186,15.439429928741092,0.0
208,0.8,10.0,0.0,DA-BALS-NoMargin,421,83.8479809976247,1.66270783847981,14.489311163895488,0.0
208,0.8,10.0,0.0,DA-BALS-FixedMargin,421,79.80997624703087,0.4750593824228029,19.71496437054632,0.0
208,0.8,10.0,0.0,DA-BALS-Adaptive,421,82.6603325415677,0.7125890736342043,16.6270783847981,0.0
208,0.8,10.0,0.0,DA-BALS-Stabilized,421,83.8479809976247,1.4251781472684086,14.726840855106888,0.0
208,0.8,10.0,0.5,DA-BALS-NoMargin,421,82.89786223277909,2.6128266033254155,14.489311163895488,0.0
208,0.8,10.0,0.5,DA-BALS-FixedMargin,421,78.85985748218528,1.4251781472684086,19.71496437054632,0.0
208,0.8,10.0,0.5,DA-BALS-Adaptive,421,80.52256532066508,1.4251781472684086,18.052256532066508,0.0
208,0.8,10.0,0.5,DA-BALS-Stabilized,421,81.94774346793349,2.6128266033254155,15.439429928741092,0.0
208,0.8,10.0,1.0,DA-BALS-NoMargin,421,81.47268408551069,4.038004750593824,14.489311163895488,0.0
208,0.8,10.0,1.0,DA-BALS-FixedMargin,421,78.14726840855107,1.9002375296912115,19.95249406175772,0.0
208,0.8,10.0,1.0,DA-BALS-Adaptive,421,76.48456057007125,1.66270783847981,21.852731591448933,0.0
208,0.8,10.0,1.0,DA-BALS-Stabilized,421,81.47268408551069,3.32541567695962,15.201900237529692,0.0
208,0.8,50.0,0.0,DA-BALS-NoMargin,421,83.8479809976247,1.66270783847981,14.489311163895488,0.0
208,0.8,50.0,0.0,DA-BALS-FixedMargin,421,79.80997624703087,0.4750593824228029,19.71496437054632,0.0
208,0.8,50.0,0.0,DA-BALS-Adaptive,421,82.6603325415677,0.7125890736342043,16.6270783847981,0.0
208,0.8,50.0,0.0,DA-BALS-Stabilized,421,83.8479809976247,1.4251781472684086,14.726840855106888,0.0
208,0.8,50.0,0.5,DA-BALS-NoMargin,421,82.89786223277909,2.6128266033254155,14.489311163895488,0.0
208,0.8,50.0,0.5,DA-BALS-FixedMargin,421,78.85985748218528,1.4251781472684086,19.71496437054632,0.0
208,0.8,50.0,0.5,DA-BALS-Adaptive,421,80.28503562945369,1.4251781472684086,18.28978622327791,0.0
208,0.8,50.0,0.5,DA-BALS-Stabilized,421,81.94774346793349,2.6128266033254155,15.439429928741092,0.0
208,0.8,50.0,1.0,DA-BALS-NoMargin,421,81.47268408551069,4.038004750593824,14.489311163895488,0.0
208,0.8,50.0,1.0,DA-BALS-FixedMargin,421,78.14726840855107,2.137767220902613,19.71496437054632,0.0
208,0.8,50.0,1.0,DA-BALS-Adaptive,421,75.05938242280284,1.187648456057007,23.75296912114014,0.0
208,0.8,50.0,1.0,DA-BALS-Stabilized,421,81.47268408551069,3.32541567695962,15.201900237529692,0.0
208,1.0,0.0,0.0,DA-BALS-NoMargin,482,79.87551867219918,0.8298755186721992,19.294605809128633,0.0
208,1.0,0.0,0.0,DA-BALS-FixedMargin,482,76.55601659751036,0.0,23.443983402489625,0.0
208,1.0,0.0,0.0,DA-BALS-Adaptive,482,79.04564315352697,0.6224066390041494,20.33195020746888,0.0
208,1.0,0.0,0.0,DA-BALS-Stabilized,482,80.08298755186722,0.6224066390041494,19.294605809128633,0.0
208,1.0,0.0,0.5,DA-BALS-NoMargin,482,78.83817427385893,1.8672199170124482,19.294605809128633,0.0
208,1.0,0.0,0.5,DA-BALS-FixedMargin,482,76.14107883817427,0.4149377593360996,23.443983402489625,0.0
208,1.0,0.0,0.5,DA-BALS-Adaptive,482,78.00829875518673,0.8298755186721992,21.16182572614108,0.0
208,1.0,0.0,0.5,DA-BALS-Stabilized,482,79.04564315352697,1.2448132780082988,19.70954356846473,0.0
208,1.0,0.0,1.0,DA-BALS-NoMargin,482,75.72614107883817,4.356846473029045,19.91701244813278,0.0
208,1.0,0.0,1.0,DA-BALS-FixedMargin,482,73.02904564315352,2.904564315352697,24.066390041493776,0.0
208,1.0,0.0,1.0,DA-BALS-Adaptive,482,74.06639004149378,1.4522821576763485,24.481327800829874,0.0
208,1.0,0.0,1.0,DA-BALS-Stabilized,482,75.93360995850622,3.112033195020747,20.95435684647303,0.0
208,1.0,10.0,0.0,DA-BALS-NoMargin,482,79.87551867219918,0.8298755186721992,19.294605809128633,0.0
208,1.0,10.0,0.0,DA-BALS-FixedMargin,482,76.55601659751036,0.0,23.443983402489625,0.0
208,1.0,10.0,0.0,DA-BALS-Adaptive,482,79.04564315352697,0.6224066390041494,20.33195020746888,0.0
208,1.0,10.0,0.0,DA-BALS-Stabilized,482,80.08298755186722,0.6224066390041494,19.294605809128633,0.0
208,1.0,10.0,0.5,DA-BALS-NoMargin,482,78.83817427385893,1.8672199170124482,19.294605809128633,0.0
208,1.0,10.0,0.5,DA-BALS-FixedMargin,482,76.14107883817427,0.4149377593360996,23.443983402489625,0.0
208,1.0,10.0,0.5,DA-BALS-Adaptive,482,78.00829875518673,0.8298755186721992,21.16182572614108,0.0
208,1.0,10.0,0.5,DA-BALS-Stabilized,482,79.04564315352697,1.2448132780082988,19.70954356846473,0.0
208,1.0,10.0,1.0,DA-BALS-NoMargin,482,75.72614107883817,4.979253112033195,19.294605809128633,0.0
208,1.0,10.0,1.0,DA-BALS-FixedMargin,482,72.61410788381743,3.941908713692946,23.443983402489625,0.0
208,1.0,10.0,1.0,DA-BALS-Adaptive,482,74.06639004149378,2.2821576763485476,23.651452282157674,0.0
208,1.0,10.0,1.0,DA-BALS-Stabilized,482,75.51867219917013,4.149377593360995,20.33195020746888,0.0
208,1.0,50.0,0.0,DA-BALS-NoMargin,482,79.87551867219918,0.8298755186721992,19.294605809128633,0.0
208,1.0,50.0,0.0,DA-BALS-FixedMargin,482,76.55601659751036,0.0,23.443983402489625,0.0
208,1.0,50.0,0.0,DA-BALS-Adaptive,482,79.04564315352697,0.6224066390041494,20.33195020746888,0.0
208,1.0,50.0,0.0,DA-BALS-Stabilized,482,80.08298755186722,0.6224066390041494,19.294605809128633,0.0
208,1.0,50.0,0.5,DA-BALS-NoMargin,482,78.83817427385893,1.8672199170124482,19.294605809128633,0.0
208,1.0,50.0,0.5,DA-BALS-FixedMargin,482,76.14107883817427,0.4149377593360996,23.443983402489625,0.0
208,1.0,50.0,0.5,DA-BALS-Adaptive,482,78.00829875518673,0.8298755186721992,21.16182572614108,0.0
208,1.0,50.0,0.5,DA-BALS-Stabilized,482,79.04564315352697,1.2448132780082988,19.70954356846473,0.0
208,1.0,50.0,1.0,DA-BALS-NoMargin,482,75.72614107883817,4.979253112033195,19.294605809128633,0.0
208,1.0,50.0,1.0,DA-BALS-FixedMargin,482,72.61410788381743,3.941908713692946,23.443983402489625,0.0
208,1.0,50.0,1.0,DA-BALS-Adaptive,482,74.06639004149378,2.2821576763485476,23.651452282157674,0.0
208,1.0,50.0,1.0,DA-BALS-Stabilized,482,75.51867219917013,4.149377593360995,20.33195020746888,0.0
208,1.2,0.0,0.0,DA-BALS-NoMargin,598,72.24080267558529,0.8361204013377926,26.923076923076923,0.0
208,1.2,0.0,0.0,DA-BALS-FixedMargin,598,70.06688963210702,0.16722408026755853,29.76588628762542,0.0
208,1.2,0.0,0.0,DA-BALS-Adaptive,598,71.90635451505017,0.16722408026755853,27.926421404682273,0.0
208,1.2,0.0,0.0,DA-BALS-Stabilized,598,72.24080267558529,0.5016722408026756,27.257525083612038,0.0
208,1.2,0.0,0.5,DA-BALS-NoMargin,598,71.23745819397993,1.839464882943144,26.923076923076923,0.0
208,1.2,0.0,0.5,DA-BALS-FixedMargin,598,69.56521739130434,0.6688963210702341,29.76588628762542,0.0
208,1.2,0.0,0.5,DA-BALS-Adaptive,598,69.39799331103679,1.1705685618729096,29.431438127090303,0.0
208,1.2,0.0,0.5,DA-BALS-Stabilized,598,70.90301003344482,1.6722408026755853,27.424749163879596,0.0
208,1.2,0.0,1.0,DA-BALS-NoMargin,598,70.06688963210702,2.842809364548495,27.09030100334448,0.0
208,1.2,0.0,1.0,DA-BALS-FixedMargin,598,68.06020066889631,1.839464882943144,30.100334448160538,0.0
208,1.2,0.0,1.0,DA-BALS-Adaptive,598,66.88963210702342,1.3377926421404682,31.77257525083612,0.0
208,1.2,0.0,1.0,DA-BALS-Stabilized,598,69.39799331103679,2.6755852842809364,27.926421404682273,0.0
208,1.2,10.0,0.0,DA-BALS-NoMargin,598,72.24080267558529,0.8361204013377926,26.923076923076923,0.0
208,1.2,10.0,0.0,DA-BALS-FixedMargin,598,70.06688963210702,0.16722408026755853,29.76588628762542,0.0
208,1.2,10.0,0.0,DA-BALS-Adaptive,598,71.90635451505017,0.16722408026755853,27.926421404682273,0.0
208,1.2,10.0,0.0,DA-BALS-Stabilized,598,72.24080267558529,0.5016722408026756,27.257525083612038,0.0
208,1.2,10.0,0.5,DA-BALS-NoMargin,598,71.23745819397993,1.839464882943144,26.923076923076923,0.0
208,1.2,10.0,0.5,DA-BALS-FixedMargin,598,69.56521739130434,0.6688963210702341,29.76588628762542,0.0
208,1.2,10.0,0.5,DA-BALS-Adaptive,598,69.39799331103679,1.1705685618729096,29.431438127090303,0.0
208,1.2,10.0,0.5,DA-BALS-Stabilized,598,70.90301003344482,1.6722408026755853,27.424749163879596,0.0
208,1.2,10.0,1.0,DA-BALS-NoMargin,598,70.23411371237458,2.842809364548495,26.923076923076923,0.0
208,1.2,10.0,1.0,DA-BALS-FixedMargin,598,68.39464882943143,1.839464882943144,29.76588628762542,0.0
208,1.2,10.0,1.0,DA-BALS-Adaptive,598,66.88963210702342,1.3377926421404682,31.77257525083612,0.0
208,1.2,10.0,1.0,DA-BALS-Stabilized,598,69.7324414715719,2.6755852842809364,27.591973244147155,0.0
208,1.2,50.0,0.0,DA-BALS-NoMargin,598,72.24080267558529,0.8361204013377926,26.923076923076923,0.0
208,1.2,50.0,0.0,DA-BALS-FixedMargin,598,70.06688963210702,0.16722408026755853,29.76588628762542,0.0
208,1.2,50.0,0.0,DA-BALS-Adaptive,598,71.90635451505017,0.16722408026755853,27.926421404682273,0.0
208,1.2,50.0,0.0,DA-BALS-Stabilized,598,72.24080267558529,0.5016722408026756,27.257525083612038,0.0
208,1.2,50.0,0.5,DA-BALS-NoMargin,598,71.23745819397993,1.839464882943144,26.923076923076923,0.0
208,1.2,50.0,0.5,DA-BALS-FixedMargin,598,69.56521739130434,0.6688963210702341,29.76588628762542,0.0
208,1.2,50.0,0.5,DA-BALS-Adaptive,598,69.39799331103679,1.1705685618729096,29.431438127090303,0.0
208,1.2,50.0,0.5,DA-BALS-Stabilized,598,70.90301003344482,1.6722408026755853,27.424749163879596,0.0
208,1.2,50.0,1.0,DA-BALS-NoMargin,598,70.23411371237458,2.842809364548495,26.923076923076923,0.0
208,1.2,50.0,1.0,DA-BALS-FixedMargin,598,68.39464882943143,1.839464882943144,29.76588628762542,0.0
208,1.2,50.0,1.0,DA-BALS-Adaptive,598,66.88963210702342,1.3377926421404682,31.77257525083612,0.0
208,1.2,50.0,1.0,DA-BALS-Stabilized,598,69.7324414715719,2.6755852842809364,27.591973244147155,0.0
209,0.2,0.0,0.0,DA-BALS-NoMargin,108,95.37037037037037,0.0,4.62962962962963,0.0
209,0.2,0.0,0.0,DA-BALS-FixedMargin,108,87.96296296296296,0.0,12.037037037037036,0.0
209,0.2,0.0,0.0,DA-BALS-Adaptive,108,95.37037037037037,0.0,4.62962962962963,0.0
209,0.2,0.0,0.0,DA-BALS-Stabilized,108,95.37037037037037,0.0,4.62962962962963,0.0
209,0.2,0.0,0.5,DA-BALS-NoMargin,108,94.44444444444444,0.9259259259259258,4.62962962962963,0.0
209,0.2,0.0,0.5,DA-BALS-FixedMargin,108,87.96296296296296,0.0,12.037037037037036,0.0
209,0.2,0.0,0.5,DA-BALS-Adaptive,108,94.44444444444444,0.0,5.555555555555555,0.0
209,0.2,0.0,0.5,DA-BALS-Stabilized,108,94.44444444444444,0.9259259259259258,4.62962962962963,0.0
209,0.2,0.0,1.0,DA-BALS-NoMargin,108,92.5925925925926,2.7777777777777777,4.62962962962963,0.0
209,0.2,0.0,1.0,DA-BALS-FixedMargin,108,87.96296296296296,0.0,12.037037037037036,0.0
209,0.2,0.0,1.0,DA-BALS-Adaptive,108,90.74074074074075,0.9259259259259258,8.333333333333332,0.0
209,0.2,0.0,1.0,DA-BALS-Stabilized,108,92.5925925925926,2.7777777777777777,4.62962962962963,0.0
209,0.2,10.0,0.0,DA-BALS-NoMargin,108,95.37037037037037,0.0,4.62962962962963,0.0
209,0.2,10.0,0.0,DA-BALS-FixedMargin,108,87.96296296296296,0.0,12.037037037037036,0.0
209,0.2,10.0,0.0,DA-BALS-Adaptive,108,95.37037037037037,0.0,4.62962962962963,0.0
209,0.2,10.0,0.0,DA-BALS-Stabilized,108,95.37037037037037,0.0,4.62962962962963,0.0
209,0.2,10.0,0.5,DA-BALS-NoMargin,108,94.44444444444444,0.9259259259259258,4.62962962962963,0.0
209,0.2,10.0,0.5,DA-BALS-FixedMargin,108,87.96296296296296,0.0,12.037037037037036,0.0
209,0.2,10.0,0.5,DA-BALS-Adaptive,108,94.44444444444444,0.0,5.555555555555555,0.0
209,0.2,10.0,0.5,DA-BALS-Stabilized,108,94.44444444444444,0.9259259259259258,4.62962962962963,0.0
209,0.2,10.0,1.0,DA-BALS-NoMargin,108,92.5925925925926,2.7777777777777777,4.62962962962963,0.0
209,0.2,10.0,1.0,DA-BALS-FixedMargin,108,87.96296296296296,0.0,12.037037037037036,0.0
209,0.2,10.0,1.0,DA-BALS-Adaptive,108,90.74074074074075,0.9259259259259258,8.333333333333332,0.0
209,0.2,10.0,1.0,DA-BALS-Stabilized,108,92.5925925925926,2.7777777777777777,4.62962962962963,0.0
209,0.2,50.0,0.0,DA-BALS-NoMargin,108,95.37037037037037,0.0,4.62962962962963,0.0
209,0.2,50.0,0.0,DA-BALS-FixedMargin,108,87.96296296296296,0.0,12.037037037037036,0.0
209,0.2,50.0,0.0,DA-BALS-Adaptive,108,95.37037037037037,0.0,4.62962962962963,0.0
209,0.2,50.0,0.0,DA-BALS-Stabilized,108,95.37037037037037,0.0,4.62962962962963,0.0
209,0.2,50.0,0.5,DA-BALS-NoMargin,108,94.44444444444444,0.9259259259259258,4.62962962962963,0.0
209,0.2,50.0,0.5,DA-BALS-FixedMargin,108,87.96296296296296,0.0,12.037037037037036,0.0
209,0.2,50.0,0.5,DA-BALS-Adaptive,108,94.44444444444444,0.0,5.555555555555555,0.0
209,0.2,50.0,0.5,DA-BALS-Stabilized,108,94.44444444444444,0.9259259259259258,4.62962962962963,0.0
209,0.2,50.0,1.0,DA-BALS-NoMargin,108,92.5925925925926,2.7777777777777777,4.62962962962963,0.0
209,0.2,50.0,1.0,DA-BALS-FixedMargin,108,87.96296296296296,0.0,12.037037037037036,0.0
209,0.2,50.0,1.0,DA-BALS-Adaptive,108,90.74074074074075,0.9259259259259258,8.333333333333332,0.0
209,0.2,50.0,1.0,DA-BALS-Stabilized,108,92.5925925925926,2.7777777777777777,4.62962962962963,0.0
209,0.4,0.0,0.0,DA-BALS-NoMargin,178,93.82022471910112,1.1235955056179776,5.056179775280898,0.0
209,0.4,0.0,0.0,DA-BALS-FixedMargin,178,91.01123595505618,0.0,8.98876404494382,0.0
209,0.4,0.0,0.0,DA-BALS-Adaptive,178,93.25842696629213,0.5617977528089888,6.179775280898876,0.0
209,0.4,0.0,0.0,DA-BALS-Stabilized,178,93.82022471910112,1.1235955056179776,5.056179775280898,0.0
209,0.4,0.0,0.5,DA-BALS-NoMargin,178,94.3820224719101,0.5617977528089888,5.056179775280898,0.0
209,0.4,0.0,0.5,DA-BALS-FixedMargin,178,91.01123595505618,0.0,8.98876404494382,0.0
209,0.4,0.0,0.5,DA-BALS-Adaptive,178,93.25842696629213,0.0,6.741573033707865,0.0
209,0.4,0.0,0.5,DA-BALS-Stabilized,178,94.3820224719101,0.5617977528089888,5.056179775280898,0.0
209,0.4,0.0,1.0,DA-BALS-NoMargin,178,92.13483146067416,2.8089887640449436,5.056179775280898,0.0
209,0.4,0.0,1.0,DA-BALS-FixedMargin,178,88.20224719101124,1.6853932584269662,10.112359550561797,0.0
209,0.4,0.0,1.0,DA-BALS-Adaptive,178,88.76404494382022,2.8089887640449436,8.426966292134832,0.0
209,0.4,0.0,1.0,DA-BALS-Stabilized,178,91.57303370786516,2.8089887640449436,5.617977528089887,0.0
209,0.4,10.0,0.0,DA-BALS-NoMargin,178,93.82022471910112,1.1235955056179776,5.056179775280898,0.0
209,0.4,10.0,0.0,DA-BALS-FixedMargin,178,91.01123595505618,0.0,8.98876404494382,0.0
209,0.4,10.0,0.0,DA-BALS-Adaptive,178,93.25842696629213,0.5617977528089888,6.179775280898876,0.0
209,0.4,10.0,0.0,DA-BALS-Stabilized,178,93.82022471910112,1.1235955056179776,5.056179775280898,0.0
209,0.4,10.0,0.5,DA-BALS-NoMargin,178,94.3820224719101,0.5617977528089888,5.056179775280898,0.0
209,0.4,10.0,0.5,DA-BALS-FixedMargin,178,91.01123595505618,0.0,8.98876404494382,0.0
209,0.4,10.0,0.5,DA-BALS-Adaptive,178,93.25842696629213,0.0,6.741573033707865,0.0
209,0.4,10.0,0.5,DA-BALS-Stabilized,178,94.3820224719101,0.5617977528089888,5.056179775280898,0.0
209,0.4,10.0,1.0,DA-BALS-NoMargin,178,92.13483146067416,2.8089887640449436,5.056179775280898,0.0
209,0.4,10.0,1.0,DA-BALS-FixedMargin,178,89.32584269662921,1.6853932584269662,8.98876404494382,0.0
209,0.4,10.0,1.0,DA-BALS-Adaptive,178,87.07865168539325,1.6853932584269662,11.235955056179774,0.0
209,0.4,10.0,1.0,DA-BALS-Stabilized,178,91.57303370786516,2.8089887640449436,5.617977528089887,0.0
209,0.4,50.0,0.0,DA-BALS-NoMargin,178,93.82022471910112,1.1235955056179776,5.056179775280898,0.0
209,0.4,50.0,0.0,DA-BALS-FixedMargin,178,91.01123595505618,0.0,8.98876404494382,0.0
209,0.4,50.0,0.0,DA-BALS-Adaptive,178,93.25842696629213,0.5617977528089888,6.179775280898876,0.0
209,0.4,50.0,0.0,DA-BALS-Stabilized,178,93.82022471910112,1.1235955056179776,5.056179775280898,0.0
209,0.4,50.0,0.5,DA-BALS-NoMargin,178,94.3820224719101,0.5617977528089888,5.056179775280898,0.0
209,0.4,50.0,0.5,DA-BALS-FixedMargin,178,91.01123595505618,0.0,8.98876404494382,0.0
209,0.4,50.0,0.5,DA-BALS-Adaptive,178,93.25842696629213,0.0,6.741573033707865,0.0
209,0.4,50.0,0.5,DA-BALS-Stabilized,178,94.3820224719101,0.5617977528089888,5.056179775280898,0.0
209,0.4,50.0,1.0,DA-BALS-NoMargin,178,92.13483146067416,2.8089887640449436,5.056179775280898,0.0
209,0.4,50.0,1.0,DA-BALS-FixedMargin,178,89.32584269662921,1.6853932584269662,8.98876404494382,0.0
209,0.4,50.0,1.0,DA-BALS-Adaptive,178,87.07865168539325,1.6853932584269662,11.235955056179774,0.0
209,0.4,50.0,1.0,DA-BALS-Stabilized,178,91.57303370786516,2.8089887640449436,5.617977528089887,0.0
209,0.6,0.0,0.0,DA-BALS-NoMargin,314,89.80891719745223,0.0,10.191082802547772,0.0
209,0.6,0.0,0.0,DA-BALS-FixedMargin,314,84.71337579617835,0.0,15.286624203821656,0.0
209,0.6,0.0,0.0,DA-BALS-Adaptive,314,88.85350318471338,0.0,11.146496815286625,0.0
209,0.6,0.0,0.0,DA-BALS-Stabilized,314,89.49044585987261,0.0,10.509554140127388,0.0
209,0.6,0.0,0.5,DA-BALS-NoMargin,314,87.89808917197452,1.910828025477707,10.191082802547772,0.0
209,0.6,0.0,0.5,DA-BALS-FixedMargin,314,84.71337579617835,0.0,15.286624203821656,0.0
209,0.6,0.0,0.5,DA-BALS-Adaptive,314,86.94267515923568,0.6369426751592357,12.420382165605096,0.0
209,0.6,0.0,0.5,DA-BALS-Stabilized,314,87.89808917197452,1.5923566878980893,10.509554140127388,0.0
209,0.6,0.0,1.0,DA-BALS-NoMargin,314,86.94267515923568,2.8662420382165608,10.191082802547772,0.0
209,0.6,0.0,1.0,DA-BALS-FixedMargin,314,84.39490445859873,0.3184713375796179,15.286624203821656,0.0
209,0.6,0.0,1.0,DA-BALS-Adaptive,314,84.71337579617835,1.5923566878980893,13.694267515923567,0.0
209,0.6,0.0,1.0,DA-BALS-Stabilized,314,86.94267515923568,2.547770700636943,10.509554140127388,0.0
209,0.6,10.0,0.0,DA-BALS-NoMargin,314,89.80891719745223,0.0,10.191082802547772,0.0
209,0.6,10.0,0.0,DA-BALS-FixedMargin,314,84.71337579617835,0.0,15.286624203821656,0.0
209,0.6,10.0,0.0,DA-BALS-Adaptive,314,88.85350318471338,0.0,11.146496815286625,0.0
209,0.6,10.0,0.0,DA-BALS-Stabilized,314,89.49044585987261,0.0,10.509554140127388,0.0
209,0.6,10.0,0.5,DA-BALS-NoMargin,314,87.89808917197452,1.910828025477707,10.191082802547772,0.0
209,0.6,10.0,0.5,DA-BALS-FixedMargin,314,84.71337579617835,0.0,15.286624203821656,0.0
209,0.6,10.0,0.5,DA-BALS-Adaptive,314,86.94267515923568,0.6369426751592357,12.420382165605096,0.0
209,0.6,10.0,0.5,DA-BALS-Stabilized,314,87.89808917197452,1.5923566878980893,10.509554140127388,0.0
209,0.6,10.0,1.0,DA-BALS-NoMargin,314,86.94267515923568,2.8662420382165608,10.191082802547772,0.0
209,0.6,10.0,1.0,DA-BALS-FixedMargin,314,84.39490445859873,0.3184713375796179,15.286624203821656,0.0
209,0.6,10.0,1.0,DA-BALS-Adaptive,314,84.71337579617835,1.5923566878980893,13.694267515923567,0.0
209,0.6,10.0,1.0,DA-BALS-Stabilized,314,86.94267515923568,2.547770700636943,10.509554140127388,0.0
209,0.6,50.0,0.0,DA-BALS-NoMargin,314,89.80891719745223,0.0,10.191082802547772,0.0
209,0.6,50.0,0.0,DA-BALS-FixedMargin,314,84.71337579617835,0.0,15.286624203821656,0.0
209,0.6,50.0,0.0,DA-BALS-Adaptive,314,88.85350318471338,0.0,11.146496815286625,0.0
209,0.6,50.0,0.0,DA-BALS-Stabilized,314,89.49044585987261,0.0,10.509554140127388,0.0
209,0.6,50.0,0.5,DA-BALS-NoMargin,314,87.89808917197452,1.910828025477707,10.191082802547772,0.0
209,0.6,50.0,0.5,DA-BALS-FixedMargin,314,84.71337579617835,0.0,15.286624203821656,0.0
209,0.6,50.0,0.5,DA-BALS-Adaptive,314,86.94267515923568,0.6369426751592357,12.420382165605096,0.0
209,0.6,50.0,0.5,DA-BALS-Stabilized,314,87.89808917197452,1.5923566878980893,10.509554140127388,0.0
209,0.6,50.0,1.0,DA-BALS-NoMargin,314,86.94267515923568,2.8662420382165608,10.191082802547772,0.0
209,0.6,50.0,1.0,DA-BALS-FixedMargin,314,84.39490445859873,0.3184713375796179,15.286624203821656,0.0
209,0.6,50.0,1.0,DA-BALS-Adaptive,314,84.71337579617835,1.5923566878980893,13.694267515923567,0.0
209,0.6,50.0,1.0,DA-BALS-Stabilized,314,86.94267515923568,2.547770700636943,10.509554140127388,0.0
209,0.8,0.0,0.0,DA-BALS-NoMargin,379,85.75197889182058,0.79155672823219,13.456464379947231,0.0
209,0.8,0.0,0.0,DA-BALS-FixedMargin,379,81.79419525065963,0.0,18.20580474934037,0.0
209,0.8,0.0,0.0,DA-BALS-Adaptive,379,84.96042216358839,0.5277044854881267,14.511873350923482,0.0
209,0.8,0.0,0.0,DA-BALS-Stabilized,379,85.75197889182058,0.5277044854881267,13.720316622691293,0.0
209,0.8,0.0,0.5,DA-BALS-NoMargin,379,84.96042216358839,1.58311345646438,13.456464379947231,0.0
209,0.8,0.0,0.5,DA-BALS-FixedMargin,379,81.00263852242745,0.79155672823219,18.20580474934037,0.0
209,0.8,0.0,0.5,DA-BALS-Adaptive,379,83.11345646437994,0.79155672823219,16.094986807387862,0.0
209,0.8,0.0,0.5,DA-BALS-Stabilized,379,84.96042216358839,1.3192612137203166,13.720316622691293,0.0
209,0.8,0.0,1.0,DA-BALS-NoMargin,379,82.84960422163589,3.6939313984168867,13.456464379947231,0.0
209,0.8,0.0,1.0,DA-BALS-FixedMargin,379,79.68337730870712,1.58311345646438,18.733509234828496,0.0
209,0.8,0.0,1.0,DA-BALS-Adaptive,379,78.89182058047494,1.58311345646438,19.525065963060687,0.0
209,0.8,0.0,1.0,DA-BALS-Stabilized,379,82.32189973614776,3.16622691292876,14.511873350923482,0.0
209,0.8,10.0,0.0,DA-BALS-NoMargin,379,85.75197889182058,0.79155672823219,13.456464379947231,0.0
209,0.8,10.0,0.0,DA-BALS-FixedMargin,379,81.79419525065963,0.0,18.20580474934037,0.0
209,0.8,10.0,0.0,DA-BALS-Adaptive,379,84.96042216358839,0.5277044854881267,14.511873350923482,0.0
209,0.8,10.0,0.0,DA-BALS-Stabilized,379,85.75197889182058,0.5277044854881267,13.720316622691293,0.0
209,0.8,10.0,0.5,DA-BALS-NoMargin,379,84.96042216358839,1.58311345646438,13.456464379947231,0.0
209,0.8,10.0,0.5,DA-BALS-FixedMargin,379,81.00263852242745,0.79155672823219,18.20580474934037,0.0
209,0.8,10.0,0.5,DA-BALS-Adaptive,379,83.11345646437994,0.79155672823219,16.094986807387862,0.0
209,0.8,10.0,0.5,DA-BALS-Stabilized,379,84.96042216358839,1.3192612137203166,13.720316622691293,0.0
209,0.8,10.0,1.0,DA-BALS-NoMargin,379,82.84960422163589,3.6939313984168867,13.456464379947231,0.0
209,0.8,10.0,1.0,DA-BALS-FixedMargin,379,79.68337730870712,2.1108179419525066,18.20580474934037,0.0
209,0.8,10.0,1.0,DA-BALS-Adaptive,379,79.41952506596306,2.3746701846965697,18.20580474934037,0.0
209,0.8,10.0,1.0,DA-BALS-Stabilized,379,82.32189973614776,3.16622691292876,14.511873350923482,0.0
209,0.8,50.0,0.0,DA-BALS-NoMargin,379,85.75197889182058,0.79155672823219,13.456464379947231,0.0
209,0.8,50.0,0.0,DA-BALS-FixedMargin,379,81.79419525065963,0.0,18.20580474934037,0.0
209,0.8,50.0,0.0,DA-BALS-Adaptive,379,84.96042216358839,0.5277044854881267,14.511873350923482,0.0
209,0.8,50.0,0.0,DA-BALS-Stabilized,379,85.75197889182058,0.5277044854881267,13.720316622691293,0.0
209,0.8,50.0,0.5,DA-BALS-NoMargin,379,84.96042216358839,1.58311345646438,13.456464379947231,0.0
209,0.8,50.0,0.5,DA-BALS-FixedMargin,379,81.00263852242745,0.79155672823219,18.20580474934037,0.0
209,0.8,50.0,0.5,DA-BALS-Adaptive,379,83.11345646437994,0.79155672823219,16.094986807387862,0.0
209,0.8,50.0,0.5,DA-BALS-Stabilized,379,84.96042216358839,1.3192612137203166,13.720316622691293,0.0
209,0.8,50.0,1.0,DA-BALS-NoMargin,379,82.84960422163589,3.6939313984168867,13.456464379947231,0.0
209,0.8,50.0,1.0,DA-BALS-FixedMargin,379,79.68337730870712,2.1108179419525066,18.20580474934037,0.0
209,0.8,50.0,1.0,DA-BALS-Adaptive,379,79.41952506596306,2.3746701846965697,18.20580474934037,0.0
209,0.8,50.0,1.0,DA-BALS-Stabilized,379,82.32189973614776,3.16622691292876,14.511873350923482,0.0
209,1.0,0.0,0.0,DA-BALS-NoMargin,486,80.45267489711934,1.02880658436214,18.51851851851852,0.0
209,1.0,0.0,0.0,DA-BALS-FixedMargin,486,75.92592592592592,0.0,24.074074074074073,0.0
209,1.0,0.0,0.0,DA-BALS-Adaptive,486,79.01234567901234,0.6172839506172839,20.37037037037037,0.0
209,1.0,0.0,0.0,DA-BALS-Stabilized,486,80.24691358024691,1.02880658436214,18.72427983539095,0.0
209,1.0,0.0,0.5,DA-BALS-NoMargin,486,77.77777777777779,3.7037037037037033,18.51851851851852,0.0
209,1.0,0.0,0.5,DA-BALS-FixedMargin,486,74.8971193415638,1.02880658436214,24.074074074074073,0.0
209,1.0,0.0,0.5,DA-BALS-Adaptive,486,74.8971193415638,2.4691358024691357,22.633744855967077,0.0
209,1.0,0.0,0.5,DA-BALS-Stabilized,486,77.77777777777779,3.292181069958848,18.930041152263374,0.0
209,1.0,0.0,1.0,DA-BALS-NoMargin,486,75.1028806584362,5.555555555555555,19.34156378600823,0.0
209,1.0,0.0,1.0,DA-BALS-FixedMargin,486,72.8395061728395,2.05761316872428,25.102880658436217,0.0
209,1.0,0.0,1.0,DA-BALS-Adaptive,486,72.63374485596708,2.05761316872428,25.308641975308642,0.0
209,1.0,0.0,1.0,DA-BALS-Stabilized,486,74.48559670781893,4.938271604938271,20.5761316872428,0.0
209,1.0,10.0,0.0,DA-BALS-NoMargin,486,80.45267489711934,1.02880658436214,18.51851851851852,0.0
209,1.0,10.0,0.0,DA-BALS-FixedMargin,486,75.92592592592592,0.0,24.074074074074073,0.0
209,1.0,10.0,0.0,DA-BALS-Adaptive,486,79.01234567901234,0.6172839506172839,20.37037037037037,0.0
209,1.0,10.0,0.0,DA-BALS-Stabilized,486,80.24691358024691,1.02880658436214,18.72427983539095,0.0
209,1.0,10.0,0.5,DA-BALS-NoMargin,486,77.77777777777779,3.7037037037037033,18.51851851851852,0.0
209,1.0,10.0,0.5,DA-BALS-FixedMargin,486,74.8971193415638,1.02880658436214,24.074074074074073,0.0
209,1.0,10.0,0.5,DA-BALS-Adaptive,486,74.69135802469135,2.4691358024691357,22.839506172839506,0.0
209,1.0,10.0,0.5,DA-BALS-Stabilized,486,77.77777777777779,3.292181069958848,18.930041152263374,0.0
209,1.0,10.0,1.0,DA-BALS-NoMargin,486,74.8971193415638,6.172839506172839,18.930041152263374,0.0
209,1.0,10.0,1.0,DA-BALS-FixedMargin,486,72.8395061728395,2.4691358024691357,24.691358024691358,0.0
209,1.0,10.0,1.0,DA-BALS-Adaptive,486,71.81069958847736,1.646090534979424,26.543209876543212,0.0
209,1.0,10.0,1.0,DA-BALS-Stabilized,486,74.2798353909465,5.555555555555555,20.16460905349794,0.0
209,1.0,50.0,0.0,DA-BALS-NoMargin,486,80.45267489711934,1.02880658436214,18.51851851851852,0.0
209,1.0,50.0,0.0,DA-BALS-FixedMargin,486,75.92592592592592,0.0,24.074074074074073,0.0
209,1.0,50.0,0.0,DA-BALS-Adaptive,486,79.01234567901234,0.6172839506172839,20.37037037037037,0.0
209,1.0,50.0,0.0,DA-BALS-Stabilized,486,80.24691358024691,1.02880658436214,18.72427983539095,0.0
209,1.0,50.0,0.5,DA-BALS-NoMargin,486,77.77777777777779,3.7037037037037033,18.51851851851852,0.0
209,1.0,50.0,0.5,DA-BALS-FixedMargin,486,74.8971193415638,1.02880658436214,24.074074074074073,0.0
209,1.0,50.0,0.5,DA-BALS-Adaptive,486,74.69135802469135,2.4691358024691357,22.839506172839506,0.0
209,1.0,50.0,0.5,DA-BALS-Stabilized,486,77.77777777777779,3.292181069958848,18.930041152263374,0.0
209,1.0,50.0,1.0,DA-BALS-NoMargin,486,74.69135802469135,6.790123456790123,18.51851851851852,0.0
209,1.0,50.0,1.0,DA-BALS-FixedMargin,486,72.63374485596708,3.292181069958848,24.074074074074073,0.0
209,1.0,50.0,1.0,DA-BALS-Adaptive,486,71.81069958847736,1.646090534979424,26.543209876543212,0.0
209,1.0,50.0,1.0,DA-BALS-Stabilized,486,74.8971193415638,5.1440329218107,19.958847736625515,0.0
209,1.2,0.0,0.0,DA-BALS-NoMargin,574,74.21602787456446,1.3937282229965158,24.390243902439025,0.0
209,1.2,0.0,0.0,DA-BALS-FixedMargin,574,72.82229965156795,0.0,27.177700348432055,0.0
209,1.2,0.0,0.0,DA-BALS-Adaptive,574,74.91289198606272,0.17421602787456447,24.912891986062718,0.0
209,1.2,0.0,0.0,DA-BALS-Stabilized,574,74.21602787456446,1.2195121951219512,24.56445993031359,0.0
209,1.2,0.0,0.5,DA-BALS-NoMargin,574,71.77700348432056,3.8327526132404177,24.390243902439025,0.0
209,1.2,0.0,0.5,DA-BALS-FixedMargin,574,71.42857142857143,1.3937282229965158,27.177700348432055,0.0
209,1.2,0.0,0.5,DA-BALS-Adaptive,574,72.99651567944251,0.8710801393728222,26.132404181184672,0.0
209,1.2,0.0,0.5,DA-BALS-Stabilized,574,73.17073170731707,2.0905923344947737,24.738675958188153,0.0
209,1.2,0.0,1.0,DA-BALS-NoMargin,574,67.07317073170732,8.188153310104529,24.738675958188153,0.0
209,1.2,0.0,1.0,DA-BALS-FixedMargin,574,68.6411149825784,3.8327526132404177,27.526132404181187,0.0
209,1.2,0.0,1.0,DA-BALS-Adaptive,574,63.76306620209059,2.7874564459930316,33.44947735191638,0.0
209,1.2,0.0,1.0,DA-BALS-Stabilized,574,68.98954703832753,5.7491289198606275,25.261324041811843,0.0
209,1.2,10.0,0.0,DA-BALS-NoMargin,574,74.21602787456446,1.3937282229965158,24.390243902439025,0.0
209,1.2,10.0,0.0,DA-BALS-FixedMargin,574,72.82229965156795,0.0,27.177700348432055,0.0
209,1.2,10.0,0.0,DA-BALS-Adaptive,574,74.91289198606272,0.17421602787456447,24.912891986062718,0.0
209,1.2,10.0,0.0,DA-BALS-Stabilized,574,74.21602787456446,1.2195121951219512,24.56445993031359,0.0
209,1.2,10.0,0.5,DA-BALS-NoMargin,574,71.77700348432056,3.8327526132404177,24.390243902439025,0.0
209,1.2,10.0,0.5,DA-BALS-FixedMargin,574,71.42857142857143,1.3937282229965158,27.177700348432055,0.0
209,1.2,10.0,0.5,DA-BALS-Adaptive,574,72.99651567944251,0.8710801393728222,26.132404181184672,0.0
209,1.2,10.0,0.5,DA-BALS-Stabilized,574,73.17073170731707,2.0905923344947737,24.738675958188153,0.0
209,1.2,10.0,1.0,DA-BALS-NoMargin,574,67.07317073170732,8.362369337979095,24.56445993031359,0.0
209,1.2,10.0,1.0,DA-BALS-FixedMargin,574,68.6411149825784,4.006968641114982,27.35191637630662,0.0
209,1.2,10.0,1.0,DA-BALS-Adaptive,574,64.11149825783971,2.7874564459930316,33.10104529616725,0.0
209,1.2,10.0,1.0,DA-BALS-Stabilized,574,68.6411149825784,6.2717770034843205,25.087108013937282,0.0
209,1.2,50.0,0.0,DA-BALS-NoMargin,574,74.21602787456446,1.3937282229965158,24.390243902439025,0.0
209,1.2,50.0,0.0,DA-BALS-FixedMargin,574,72.82229965156795,0.0,27.177700348432055,0.0
209,1.2,50.0,0.0,DA-BALS-Adaptive,574,74.91289198606272,0.17421602787456447,24.912891986062718,0.0
209,1.2,50.0,0.0,DA-BALS-Stabilized,574,74.21602787456446,1.2195121951219512,24.56445993031359,0.0
209,1.2,50.0,0.5,DA-BALS-NoMargin,574,71.77700348432056,3.8327526132404177,24.390243902439025,0.0
209,1.2,50.0,0.5,DA-BALS-FixedMargin,574,71.42857142857143,1.3937282229965158,27.177700348432055,0.0
209,1.2,50.0,0.5,DA-BALS-Adaptive,574,72.99651567944251,0.8710801393728222,26.132404181184672,0.0
209,1.2,50.0,0.5,DA-BALS-Stabilized,574,73.17073170731707,2.0905923344947737,24.738675958188153,0.0
209,1.2,50.0,1.0,DA-BALS-NoMargin,574,67.07317073170732,8.536585365853659,24.390243902439025,0.0
209,1.2,50.0,1.0,DA-BALS-FixedMargin,574,68.6411149825784,4.181184668989547,27.177700348432055,0.0
209,1.2,50.0,1.0,DA-BALS-Adaptive,574,65.50522648083623,2.4390243902439024,32.05574912891986,0.0
209,1.2,50.0,1.0,DA-BALS-Stabilized,574,68.6411149825784,6.445993031358885,24.912891986062718,0.0
210,0.2,0.0,0.0,DA-BALS-NoMargin,91,95.6043956043956,0.0,4.395604395604396,0.0
210,0.2,0.0,0.0,DA-BALS-FixedMargin,91,93.4065934065934,0.0,6.593406593406594,0.0
210,0.2,0.0,0.0,DA-BALS-Adaptive,91,95.6043956043956,0.0,4.395604395604396,0.0
210,0.2,0.0,0.0,DA-BALS-Stabilized,91,95.6043956043956,0.0,4.395604395604396,0.0
210,0.2,0.0,0.5,DA-BALS-NoMargin,91,95.6043956043956,0.0,4.395604395604396,0.0
210,0.2,0.0,0.5,DA-BALS-FixedMargin,91,93.4065934065934,0.0,6.593406593406594,0.0
210,0.2,0.0,0.5,DA-BALS-Adaptive,91,95.6043956043956,0.0,4.395604395604396,0.0
210,0.2,0.0,0.5,DA-BALS-Stabilized,91,95.6043956043956,0.0,4.395604395604396,0.0
210,0.2,0.0,1.0,DA-BALS-NoMargin,91,95.6043956043956,0.0,4.395604395604396,0.0
210,0.2,0.0,1.0,DA-BALS-FixedMargin,91,93.4065934065934,0.0,6.593406593406594,0.0
210,0.2,0.0,1.0,DA-BALS-Adaptive,91,95.6043956043956,0.0,4.395604395604396,0.0
210,0.2,0.0,1.0,DA-BALS-Stabilized,91,95.6043956043956,0.0,4.395604395604396,0.0
210,0.2,10.0,0.0,DA-BALS-NoMargin,91,95.6043956043956,0.0,4.395604395604396,0.0
210,0.2,10.0,0.0,DA-BALS-FixedMargin,91,93.4065934065934,0.0,6.593406593406594,0.0
210,0.2,10.0,0.0,DA-BALS-Adaptive,91,95.6043956043956,0.0,4.395604395604396,0.0
210,0.2,10.0,0.0,DA-BALS-Stabilized,91,95.6043956043956,0.0,4.395604395604396,0.0
210,0.2,10.0,0.5,DA-BALS-NoMargin,91,95.6043956043956,0.0,4.395604395604396,0.0
210,0.2,10.0,0.5,DA-BALS-FixedMargin,91,93.4065934065934,0.0,6.593406593406594,0.0
210,0.2,10.0,0.5,DA-BALS-Adaptive,91,95.6043956043956,0.0,4.395604395604396,0.0
210,0.2,10.0,0.5,DA-BALS-Stabilized,91,95.6043956043956,0.0,4.395604395604396,0.0
210,0.2,10.0,1.0,DA-BALS-NoMargin,91,95.6043956043956,0.0,4.395604395604396,0.0
210,0.2,10.0,1.0,DA-BALS-FixedMargin,91,93.4065934065934,0.0,6.593406593406594,0.0
210,0.2,10.0,1.0,DA-BALS-Adaptive,91,95.6043956043956,0.0,4.395604395604396,0.0
210,0.2,10.0,1.0,DA-BALS-Stabilized,91,95.6043956043956,0.0,4.395604395604396,0.0
210,0.2,50.0,0.0,DA-BALS-NoMargin,91,95.6043956043956,0.0,4.395604395604396,0.0
210,0.2,50.0,0.0,DA-BALS-FixedMargin,91,93.4065934065934,0.0,6.593406593406594,0.0
210,0.2,50.0,0.0,DA-BALS-Adaptive,91,95.6043956043956,0.0,4.395604395604396,0.0
210,0.2,50.0,0.0,DA-BALS-Stabilized,91,95.6043956043956,0.0,4.395604395604396,0.0
210,0.2,50.0,0.5,DA-BALS-NoMargin,91,95.6043956043956,0.0,4.395604395604396,0.0
210,0.2,50.0,0.5,DA-BALS-FixedMargin,91,93.4065934065934,0.0,6.593406593406594,0.0
210,0.2,50.0,0.5,DA-BALS-Adaptive,91,95.6043956043956,0.0,4.395604395604396,0.0
210,0.2,50.0,0.5,DA-BALS-Stabilized,91,95.6043956043956,0.0,4.395604395604396,0.0
210,0.2,50.0,1.0,DA-BALS-NoMargin,91,95.6043956043956,0.0,4.395604395604396,0.0
210,0.2,50.0,1.0,DA-BALS-FixedMargin,91,93.4065934065934,0.0,6.593406593406594,0.0
210,0.2,50.0,1.0,DA-BALS-Adaptive,91,95.6043956043956,0.0,4.395604395604396,0.0
210,0.2,50.0,1.0,DA-BALS-Stabilized,91,95.6043956043956,0.0,4.395604395604396,0.0
210,0.4,0.0,0.0,DA-BALS-NoMargin,192,95.83333333333334,0.5208333333333333,3.6458333333333335,0.0
210,0.4,0.0,0.0,DA-BALS-FixedMargin,192,91.14583333333334,0.0,8.854166666666668,0.0
210,0.4,0.0,0.0,DA-BALS-Adaptive,192,95.83333333333334,0.0,4.166666666666666,0.0
210,0.4,0.0,0.0,DA-BALS-Stabilized,192,95.83333333333334,0.5208333333333333,3.6458333333333335,0.0
210,0.4,0.0,0.5,DA-BALS-NoMargin,192,94.79166666666666,1.5625,3.6458333333333335,0.0
210,0.4,0.0,0.5,DA-BALS-FixedMargin,192,91.14583333333334,0.0,8.854166666666668,0.0
210,0.4,0.0,0.5,DA-BALS-Adaptive,192,92.70833333333334,1.0416666666666665,6.25,0.0
210,0.4,0.0,0.5,DA-BALS-Stabilized,192,94.79166666666666,1.5625,3.6458333333333335,0.0
210,0.4,0.0,1.0,DA-BALS-NoMargin,192,91.66666666666666,4.6875,3.6458333333333335,0.0
210,0.4,0.0,1.0,DA-BALS-FixedMargin,192,89.0625,2.083333333333333,8.854166666666668,0.0
210,0.4,0.0,1.0,DA-BALS-Adaptive,192,90.625,3.125,6.25,0.0
210,0.4,0.0,1.0,DA-BALS-Stabilized,192,91.66666666666666,4.6875,3.6458333333333335,0.0
210,0.4,10.0,0.0,DA-BALS-NoMargin,192,95.83333333333334,0.5208333333333333,3.6458333333333335,0.0
210,0.4,10.0,0.0,DA-BALS-FixedMargin,192,91.14583333333334,0.0,8.854166666666668,0.0
210,0.4,10.0,0.0,DA-BALS-Adaptive,192,95.83333333333334,0.0,4.166666666666666,0.0
210,0.4,10.0,0.0,DA-BALS-Stabilized,192,95.83333333333334,0.5208333333333333,3.6458333333333335,0.0
210,0.4,10.0,0.5,DA-BALS-NoMargin,192,94.79166666666666,1.5625,3.6458333333333335,0.0
210,0.4,10.0,0.5,DA-BALS-FixedMargin,192,91.14583333333334,0.0,8.854166666666668,0.0
210,0.4,10.0,0.5,DA-BALS-Adaptive,192,92.70833333333334,1.0416666666666665,6.25,0.0
210,0.4,10.0,0.5,DA-BALS-Stabilized,192,94.79166666666666,1.5625,3.6458333333333335,0.0
210,0.4,10.0,1.0,DA-BALS-NoMargin,192,91.66666666666666,4.6875,3.6458333333333335,0.0
210,0.4,10.0,1.0,DA-BALS-FixedMargin,192,89.0625,2.083333333333333,8.854166666666668,0.0
210,0.4,10.0,1.0,DA-BALS-Adaptive,192,90.625,3.125,6.25,0.0
210,0.4,10.0,1.0,DA-BALS-Stabilized,192,91.66666666666666,4.6875,3.6458333333333335,0.0
210,0.4,50.0,0.0,DA-BALS-NoMargin,192,95.83333333333334,0.5208333333333333,3.6458333333333335,0.0
210,0.4,50.0,0.0,DA-BALS-FixedMargin,192,91.14583333333334,0.0,8.854166666666668,0.0
210,0.4,50.0,0.0,DA-BALS-Adaptive,192,95.83333333333334,0.0,4.166666666666666,0.0
210,0.4,50.0,0.0,DA-BALS-Stabilized,192,95.83333333333334,0.5208333333333333,3.6458333333333335,0.0
210,0.4,50.0,0.5,DA-BALS-NoMargin,192,94.79166666666666,1.5625,3.6458333333333335,0.0
210,0.4,50.0,0.5,DA-BALS-FixedMargin,192,91.14583333333334,0.0,8.854166666666668,0.0
210,0.4,50.0,0.5,DA-BALS-Adaptive,192,92.70833333333334,1.0416666666666665,6.25,0.0
210,0.4,50.0,0.5,DA-BALS-Stabilized,192,94.79166666666666,1.5625,3.6458333333333335,0.0
210,0.4,50.0,1.0,DA-BALS-NoMargin,192,91.66666666666666,4.6875,3.6458333333333335,0.0
210,0.4,50.0,1.0,DA-BALS-FixedMargin,192,89.0625,2.083333333333333,8.854166666666668,0.0
210,0.4,50.0,1.0,DA-BALS-Adaptive,192,90.625,3.125,6.25,0.0
210,0.4,50.0,1.0,DA-BALS-Stabilized,192,91.66666666666666,4.6875,3.6458333333333335,0.0
210,0.6,0.0,0.0,DA-BALS-NoMargin,307,88.59934853420195,0.32573289902280134,11.074918566775244,0.0
210,0.6,0.0,0.0,DA-BALS-FixedMargin,307,84.36482084690554,0.0,15.63517915309446,0.0
210,0.6,0.0,0.0,DA-BALS-Adaptive,307,86.31921824104235,0.0,13.680781758957655,0.0
210,0.6,0.0,0.0,DA-BALS-Stabilized,307,88.27361563517914,0.32573289902280134,11.400651465798045,0.0
210,0.6,0.0,0.5,DA-BALS-NoMargin,307,87.62214983713355,1.3029315960912053,11.074918566775244,0.0
210,0.6,0.0,0.5,DA-BALS-FixedMargin,307,84.03908794788273,0.32573289902280134,15.63517915309446,0.0
210,0.6,0.0,0.5,DA-BALS-Adaptive,307,84.69055374592834,0.32573289902280134,14.983713355048861,0.0
210,0.6,0.0,0.5,DA-BALS-Stabilized,307,86.64495114006515,0.9771986970684038,12.37785016286645,0.0
210,0.6,0.0,1.0,DA-BALS-NoMargin,307,84.36482084690554,4.5602605863192185,11.074918566775244,0.0
210,0.6,0.0,1.0,DA-BALS-FixedMargin,307,82.73615635179154,1.6286644951140066,15.63517915309446,0.0
210,0.6,0.0,1.0,DA-BALS-Adaptive,307,79.15309446254072,1.9543973941368076,18.892508143322477,0.0
210,0.6,0.0,1.0,DA-BALS-Stabilized,307,84.69055374592834,2.6058631921824107,12.703583061889251,0.0
210,0.6,10.0,0.0,DA-BALS-NoMargin,307,88.59934853420195,0.32573289902280134,11.074918566775244,0.0
210,0.6,10.0,0.0,DA-BALS-FixedMargin,307,84.36482084690554,0.0,15.63517915309446,0.0
210,0.6,10.0,0.0,DA-BALS-Adaptive,307,86.31921824104235,0.0,13.680781758957655,0.0
210,0.6,10.0,0.0,DA-BALS-Stabilized,307,88.27361563517914,0.32573289902280134,11.400651465798045,0.0
210,0.6,10.0,0.5,DA-BALS-NoMargin,307,87.62214983713355,1.3029315960912053,11.074918566775244,0.0
210,0.6,10.0,0.5,DA-BALS-FixedMargin,307,84.03908794788273,0.32573289902280134,15.63517915309446,0.0
210,0.6,10.0,0.5,DA-BALS-Adaptive,307,84.69055374592834,0.32573289902280134,14.983713355048861,0.0
210,0.6,10.0,0.5,DA-BALS-Stabilized,307,86.64495114006515,0.9771986970684038,12.37785016286645,0.0
210,0.6,10.0,1.0,DA-BALS-NoMargin,307,84.03908794788273,4.88599348534202,11.074918566775244,0.0
210,0.6,10.0,1.0,DA-BALS-FixedMargin,307,82.73615635179154,1.6286644951140066,15.63517915309446,0.0
210,0.6,10.0,1.0,DA-BALS-Adaptive,307,78.17589576547232,1.9543973941368076,19.86970684039088,0.0
210,0.6,10.0,1.0,DA-BALS-Stabilized,307,84.69055374592834,2.6058631921824107,12.703583061889251,0.0
210,0.6,50.0,0.0,DA-BALS-NoMargin,307,88.59934853420195,0.32573289902280134,11.074918566775244,0.0
210,0.6,50.0,0.0,DA-BALS-FixedMargin,307,84.36482084690554,0.0,15.63517915309446,0.0
210,0.6,50.0,0.0,DA-BALS-Adaptive,307,86.31921824104235,0.0,13.680781758957655,0.0
210,0.6,50.0,0.0,DA-BALS-Stabilized,307,88.27361563517914,0.32573289902280134,11.400651465798045,0.0
210,0.6,50.0,0.5,DA-BALS-NoMargin,307,87.62214983713355,1.3029315960912053,11.074918566775244,0.0
210,0.6,50.0,0.5,DA-BALS-FixedMargin,307,84.03908794788273,0.32573289902280134,15.63517915309446,0.0
210,0.6,50.0,0.5,DA-BALS-Adaptive,307,84.69055374592834,0.32573289902280134,14.983713355048861,0.0
210,0.6,50.0,0.5,DA-BALS-Stabilized,307,86.64495114006515,0.9771986970684038,12.37785016286645,0.0
210,0.6,50.0,1.0,DA-BALS-NoMargin,307,84.03908794788273,4.88599348534202,11.074918566775244,0.0
210,0.6,50.0,1.0,DA-BALS-FixedMargin,307,82.73615635179154,1.6286644951140066,15.63517915309446,0.0
210,0.6,50.0,1.0,DA-BALS-Adaptive,307,78.17589576547232,1.9543973941368076,19.86970684039088,0.0
210,0.6,50.0,1.0,DA-BALS-Stabilized,307,84.69055374592834,2.6058631921824107,12.703583061889251,0.0
210,0.8,0.0,0.0,DA-BALS-NoMargin,443,81.03837471783297,1.1286681715575622,17.83295711060948,0.0
210,0.8,0.0,0.0,DA-BALS-FixedMargin,443,78.1038374717833,0.0,21.896162528216703,0.0
210,0.8,0.0,0.0,DA-BALS-Adaptive,443,80.81264108352144,0.4514672686230248,18.735891647855528,0.0
210,0.8,0.0,0.0,DA-BALS-Stabilized,443,81.03837471783297,0.9029345372460496,18.058690744920995,0.0
210,0.8,0.0,0.5,DA-BALS-NoMargin,443,81.03837471783297,1.1286681715575622,17.83295711060948,0.0
210,0.8,0.0,0.5,DA-BALS-FixedMargin,443,78.1038374717833,0.0,21.896162528216703,0.0
210,0.8,0.0,0.5,DA-BALS-Adaptive,443,79.45823927765237,0.6772009029345373,19.864559819413092,0.0
210,0.8,0.0,0.5,DA-BALS-Stabilized,443,81.26410835214448,0.9029345372460496,17.83295711060948,0.0
210,0.8,0.0,1.0,DA-BALS-NoMargin,443,80.36117381489842,1.805869074492099,17.83295711060948,0.0
210,0.8,0.0,1.0,DA-BALS-FixedMargin,443,77.42663656884876,0.6772009029345373,21.896162528216703,0.0
210,0.8,0.0,1.0,DA-BALS-Adaptive,443,75.39503386004515,0.9029345372460496,23.702031602708804,0.0
210,0.8,0.0,1.0,DA-BALS-Stabilized,443,80.58690744920993,1.580135440180587,17.83295711060948,0.0
210,0.8,10.0,0.0,DA-BALS-NoMargin,443,81.03837471783297,1.1286681715575622,17.83295711060948,0.0
210,0.8,10.0,0.0,DA-BALS-FixedMargin,443,78.1038374717833,0.0,21.896162528216703,0.0
210,0.8,10.0,0.0,DA-BALS-Adaptive,443,80.81264108352144,0.4514672686230248,18.735891647855528,0.0
210,0.8,10.0,0.0,DA-BALS-Stabilized,443,81.03837471783297,0.9029345372460496,18.058690744920995,0.0
210,0.8,10.0,0.5,DA-BALS-NoMargin,443,81.03837471783297,1.1286681715575622,17.83295711060948,0.0
210,0.8,10.0,0.5,DA-BALS-FixedMargin,443,78.1038374717833,0.0,21.896162528216703,0.0
210,0.8,10.0,0.5,DA-BALS-Adaptive,443,79.45823927765237,0.6772009029345373,19.864559819413092,0.0
210,0.8,10.0,0.5,DA-BALS-Stabilized,443,81.26410835214448,0.9029345372460496,17.83295711060948,0.0
210,0.8,10.0,1.0,DA-BALS-NoMargin,443,80.36117381489842,1.805869074492099,17.83295711060948,0.0
210,0.8,10.0,1.0,DA-BALS-FixedMargin,443,77.42663656884876,0.6772009029345373,21.896162528216703,0.0
210,0.8,10.0,1.0,DA-BALS-Adaptive,443,75.16930022573364,0.9029345372460496,23.927765237020317,0.0
210,0.8,10.0,1.0,DA-BALS-Stabilized,443,80.58690744920993,1.580135440180587,17.83295711060948,0.0
210,0.8,50.0,0.0,DA-BALS-NoMargin,443,81.03837471783297,1.1286681715575622,17.83295711060948,0.0
210,0.8,50.0,0.0,DA-BALS-FixedMargin,443,78.1038374717833,0.0,21.896162528216703,0.0
210,0.8,50.0,0.0,DA-BALS-Adaptive,443,80.81264108352144,0.4514672686230248,18.735891647855528,0.0
210,0.8,50.0,0.0,DA-BALS-Stabilized,443,81.03837471783297,0.9029345372460496,18.058690744920995,0.0
210,0.8,50.0,0.5,DA-BALS-NoMargin,443,81.03837471783297,1.1286681715575622,17.83295711060948,0.0
210,0.8,50.0,0.5,DA-BALS-FixedMargin,443,78.1038374717833,0.0,21.896162528216703,0.0
210,0.8,50.0,0.5,DA-BALS-Adaptive,443,79.45823927765237,0.6772009029345373,19.864559819413092,0.0
210,0.8,50.0,0.5,DA-BALS-Stabilized,443,81.26410835214448,0.9029345372460496,17.83295711060948,0.0
210,0.8,50.0,1.0,DA-BALS-NoMargin,443,80.36117381489842,1.805869074492099,17.83295711060948,0.0
210,0.8,50.0,1.0,DA-BALS-FixedMargin,443,77.42663656884876,0.6772009029345373,21.896162528216703,0.0
210,0.8,50.0,1.0,DA-BALS-Adaptive,443,75.16930022573364,0.9029345372460496,23.927765237020317,0.0
210,0.8,50.0,1.0,DA-BALS-Stabilized,443,80.58690744920993,1.580135440180587,17.83295711060948,0.0
210,1.0,0.0,0.0,DA-BALS-NoMargin,519,78.9980732177264,0.1926782273603083,20.809248554913296,0.0
210,1.0,0.0,0.0,DA-BALS-FixedMargin,519,74.75915221579962,0.0,25.240847784200387,0.0
210,1.0,0.0,0.0,DA-BALS-Adaptive,519,78.22736030828517,0.1926782273603083,21.57996146435453,0.0
210,1.0,0.0,0.0,DA-BALS-Stabilized,519,78.80539499036608,0.1926782273603083,21.001926782273603,0.0
210,1.0,0.0,0.5,DA-BALS-NoMargin,519,78.42003853564547,0.7707129094412332,20.809248554913296,0.0
210,1.0,0.0,0.5,DA-BALS-FixedMargin,519,74.56647398843931,0.1926782273603083,25.240847784200387,0.0
210,1.0,0.0,0.5,DA-BALS-Adaptive,519,77.07129094412332,0.3853564547206166,22.54335260115607,0.0
210,1.0,0.0,0.5,DA-BALS-Stabilized,519,78.03468208092485,0.5780346820809248,21.38728323699422,0.0
210,1.0,0.0,1.0,DA-BALS-NoMargin,519,77.26396917148362,1.9267822736030826,20.809248554913296,0.0
210,1.0,0.0,1.0,DA-BALS-FixedMargin,519,74.18111753371869,0.5780346820809248,25.240847784200387,0.0
210,1.0,0.0,1.0,DA-BALS-Adaptive,519,74.95183044315993,1.1560693641618496,23.892100192678228,0.0
210,1.0,0.0,1.0,DA-BALS-Stabilized,519,76.49325626204238,1.9267822736030826,21.57996146435453,0.0
210,1.0,10.0,0.0,DA-BALS-NoMargin,519,78.9980732177264,0.1926782273603083,20.809248554913296,0.0
210,1.0,10.0,0.0,DA-BALS-FixedMargin,519,74.75915221579962,0.0,25.240847784200387,0.0
210,1.0,10.0,0.0,DA-BALS-Adaptive,519,78.22736030828517,0.1926782273603083,21.57996146435453,0.0
210,1.0,10.0,0.0,DA-BALS-Stabilized,519,78.80539499036608,0.1926782273603083,21.001926782273603,0.0
210,1.0,10.0,0.5,DA-BALS-NoMargin,519,78.42003853564547,0.7707129094412332,20.809248554913296,0.0
210,1.0,10.0,0.5,DA-BALS-FixedMargin,519,74.56647398843931,0.1926782273603083,25.240847784200387,0.0
210,1.0,10.0,0.5,DA-BALS-Adaptive,519,77.07129094412332,0.3853564547206166,22.54335260115607,0.0
210,1.0,10.0,0.5,DA-BALS-Stabilized,519,78.03468208092485,0.5780346820809248,21.38728323699422,0.0
210,1.0,10.0,1.0,DA-BALS-NoMargin,519,77.26396917148362,1.9267822736030826,20.809248554913296,0.0
210,1.0,10.0,1.0,DA-BALS-FixedMargin,519,74.18111753371869,0.5780346820809248,25.240847784200387,0.0
210,1.0,10.0,1.0,DA-BALS-Adaptive,519,74.95183044315993,1.1560693641618496,23.892100192678228,0.0
210,1.0,10.0,1.0,DA-BALS-Stabilized,519,76.49325626204238,1.9267822736030826,21.57996146435453,0.0
210,1.0,50.0,0.0,DA-BALS-NoMargin,519,78.9980732177264,0.1926782273603083,20.809248554913296,0.0
210,1.0,50.0,0.0,DA-BALS-FixedMargin,519,74.75915221579962,0.0,25.240847784200387,0.0
210,1.0,50.0,0.0,DA-BALS-Adaptive,519,78.22736030828517,0.1926782273603083,21.57996146435453,0.0
210,1.0,50.0,0.0,DA-BALS-Stabilized,519,78.80539499036608,0.1926782273603083,21.001926782273603,0.0
210,1.0,50.0,0.5,DA-BALS-NoMargin,519,78.42003853564547,0.7707129094412332,20.809248554913296,0.0
210,1.0,50.0,0.5,DA-BALS-FixedMargin,519,74.56647398843931,0.1926782273603083,25.240847784200387,0.0
210,1.0,50.0,0.5,DA-BALS-Adaptive,519,77.07129094412332,0.3853564547206166,22.54335260115607,0.0
210,1.0,50.0,0.5,DA-BALS-Stabilized,519,78.03468208092485,0.5780346820809248,21.38728323699422,0.0
210,1.0,50.0,1.0,DA-BALS-NoMargin,519,77.26396917148362,1.9267822736030826,20.809248554913296,0.0
210,1.0,50.0,1.0,DA-BALS-FixedMargin,519,74.18111753371869,0.5780346820809248,25.240847784200387,0.0
210,1.0,50.0,1.0,DA-BALS-Adaptive,519,74.95183044315993,1.1560693641618496,23.892100192678228,0.0
210,1.0,50.0,1.0,DA-BALS-Stabilized,519,76.49325626204238,1.9267822736030826,21.57996146435453,0.0
210,1.2,0.0,0.0,DA-BALS-NoMargin,576,73.78472222222221,0.8680555555555556,25.34722222222222,0.0
210,1.2,0.0,0.0,DA-BALS-FixedMargin,576,72.22222222222221,0.0,27.77777777777778,0.0
210,1.2,0.0,0.0,DA-BALS-Adaptive,576,73.4375,0.1736111111111111,26.38888888888889,0.0
210,1.2,0.0,0.0,DA-BALS-Stabilized,576,73.61111111111111,0.6944444444444444,25.694444444444443,0.0
210,1.2,0.0,0.5,DA-BALS-NoMargin,576,72.56944444444444,2.083333333333333,25.34722222222222,0.0
210,1.2,0.0,0.5,DA-BALS-FixedMargin,576,71.875,0.3472222222222222,27.77777777777778,0.0
210,1.2,0.0,0.5,DA-BALS-Adaptive,576,72.91666666666666,0.5208333333333333,26.5625,0.0
210,1.2,0.0,0.5,DA-BALS-Stabilized,576,72.74305555555556,1.3888888888888888,25.868055555555557,0.0
210,1.2,0.0,1.0,DA-BALS-NoMargin,576,70.48611111111111,3.9930555555555554,25.520833333333332,0.0
210,1.2,0.0,1.0,DA-BALS-FixedMargin,576,71.52777777777779,0.6944444444444444,27.77777777777778,0.0
210,1.2,0.0,1.0,DA-BALS-Adaptive,576,70.65972222222221,1.3888888888888888,27.95138888888889,0.0
210,1.2,0.0,1.0,DA-BALS-Stabilized,576,71.00694444444444,2.951388888888889,26.041666666666668,0.0
210,1.2,10.0,0.0,DA-BALS-NoMargin,576,73.78472222222221,0.8680555555555556,25.34722222222222,0.0
210,1.2,10.0,0.0,DA-BALS-FixedMargin,576,72.22222222222221,0.0,27.77777777777778,0.0
210,1.2,10.0,0.0,DA-BALS-Adaptive,576,73.4375,0.1736111111111111,26.38888888888889,0.0
210,1.2,10.0,0.0,DA-BALS-Stabilized,576,73.61111111111111,0.6944444444444444,25.694444444444443,0.0
210,1.2,10.0,0.5,DA-BALS-NoMargin,576,72.56944444444444,2.083333333333333,25.34722222222222,0.0
210,1.2,10.0,0.5,DA-BALS-FixedMargin,576,71.875,0.3472222222222222,27.77777777777778,0.0
210,1.2,10.0,0.5,DA-BALS-Adaptive,576,72.91666666666666,0.5208333333333333,26.5625,0.0
210,1.2,10.0,0.5,DA-BALS-Stabilized,576,72.74305555555556,1.3888888888888888,25.868055555555557,0.0
210,1.2,10.0,1.0,DA-BALS-NoMargin,576,70.3125,4.340277777777778,25.34722222222222,0.0
210,1.2,10.0,1.0,DA-BALS-FixedMargin,576,71.52777777777779,0.6944444444444444,27.77777777777778,0.0
210,1.2,10.0,1.0,DA-BALS-Adaptive,576,70.48611111111111,1.3888888888888888,28.125,0.0
210,1.2,10.0,1.0,DA-BALS-Stabilized,576,71.00694444444444,2.951388888888889,26.041666666666668,0.0
210,1.2,50.0,0.0,DA-BALS-NoMargin,576,73.78472222222221,0.8680555555555556,25.34722222222222,0.0
210,1.2,50.0,0.0,DA-BALS-FixedMargin,576,72.22222222222221,0.0,27.77777777777778,0.0
210,1.2,50.0,0.0,DA-BALS-Adaptive,576,73.4375,0.1736111111111111,26.38888888888889,0.0
210,1.2,50.0,0.0,DA-BALS-Stabilized,576,73.61111111111111,0.6944444444444444,25.694444444444443,0.0
210,1.2,50.0,0.5,DA-BALS-NoMargin,576,72.56944444444444,2.083333333333333,25.34722222222222,0.0
210,1.2,50.0,0.5,DA-BALS-FixedMargin,576,71.875,0.3472222222222222,27.77777777777778,0.0
210,1.2,50.0,0.5,DA-BALS-Adaptive,576,72.91666666666666,0.5208333333333333,26.5625,0.0
210,1.2,50.0,0.5,DA-BALS-Stabilized,576,72.74305555555556,1.3888888888888888,25.868055555555557,0.0
210,1.2,50.0,1.0,DA-BALS-NoMargin,576,70.3125,4.340277777777778,25.34722222222222,0.0
210,1.2,50.0,1.0,DA-BALS-FixedMargin,576,71.52777777777779,0.6944444444444444,27.77777777777778,0.0
210,1.2,50.0,1.0,DA-BALS-Adaptive,576,70.48611111111111,1.3888888888888888,28.125,0.0
210,1.2,50.0,1.0,DA-BALS-Stabilized,576,71.00694444444444,2.951388888888889,26.041666666666668,0.0
211,0.2,0.0,0.0,DA-BALS-NoMargin,87,96.55172413793103,1.1494252873563218,2.2988505747126435,0.0
211,0.2,0.0,0.0,DA-BALS-FixedMargin,87,91.95402298850574,0.0,8.045977011494253,0.0
211,0.2,0.0,0.0,DA-BALS-Adaptive,87,96.55172413793103,0.0,3.4482758620689653,0.0
211,0.2,0.0,0.0,DA-BALS-Stabilized,87,96.55172413793103,1.1494252873563218,2.2988505747126435,0.0
211,0.2,0.0,0.5,DA-BALS-NoMargin,87,94.25287356321839,3.4482758620689653,2.2988505747126435,0.0
211,0.2,0.0,0.5,DA-BALS-FixedMargin,87,90.80459770114942,1.1494252873563218,8.045977011494253,0.0
211,0.2,0.0,0.5,DA-BALS-Adaptive,87,90.80459770114942,2.2988505747126435,6.896551724137931,0.0
211,0.2,0.0,0.5,DA-BALS-Stabilized,87,94.25287356321839,3.4482758620689653,2.2988505747126435,0.0
211,0.2,0.0,1.0,DA-BALS-NoMargin,87,90.80459770114942,6.896551724137931,2.2988505747126435,0.0
211,0.2,0.0,1.0,DA-BALS-FixedMargin,87,88.50574712643679,3.4482758620689653,8.045977011494253,0.0
211,0.2,0.0,1.0,DA-BALS-Adaptive,87,86.20689655172413,3.4482758620689653,10.344827586206897,0.0
211,0.2,0.0,1.0,DA-BALS-Stabilized,87,90.80459770114942,6.896551724137931,2.2988505747126435,0.0
211,0.2,10.0,0.0,DA-BALS-NoMargin,87,96.55172413793103,1.1494252873563218,2.2988505747126435,0.0
211,0.2,10.0,0.0,DA-BALS-FixedMargin,87,91.95402298850574,0.0,8.045977011494253,0.0
211,0.2,10.0,0.0,DA-BALS-Adaptive,87,96.55172413793103,0.0,3.4482758620689653,0.0
211,0.2,10.0,0.0,DA-BALS-Stabilized,87,96.55172413793103,1.1494252873563218,2.2988505747126435,0.0
211,0.2,10.0,0.5,DA-BALS-NoMargin,87,94.25287356321839,3.4482758620689653,2.2988505747126435,0.0
211,0.2,10.0,0.5,DA-BALS-FixedMargin,87,90.80459770114942,1.1494252873563218,8.045977011494253,0.0
211,0.2,10.0,0.5,DA-BALS-Adaptive,87,90.80459770114942,2.2988505747126435,6.896551724137931,0.0
211,0.2,10.0,0.5,DA-BALS-Stabilized,87,94.25287356321839,3.4482758620689653,2.2988505747126435,0.0
211,0.2,10.0,1.0,DA-BALS-NoMargin,87,90.80459770114942,6.896551724137931,2.2988505747126435,0.0
211,0.2,10.0,1.0,DA-BALS-FixedMargin,87,88.50574712643679,3.4482758620689653,8.045977011494253,0.0
211,0.2,10.0,1.0,DA-BALS-Adaptive,87,86.20689655172413,3.4482758620689653,10.344827586206897,0.0
211,0.2,10.0,1.0,DA-BALS-Stabilized,87,90.80459770114942,6.896551724137931,2.2988505747126435,0.0
211,0.2,50.0,0.0,DA-BALS-NoMargin,87,96.55172413793103,1.1494252873563218,2.2988505747126435,0.0
211,0.2,50.0,0.0,DA-BALS-FixedMargin,87,91.95402298850574,0.0,8.045977011494253,0.0
211,0.2,50.0,0.0,DA-BALS-Adaptive,87,96.55172413793103,0.0,3.4482758620689653,0.0
211,0.2,50.0,0.0,DA-BALS-Stabilized,87,96.55172413793103,1.1494252873563218,2.2988505747126435,0.0
211,0.2,50.0,0.5,DA-BALS-NoMargin,87,94.25287356321839,3.4482758620689653,2.2988505747126435,0.0
211,0.2,50.0,0.5,DA-BALS-FixedMargin,87,90.80459770114942,1.1494252873563218,8.045977011494253,0.0
211,0.2,50.0,0.5,DA-BALS-Adaptive,87,90.80459770114942,2.2988505747126435,6.896551724137931,0.0
211,0.2,50.0,0.5,DA-BALS-Stabilized,87,94.25287356321839,3.4482758620689653,2.2988505747126435,0.0
211,0.2,50.0,1.0,DA-BALS-NoMargin,87,90.80459770114942,6.896551724137931,2.2988505747126435,0.0
211,0.2,50.0,1.0,DA-BALS-FixedMargin,87,88.50574712643679,3.4482758620689653,8.045977011494253,0.0
211,0.2,50.0,1.0,DA-BALS-Adaptive,87,86.20689655172413,3.4482758620689653,10.344827586206897,0.0
211,0.2,50.0,1.0,DA-BALS-Stabilized,87,90.80459770114942,6.896551724137931,2.2988505747126435,0.0
211,0.4,0.0,0.0,DA-BALS-NoMargin,216,93.98148148148148,0.0,6.018518518518518,0.0
211,0.4,0.0,0.0,DA-BALS-FixedMargin,216,88.42592592592592,0.0,11.574074074074074,0.0
211,0.4,0.0,0.0,DA-BALS-Adaptive,216,93.05555555555556,0.0,6.944444444444445,0.0
211,0.4,0.0,0.0,DA-BALS-Stabilized,216,93.98148148148148,0.0,6.018518518518518,0.0
211,0.4,0.0,0.5,DA-BALS-NoMargin,216,93.98148148148148,0.0,6.018518518518518,0.0
211,0.4,0.0,0.5,DA-BALS-FixedMargin,216,88.42592592592592,0.0,11.574074074074074,0.0
211,0.4,0.0,0.5,DA-BALS-Adaptive,216,92.12962962962963,0.0,7.87037037037037,0.0
211,0.4,0.0,0.5,DA-BALS-Stabilized,216,93.98148148148148,0.0,6.018518518518518,0.0
211,0.4,0.0,1.0,DA-BALS-NoMargin,216,91.66666666666666,1.8518518518518516,6.481481481481481,0.0
211,0.4,0.0,1.0,DA-BALS-FixedMargin,216,86.57407407407408,1.3888888888888888,12.037037037037036,0.0
211,0.4,0.0,1.0,DA-BALS-Adaptive,216,82.87037037037037,0.9259259259259258,16.203703703703702,0.0
211,0.4,0.0,1.0,DA-BALS-Stabilized,216,91.66666666666666,1.8518518518518516,6.481481481481481,0.0
211,0.4,10.0,0.0,DA-BALS-NoMargin,216,93.98148148148148,0.0,6.018518518518518,0.0
211,0.4,10.0,0.0,DA-BALS-FixedMargin,216,88.42592592592592,0.0,11.574074074074074,0.0
211,0.4,10.0,0.0,DA-BALS-Adaptive,216,93.05555555555556,0.0,6.944444444444445,0.0
211,0.4,10.0,0.0,DA-BALS-Stabilized,216,93.98148148148148,0.0,6.018518518518518,0.0
211,0.4,10.0,0.5,DA-BALS-NoMargin,216,93.98148148148148,0.0,6.018518518518518,0.0
211,0.4,10.0,0.5,DA-BALS-FixedMargin,216,88.42592592592592,0.0,11.574074074074074,0.0
211,0.4,10.0,0.5,DA-BALS-Adaptive,216,92.12962962962963,0.0,7.87037037037037,0.0
211,0.4,10.0,0.5,DA-BALS-Stabilized,216,93.98148148148148,0.0,6.018518518518518,0.0
211,0.4,10.0,1.0,DA-BALS-NoMargin,216,91.66666666666666,2.314814814814815,6.018518518518518,0.0
211,0.4,10.0,1.0,DA-BALS-FixedMargin,216,86.57407407407408,1.8518518518518516,11.574074074074074,0.0
211,0.4,10.0,1.0,DA-BALS-Adaptive,216,82.87037037037037,0.9259259259259258,16.203703703703702,0.0
211,0.4,10.0,1.0,DA-BALS-Stabilized,216,91.66666666666666,2.314814814814815,6.018518518518518,0.0
211,0.4,50.0,0.0,DA-BALS-NoMargin,216,93.98148148148148,0.0,6.018518518518518,0.0
211,0.4,50.0,0.0,DA-BALS-FixedMargin,216,88.42592592592592,0.0,11.574074074074074,0.0
211,0.4,50.0,0.0,DA-BALS-Adaptive,216,93.05555555555556,0.0,6.944444444444445,0.0
211,0.4,50.0,0.0,DA-BALS-Stabilized,216,93.98148148148148,0.0,6.018518518518518,0.0
211,0.4,50.0,0.5,DA-BALS-NoMargin,216,93.98148148148148,0.0,6.018518518518518,0.0
211,0.4,50.0,0.5,DA-BALS-FixedMargin,216,88.42592592592592,0.0,11.574074074074074,0.0
211,0.4,50.0,0.5,DA-BALS-Adaptive,216,92.12962962962963,0.0,7.87037037037037,0.0
211,0.4,50.0,0.5,DA-BALS-Stabilized,216,93.98148148148148,0.0,6.018518518518518,0.0
211,0.4,50.0,1.0,DA-BALS-NoMargin,216,91.66666666666666,2.314814814814815,6.018518518518518,0.0
211,0.4,50.0,1.0,DA-BALS-FixedMargin,216,86.57407407407408,1.8518518518518516,11.574074074074074,0.0
211,0.4,50.0,1.0,DA-BALS-Adaptive,216,82.87037037037037,0.9259259259259258,16.203703703703702,0.0
211,0.4,50.0,1.0,DA-BALS-Stabilized,216,91.66666666666666,2.314814814814815,6.018518518518518,0.0
211,0.6,0.0,0.0,DA-BALS-NoMargin,283,89.39929328621908,0.7067137809187279,9.89399293286219,0.0
211,0.6,0.0,0.0,DA-BALS-FixedMargin,283,84.80565371024736,0.35335689045936397,14.840989399293287,0.0
211,0.6,0.0,0.0,DA-BALS-Adaptive,283,87.98586572438163,0.35335689045936397,11.66077738515901,0.0
211,0.6,0.0,0.0,DA-BALS-Stabilized,283,89.39929328621908,0.7067137809187279,9.89399293286219,0.0
211,0.6,0.0,0.5,DA-BALS-NoMargin,283,86.21908127208481,3.8869257950530036,9.89399293286219,0.0
211,0.6,0.0,0.5,DA-BALS-FixedMargin,283,83.74558303886926,1.4134275618374559,14.840989399293287,0.0
211,0.6,0.0,0.5,DA-BALS-Adaptive,283,85.86572438162544,1.76678445229682,12.36749116607774,0.0
211,0.6,0.0,0.5,DA-BALS-Stabilized,283,86.21908127208481,3.53356890459364,10.247349823321555,0.0
211,0.6,0.0,1.0,DA-BALS-NoMargin,283,84.09893992932862,6.007067137809187,9.89399293286219,0.0
211,0.6,0.0,1.0,DA-BALS-FixedMargin,283,81.62544169611307,3.53356890459364,14.840989399293287,0.0
211,0.6,0.0,1.0,DA-BALS-Adaptive,283,81.2720848056537,2.4734982332155475,16.25441696113074,0.0
211,0.6,0.0,1.0,DA-BALS-Stabilized,283,84.45229681978799,4.946996466431095,10.60070671378092,0.0
211,0.6,10.0,0.0,DA-BALS-NoMargin,283,89.39929328621908,0.7067137809187279,9.89399293286219,0.0
211,0.6,10.0,0.0,DA-BALS-FixedMargin,283,84.80565371024736,0.35335689045936397,14.840989399293287,0.0
211,0.6,10.0,0.0,DA-BALS-Adaptive,283,87.98586572438163,0.35335689045936397,11.66077738515901,0.0
211,0.6,10.0,0.0,DA-BALS-Stabilized,283,89.39929328621908,0.7067137809187279,9.89399293286219,0.0
211,0.6,10.0,0.5,DA-BALS-NoMargin,283,86.21908127208481,3.8869257950530036,9.89399293286219,0.0
211,0.6,10.0,0.5,DA-BALS-FixedMargin,283,83.74558303886926,1.4134275618374559,14.840989399293287,0.0
211,0.6,10.0,0.5,DA-BALS-Adaptive,283,85.51236749116607,1.76678445229682,12.7208480565371,0.0
211,0.6,10.0,0.5,DA-BALS-Stabilized,283,86.21908127208481,3.53356890459364,10.247349823321555,0.0
211,0.6,10.0,1.0,DA-BALS-NoMargin,283,84.09893992932862,6.007067137809187,9.89399293286219,0.0
211,0.6,10.0,1.0,DA-BALS-FixedMargin,283,81.62544169611307,3.53356890459364,14.840989399293287,0.0
211,0.6,10.0,1.0,DA-BALS-Adaptive,283,82.3321554770318,2.4734982332155475,15.19434628975265,0.0
211,0.6,10.0,1.0,DA-BALS-Stabilized,283,84.45229681978799,4.946996466431095,10.60070671378092,0.0
211,0.6,50.0,0.0,DA-BALS-NoMargin,283,89.39929328621908,0.7067137809187279,9.89399293286219,0.0
211,0.6,50.0,0.0,DA-BALS-FixedMargin,283,84.80565371024736,0.35335689045936397,14.840989399293287,0.0
211,0.6,50.0,0.0,DA-BALS-Adaptive,283,87.98586572438163,0.35335689045936397,11.66077738515901,0.0
211,0.6,50.0,0.0,DA-BALS-Stabilized,283,89.39929328621908,0.7067137809187279,9.89399293286219,0.0
211,0.6,50.0,0.5,DA-BALS-NoMargin,283,86.21908127208481,3.8869257950530036,9.89399293286219,0.0
211,0.6,50.0,0.5,DA-BALS-FixedMargin,283,83.74558303886926,1.4134275618374559,14.840989399293287,0.0
211,0.6,50.0,0.5,DA-BALS-Adaptive,283,85.51236749116607,1.76678445229682,12.7208480565371,0.0
211,0.6,50.0,0.5,DA-BALS-Stabilized,283,86.21908127208481,3.53356890459364,10.247349823321555,0.0
211,0.6,50.0,1.0,DA-BALS-NoMargin,283,84.09893992932862,6.007067137809187,9.89399293286219,0.0
211,0.6,50.0,1.0,DA-BALS-FixedMargin,283,81.62544169611307,3.53356890459364,14.840989399293287,0.0
211,0.6,50.0,1.0,DA-BALS-Adaptive,283,82.3321554770318,2.1201413427561837,15.547703180212014,0.0
211,0.6,50.0,1.0,DA-BALS-Stabilized,283,84.45229681978799,4.946996466431095,10.60070671378092,0.0
211,0.8,0.0,0.0,DA-BALS-NoMargin,408,81.61764705882352,1.2254901960784315,17.15686274509804,0.0
211,0.8,0.0,0.0,DA-BALS-FixedMargin,408,78.43137254901961,0.0,21.568627450980394,0.0
211,0.8,0.0,0.0,DA-BALS-Adaptive,408,80.63725490196079,0.9803921568627451,18.38235294117647,0.0
211,0.8,0.0,0.0,DA-BALS-Stabilized,408,81.12745098039215,1.2254901960784315,17.647058823529413,0.0
211,0.8,0.0,0.5,DA-BALS-NoMargin,408,81.61764705882352,1.2254901960784315,17.15686274509804,0.0
211,0.8,0.0,0.5,DA-BALS-FixedMargin,408,78.18627450980392,0.24509803921568626,21.568627450980394,0.0
211,0.8,0.0,0.5,DA-BALS-Adaptive,408,79.41176470588235,0.24509803921568626,20.34313725490196,0.0
211,0.8,0.0,0.5,DA-BALS-Stabilized,408,81.37254901960785,0.9803921568627451,17.647058823529413,0.0
211,0.8,0.0,1.0,DA-BALS-NoMargin,408,79.16666666666666,3.6764705882352944,17.15686274509804,0.0
211,0.8,0.0,1.0,DA-BALS-FixedMargin,408,75.73529411764706,2.696078431372549,21.568627450980394,0.0
211,0.8,0.0,1.0,DA-BALS-Adaptive,408,72.30392156862744,1.9607843137254901,25.735294117647058,0.0
211,0.8,0.0,1.0,DA-BALS-Stabilized,408,78.92156862745098,3.431372549019608,17.647058823529413,0.0
211,0.8,10.0,0.0,DA-BALS-NoMargin,408,81.61764705882352,1.2254901960784315,17.15686274509804,0.0
211,0.8,10.0,0.0,DA-BALS-FixedMargin,408,78.43137254901961,0.0,21.568627450980394,0.0
211,0.8,10.0,0.0,DA-BALS-Adaptive,408,80.63725490196079,0.9803921568627451,18.38235294117647,0.0
211,0.8,10.0,0.0,DA-BALS-Stabilized,408,81.12745098039215,1.2254901960784315,17.647058823529413,0.0
211,0.8,10.0,0.5,DA-BALS-NoMargin,408,81.61764705882352,1.2254901960784315,17.15686274509804,0.0
211,0.8,10.0,0.5,DA-BALS-FixedMargin,408,78.18627450980392,0.24509803921568626,21.568627450980394,0.0
211,0.8,10.0,0.5,DA-BALS-Adaptive,408,79.41176470588235,0.24509803921568626,20.34313725490196,0.0
211,0.8,10.0,0.5,DA-BALS-Stabilized,408,81.37254901960785,0.9803921568627451,17.647058823529413,0.0
211,0.8,10.0,1.0,DA-BALS-NoMargin,408,79.16666666666666,3.6764705882352944,17.15686274509804,0.0
211,0.8,10.0,1.0,DA-BALS-FixedMargin,408,75.73529411764706,2.696078431372549,21.568627450980394,0.0
211,0.8,10.0,1.0,DA-BALS-Adaptive,408,72.05882352941177,1.9607843137254901,25.98039215686275,0.0
211,0.8,10.0,1.0,DA-BALS-Stabilized,408,78.92156862745098,3.431372549019608,17.647058823529413,0.0
211,0.8,50.0,0.0,DA-BALS-NoMargin,408,81.61764705882352,1.2254901960784315,17.15686274509804,0.0
211,0.8,50.0,0.0,DA-BALS-FixedMargin,408,78.43137254901961,0.0,21.568627450980394,0.0
211,0.8,50.0,0.0,DA-BALS-Adaptive,408,80.63725490196079,0.9803921568627451,18.38235294117647,0.0
211,0.8,50.0,0.0,DA-BALS-Stabilized,408,81.12745098039215,1.2254901960784315,17.647058823529413,0.0
211,0.8,50.0,0.5,DA-BALS-NoMargin,408,81.61764705882352,1.2254901960784315,17.15686274509804,0.0
211,0.8,50.0,0.5,DA-BALS-FixedMargin,408,78.18627450980392,0.24509803921568626,21.568627450980394,0.0
211,0.8,50.0,0.5,DA-BALS-Adaptive,408,79.41176470588235,0.24509803921568626,20.34313725490196,0.0
211,0.8,50.0,0.5,DA-BALS-Stabilized,408,81.37254901960785,0.9803921568627451,17.647058823529413,0.0
211,0.8,50.0,1.0,DA-BALS-NoMargin,408,79.16666666666666,3.6764705882352944,17.15686274509804,0.0
211,0.8,50.0,1.0,DA-BALS-FixedMargin,408,75.73529411764706,2.696078431372549,21.568627450980394,0.0
211,0.8,50.0,1.0,DA-BALS-Adaptive,408,72.05882352941177,1.9607843137254901,25.98039215686275,0.0
211,0.8,50.0,1.0,DA-BALS-Stabilized,408,78.92156862745098,3.431372549019608,17.647058823529413,0.0
211,1.0,0.0,0.0,DA-BALS-NoMargin,526,78.70722433460075,0.7604562737642585,20.53231939163498,0.0
211,1.0,0.0,0.0,DA-BALS-FixedMargin,526,75.09505703422053,0.38022813688212925,24.524714828897338,0.0
211,1.0,0.0,0.0,DA-BALS-Adaptive,526,77.56653992395437,0.5703422053231939,21.863117870722434,0.0
211,1.0,0.0,0.0,DA-BALS-Stabilized,526,78.70722433460075,0.5703422053231939,20.722433460076044,0.0
211,1.0,0.0,0.5,DA-BALS-NoMargin,526,76.04562737642586,3.4220532319391634,20.53231939163498,0.0
211,1.0,0.0,0.5,DA-BALS-FixedMargin,526,73.95437262357414,1.3307984790874523,24.714828897338403,0.0
211,1.0,0.0,0.5,DA-BALS-Adaptive,526,73.76425855513308,0.9505703422053232,25.285171102661597,0.0
211,1.0,0.0,0.5,DA-BALS-Stabilized,526,76.23574144486692,2.6615969581749046,21.102661596958175,0.0
211,1.0,0.0,1.0,DA-BALS-NoMargin,526,70.91254752851711,7.224334600760455,21.863117870722434,0.0
211,1.0,0.0,1.0,DA-BALS-FixedMargin,526,69.96197718631178,3.9923954372623576,26.045627376425855,0.0
211,1.0,0.0,1.0,DA-BALS-Adaptive,526,62.16730038022814,3.2319391634980987,34.60076045627377,0.0
211,1.0,0.0,1.0,DA-BALS-Stabilized,526,70.72243346007605,5.323193916349809,23.954372623574145,0.0
211,1.0,10.0,0.0,DA-BALS-NoMargin,526,78.70722433460075,0.7604562737642585,20.53231939163498,0.0
211,1.0,10.0,0.0,DA-BALS-FixedMargin,526,75.09505703422053,0.38022813688212925,24.524714828897338,0.0
211,1.0,10.0,0.0,DA-BALS-Adaptive,526,77.56653992395437,0.5703422053231939,21.863117870722434,0.0
211,1.0,10.0,0.0,DA-BALS-Stabilized,526,78.70722433460075,0.5703422053231939,20.722433460076044,0.0
211,1.0,10.0,0.5,DA-BALS-NoMargin,526,76.04562737642586,3.4220532319391634,20.53231939163498,0.0
211,1.0,10.0,0.5,DA-BALS-FixedMargin,526,74.1444866920152,1.3307984790874523,24.524714828897338,0.0
211,1.0,10.0,0.5,DA-BALS-Adaptive,526,73.76425855513308,0.9505703422053232,25.285171102661597,0.0
211,1.0,10.0,0.5,DA-BALS-Stabilized,526,76.23574144486692,2.6615969581749046,21.102661596958175,0.0
211,1.0,10.0,1.0,DA-BALS-NoMargin,526,70.91254752851711,7.604562737642586,21.482889733840306,0.0
211,1.0,10.0,1.0,DA-BALS-FixedMargin,526,70.15209125475285,4.3726235741444865,25.475285171102662,0.0
211,1.0,10.0,1.0,DA-BALS-Adaptive,526,57.22433460076045,2.6615969581749046,40.11406844106464,0.0
211,1.0,10.0,1.0,DA-BALS-Stabilized,526,71.48288973384031,5.323193916349809,23.193916349809886,0.0
211,1.0,50.0,0.0,DA-BALS-NoMargin,526,78.70722433460075,0.7604562737642585,20.53231939163498,0.0
211,1.0,50.0,0.0,DA-BALS-FixedMargin,526,75.09505703422053,0.38022813688212925,24.524714828897338,0.0
211,1.0,50.0,0.0,DA-BALS-Adaptive,526,77.56653992395437,0.5703422053231939,21.863117870722434,0.0
211,1.0,50.0,0.0,DA-BALS-Stabilized,526,78.70722433460075,0.5703422053231939,20.722433460076044,0.0
211,1.0,50.0,0.5,DA-BALS-NoMargin,526,76.04562737642586,3.4220532319391634,20.53231939163498,0.0
211,1.0,50.0,0.5,DA-BALS-FixedMargin,526,74.1444866920152,1.3307984790874523,24.524714828897338,0.0
211,1.0,50.0,0.5,DA-BALS-Adaptive,526,73.76425855513308,0.9505703422053232,25.285171102661597,0.0
211,1.0,50.0,0.5,DA-BALS-Stabilized,526,76.23574144486692,2.6615969581749046,21.102661596958175,0.0
211,1.0,50.0,1.0,DA-BALS-NoMargin,526,69.58174904942965,9.885931558935361,20.53231939163498,0.0
211,1.0,50.0,1.0,DA-BALS-FixedMargin,526,69.96197718631178,5.513307984790875,24.524714828897338,0.0
211,1.0,50.0,1.0,DA-BALS-Adaptive,526,57.03422053231939,2.6615969581749046,40.3041825095057,0.0
211,1.0,50.0,1.0,DA-BALS-Stabilized,526,70.15209125475285,7.224334600760455,22.623574144486692,0.0
211,1.2,0.0,0.0,DA-BALS-NoMargin,602,72.75747508305648,0.6644518272425249,26.578073089701,0.0
211,1.2,0.0,0.0,DA-BALS-FixedMargin,602,70.265780730897,0.0,29.73421926910299,0.0
211,1.2,0.0,0.0,DA-BALS-Adaptive,602,72.59136212624585,0.16611295681063123,27.242524916943523,0.0
211,1.2,0.0,0.0,DA-BALS-Stabilized,602,72.42524916943522,0.6644518272425249,26.910299003322258,0.0
211,1.2,0.0,0.5,DA-BALS-NoMargin,602,72.42524916943522,0.9966777408637874,26.578073089701,0.0
211,1.2,0.0,0.5,DA-BALS-FixedMargin,602,69.93355481727575,0.33222591362126247,29.73421926910299,0.0
211,1.2,0.0,0.5,DA-BALS-Adaptive,602,71.09634551495017,0.4983388704318937,28.405315614617937,0.0
211,1.2,0.0,0.5,DA-BALS-Stabilized,602,71.59468438538205,1.1627906976744187,27.242524916943523,0.0
211,1.2,0.0,1.0,DA-BALS-NoMargin,602,70.43189368770764,2.990033222591362,26.578073089701,0.0
211,1.2,0.0,1.0,DA-BALS-FixedMargin,602,67.77408637873754,2.4916943521594686,29.73421926910299,0.0
211,1.2,0.0,1.0,DA-BALS-Adaptive,602,62.292358803986716,1.9933554817275747,35.714285714285715,0.0
211,1.2,0.0,1.0,DA-BALS-Stabilized,602,70.265780730897,2.6578073089700998,27.07641196013289,0.0
211,1.2,10.0,0.0,DA-BALS-NoMargin,602,72.75747508305648,0.6644518272425249,26.578073089701,0.0
211,1.2,10.0,0.0,DA-BALS-FixedMargin,602,70.265780730897,0.0,29.73421926910299,0.0
211,1.2,10.0,0.0,DA-BALS-Adaptive,602,72.59136212624585,0.16611295681063123,27.242524916943523,0.0
211,1.2,10.0,0.0,DA-BALS-Stabilized,602,72.42524916943522,0.6644518272425249,26.910299003322258,0.0
211,1.2,10.0,0.5,DA-BALS-NoMargin,602,72.42524916943522,0.9966777408637874,26.578073089701,0.0
211,1.2,10.0,0.5,DA-BALS-FixedMargin,602,69.93355481727575,0.33222591362126247,29.73421926910299,0.0
211,1.2,10.0,0.5,DA-BALS-Adaptive,602,71.09634551495017,0.4983388704318937,28.405315614617937,0.0
211,1.2,10.0,0.5,DA-BALS-Stabilized,602,71.59468438538205,1.1627906976744187,27.242524916943523,0.0
211,1.2,10.0,1.0,DA-BALS-NoMargin,602,70.43189368770764,2.990033222591362,26.578073089701,0.0
211,1.2,10.0,1.0,DA-BALS-FixedMargin,602,67.77408637873754,2.4916943521594686,29.73421926910299,0.0
211,1.2,10.0,1.0,DA-BALS-Adaptive,602,62.292358803986716,1.9933554817275747,35.714285714285715,0.0
211,1.2,10.0,1.0,DA-BALS-Stabilized,602,70.265780730897,2.6578073089700998,27.07641196013289,0.0
211,1.2,50.0,0.0,DA-BALS-NoMargin,602,72.75747508305648,0.6644518272425249,26.578073089701,0.0
211,1.2,50.0,0.0,DA-BALS-FixedMargin,602,70.265780730897,0.0,29.73421926910299,0.0
211,1.2,50.0,0.0,DA-BALS-Adaptive,602,72.59136212624585,0.16611295681063123,27.242524916943523,0.0
211,1.2,50.0,0.0,DA-BALS-Stabilized,602,72.42524916943522,0.6644518272425249,26.910299003322258,0.0
211,1.2,50.0,0.5,DA-BALS-NoMargin,602,72.42524916943522,0.9966777408637874,26.578073089701,0.0
211,1.2,50.0,0.5,DA-BALS-FixedMargin,602,69.93355481727575,0.33222591362126247,29.73421926910299,0.0
211,1.2,50.0,0.5,DA-BALS-Adaptive,602,71.09634551495017,0.4983388704318937,28.405315614617937,0.0
211,1.2,50.0,0.5,DA-BALS-Stabilized,602,71.59468438538205,1.1627906976744187,27.242524916943523,0.0
211,1.2,50.0,1.0,DA-BALS-NoMargin,602,70.43189368770764,2.990033222591362,26.578073089701,0.0
211,1.2,50.0,1.0,DA-BALS-FixedMargin,602,67.77408637873754,2.4916943521594686,29.73421926910299,0.0
211,1.2,50.0,1.0,DA-BALS-Adaptive,602,62.292358803986716,1.9933554817275747,35.714285714285715,0.0
211,1.2,50.0,1.0,DA-BALS-Stabilized,602,70.265780730897,2.6578073089700998,27.07641196013289,0.0
212,0.2,0.0,0.0,DA-BALS-NoMargin,119,94.9579831932773,0.0,5.042016806722689,0.0
212,0.2,0.0,0.0,DA-BALS-FixedMargin,119,92.43697478991596,0.0,7.563025210084033,0.0
212,0.2,0.0,0.0,DA-BALS-Adaptive,119,94.9579831932773,0.0,5.042016806722689,0.0
212,0.2,0.0,0.0,DA-BALS-Stabilized,119,94.9579831932773,0.0,5.042016806722689,0.0
212,0.2,0.0,0.5,DA-BALS-NoMargin,119,94.9579831932773,0.0,5.042016806722689,0.0
212,0.2,0.0,0.5,DA-BALS-FixedMargin,119,92.43697478991596,0.0,7.563025210084033,0.0
212,0.2,0.0,0.5,DA-BALS-Adaptive,119,94.11764705882352,0.0,5.88235294117647,0.0
212,0.2,0.0,0.5,DA-BALS-Stabilized,119,94.9579831932773,0.0,5.042016806722689,0.0
212,0.2,0.0,1.0,DA-BALS-NoMargin,119,93.27731092436974,1.680672268907563,5.042016806722689,0.0
212,0.2,0.0,1.0,DA-BALS-FixedMargin,119,91.59663865546219,0.8403361344537815,7.563025210084033,0.0
212,0.2,0.0,1.0,DA-BALS-Adaptive,119,87.39495798319328,0.8403361344537815,11.76470588235294,0.0
212,0.2,0.0,1.0,DA-BALS-Stabilized,119,93.27731092436974,1.680672268907563,5.042016806722689,0.0
212,0.2,10.0,0.0,DA-BALS-NoMargin,119,94.9579831932773,0.0,5.042016806722689,0.0
212,0.2,10.0,0.0,DA-BALS-FixedMargin,119,92.43697478991596,0.0,7.563025210084033,0.0
212,0.2,10.0,0.0,DA-BALS-Adaptive,119,94.9579831932773,0.0,5.042016806722689,0.0
212,0.2,10.0,0.0,DA-BALS-Stabilized,119,94.9579831932773,0.0,5.042016806722689,0.0
212,0.2,10.0,0.5,DA-BALS-NoMargin,119,94.9579831932773,0.0,5.042016806722689,0.0
212,0.2,10.0,0.5,DA-BALS-FixedMargin,119,92.43697478991596,0.0,7.563025210084033,0.0
212,0.2,10.0,0.5,DA-BALS-Adaptive,119,93.27731092436974,0.0,6.722689075630252,0.0
212,0.2,10.0,0.5,DA-BALS-Stabilized,119,94.9579831932773,0.0,5.042016806722689,0.0
212,0.2,10.0,1.0,DA-BALS-NoMargin,119,93.27731092436974,1.680672268907563,5.042016806722689,0.0
212,0.2,10.0,1.0,DA-BALS-FixedMargin,119,91.59663865546219,0.8403361344537815,7.563025210084033,0.0
212,0.2,10.0,1.0,DA-BALS-Adaptive,119,84.87394957983193,0.8403361344537815,14.285714285714285,0.0
212,0.2,10.0,1.0,DA-BALS-Stabilized,119,93.27731092436974,1.680672268907563,5.042016806722689,0.0
212,0.2,50.0,0.0,DA-BALS-NoMargin,119,94.9579831932773,0.0,5.042016806722689,0.0
212,0.2,50.0,0.0,DA-BALS-FixedMargin,119,92.43697478991596,0.0,7.563025210084033,0.0
212,0.2,50.0,0.0,DA-BALS-Adaptive,119,94.9579831932773,0.0,5.042016806722689,0.0
212,0.2,50.0,0.0,DA-BALS-Stabilized,119,94.9579831932773,0.0,5.042016806722689,0.0
212,0.2,50.0,0.5,DA-BALS-NoMargin,119,94.9579831932773,0.0,5.042016806722689,0.0
212,0.2,50.0,0.5,DA-BALS-FixedMargin,119,92.43697478991596,0.0,7.563025210084033,0.0
212,0.2,50.0,0.5,DA-BALS-Adaptive,119,93.27731092436974,0.0,6.722689075630252,0.0
212,0.2,50.0,0.5,DA-BALS-Stabilized,119,94.9579831932773,0.0,5.042016806722689,0.0
212,0.2,50.0,1.0,DA-BALS-NoMargin,119,93.27731092436974,1.680672268907563,5.042016806722689,0.0
212,0.2,50.0,1.0,DA-BALS-FixedMargin,119,91.59663865546219,0.8403361344537815,7.563025210084033,0.0
212,0.2,50.0,1.0,DA-BALS-Adaptive,119,84.87394957983193,0.8403361344537815,14.285714285714285,0.0
212,0.2,50.0,1.0,DA-BALS-Stabilized,119,93.27731092436974,1.680672268907563,5.042016806722689,0.0
212,0.4,0.0,0.0,DA-BALS-NoMargin,184,95.65217391304348,1.0869565217391304,3.260869565217391,0.0
212,0.4,0.0,0.0,DA-BALS-FixedMargin,184,88.58695652173914,0.5434782608695652,10.869565217391305,0.0
212,0.4,0.0,0.0,DA-BALS-Adaptive,184,94.02173913043478,1.0869565217391304,4.891304347826087,0.0
212,0.4,0.0,0.0,DA-BALS-Stabilized,184,95.65217391304348,1.0869565217391304,3.260869565217391,0.0
212,0.4,0.0,0.5,DA-BALS-NoMargin,184,94.56521739130434,2.1739130434782608,3.260869565217391,0.0
212,0.4,0.0,0.5,DA-BALS-FixedMargin,184,88.58695652173914,0.5434782608695652,10.869565217391305,0.0
212,0.4,0.0,0.5,DA-BALS-Adaptive,184,90.21739130434783,1.0869565217391304,8.695652173913043,0.0
212,0.4,0.0,0.5,DA-BALS-Stabilized,184,94.56521739130434,1.6304347826086956,3.804347826086957,0.0
212,0.4,0.0,1.0,DA-BALS-NoMargin,184,93.47826086956522,3.260869565217391,3.260869565217391,0.0
212,0.4,0.0,1.0,DA-BALS-FixedMargin,184,86.95652173913044,1.6304347826086956,11.41304347826087,0.0
212,0.4,0.0,1.0,DA-BALS-Adaptive,184,86.95652173913044,1.0869565217391304,11.956521739130435,0.0
212,0.4,0.0,1.0,DA-BALS-Stabilized,184,92.93478260869566,2.717391304347826,4.3478260869565215,0.0
212,0.4,10.0,0.0,DA-BALS-NoMargin,184,95.65217391304348,1.0869565217391304,3.260869565217391,0.0
212,0.4,10.0,0.0,DA-BALS-FixedMargin,184,88.58695652173914,0.5434782608695652,10.869565217391305,0.0
212,0.4,10.0,0.0,DA-BALS-Adaptive,184,94.02173913043478,1.0869565217391304,4.891304347826087,0.0
212,0.4,10.0,0.0,DA-BALS-Stabilized,184,95.65217391304348,1.0869565217391304,3.260869565217391,0.0
212,0.4,10.0,0.5,DA-BALS-NoMargin,184,94.56521739130434,2.1739130434782608,3.260869565217391,0.0
212,0.4,10.0,0.5,DA-BALS-FixedMargin,184,88.58695652173914,0.5434782608695652,10.869565217391305,0.0
212,0.4,10.0,0.5,DA-BALS-Adaptive,184,90.21739130434783,1.0869565217391304,8.695652173913043,0.0
212,0.4,10.0,0.5,DA-BALS-Stabilized,184,94.56521739130434,1.6304347826086956,3.804347826086957,0.0
212,0.4,10.0,1.0,DA-BALS-NoMargin,184,93.47826086956522,3.260869565217391,3.260869565217391,0.0
212,0.4,10.0,1.0,DA-BALS-FixedMargin,184,87.5,1.6304347826086956,10.869565217391305,0.0
212,0.4,10.0,1.0,DA-BALS-Adaptive,184,86.95652173913044,1.0869565217391304,11.956521739130435,0.0
212,0.4,10.0,1.0,DA-BALS-Stabilized,184,92.93478260869566,2.717391304347826,4.3478260869565215,0.0
212,0.4,50.0,0.0,DA-BALS-NoMargin,184,95.65217391304348,1.0869565217391304,3.260869565217391,0.0
212,0.4,50.0,0.0,DA-BALS-FixedMargin,184,88.58695652173914,0.5434782608695652,10.869565217391305,0.0
212,0.4,50.0,0.0,DA-BALS-Adaptive,184,94.02173913043478,1.0869565217391304,4.891304347826087,0.0
212,0.4,50.0,0.0,DA-BALS-Stabilized,184,95.65217391304348,1.0869565217391304,3.260869565217391,0.0
212,0.4,50.0,0.5,DA-BALS-NoMargin,184,94.56521739130434,2.1739130434782608,3.260869565217391,0.0
212,0.4,50.0,0.5,DA-BALS-FixedMargin,184,88.58695652173914,0.5434782608695652,10.869565217391305,0.0
212,0.4,50.0,0.5,DA-BALS-Adaptive,184,90.21739130434783,1.0869565217391304,8.695652173913043,0.0
212,0.4,50.0,0.5,DA-BALS-Stabilized,184,94.56521739130434,1.6304347826086956,3.804347826086957,0.0
212,0.4,50.0,1.0,DA-BALS-NoMargin,184,93.47826086956522,3.260869565217391,3.260869565217391,0.0
212,0.4,50.0,1.0,DA-BALS-FixedMargin,184,87.5,1.6304347826086956,10.869565217391305,0.0
212,0.4,50.0,1.0,DA-BALS-Adaptive,184,86.95652173913044,1.0869565217391304,11.956521739130435,0.0
212,0.4,50.0,1.0,DA-BALS-Stabilized,184,92.93478260869566,2.717391304347826,4.3478260869565215,0.0
212,0.6,0.0,0.0,DA-BALS-NoMargin,324,90.12345679012346,0.30864197530864196,9.5679012345679,0.0
212,0.6,0.0,0.0,DA-BALS-FixedMargin,324,85.18518518518519,0.0,14.814814814814813,0.0
212,0.6,0.0,0.0,DA-BALS-Adaptive,324,89.81481481481481,0.30864197530864196,9.876543209876543,0.0
212,0.6,0.0,0.0,DA-BALS-Stabilized,324,90.12345679012346,0.30864197530864196,9.5679012345679,0.0
212,0.6,0.0,0.5,DA-BALS-NoMargin,324,89.19753086419753,1.2345679012345678,9.5679012345679,0.0
212,0.6,0.0,0.5,DA-BALS-FixedMargin,324,84.87654320987654,0.30864197530864196,14.814814814814813,0.0
212,0.6,0.0,0.5,DA-BALS-Adaptive,324,87.96296296296296,0.6172839506172839,11.419753086419753,0.0
212,0.6,0.0,0.5,DA-BALS-Stabilized,324,88.88888888888889,1.2345679012345678,9.876543209876543,0.0
212,0.6,0.0,1.0,DA-BALS-NoMargin,324,87.65432098765432,2.7777777777777777,9.5679012345679,0.0
212,0.6,0.0,1.0,DA-BALS-FixedMargin,324,83.64197530864197,1.2345679012345678,15.123456790123457,0.0
212,0.6,0.0,1.0,DA-BALS-Adaptive,324,85.18518518518519,0.9259259259259258,13.88888888888889,0.0
212,0.6,0.0,1.0,DA-BALS-Stabilized,324,87.03703703703704,2.4691358024691357,10.493827160493826,0.0
212,0.6,10.0,0.0,DA-BALS-NoMargin,324,90.12345679012346,0.30864197530864196,9.5679012345679,0.0
212,0.6,10.0,0.0,DA-BALS-FixedMargin,324,85.18518518518519,0.0,14.814814814814813,0.0
212,0.6,10.0,0.0,DA-BALS-Adaptive,324,89.81481481481481,0.30864197530864196,9.876543209876543,0.0
212,0.6,10.0,0.0,DA-BALS-Stabilized,324,90.12345679012346,0.30864197530864196,9.5679012345679,0.0
212,0.6,10.0,0.5,DA-BALS-NoMargin,324,89.19753086419753,1.2345679012345678,9.5679012345679,0.0
212,0.6,10.0,0.5,DA-BALS-FixedMargin,324,84.87654320987654,0.30864197530864196,14.814814814814813,0.0
212,0.6,10.0,0.5,DA-BALS-Adaptive,324,87.96296296296296,0.6172839506172839,11.419753086419753,0.0
212,0.6,10.0,0.5,DA-BALS-Stabilized,324,88.88888888888889,1.2345679012345678,9.876543209876543,0.0
212,0.6,10.0,1.0,DA-BALS-NoMargin,324,87.65432098765432,2.7777777777777777,9.5679012345679,0.0
212,0.6,10.0,1.0,DA-BALS-FixedMargin,324,83.64197530864197,1.5432098765432098,14.814814814814813,0.0
212,0.6,10.0,1.0,DA-BALS-Adaptive,324,85.49382716049382,0.9259259259259258,13.580246913580247,0.0
212,0.6,10.0,1.0,DA-BALS-Stabilized,324,87.03703703703704,2.7777777777777777,10.185185185185185,0.0
212,0.6,50.0,0.0,DA-BALS-NoMargin,324,90.12345679012346,0.30864197530864196,9.5679012345679,0.0
212,0.6,50.0,0.0,DA-BALS-FixedMargin,324,85.18518518518519,0.0,14.814814814814813,0.0
212,0.6,50.0,0.0,DA-BALS-Adaptive,324,89.81481481481481,0.30864197530864196,9.876543209876543,0.0
212,0.6,50.0,0.0,DA-BALS-Stabilized,324,90.12345679012346,0.30864197530864196,9.5679012345679,0.0
212,0.6,50.0,0.5,DA-BALS-NoMargin,324,89.19753086419753,1.2345679012345678,9.5679012345679,0.0
212,0.6,50.0,0.5,DA-BALS-FixedMargin,324,84.87654320987654,0.30864197530864196,14.814814814814813,0.0
212,0.6,50.0,0.5,DA-BALS-Adaptive,324,87.96296296296296,0.6172839506172839,11.419753086419753,0.0
212,0.6,50.0,0.5,DA-BALS-Stabilized,324,88.88888888888889,1.2345679012345678,9.876543209876543,0.0
212,0.6,50.0,1.0,DA-BALS-NoMargin,324,87.65432098765432,2.7777777777777777,9.5679012345679,0.0
212,0.6,50.0,1.0,DA-BALS-FixedMargin,324,83.64197530864197,1.5432098765432098,14.814814814814813,0.0
212,0.6,50.0,1.0,DA-BALS-Adaptive,324,85.18518518518519,0.9259259259259258,13.88888888888889,0.0
212,0.6,50.0,1.0,DA-BALS-Stabilized,324,87.03703703703704,2.7777777777777777,10.185185185185185,0.0
212,0.8,0.0,0.0,DA-BALS-NoMargin,391,86.70076726342711,1.278772378516624,12.020460358056265,0.0
212,0.8,0.0,0.0,DA-BALS-FixedMargin,391,82.6086956521739,0.0,17.391304347826086,0.0
212,0.8,0.0,0.0,DA-BALS-Adaptive,391,85.16624040920716,0.7672634271099744,14.066496163682865,0.0
212,0.8,0.0,0.0,DA-BALS-Stabilized,391,86.95652173913044,0.7672634271099744,12.27621483375959,0.0
212,0.8,0.0,0.5,DA-BALS-NoMargin,391,84.39897698209718,3.580562659846547,12.020460358056265,0.0
212,0.8,0.0,0.5,DA-BALS-FixedMargin,391,81.58567774936061,0.7672634271099744,17.647058823529413,0.0
212,0.8,0.0,0.5,DA-BALS-Adaptive,391,82.35294117647058,1.278772378516624,16.36828644501279,0.0
212,0.8,0.0,0.5,DA-BALS-Stabilized,391,84.65473145780051,2.0460358056265986,13.299232736572892,0.0
212,0.8,0.0,1.0,DA-BALS-NoMargin,391,82.09718670076727,5.3708439897698215,12.531969309462914,0.0
212,0.8,0.0,1.0,DA-BALS-FixedMargin,391,79.28388746803068,2.557544757033248,18.15856777493606,0.0
212,0.8,0.0,1.0,DA-BALS-Adaptive,391,79.79539641943734,2.3017902813299234,17.902813299232736,0.0
212,0.8,0.0,1.0,DA-BALS-Stabilized,391,81.84143222506394,3.580562659846547,14.578005115089516,0.0
212,0.8,10.0,0.0,DA-BALS-NoMargin,391,86.70076726342711,1.278772378516624,12.020460358056265,0.0
212,0.8,10.0,0.0,DA-BALS-FixedMargin,391,82.6086956521739,0.0,17.391304347826086,0.0
212,0.8,10.0,0.0,DA-BALS-Adaptive,391,85.16624040920716,0.7672634271099744,14.066496163682865,0.0
212,0.8,10.0,0.0,DA-BALS-Stabilized,391,86.95652173913044,0.7672634271099744,12.27621483375959,0.0
212,0.8,10.0,0.5,DA-BALS-NoMargin,391,84.14322250639387,3.8363171355498724,12.020460358056265,0.0
212,0.8,10.0,0.5,DA-BALS-FixedMargin,391,81.58567774936061,1.0230179028132993,17.391304347826086,0.0
212,0.8,10.0,0.5,DA-BALS-Adaptive,391,82.09718670076727,1.5345268542199488,16.36828644501279,0.0
212,0.8,10.0,0.5,DA-BALS-Stabilized,391,84.39897698209718,2.3017902813299234,13.299232736572892,0.0
212,0.8,10.0,1.0,DA-BALS-NoMargin,391,82.09718670076727,5.88235294117647,12.020460358056265,0.0
212,0.8,10.0,1.0,DA-BALS-FixedMargin,391,79.02813299232737,3.580562659846547,17.391304347826086,0.0
212,0.8,10.0,1.0,DA-BALS-Adaptive,391,79.28388746803068,3.0690537084398977,17.647058823529413,0.0
212,0.8,10.0,1.0,DA-BALS-Stabilized,391,81.58567774936061,4.859335038363171,13.554987212276215,0.0
212,0.8,50.0,0.0,DA-BALS-NoMargin,391,86.70076726342711,1.278772378516624,12.020460358056265,0.0
212,0.8,50.0,0.0,DA-BALS-FixedMargin,391,82.6086956521739,0.0,17.391304347826086,0.0
212,0.8,50.0,0.0,DA-BALS-Adaptive,391,85.16624040920716,0.7672634271099744,14.066496163682865,0.0
212,0.8,50.0,0.0,DA-BALS-Stabilized,391,86.95652173913044,0.7672634271099744,12.27621483375959,0.0
212,0.8,50.0,0.5,DA-BALS-NoMargin,391,84.14322250639387,3.8363171355498724,12.020460358056265,0.0
212,0.8,50.0,0.5,DA-BALS-FixedMargin,391,81.58567774936061,1.0230179028132993,17.391304347826086,0.0
212,0.8,50.0,0.5,DA-BALS-Adaptive,391,82.09718670076727,1.5345268542199488,16.36828644501279,0.0
212,0.8,50.0,0.5,DA-BALS-Stabilized,391,84.39897698209718,2.3017902813299234,13.299232736572892,0.0
212,0.8,50.0,1.0,DA-BALS-NoMargin,391,82.09718670076727,5.88235294117647,12.020460358056265,0.0
212,0.8,50.0,1.0,DA-BALS-FixedMargin,391,79.02813299232737,3.580562659846547,17.391304347826086,0.0
212,0.8,50.0,1.0,DA-BALS-Adaptive,391,79.28388746803068,3.0690537084398977,17.647058823529413,0.0
212,0.8,50.0,1.0,DA-BALS-Stabilized,391,81.58567774936061,4.859335038363171,13.554987212276215,0.0
212,1.0,0.0,0.0,DA-BALS-NoMargin,510,79.41176470588235,0.9803921568627451,19.607843137254903,0.0
212,1.0,0.0,0.0,DA-BALS-FixedMargin,510,77.25490196078432,0.0,22.745098039215687,0.0
212,1.0,0.0,0.0,DA-BALS-Adaptive,510,79.2156862745098,0.7843137254901961,20.0,0.0
212,1.0,0.0,0.0,DA-BALS-Stabilized,510,79.41176470588235,0.7843137254901961,19.80392156862745,0.0
212,1.0,0.0,0.5,DA-BALS-NoMargin,510,78.62745098039215,1.7647058823529411,19.607843137254903,0.0
212,1.0,0.0,0.5,DA-BALS-FixedMargin,510,76.66666666666667,0.5882352941176471,22.745098039215687,0.0
212,1.0,0.0,0.5,DA-BALS-Adaptive,510,78.43137254901961,0.7843137254901961,20.784313725490197,0.0
212,1.0,0.0,0.5,DA-BALS-Stabilized,510,78.43137254901961,1.5686274509803921,20.0,0.0
212,1.0,0.0,1.0,DA-BALS-NoMargin,510,74.11764705882354,6.078431372549019,19.80392156862745,0.0
212,1.0,0.0,1.0,DA-BALS-FixedMargin,510,73.52941176470588,3.3333333333333335,23.137254901960784,0.0
212,1.0,0.0,1.0,DA-BALS-Adaptive,510,72.35294117647058,2.941176470588235,24.705882352941178,0.0
212,1.0,0.0,1.0,DA-BALS-Stabilized,510,74.50980392156863,5.098039215686274,20.392156862745097,0.0
212,1.0,10.0,0.0,DA-BALS-NoMargin,510,79.41176470588235,0.9803921568627451,19.607843137254903,0.0
212,1.0,10.0,0.0,DA-BALS-FixedMargin,510,77.25490196078432,0.0,22.745098039215687,0.0
212,1.0,10.0,0.0,DA-BALS-Adaptive,510,79.2156862745098,0.7843137254901961,20.0,0.0
212,1.0,10.0,0.0,DA-BALS-Stabilized,510,79.41176470588235,0.7843137254901961,19.80392156862745,0.0
212,1.0,10.0,0.5,DA-BALS-NoMargin,510,78.62745098039215,1.7647058823529411,19.607843137254903,0.0
212,1.0,10.0,0.5,DA-BALS-FixedMargin,510,76.66666666666667,0.5882352941176471,22.745098039215687,0.0
212,1.0,10.0,0.5,DA-BALS-Adaptive,510,78.23529411764706,0.7843137254901961,20.980392156862745,0.0
212,1.0,10.0,0.5,DA-BALS-Stabilized,510,78.43137254901961,1.5686274509803921,20.0,0.0
212,1.0,10.0,1.0,DA-BALS-NoMargin,510,74.11764705882354,6.2745098039215685,19.607843137254903,0.0
212,1.0,10.0,1.0,DA-BALS-FixedMargin,510,73.72549019607844,3.5294117647058822,22.745098039215687,0.0
212,1.0,10.0,1.0,DA-BALS-Adaptive,510,72.74509803921568,2.7450980392156863,24.509803921568626,0.0
212,1.0,10.0,1.0,DA-BALS-Stabilized,510,74.50980392156863,5.294117647058823,20.19607843137255,0.0
212,1.0,50.0,0.0,DA-BALS-NoMargin,510,79.41176470588235,0.9803921568627451,19.607843137254903,0.0
212,1.0,50.0,0.0,DA-BALS-FixedMargin,510,77.25490196078432,0.0,22.745098039215687,0.0
212,1.0,50.0,0.0,DA-BALS-Adaptive,510,79.2156862745098,0.7843137254901961,20.0,0.0
212,1.0,50.0,0.0,DA-BALS-Stabilized,510,79.41176470588235,0.7843137254901961,19.80392156862745,0.0
212,1.0,50.0,0.5,DA-BALS-NoMargin,510,78.62745098039215,1.7647058823529411,19.607843137254903,0.0
212,1.0,50.0,0.5,DA-BALS-FixedMargin,510,76.66666666666667,0.5882352941176471,22.745098039215687,0.0
212,1.0,50.0,0.5,DA-BALS-Adaptive,510,78.23529411764706,0.7843137254901961,20.980392156862745,0.0
212,1.0,50.0,0.5,DA-BALS-Stabilized,510,78.43137254901961,1.5686274509803921,20.0,0.0
212,1.0,50.0,1.0,DA-BALS-NoMargin,510,74.11764705882354,6.2745098039215685,19.607843137254903,0.0
212,1.0,50.0,1.0,DA-BALS-FixedMargin,510,73.72549019607844,3.5294117647058822,22.745098039215687,0.0
212,1.0,50.0,1.0,DA-BALS-Adaptive,510,72.94117647058823,3.1372549019607843,23.92156862745098,0.0
212,1.0,50.0,1.0,DA-BALS-Stabilized,510,74.50980392156863,5.294117647058823,20.19607843137255,0.0
212,1.2,0.0,0.0,DA-BALS-NoMargin,613,71.77814029363785,1.468189233278956,26.753670473083197,0.0
212,1.2,0.0,0.0,DA-BALS-FixedMargin,613,70.47308319738988,0.1631321370309951,29.363784665579118,0.0
212,1.2,0.0,0.0,DA-BALS-Adaptive,613,71.28874388254486,0.6525285481239804,28.05872756933116,0.0
212,1.2,0.0,0.0,DA-BALS-Stabilized,613,71.94127243066885,0.9787928221859705,27.07993474714519,0.0
212,1.2,0.0,0.5,DA-BALS-NoMargin,613,69.82055464926592,3.4257748776508974,26.753670473083197,0.0
212,1.2,0.0,0.5,DA-BALS-FixedMargin,613,69.65742251223492,0.9787928221859705,29.363784665579118,0.0
212,1.2,0.0,0.5,DA-BALS-Adaptive,613,69.82055464926592,1.1419249592169658,29.03752039151713,0.0
212,1.2,0.0,0.5,DA-BALS-Stabilized,613,70.79934747145188,2.1207177814029365,27.07993474714519,0.0
212,1.2,0.0,1.0,DA-BALS-NoMargin,613,68.67862969004894,4.567699836867863,26.753670473083197,0.0
212,1.2,0.0,1.0,DA-BALS-FixedMargin,613,68.51549755301795,2.1207177814029365,29.363784665579118,0.0
212,1.2,0.0,1.0,DA-BALS-Adaptive,613,65.74225122349104,2.2838499184339316,31.97389885807504,0.0
212,1.2,0.0,1.0,DA-BALS-Stabilized,613,69.00489396411092,3.7520391517128875,27.24306688417618,0.0
212,1.2,10.0,0.0,DA-BALS-NoMargin,613,71.77814029363785,1.468189233278956,26.753670473083197,0.0
212,1.2,10.0,0.0,DA-BALS-FixedMargin,613,70.47308319738988,0.1631321370309951,29.363784665579118,0.0
212,1.2,10.0,0.0,DA-BALS-Adaptive,613,71.28874388254486,0.6525285481239804,28.05872756933116,0.0
212,1.2,10.0,0.0,DA-BALS-Stabilized,613,71.94127243066885,0.9787928221859705,27.07993474714519,0.0
212,1.2,10.0,0.5,DA-BALS-NoMargin,613,69.82055464926592,3.4257748776508974,26.753670473083197,0.0
212,1.2,10.0,0.5,DA-BALS-FixedMargin,613,69.65742251223492,0.9787928221859705,29.363784665579118,0.0
212,1.2,10.0,0.5,DA-BALS-Adaptive,613,69.82055464926592,1.1419249592169658,29.03752039151713,0.0
212,1.2,10.0,0.5,DA-BALS-Stabilized,613,70.79934747145188,2.1207177814029365,27.07993474714519,0.0
212,1.2,10.0,1.0,DA-BALS-NoMargin,613,68.67862969004894,4.567699836867863,26.753670473083197,0.0
212,1.2,10.0,1.0,DA-BALS-FixedMargin,613,68.35236541598695,2.2838499184339316,29.363784665579118,0.0
212,1.2,10.0,1.0,DA-BALS-Adaptive,613,66.06851549755302,2.4469820554649266,31.484502446982056,0.0
212,1.2,10.0,1.0,DA-BALS-Stabilized,613,69.00489396411092,3.7520391517128875,27.24306688417618,0.0
212,1.2,50.0,0.0,DA-BALS-NoMargin,613,71.77814029363785,1.468189233278956,26.753670473083197,0.0
212,1.2,50.0,0.0,DA-BALS-FixedMargin,613,70.47308319738988,0.1631321370309951,29.363784665579118,0.0
212,1.2,50.0,0.0,DA-BALS-Adaptive,613,71.28874388254486,0.6525285481239804,28.05872756933116,0.0
212,1.2,50.0,0.0,DA-BALS-Stabilized,613,71.94127243066885,0.9787928221859705,27.07993474714519,0.0
212,1.2,50.0,0.5,DA-BALS-NoMargin,613,69.82055464926592,3.4257748776508974,26.753670473083197,0.0
212,1.2,50.0,0.5,DA-BALS-FixedMargin,613,69.65742251223492,0.9787928221859705,29.363784665579118,0.0
212,1.2,50.0,0.5,DA-BALS-Adaptive,613,69.82055464926592,1.1419249592169658,29.03752039151713,0.0
212,1.2,50.0,0.5,DA-BALS-Stabilized,613,70.79934747145188,2.1207177814029365,27.07993474714519,0.0
212,1.2,50.0,1.0,DA-BALS-NoMargin,613,68.67862969004894,4.567699836867863,26.753670473083197,0.0
212,1.2,50.0,1.0,DA-BALS-FixedMargin,613,68.35236541598695,2.2838499184339316,29.363784665579118,0.0
212,1.2,50.0,1.0,DA-BALS-Adaptive,613,66.06851549755302,2.4469820554649266,31.484502446982056,0.0
212,1.2,50.0,1.0,DA-BALS-Stabilized,613,69.00489396411092,3.7520391517128875,27.24306688417618,0.0
213,0.2,0.0,0.0,DA-BALS-NoMargin,102,91.17647058823529,0.9803921568627451,7.8431372549019605,0.0
213,0.2,0.0,0.0,DA-BALS-FixedMargin,102,87.25490196078431,0.0,12.745098039215685,0.0
213,0.2,0.0,0.0,DA-BALS-Adaptive,102,91.17647058823529,0.9803921568627451,7.8431372549019605,0.0
213,0.2,0.0,0.0,DA-BALS-Stabilized,102,91.17647058823529,0.9803921568627451,7.8431372549019605,0.0
213,0.2,0.0,0.5,DA-BALS-NoMargin,102,92.15686274509804,0.0,7.8431372549019605,0.0
213,0.2,0.0,0.5,DA-BALS-FixedMargin,102,87.25490196078431,0.0,12.745098039215685,0.0
213,0.2,0.0,0.5,DA-BALS-Adaptive,102,88.23529411764706,0.0,11.76470588235294,0.0
213,0.2,0.0,0.5,DA-BALS-Stabilized,102,92.15686274509804,0.0,7.8431372549019605,0.0
213,0.2,0.0,1.0,DA-BALS-NoMargin,102,90.19607843137256,0.9803921568627451,8.823529411764707,0.0
213,0.2,0.0,1.0,DA-BALS-FixedMargin,102,85.29411764705883,0.9803921568627451,13.725490196078432,0.0
213,0.2,0.0,1.0,DA-BALS-Adaptive,102,78.43137254901961,0.9803921568627451,20.588235294117645,0.0
213,0.2,0.0,1.0,DA-BALS-Stabilized,102,90.19607843137256,0.9803921568627451,8.823529411764707,0.0
213,0.2,10.0,0.0,DA-BALS-NoMargin,102,91.17647058823529,0.9803921568627451,7.8431372549019605,0.0
213,0.2,10.0,0.0,DA-BALS-FixedMargin,102,87.25490196078431,0.0,12.745098039215685,0.0
213,0.2,10.0,0.0,DA-BALS-Adaptive,102,91.17647058823529,0.9803921568627451,7.8431372549019605,0.0
213,0.2,10.0,0.0,DA-BALS-Stabilized,102,91.17647058823529,0.9803921568627451,7.8431372549019605,0.0
213,0.2,10.0,0.5,DA-BALS-NoMargin,102,92.15686274509804,0.0,7.8431372549019605,0.0
213,0.2,10.0,0.5,DA-BALS-FixedMargin,102,87.25490196078431,0.0,12.745098039215685,0.0
213,0.2,10.0,0.5,DA-BALS-Adaptive,102,88.23529411764706,0.0,11.76470588235294,0.0
213,0.2,10.0,0.5,DA-BALS-Stabilized,102,92.15686274509804,0.0,7.8431372549019605,0.0
213,0.2,10.0,1.0,DA-BALS-NoMargin,102,90.19607843137256,1.9607843137254901,7.8431372549019605,0.0
213,0.2,10.0,1.0,DA-BALS-FixedMargin,102,85.29411764705883,1.9607843137254901,12.745098039215685,0.0
213,0.2,10.0,1.0,DA-BALS-Adaptive,102,82.35294117647058,1.9607843137254901,15.686274509803921,0.0
213,0.2,10.0,1.0,DA-BALS-Stabilized,102,90.19607843137256,1.9607843137254901,7.8431372549019605,0.0
213,0.2,50.0,0.0,DA-BALS-NoMargin,102,91.17647058823529,0.9803921568627451,7.8431372549019605,0.0
213,0.2,50.0,0.0,DA-BALS-FixedMargin,102,87.25490196078431,0.0,12.745098039215685,0.0
213,0.2,50.0,0.0,DA-BALS-Adaptive,102,91.17647058823529,0.9803921568627451,7.8431372549019605,0.0
213,0.2,50.0,0.0,DA-BALS-Stabilized,102,91.17647058823529,0.9803921568627451,7.8431372549019605,0.0
213,0.2,50.0,0.5,DA-BALS-NoMargin,102,92.15686274509804,0.0,7.8431372549019605,0.0
213,0.2,50.0,0.5,DA-BALS-FixedMargin,102,87.25490196078431,0.0,12.745098039215685,0.0
213,0.2,50.0,0.5,DA-BALS-Adaptive,102,88.23529411764706,0.0,11.76470588235294,0.0
213,0.2,50.0,0.5,DA-BALS-Stabilized,102,92.15686274509804,0.0,7.8431372549019605,0.0
213,0.2,50.0,1.0,DA-BALS-NoMargin,102,90.19607843137256,1.9607843137254901,7.8431372549019605,0.0
213,0.2,50.0,1.0,DA-BALS-FixedMargin,102,85.29411764705883,1.9607843137254901,12.745098039215685,0.0
213,0.2,50.0,1.0,DA-BALS-Adaptive,102,82.35294117647058,1.9607843137254901,15.686274509803921,0.0
213,0.2,50.0,1.0,DA-BALS-Stabilized,102,90.19607843137256,1.9607843137254901,7.8431372549019605,0.0
213,0.4,0.0,0.0,DA-BALS-NoMargin,189,95.23809523809523,0.0,4.761904761904762,0.0
213,0.4,0.0,0.0,DA-BALS-FixedMargin,189,91.53439153439153,0.0,8.465608465608465,0.0
213,0.4,0.0,0.0,DA-BALS-Adaptive,189,94.70899470899471,0.0,5.291005291005291,0.0
213,0.4,0.0,0.0,DA-BALS-Stabilized,189,95.23809523809523,0.0,4.761904761904762,0.0
213,0.4,0.0,0.5,DA-BALS-NoMargin,189,94.17989417989418,1.0582010582010581,4.761904761904762,0.0
213,0.4,0.0,0.5,DA-BALS-FixedMargin,189,91.005291005291,0.5291005291005291,8.465608465608465,0.0
213,0.4,0.0,0.5,DA-BALS-Adaptive,189,89.94708994708994,0.5291005291005291,9.523809523809524,0.0
213,0.4,0.0,0.5,DA-BALS-Stabilized,189,94.17989417989418,1.0582010582010581,4.761904761904762,0.0
213,0.4,0.0,1.0,DA-BALS-NoMargin,189,91.005291005291,3.7037037037037033,5.291005291005291,0.0
213,0.4,0.0,1.0,DA-BALS-FixedMargin,189,87.83068783068782,3.1746031746031744,8.994708994708994,0.0
213,0.4,0.0,1.0,DA-BALS-Adaptive,189,47.61904761904761,1.0582010582010581,51.32275132275132,0.0
213,0.4,0.0,1.0,DA-BALS-Stabilized,189,90.47619047619048,3.7037037037037033,5.82010582010582,0.0
213,0.4,10.0,0.0,DA-BALS-NoMargin,189,95.23809523809523,0.0,4.761904761904762,0.0
213,0.4,10.0,0.0,DA-BALS-FixedMargin,189,91.53439153439153,0.0,8.465608465608465,0.0
213,0.4,10.0,0.0,DA-BALS-Adaptive,189,94.70899470899471,0.0,5.291005291005291,0.0
213,0.4,10.0,0.0,DA-BALS-Stabilized,189,95.23809523809523,0.0,4.761904761904762,0.0
213,0.4,10.0,0.5,DA-BALS-NoMargin,189,94.17989417989418,1.0582010582010581,4.761904761904762,0.0
213,0.4,10.0,0.5,DA-BALS-FixedMargin,189,91.005291005291,0.5291005291005291,8.465608465608465,0.0
213,0.4,10.0,0.5,DA-BALS-Adaptive,189,89.94708994708994,0.5291005291005291,9.523809523809524,0.0
213,0.4,10.0,0.5,DA-BALS-Stabilized,189,94.17989417989418,1.0582010582010581,4.761904761904762,0.0
213,0.4,10.0,1.0,DA-BALS-NoMargin,189,91.005291005291,4.232804232804233,4.761904761904762,0.0
213,0.4,10.0,1.0,DA-BALS-FixedMargin,189,87.83068783068782,3.1746031746031744,8.994708994708994,0.0
213,0.4,10.0,1.0,DA-BALS-Adaptive,189,47.61904761904761,1.0582010582010581,51.32275132275132,0.0
213,0.4,10.0,1.0,DA-BALS-Stabilized,189,90.47619047619048,4.232804232804233,5.291005291005291,0.0
213,0.4,50.0,0.0,DA-BALS-NoMargin,189,95.23809523809523,0.0,4.761904761904762,0.0
213,0.4,50.0,0.0,DA-BALS-FixedMargin,189,91.53439153439153,0.0,8.465608465608465,0.0
213,0.4,50.0,0.0,DA-BALS-Adaptive,189,94.70899470899471,0.0,5.291005291005291,0.0
213,0.4,50.0,0.0,DA-BALS-Stabilized,189,95.23809523809523,0.0,4.761904761904762,0.0
213,0.4,50.0,0.5,DA-BALS-NoMargin,189,94.17989417989418,1.0582010582010581,4.761904761904762,0.0
213,0.4,50.0,0.5,DA-BALS-FixedMargin,189,91.005291005291,0.5291005291005291,8.465608465608465,0.0
213,0.4,50.0,0.5,DA-BALS-Adaptive,189,89.94708994708994,0.5291005291005291,9.523809523809524,0.0
213,0.4,50.0,0.5,DA-BALS-Stabilized,189,94.17989417989418,1.0582010582010581,4.761904761904762,0.0
213,0.4,50.0,1.0,DA-BALS-NoMargin,189,91.005291005291,4.232804232804233,4.761904761904762,0.0
213,0.4,50.0,1.0,DA-BALS-FixedMargin,189,87.83068783068782,3.7037037037037033,8.465608465608465,0.0
213,0.4,50.0,1.0,DA-BALS-Adaptive,189,47.61904761904761,1.5873015873015872,50.79365079365079,0.0
213,0.4,50.0,1.0,DA-BALS-Stabilized,189,90.47619047619048,4.232804232804233,5.291005291005291,0.0
213,0.6,0.0,0.0,DA-BALS-NoMargin,300,91.66666666666666,0.0,8.333333333333332,0.0
213,0.6,0.0,0.0,DA-BALS-FixedMargin,300,86.0,0.0,14.000000000000002,0.0
213,0.6,0.0,0.0,DA-BALS-Adaptive,300,90.33333333333333,0.0,9.666666666666666,0.0
213,0.6,0.0,0.0,DA-BALS-Stabilized,300,91.66666666666666,0.0,8.333333333333332,0.0
213,0.6,0.0,0.5,DA-BALS-NoMargin,300,89.0,2.3333333333333335,8.666666666666668,0.0
213,0.6,0.0,0.5,DA-BALS-FixedMargin,300,85.0,0.6666666666666667,14.333333333333334,0.0
213,0.6,0.0,0.5,DA-BALS-Adaptive,300,86.66666666666667,2.3333333333333335,11.0,0.0
213,0.6,0.0,0.5,DA-BALS-Stabilized,300,88.66666666666667,2.3333333333333335,9.0,0.0
213,0.6,0.0,1.0,DA-BALS-NoMargin,300,86.33333333333333,3.6666666666666665,10.0,0.0
213,0.6,0.0,1.0,DA-BALS-FixedMargin,300,82.33333333333334,2.3333333333333335,15.333333333333332,0.0
213,0.6,0.0,1.0,DA-BALS-Adaptive,300,82.66666666666667,2.666666666666667,14.666666666666666,0.0
213,0.6,0.0,1.0,DA-BALS-Stabilized,300,85.66666666666667,3.6666666666666665,10.666666666666668,0.0
213,0.6,10.0,0.0,DA-BALS-NoMargin,300,91.66666666666666,0.0,8.333333333333332,0.0
213,0.6,10.0,0.0,DA-BALS-FixedMargin,300,86.0,0.0,14.000000000000002,0.0
213,0.6,10.0,0.0,DA-BALS-Adaptive,300,90.33333333333333,0.0,9.666666666666666,0.0
213,0.6,10.0,0.0,DA-BALS-Stabilized,300,91.66666666666666,0.0,8.333333333333332,0.0
213,0.6,10.0,0.5,DA-BALS-NoMargin,300,89.0,2.666666666666667,8.333333333333332,0.0
213,0.6,10.0,0.5,DA-BALS-FixedMargin,300,85.0,1.0,14.000000000000002,0.0
213,0.6,10.0,0.5,DA-BALS-Adaptive,300,86.0,2.0,12.0,0.0
213,0.6,10.0,0.5,DA-BALS-Stabilized,300,88.66666666666667,2.666666666666667,8.666666666666668,0.0
213,0.6,10.0,1.0,DA-BALS-NoMargin,300,86.0,5.333333333333334,8.666666666666668,0.0
213,0.6,10.0,1.0,DA-BALS-FixedMargin,300,82.0,3.6666666666666665,14.333333333333334,0.0
213,0.6,10.0,1.0,DA-BALS-Adaptive,300,80.33333333333333,3.0,16.666666666666664,0.0
213,0.6,10.0,1.0,DA-BALS-Stabilized,300,85.33333333333334,5.0,9.666666666666666,0.0
213,0.6,50.0,0.0,DA-BALS-NoMargin,300,91.66666666666666,0.0,8.333333333333332,0.0
213,0.6,50.0,0.0,DA-BALS-FixedMargin,300,86.0,0.0,14.000000000000002,0.0
213,0.6,50.0,0.0,DA-BALS-Adaptive,300,90.33333333333333,0.0,9.666666666666666,0.0
213,0.6,50.0,0.0,DA-BALS-Stabilized,300,91.66666666666666,0.0,8.333333333333332,0.0
213,0.6,50.0,0.5,DA-BALS-NoMargin,300,89.0,2.666666666666667,8.333333333333332,0.0
213,0.6,50.0,0.5,DA-BALS-FixedMargin,300,85.0,1.0,14.000000000000002,0.0
213,0.6,50.0,0.5,DA-BALS-Adaptive,300,86.0,2.0,12.0,0.0
213,0.6,50.0,0.5,DA-BALS-Stabilized,300,88.66666666666667,2.666666666666667,8.666666666666668,0.0
213,0.6,50.0,1.0,DA-BALS-NoMargin,300,86.0,5.666666666666666,8.333333333333332,0.0
213,0.6,50.0,1.0,DA-BALS-FixedMargin,300,82.0,4.0,14.000000000000002,0.0
213,0.6,50.0,1.0,DA-BALS-Adaptive,300,76.33333333333333,3.0,20.666666666666668,0.0
213,0.6,50.0,1.0,DA-BALS-Stabilized,300,85.33333333333334,5.0,9.666666666666666,0.0
213,0.8,0.0,0.0,DA-BALS-NoMargin,401,86.78304239401497,0.0,13.216957605985039,0.0
213,0.8,0.0,0.0,DA-BALS-FixedMargin,401,82.29426433915212,0.0,17.70573566084788,0.0
213,0.8,0.0,0.0,DA-BALS-Adaptive,401,85.286783042394,0.0,14.713216957605985,0.0
213,0.8,0.0,0.0,DA-BALS-Stabilized,401,86.28428927680798,0.0,13.715710723192021,0.0
213,0.8,0.0,0.5,DA-BALS-NoMargin,401,84.53865336658353,2.2443890274314215,13.216957605985039,0.0
213,0.8,0.0,0.5,DA-BALS-FixedMargin,401,81.79551122194513,0.4987531172069825,17.70573566084788,0.0
213,0.8,0.0,0.5,DA-BALS-Adaptive,401,83.54114713216958,0.997506234413965,15.46134663341646,0.0
213,0.8,0.0,0.5,DA-BALS-Stabilized,401,84.28927680798004,1.99501246882793,13.715710723192021,0.0
213,0.8,0.0,1.0,DA-BALS-NoMargin,401,84.03990024937656,2.7431421446384037,13.216957605985039,0.0
213,0.8,0.0,1.0,DA-BALS-FixedMargin,401,81.54613466334165,0.7481296758104738,17.70573566084788,0.0
213,0.8,0.0,1.0,DA-BALS-Adaptive,401,82.29426433915212,0.997506234413965,16.708229426433917,0.0
213,0.8,0.0,1.0,DA-BALS-Stabilized,401,84.03990024937656,1.99501246882793,13.96508728179551,0.0
213,0.8,10.0,0.0,DA-BALS-NoMargin,401,86.78304239401497,0.0,13.216957605985039,0.0
213,0.8,10.0,0.0,DA-BALS-FixedMargin,401,82.29426433915212,0.0,17.70573566084788,0.0
213,0.8,10.0,0.0,DA-BALS-Adaptive,401,85.286783042394,0.0,14.713216957605985,0.0
213,0.8,10.0,0.0,DA-BALS-Stabilized,401,86.28428927680798,0.0,13.715710723192021,0.0
213,0.8,10.0,0.5,DA-BALS-NoMargin,401,84.53865336658353,2.2443890274314215,13.216957605985039,0.0
213,0.8,10.0,0.5,DA-BALS-FixedMargin,401,81.79551122194513,0.4987531172069825,17.70573566084788,0.0
213,0.8,10.0,0.5,DA-BALS-Adaptive,401,83.54114713216958,0.997506234413965,15.46134663341646,0.0
213,0.8,10.0,0.5,DA-BALS-Stabilized,401,84.28927680798004,1.99501246882793,13.715710723192021,0.0
213,0.8,10.0,1.0,DA-BALS-NoMargin,401,84.03990024937656,2.7431421446384037,13.216957605985039,0.0
213,0.8,10.0,1.0,DA-BALS-FixedMargin,401,81.54613466334165,0.7481296758104738,17.70573566084788,0.0
213,0.8,10.0,1.0,DA-BALS-Adaptive,401,82.54364089775561,0.997506234413965,16.458852867830423,0.0
213,0.8,10.0,1.0,DA-BALS-Stabilized,401,84.03990024937656,1.99501246882793,13.96508728179551,0.0
213,0.8,50.0,0.0,DA-BALS-NoMargin,401,86.78304239401497,0.0,13.216957605985039,0.0
213,0.8,50.0,0.0,DA-BALS-FixedMargin,401,82.29426433915212,0.0,17.70573566084788,0.0
213,0.8,50.0,0.0,DA-BALS-Adaptive,401,85.286783042394,0.0,14.713216957605985,0.0
213,0.8,50.0,0.0,DA-BALS-Stabilized,401,86.28428927680798,0.0,13.715710723192021,0.0
213,0.8,50.0,0.5,DA-BALS-NoMargin,401,84.53865336658353,2.2443890274314215,13.216957605985039,0.0
213,0.8,50.0,0.5,DA-BALS-FixedMargin,401,81.79551122194513,0.4987531172069825,17.70573566084788,0.0
213,0.8,50.0,0.5,DA-BALS-Adaptive,401,83.54114713216958,0.997506234413965,15.46134663341646,0.0
213,0.8,50.0,0.5,DA-BALS-Stabilized,401,84.28927680798004,1.99501246882793,13.715710723192021,0.0
213,0.8,50.0,1.0,DA-BALS-NoMargin,401,84.03990024937656,2.7431421446384037,13.216957605985039,0.0
213,0.8,50.0,1.0,DA-BALS-FixedMargin,401,81.54613466334165,0.7481296758104738,17.70573566084788,0.0
213,0.8,50.0,1.0,DA-BALS-Adaptive,401,82.54364089775561,0.997506234413965,16.458852867830423,0.0
213,0.8,50.0,1.0,DA-BALS-Stabilized,401,84.03990024937656,1.99501246882793,13.96508728179551,0.0
213,1.0,0.0,0.0,DA-BALS-NoMargin,489,78.52760736196319,1.0224948875255624,20.449897750511248,0.0
213,1.0,0.0,0.0,DA-BALS-FixedMargin,489,74.84662576687117,0.0,25.153374233128833,0.0
213,1.0,0.0,0.0,DA-BALS-Adaptive,489,77.70961145194273,0.6134969325153374,21.676891615541923,0.0
213,1.0,0.0,0.0,DA-BALS-Stabilized,489,78.52760736196319,1.0224948875255624,20.449897750511248,0.0
213,1.0,0.0,0.5,DA-BALS-NoMargin,489,77.70961145194273,1.8404907975460123,20.449897750511248,0.0
213,1.0,0.0,0.5,DA-BALS-FixedMargin,489,74.84662576687117,0.0,25.153374233128833,0.0
213,1.0,0.0,0.5,DA-BALS-Adaptive,489,75.66462167689161,0.408997955010225,23.92638036809816,0.0
213,1.0,0.0,0.5,DA-BALS-Stabilized,489,77.0961145194274,1.4314928425357873,21.472392638036812,0.0
213,1.0,0.0,1.0,DA-BALS-NoMargin,489,75.66462167689161,3.067484662576687,21.267893660531698,0.0
213,1.0,0.0,1.0,DA-BALS-FixedMargin,489,72.59713701431492,1.0224948875255624,26.380368098159508,0.0
213,1.0,0.0,1.0,DA-BALS-Adaptive,489,72.1881390593047,1.2269938650306749,26.58486707566462,0.0
213,1.0,0.0,1.0,DA-BALS-Stabilized,489,74.84662576687117,2.044989775051125,23.108384458077712,0.0
213,1.0,10.0,0.0,DA-BALS-NoMargin,489,78.52760736196319,1.0224948875255624,20.449897750511248,0.0
213,1.0,10.0,0.0,DA-BALS-FixedMargin,489,74.84662576687117,0.0,25.153374233128833,0.0
213,1.0,10.0,0.0,DA-BALS-Adaptive,489,77.70961145194273,0.6134969325153374,21.676891615541923,0.0
213,1.0,10.0,0.0,DA-BALS-Stabilized,489,78.52760736196319,1.0224948875255624,20.449897750511248,0.0
213,1.0,10.0,0.5,DA-BALS-NoMargin,489,77.70961145194273,1.8404907975460123,20.449897750511248,0.0
213,1.0,10.0,0.5,DA-BALS-FixedMargin,489,74.84662576687117,0.0,25.153374233128833,0.0
213,1.0,10.0,0.5,DA-BALS-Adaptive,489,75.66462167689161,0.408997955010225,23.92638036809816,0.0
213,1.0,10.0,0.5,DA-BALS-Stabilized,489,77.0961145194274,1.4314928425357873,21.472392638036812,0.0
213,1.0,10.0,1.0,DA-BALS-NoMargin,489,75.25562372188139,3.6809815950920246,21.063394683026583,0.0
213,1.0,10.0,1.0,DA-BALS-FixedMargin,489,72.39263803680981,1.8404907975460123,25.766871165644172,0.0
213,1.0,10.0,1.0,DA-BALS-Adaptive,489,64.62167689161554,1.2269938650306749,34.151329243353786,0.0
213,1.0,10.0,1.0,DA-BALS-Stabilized,489,74.23312883435584,2.4539877300613497,23.31288343558282,0.0
213,1.0,50.0,0.0,DA-BALS-NoMargin,489,78.52760736196319,1.0224948875255624,20.449897750511248,0.0
213,1.0,50.0,0.0,DA-BALS-FixedMargin,489,74.84662576687117,0.0,25.153374233128833,0.0
213,1.0,50.0,0.0,DA-BALS-Adaptive,489,77.70961145194273,0.6134969325153374,21.676891615541923,0.0
213,1.0,50.0,0.0,DA-BALS-Stabilized,489,78.52760736196319,1.0224948875255624,20.449897750511248,0.0
213,1.0,50.0,0.5,DA-BALS-NoMargin,489,77.70961145194273,1.8404907975460123,20.449897750511248,0.0
213,1.0,50.0,0.5,DA-BALS-FixedMargin,489,74.84662576687117,0.0,25.153374233128833,0.0
213,1.0,50.0,0.5,DA-BALS-Adaptive,489,75.66462167689161,0.408997955010225,23.92638036809816,0.0
213,1.0,50.0,0.5,DA-BALS-Stabilized,489,77.0961145194274,1.4314928425357873,21.472392638036812,0.0
213,1.0,50.0,1.0,DA-BALS-NoMargin,489,74.84662576687117,4.703476482617587,20.449897750511248,0.0
213,1.0,50.0,1.0,DA-BALS-FixedMargin,489,71.98364008179959,2.8629856850715747,25.153374233128833,0.0
213,1.0,50.0,1.0,DA-BALS-Adaptive,489,52.556237218813905,1.6359918200409,45.807770961145195,0.0
213,1.0,50.0,1.0,DA-BALS-Stabilized,489,73.61963190184049,3.2719836400818,23.108384458077712,0.0
213,1.2,0.0,0.0,DA-BALS-NoMargin,568,76.23239436619718,0.528169014084507,23.239436619718308,0.0
213,1.2,0.0,0.0,DA-BALS-FixedMargin,568,73.23943661971832,0.0,26.76056338028169,0.0
213,1.2,0.0,0.0,DA-BALS-Adaptive,568,75.0,0.17605633802816903,24.823943661971832,0.0
213,1.2,0.0,0.0,DA-BALS-Stabilized,568,75.88028169014085,0.528169014084507,23.591549295774648,0.0
213,1.2,0.0,0.5,DA-BALS-NoMargin,568,75.0,1.7605633802816902,23.239436619718308,0.0
213,1.2,0.0,0.5,DA-BALS-FixedMargin,568,73.06338028169014,0.17605633802816903,26.76056338028169,0.0
213,1.2,0.0,0.5,DA-BALS-Adaptive,568,73.94366197183099,0.528169014084507,25.528169014084508,0.0
213,1.2,0.0,0.5,DA-BALS-Stabilized,568,74.82394366197182,1.4084507042253522,23.767605633802816,0.0
213,1.2,0.0,1.0,DA-BALS-NoMargin,568,72.1830985915493,4.049295774647888,23.767605633802816,0.0
213,1.2,0.0,1.0,DA-BALS-FixedMargin,568,70.95070422535211,1.936619718309859,27.11267605633803,0.0
213,1.2,0.0,1.0,DA-BALS-Adaptive,568,71.47887323943662,1.584507042253521,26.936619718309856,0.0
213,1.2,0.0,1.0,DA-BALS-Stabilized,568,72.00704225352112,3.5211267605633805,24.471830985915492,0.0
213,1.2,10.0,0.0,DA-BALS-NoMargin,568,76.23239436619718,0.528169014084507,23.239436619718308,0.0
213,1.2,10.0,0.0,DA-BALS-FixedMargin,568,73.23943661971832,0.0,26.76056338028169,0.0
213,1.2,10.0,0.0,DA-BALS-Adaptive,568,75.0,0.17605633802816903,24.823943661971832,0.0
213,1.2,10.0,0.0,DA-BALS-Stabilized,568,75.88028169014085,0.528169014084507,23.591549295774648,0.0
213,1.2,10.0,0.5,DA-BALS-NoMargin,568,75.0,1.7605633802816902,23.239436619718308,0.0
213,1.2,10.0,0.5,DA-BALS-FixedMargin,568,73.06338028169014,0.17605633802816903,26.76056338028169,0.0
213,1.2,10.0,0.5,DA-BALS-Adaptive,568,73.76760563380282,0.528169014084507,25.704225352112676,0.0
213,1.2,10.0,0.5,DA-BALS-Stabilized,568,74.82394366197182,1.4084507042253522,23.767605633802816,0.0
213,1.2,10.0,1.0,DA-BALS-NoMargin,568,71.47887323943662,5.28169014084507,23.239436619718308,0.0
213,1.2,10.0,1.0,DA-BALS-FixedMargin,568,70.24647887323944,2.992957746478873,26.76056338028169,0.0
213,1.2,10.0,1.0,DA-BALS-Adaptive,568,70.24647887323944,1.936619718309859,27.816901408450708,0.0
213,1.2,10.0,1.0,DA-BALS-Stabilized,568,71.12676056338029,4.753521126760563,24.119718309859156,0.0
213,1.2,50.0,0.0,DA-BALS-NoMargin,568,76.23239436619718,0.528169014084507,23.239436619718308,0.0
213,1.2,50.0,0.0,DA-BALS-FixedMargin,568,73.23943661971832,0.0,26.76056338028169,0.0
213,1.2,50.0,0.0,DA-BALS-Adaptive,568,75.0,0.17605633802816903,24.823943661971832,0.0
213,1.2,50.0,0.0,DA-BALS-Stabilized,568,75.88028169014085,0.528169014084507,23.591549295774648,0.0
213,1.2,50.0,0.5,DA-BALS-NoMargin,568,75.0,1.7605633802816902,23.239436619718308,0.0
213,1.2,50.0,0.5,DA-BALS-FixedMargin,568,73.06338028169014,0.17605633802816903,26.76056338028169,0.0
213,1.2,50.0,0.5,DA-BALS-Adaptive,568,73.76760563380282,0.528169014084507,25.704225352112676,0.0
213,1.2,50.0,0.5,DA-BALS-Stabilized,568,74.82394366197182,1.4084507042253522,23.767605633802816,0.0
213,1.2,50.0,1.0,DA-BALS-NoMargin,568,71.47887323943662,5.28169014084507,23.239436619718308,0.0
213,1.2,50.0,1.0,DA-BALS-FixedMargin,568,70.24647887323944,2.992957746478873,26.76056338028169,0.0
213,1.2,50.0,1.0,DA-BALS-Adaptive,568,69.8943661971831,2.464788732394366,27.640845070422536,0.0
213,1.2,50.0,1.0,DA-BALS-Stabilized,568,71.12676056338029,4.753521126760563,24.119718309859156,0.0
214,0.2,0.0,0.0,DA-BALS-NoMargin,91,96.7032967032967,0.0,3.296703296703297,0.0
214,0.2,0.0,0.0,DA-BALS-FixedMargin,91,85.71428571428571,0.0,14.285714285714285,0.0
214,0.2,0.0,0.0,DA-BALS-Adaptive,91,94.5054945054945,0.0,5.4945054945054945,0.0
214,0.2,0.0,0.0,DA-BALS-Stabilized,91,96.7032967032967,0.0,3.296703296703297,0.0
214,0.2,0.0,0.5,DA-BALS-NoMargin,91,92.3076923076923,4.395604395604396,3.296703296703297,0.0
214,0.2,0.0,0.5,DA-BALS-FixedMargin,91,84.61538461538461,1.098901098901099,14.285714285714285,0.0
214,0.2,0.0,0.5,DA-BALS-Adaptive,91,91.20879120879121,1.098901098901099,7.6923076923076925,0.0
214,0.2,0.0,0.5,DA-BALS-Stabilized,91,92.3076923076923,3.296703296703297,4.395604395604396,0.0
214,0.2,0.0,1.0,DA-BALS-NoMargin,91,92.3076923076923,4.395604395604396,3.296703296703297,0.0
214,0.2,0.0,1.0,DA-BALS-FixedMargin,91,84.61538461538461,1.098901098901099,14.285714285714285,0.0
214,0.2,0.0,1.0,DA-BALS-Adaptive,91,91.20879120879121,0.0,8.791208791208792,0.0
214,0.2,0.0,1.0,DA-BALS-Stabilized,91,92.3076923076923,3.296703296703297,4.395604395604396,0.0
214,0.2,10.0,0.0,DA-BALS-NoMargin,91,96.7032967032967,0.0,3.296703296703297,0.0
214,0.2,10.0,0.0,DA-BALS-FixedMargin,91,85.71428571428571,0.0,14.285714285714285,0.0
214,0.2,10.0,0.0,DA-BALS-Adaptive,91,94.5054945054945,0.0,5.4945054945054945,0.0
214,0.2,10.0,0.0,DA-BALS-Stabilized,91,96.7032967032967,0.0,3.296703296703297,0.0
214,0.2,10.0,0.5,DA-BALS-NoMargin,91,92.3076923076923,4.395604395604396,3.296703296703297,0.0
214,0.2,10.0,0.5,DA-BALS-FixedMargin,91,84.61538461538461,1.098901098901099,14.285714285714285,0.0
214,0.2,10.0,0.5,DA-BALS-Adaptive,91,91.20879120879121,1.098901098901099,7.6923076923076925,0.0
214,0.2,10.0,0.5,DA-BALS-Stabilized,91,92.3076923076923,3.296703296703297,4.395604395604396,0.0
214,0.2,10.0,1.0,DA-BALS-NoMargin,91,92.3076923076923,4.395604395604396,3.296703296703297,0.0
214,0.2,10.0,1.0,DA-BALS-FixedMargin,91,84.61538461538461,1.098901098901099,14.285714285714285,0.0
214,0.2,10.0,1.0,DA-BALS-Adaptive,91,91.20879120879121,0.0,8.791208791208792,0.0
214,0.2,10.0,1.0,DA-BALS-Stabilized,91,92.3076923076923,3.296703296703297,4.395604395604396,0.0
214,0.2,50.0,0.0,DA-BALS-NoMargin,91,96.7032967032967,0.0,3.296703296703297,0.0
214,0.2,50.0,0.0,DA-BALS-FixedMargin,91,85.71428571428571,0.0,14.285714285714285,0.0
214,0.2,50.0,0.0,DA-BALS-Adaptive,91,94.5054945054945,0.0,5.4945054945054945,0.0
214,0.2,50.0,0.0,DA-BALS-Stabilized,91,96.7032967032967,0.0,3.296703296703297,0.0
214,0.2,50.0,0.5,DA-BALS-NoMargin,91,92.3076923076923,4.395604395604396,3.296703296703297,0.0
214,0.2,50.0,0.5,DA-BALS-FixedMargin,91,84.61538461538461,1.098901098901099,14.285714285714285,0.0
214,0.2,50.0,0.5,DA-BALS-Adaptive,91,91.20879120879121,1.098901098901099,7.6923076923076925,0.0
214,0.2,50.0,0.5,DA-BALS-Stabilized,91,92.3076923076923,3.296703296703297,4.395604395604396,0.0
214,0.2,50.0,1.0,DA-BALS-NoMargin,91,92.3076923076923,4.395604395604396,3.296703296703297,0.0
214,0.2,50.0,1.0,DA-BALS-FixedMargin,91,84.61538461538461,1.098901098901099,14.285714285714285,0.0
214,0.2,50.0,1.0,DA-BALS-Adaptive,91,91.20879120879121,0.0,8.791208791208792,0.0
214,0.2,50.0,1.0,DA-BALS-Stabilized,91,92.3076923076923,3.296703296703297,4.395604395604396,0.0
214,0.4,0.0,0.0,DA-BALS-NoMargin,200,93.0,0.0,7.000000000000001,0.0
214,0.4,0.0,0.0,DA-BALS-FixedMargin,200,89.5,0.0,10.5,0.0
214,0.4,0.0,0.0,DA-BALS-Adaptive,200,92.5,0.0,7.5,0.0
214,0.4,0.0,0.0,DA-BALS-Stabilized,200,93.0,0.0,7.000000000000001,0.0
214,0.4,0.0,0.5,DA-BALS-NoMargin,200,92.0,0.5,7.5,0.0
214,0.4,0.0,0.5,DA-BALS-FixedMargin,200,89.0,0.0,11.0,0.0
214,0.4,0.0,0.5,DA-BALS-Adaptive,200,91.0,0.0,9.0,0.0
214,0.4,0.0,0.5,DA-BALS-Stabilized,200,91.5,0.5,8.0,0.0
214,0.4,0.0,1.0,DA-BALS-NoMargin,200,90.5,2.0,7.5,0.0
214,0.4,0.0,1.0,DA-BALS-FixedMargin,200,88.0,1.0,11.0,0.0
214,0.4,0.0,1.0,DA-BALS-Adaptive,200,87.5,0.5,12.0,0.0
214,0.4,0.0,1.0,DA-BALS-Stabilized,200,90.0,1.5,8.5,0.0
214,0.4,10.0,0.0,DA-BALS-NoMargin,200,93.0,0.0,7.000000000000001,0.0
214,0.4,10.0,0.0,DA-BALS-FixedMargin,200,89.5,0.0,10.5,0.0
214,0.4,10.0,0.0,DA-BALS-Adaptive,200,92.5,0.0,7.5,0.0
214,0.4,10.0,0.0,DA-BALS-Stabilized,200,93.0,0.0,7.000000000000001,0.0
214,0.4,10.0,0.5,DA-BALS-NoMargin,200,92.0,1.0,7.000000000000001,0.0
214,0.4,10.0,0.5,DA-BALS-FixedMargin,200,89.0,0.5,10.5,0.0
214,0.4,10.0,0.5,DA-BALS-Adaptive,200,92.0,0.5,7.5,0.0
214,0.4,10.0,0.5,DA-BALS-Stabilized,200,91.5,1.0,7.5,0.0
214,0.4,10.0,1.0,DA-BALS-NoMargin,200,90.5,2.5,7.000000000000001,0.0
214,0.4,10.0,1.0,DA-BALS-FixedMargin,200,88.0,1.5,10.5,0.0
214,0.4,10.0,1.0,DA-BALS-Adaptive,200,87.0,1.0,12.0,0.0
214,0.4,10.0,1.0,DA-BALS-Stabilized,200,90.0,2.0,8.0,0.0
214,0.4,50.0,0.0,DA-BALS-NoMargin,200,93.0,0.0,7.000000000000001,0.0
214,0.4,50.0,0.0,DA-BALS-FixedMargin,200,89.5,0.0,10.5,0.0
214,0.4,50.0,0.0,DA-BALS-Adaptive,200,92.5,0.0,7.5,0.0
214,0.4,50.0,0.0,DA-BALS-Stabilized,200,93.0,0.0,7.000000000000001,0.0
214,0.4,50.0,0.5,DA-BALS-NoMargin,200,92.0,1.0,7.000000000000001,0.0
214,0.4,50.0,0.5,DA-BALS-FixedMargin,200,89.0,0.5,10.5,0.0
214,0.4,50.0,0.5,DA-BALS-Adaptive,200,92.0,0.5,7.5,0.0
214,0.4,50.0,0.5,DA-BALS-Stabilized,200,91.5,1.0,7.5,0.0
214,0.4,50.0,1.0,DA-BALS-NoMargin,200,90.5,2.5,7.000000000000001,0.0
214,0.4,50.0,1.0,DA-BALS-FixedMargin,200,88.0,1.5,10.5,0.0
214,0.4,50.0,1.0,DA-BALS-Adaptive,200,87.0,1.0,12.0,0.0
214,0.4,50.0,1.0,DA-BALS-Stabilized,200,90.0,2.0,8.0,0.0
214,0.6,0.0,0.0,DA-BALS-NoMargin,322,89.44099378881988,0.6211180124223602,9.937888198757763,0.0
214,0.6,0.0,0.0,DA-BALS-FixedMargin,322,84.16149068322981,0.0,15.838509316770185,0.0
214,0.6,0.0,0.0,DA-BALS-Adaptive,322,87.88819875776397,0.0,12.111801242236025,0.0
214,0.6,0.0,0.0,DA-BALS-Stabilized,322,88.81987577639751,0.6211180124223602,10.559006211180124,0.0
214,0.6,0.0,0.5,DA-BALS-NoMargin,322,89.44099378881988,0.6211180124223602,9.937888198757763,0.0
214,0.6,0.0,0.5,DA-BALS-FixedMargin,322,84.16149068322981,0.0,15.838509316770185,0.0
214,0.6,0.0,0.5,DA-BALS-Adaptive,322,86.33540372670807,0.0,13.664596273291925,0.0
214,0.6,0.0,0.5,DA-BALS-Stabilized,322,88.50931677018633,0.3105590062111801,11.180124223602485,0.0
214,0.6,0.0,1.0,DA-BALS-NoMargin,322,88.50931677018633,1.5527950310559007,9.937888198757763,0.0
214,0.6,0.0,1.0,DA-BALS-FixedMargin,322,83.54037267080744,0.6211180124223602,15.838509316770185,0.0
214,0.6,0.0,1.0,DA-BALS-Adaptive,322,83.54037267080744,0.9316770186335404,15.527950310559005,0.0
214,0.6,0.0,1.0,DA-BALS-Stabilized,322,87.26708074534162,0.9316770186335404,11.801242236024844,0.0
214,0.6,10.0,0.0,DA-BALS-NoMargin,322,89.44099378881988,0.6211180124223602,9.937888198757763,0.0
214,0.6,10.0,0.0,DA-BALS-FixedMargin,322,84.16149068322981,0.0,15.838509316770185,0.0
214,0.6,10.0,0.0,DA-BALS-Adaptive,322,87.88819875776397,0.0,12.111801242236025,0.0
214,0.6,10.0,0.0,DA-BALS-Stabilized,322,88.81987577639751,0.6211180124223602,10.559006211180124,0.0
214,0.6,10.0,0.5,DA-BALS-NoMargin,322,89.44099378881988,0.6211180124223602,9.937888198757763,0.0
214,0.6,10.0,0.5,DA-BALS-FixedMargin,322,84.16149068322981,0.0,15.838509316770185,0.0
214,0.6,10.0,0.5,DA-BALS-Adaptive,322,86.33540372670807,0.0,13.664596273291925,0.0
214,0.6,10.0,0.5,DA-BALS-Stabilized,322,88.50931677018633,0.3105590062111801,11.180124223602485,0.0
214,0.6,10.0,1.0,DA-BALS-NoMargin,322,88.50931677018633,1.5527950310559007,9.937888198757763,0.0
214,0.6,10.0,1.0,DA-BALS-FixedMargin,322,83.54037267080744,0.6211180124223602,15.838509316770185,0.0
214,0.6,10.0,1.0,DA-BALS-Adaptive,322,83.54037267080744,0.9316770186335404,15.527950310559005,0.0
214,0.6,10.0,1.0,DA-BALS-Stabilized,322,87.26708074534162,0.9316770186335404,11.801242236024844,0.0
214,0.6,50.0,0.0,DA-BALS-NoMargin,322,89.44099378881988,0.6211180124223602,9.937888198757763,0.0
214,0.6,50.0,0.0,DA-BALS-FixedMargin,322,84.16149068322981,0.0,15.838509316770185,0.0
214,0.6,50.0,0.0,DA-BALS-Adaptive,322,87.88819875776397,0.0,12.111801242236025,0.0
214,0.6,50.0,0.0,DA-BALS-Stabilized,322,88.81987577639751,0.6211180124223602,10.559006211180124,0.0
214,0.6,50.0,0.5,DA-BALS-NoMargin,322,89.44099378881988,0.6211180124223602,9.937888198757763,0.0
214,0.6,50.0,0.5,DA-BALS-FixedMargin,322,84.16149068322981,0.0,15.838509316770185,0.0
214,0.6,50.0,0.5,DA-BALS-Adaptive,322,86.33540372670807,0.0,13.664596273291925,0.0
214,0.6,50.0,0.5,DA-BALS-Stabilized,322,88.50931677018633,0.3105590062111801,11.180124223602485,0.0
214,0.6,50.0,1.0,DA-BALS-NoMargin,322,88.50931677018633,1.5527950310559007,9.937888198757763,0.0
214,0.6,50.0,1.0,DA-BALS-FixedMargin,322,83.54037267080744,0.6211180124223602,15.838509316770185,0.0
214,0.6,50.0,1.0,DA-BALS-Adaptive,322,83.54037267080744,0.9316770186335404,15.527950310559005,0.0
214,0.6,50.0,1.0,DA-BALS-Stabilized,322,87.26708074534162,0.9316770186335404,11.801242236024844,0.0
214,0.8,0.0,0.0,DA-BALS-NoMargin,391,86.95652173913044,1.7902813299232736,11.253196930946292,0.0
214,0.8,0.0,0.0,DA-BALS-FixedMargin,391,80.30690537084399,0.0,19.69309462915601,0.0
214,0.8,0.0,0.0,DA-BALS-Adaptive,391,85.42199488491049,1.278772378516624,13.299232736572892,0.0
214,0.8,0.0,0.0,DA-BALS-Stabilized,391,86.95652173913044,1.7902813299232736,11.253196930946292,0.0
214,0.8,0.0,0.5,DA-BALS-NoMargin,391,85.16624040920716,3.580562659846547,11.253196930946292,0.0
214,0.8,0.0,0.5,DA-BALS-FixedMargin,391,80.05115089514067,0.2557544757033248,19.69309462915601,0.0
214,0.8,0.0,0.5,DA-BALS-Adaptive,391,82.86445012787725,1.7902813299232736,15.34526854219949,0.0
214,0.8,0.0,0.5,DA-BALS-Stabilized,391,84.91048593350384,3.0690537084398977,12.020460358056265,0.0
214,0.8,0.0,1.0,DA-BALS-NoMargin,391,84.14322250639387,4.3478260869565215,11.508951406649617,0.0
214,0.8,0.0,1.0,DA-BALS-FixedMargin,391,79.02813299232737,1.278772378516624,19.69309462915601,0.0
214,0.8,0.0,1.0,DA-BALS-Adaptive,391,77.23785166240408,1.7902813299232736,20.971867007672635,0.0
214,0.8,0.0,1.0,DA-BALS-Stabilized,391,83.63171355498721,3.580562659846547,12.787723785166241,0.0
214,0.8,10.0,0.0,DA-BALS-NoMargin,391,86.95652173913044,1.7902813299232736,11.253196930946292,0.0
214,0.8,10.0,0.0,DA-BALS-FixedMargin,391,80.30690537084399,0.0,19.69309462915601,0.0
214,0.8,10.0,0.0,DA-BALS-Adaptive,391,85.42199488491049,1.278772378516624,13.299232736572892,0.0
214,0.8,10.0,0.0,DA-BALS-Stabilized,391,86.95652173913044,1.7902813299232736,11.253196930946292,0.0
214,0.8,10.0,0.5,DA-BALS-NoMargin,391,85.16624040920716,3.580562659846547,11.253196930946292,0.0
214,0.8,10.0,0.5,DA-BALS-FixedMargin,391,80.05115089514067,0.2557544757033248,19.69309462915601,0.0
214,0.8,10.0,0.5,DA-BALS-Adaptive,391,82.86445012787725,1.7902813299232736,15.34526854219949,0.0
214,0.8,10.0,0.5,DA-BALS-Stabilized,391,84.91048593350384,3.0690537084398977,12.020460358056265,0.0
214,0.8,10.0,1.0,DA-BALS-NoMargin,391,84.14322250639387,4.603580562659847,11.253196930946292,0.0
214,0.8,10.0,1.0,DA-BALS-FixedMargin,391,79.02813299232737,1.278772378516624,19.69309462915601,0.0
214,0.8,10.0,1.0,DA-BALS-Adaptive,391,77.23785166240408,1.7902813299232736,20.971867007672635,0.0
214,0.8,10.0,1.0,DA-BALS-Stabilized,391,83.63171355498721,3.8363171355498724,12.531969309462914,0.0
214,0.8,50.0,0.0,DA-BALS-NoMargin,391,86.95652173913044,1.7902813299232736,11.253196930946292,0.0
214,0.8,50.0,0.0,DA-BALS-FixedMargin,391,80.30690537084399,0.0,19.69309462915601,0.0
214,0.8,50.0,0.0,DA-BALS-Adaptive,391,85.42199488491049,1.278772378516624,13.299232736572892,0.0
214,0.8,50.0,0.0,DA-BALS-Stabilized,391,86.95652173913044,1.7902813299232736,11.253196930946292,0.0
214,0.8,50.0,0.5,DA-BALS-NoMargin,391,85.16624040920716,3.580562659846547,11.253196930946292,0.0
214,0.8,50.0,0.5,DA-BALS-FixedMargin,391,80.05115089514067,0.2557544757033248,19.69309462915601,0.0
214,0.8,50.0,0.5,DA-BALS-Adaptive,391,82.86445012787725,1.7902813299232736,15.34526854219949,0.0
214,0.8,50.0,0.5,DA-BALS-Stabilized,391,84.91048593350384,3.0690537084398977,12.020460358056265,0.0
214,0.8,50.0,1.0,DA-BALS-NoMargin,391,84.14322250639387,4.603580562659847,11.253196930946292,0.0
214,0.8,50.0,1.0,DA-BALS-FixedMargin,391,79.02813299232737,1.278772378516624,19.69309462915601,0.0
214,0.8,50.0,1.0,DA-BALS-Adaptive,391,77.23785166240408,1.7902813299232736,20.971867007672635,0.0
214,0.8,50.0,1.0,DA-BALS-Stabilized,391,83.63171355498721,3.8363171355498724,12.531969309462914,0.0
214,1.0,0.0,0.0,DA-BALS-NoMargin,481,76.92307692307693,0.8316008316008316,22.245322245322246,0.0
214,1.0,0.0,0.0,DA-BALS-FixedMargin,481,74.22037422037423,0.0,25.779625779625782,0.0
214,1.0,0.0,0.0,DA-BALS-Adaptive,481,76.92307692307693,0.2079002079002079,22.86902286902287,0.0
214,1.0,0.0,0.0,DA-BALS-Stabilized,481,76.92307692307693,0.8316008316008316,22.245322245322246,0.0
214,1.0,0.0,0.5,DA-BALS-NoMargin,481,75.88357588357589,1.8711018711018712,22.245322245322246,0.0
214,1.0,0.0,0.5,DA-BALS-FixedMargin,481,73.5966735966736,0.6237006237006237,25.779625779625782,0.0
214,1.0,0.0,0.5,DA-BALS-Adaptive,481,75.25987525987526,0.6237006237006237,24.116424116424117,0.0
214,1.0,0.0,0.5,DA-BALS-Stabilized,481,76.0914760914761,1.6632016632016633,22.245322245322246,0.0
214,1.0,0.0,1.0,DA-BALS-NoMargin,481,73.5966735966736,3.7422037422037424,22.66112266112266,0.0
214,1.0,0.0,1.0,DA-BALS-FixedMargin,481,71.72557172557173,2.079002079002079,26.195426195426197,0.0
214,1.0,0.0,1.0,DA-BALS-Adaptive,481,70.68607068607069,1.2474012474012475,28.06652806652807,0.0
214,1.0,0.0,1.0,DA-BALS-Stabilized,481,73.5966735966736,2.9106029106029108,23.492723492723496,0.0
214,1.0,10.0,0.0,DA-BALS-NoMargin,481,76.92307692307693,0.8316008316008316,22.245322245322246,0.0
214,1.0,10.0,0.0,DA-BALS-FixedMargin,481,74.22037422037423,0.0,25.779625779625782,0.0
214,1.0,10.0,0.0,DA-BALS-Adaptive,481,76.92307692307693,0.2079002079002079,22.86902286902287,0.0
214,1.0,10.0,0.0,DA-BALS-Stabilized,481,76.92307692307693,0.8316008316008316,22.245322245322246,0.0
214,1.0,10.0,0.5,DA-BALS-NoMargin,481,75.88357588357589,1.8711018711018712,22.245322245322246,0.0
214,1.0,10.0,0.5,DA-BALS-FixedMargin,481,73.5966735966736,0.6237006237006237,25.779625779625782,0.0
214,1.0,10.0,0.5,DA-BALS-Adaptive,481,75.25987525987526,0.6237006237006237,24.116424116424117,0.0
214,1.0,10.0,0.5,DA-BALS-Stabilized,481,76.0914760914761,1.6632016632016633,22.245322245322246,0.0
214,1.0,10.0,1.0,DA-BALS-NoMargin,481,73.5966735966736,4.158004158004158,22.245322245322246,0.0
214,1.0,10.0,1.0,DA-BALS-FixedMargin,481,71.72557172557173,2.494802494802495,25.779625779625782,0.0
214,1.0,10.0,1.0,DA-BALS-Adaptive,481,71.51767151767152,1.2474012474012475,27.234927234927238,0.0
214,1.0,10.0,1.0,DA-BALS-Stabilized,481,73.5966735966736,3.3264033264033266,23.076923076923077,0.0
214,1.0,50.0,0.0,DA-BALS-NoMargin,481,76.92307692307693,0.8316008316008316,22.245322245322246,0.0
214,1.0,50.0,0.0,DA-BALS-FixedMargin,481,74.22037422037423,0.0,25.779625779625782,0.0
214,1.0,50.0,0.0,DA-BALS-Adaptive,481,76.92307692307693,0.2079002079002079,22.86902286902287,0.0
214,1.0,50.0,0.0,DA-BALS-Stabilized,481,76.92307692307693,0.8316008316008316,22.245322245322246,0.0
214,1.0,50.0,0.5,DA-BALS-NoMargin,481,75.88357588357589,1.8711018711018712,22.245322245322246,0.0
214,1.0,50.0,0.5,DA-BALS-FixedMargin,481,73.5966735966736,0.6237006237006237,25.779625779625782,0.0
214,1.0,50.0,0.5,DA-BALS-Adaptive,481,75.25987525987526,0.6237006237006237,24.116424116424117,0.0
214,1.0,50.0,0.5,DA-BALS-Stabilized,481,76.0914760914761,1.6632016632016633,22.245322245322246,0.0
214,1.0,50.0,1.0,DA-BALS-NoMargin,481,73.5966735966736,4.158004158004158,22.245322245322246,0.0
214,1.0,50.0,1.0,DA-BALS-FixedMargin,481,71.72557172557173,2.494802494802495,25.779625779625782,0.0
214,1.0,50.0,1.0,DA-BALS-Adaptive,481,71.51767151767152,1.4553014553014554,27.027027027027028,0.0
214,1.0,50.0,1.0,DA-BALS-Stabilized,481,73.5966735966736,3.3264033264033266,23.076923076923077,0.0
214,1.2,0.0,0.0,DA-BALS-NoMargin,630,71.42857142857143,0.6349206349206349,27.936507936507937,0.0
214,1.2,0.0,0.0,DA-BALS-FixedMargin,630,68.25396825396825,0.15873015873015872,31.587301587301585,0.0
214,1.2,0.0,0.0,DA-BALS-Adaptive,630,70.7936507936508,0.31746031746031744,28.888888888888886,0.0
214,1.2,0.0,0.0,DA-BALS-Stabilized,630,71.42857142857143,0.4761904761904762,28.095238095238095,0.0
214,1.2,0.0,0.5,DA-BALS-NoMargin,630,70.15873015873015,1.9047619047619049,27.936507936507937,0.0
214,1.2,0.0,0.5,DA-BALS-FixedMargin,630,67.77777777777779,0.6349206349206349,31.587301587301585,0.0
214,1.2,0.0,0.5,DA-BALS-Adaptive,630,67.77777777777779,1.4285714285714286,30.793650793650794,0.0
214,1.2,0.0,0.5,DA-BALS-Stabilized,630,70.31746031746032,1.5873015873015872,28.095238095238095,0.0
214,1.2,0.0,1.0,DA-BALS-NoMargin,630,67.77777777777779,3.968253968253968,28.253968253968253,0.0
214,1.2,0.0,1.0,DA-BALS-FixedMargin,630,66.03174603174602,2.2222222222222223,31.746031746031743,0.0
214,1.2,0.0,1.0,DA-BALS-Adaptive,630,62.857142857142854,2.0634920634920633,35.079365079365076,0.0
214,1.2,0.0,1.0,DA-BALS-Stabilized,630,67.61904761904762,3.3333333333333335,29.04761904761905,0.0
214,1.2,10.0,0.0,DA-BALS-NoMargin,630,71.42857142857143,0.6349206349206349,27.936507936507937,0.0
214,1.2,10.0,0.0,DA-BALS-FixedMargin,630,68.25396825396825,0.15873015873015872,31.587301587301585,0.0
214,1.2,10.0,0.0,DA-BALS-Adaptive,630,70.95238095238095,0.4761904761904762,28.57142857142857,0.0
214,1.2,10.0,0.0,DA-BALS-Stabilized,630,71.42857142857143,0.4761904761904762,28.095238095238095,0.0
214,1.2,10.0,0.5,DA-BALS-NoMargin,630,70.15873015873015,1.9047619047619049,27.936507936507937,0.0
214,1.2,10.0,0.5,DA-BALS-FixedMargin,630,67.77777777777779,0.6349206349206349,31.587301587301585,0.0
214,1.2,10.0,0.5,DA-BALS-Adaptive,630,67.93650793650794,1.2698412698412698,30.793650793650794,0.0
214,1.2,10.0,0.5,DA-BALS-Stabilized,630,70.31746031746032,1.5873015873015872,28.095238095238095,0.0
214,1.2,10.0,1.0,DA-BALS-NoMargin,630,67.93650793650794,4.1269841269841265,27.936507936507937,0.0
214,1.2,10.0,1.0,DA-BALS-FixedMargin,630,66.03174603174602,2.380952380952381,31.587301587301585,0.0
214,1.2,10.0,1.0,DA-BALS-Adaptive,630,62.698412698412696,2.0634920634920633,35.23809523809524,0.0
214,1.2,10.0,1.0,DA-BALS-Stabilized,630,67.61904761904762,3.492063492063492,28.888888888888886,0.0
214,1.2,50.0,0.0,DA-BALS-NoMargin,630,71.42857142857143,0.6349206349206349,27.936507936507937,0.0
214,1.2,50.0,0.0,DA-BALS-FixedMargin,630,68.25396825396825,0.15873015873015872,31.587301587301585,0.0
214,1.2,50.0,0.0,DA-BALS-Adaptive,630,70.95238095238095,0.4761904761904762,28.57142857142857,0.0
214,1.2,50.0,0.0,DA-BALS-Stabilized,630,71.42857142857143,0.4761904761904762,28.095238095238095,0.0
214,1.2,50.0,0.5,DA-BALS-NoMargin,630,70.15873015873015,1.9047619047619049,27.936507936507937,0.0
214,1.2,50.0,0.5,DA-BALS-FixedMargin,630,67.77777777777779,0.6349206349206349,31.587301587301585,0.0
214,1.2,50.0,0.5,DA-BALS-Adaptive,630,67.93650793650794,1.2698412698412698,30.793650793650794,0.0
214,1.2,50.0,0.5,DA-BALS-Stabilized,630,70.31746031746032,1.5873015873015872,28.095238095238095,0.0
214,1.2,50.0,1.0,DA-BALS-NoMargin,630,67.93650793650794,4.1269841269841265,27.936507936507937,0.0
214,1.2,50.0,1.0,DA-BALS-FixedMargin,630,66.03174603174602,2.380952380952381,31.587301587301585,0.0
214,1.2,50.0,1.0,DA-BALS-Adaptive,630,62.698412698412696,2.0634920634920633,35.23809523809524,0.0
214,1.2,50.0,1.0,DA-BALS-Stabilized,630,67.61904761904762,3.492063492063492,28.888888888888886,0.0
215,0.2,0.0,0.0,DA-BALS-NoMargin,111,95.4954954954955,0.0,4.504504504504505,0.0
215,0.2,0.0,0.0,DA-BALS-FixedMargin,111,90.990990990991,0.0,9.00900900900901,0.0
215,0.2,0.0,0.0,DA-BALS-Adaptive,111,93.69369369369369,0.0,6.306306306306306,0.0
215,0.2,0.0,0.0,DA-BALS-Stabilized,111,95.4954954954955,0.0,4.504504504504505,0.0
215,0.2,0.0,0.5,DA-BALS-NoMargin,111,94.5945945945946,0.9009009009009009,4.504504504504505,0.0
215,0.2,0.0,0.5,DA-BALS-FixedMargin,111,90.990990990991,0.0,9.00900900900901,0.0
215,0.2,0.0,0.5,DA-BALS-Adaptive,111,92.7927927927928,0.9009009009009009,6.306306306306306,0.0
215,0.2,0.0,0.5,DA-BALS-Stabilized,111,94.5945945945946,0.9009009009009009,4.504504504504505,0.0
215,0.2,0.0,1.0,DA-BALS-NoMargin,111,92.7927927927928,2.7027027027027026,4.504504504504505,0.0
215,0.2,0.0,1.0,DA-BALS-FixedMargin,111,89.1891891891892,1.8018018018018018,9.00900900900901,0.0
215,0.2,0.0,1.0,DA-BALS-Adaptive,111,89.1891891891892,2.7027027027027026,8.108108108108109,0.0
215,0.2,0.0,1.0,DA-BALS-Stabilized,111,92.7927927927928,2.7027027027027026,4.504504504504505,0.0
215,0.2,10.0,0.0,DA-BALS-NoMargin,111,95.4954954954955,0.0,4.504504504504505,0.0
215,0.2,10.0,0.0,DA-BALS-FixedMargin,111,90.990990990991,0.0,9.00900900900901,0.0
215,0.2,10.0,0.0,DA-BALS-Adaptive,111,93.69369369369369,0.0,6.306306306306306,0.0
215,0.2,10.0,0.0,DA-BALS-Stabilized,111,95.4954954954955,0.0,4.504504504504505,0.0
215,0.2,10.0,0.5,DA-BALS-NoMargin,111,94.5945945945946,0.9009009009009009,4.504504504504505,0.0
215,0.2,10.0,0.5,DA-BALS-FixedMargin,111,90.990990990991,0.0,9.00900900900901,0.0
215,0.2,10.0,0.5,DA-BALS-Adaptive,111,92.7927927927928,0.9009009009009009,6.306306306306306,0.0
215,0.2,10.0,0.5,DA-BALS-Stabilized,111,94.5945945945946,0.9009009009009009,4.504504504504505,0.0
215,0.2,10.0,1.0,DA-BALS-NoMargin,111,92.7927927927928,2.7027027027027026,4.504504504504505,0.0
215,0.2,10.0,1.0,DA-BALS-FixedMargin,111,89.1891891891892,1.8018018018018018,9.00900900900901,0.0
215,0.2,10.0,1.0,DA-BALS-Adaptive,111,90.09009009009009,2.7027027027027026,7.207207207207207,0.0
215,0.2,10.0,1.0,DA-BALS-Stabilized,111,92.7927927927928,2.7027027027027026,4.504504504504505,0.0
215,0.2,50.0,0.0,DA-BALS-NoMargin,111,95.4954954954955,0.0,4.504504504504505,0.0
215,0.2,50.0,0.0,DA-BALS-FixedMargin,111,90.990990990991,0.0,9.00900900900901,0.0
215,0.2,50.0,0.0,DA-BALS-Adaptive,111,93.69369369369369,0.0,6.306306306306306,0.0
215,0.2,50.0,0.0,DA-BALS-Stabilized,111,95.4954954954955,0.0,4.504504504504505,0.0
215,0.2,50.0,0.5,DA-BALS-NoMargin,111,94.5945945945946,0.9009009009009009,4.504504504504505,0.0
215,0.2,50.0,0.5,DA-BALS-FixedMargin,111,90.990990990991,0.0,9.00900900900901,0.0
215,0.2,50.0,0.5,DA-BALS-Adaptive,111,92.7927927927928,0.9009009009009009,6.306306306306306,0.0
215,0.2,50.0,0.5,DA-BALS-Stabilized,111,94.5945945945946,0.9009009009009009,4.504504504504505,0.0
215,0.2,50.0,1.0,DA-BALS-NoMargin,111,92.7927927927928,2.7027027027027026,4.504504504504505,0.0
215,0.2,50.0,1.0,DA-BALS-FixedMargin,111,89.1891891891892,1.8018018018018018,9.00900900900901,0.0
215,0.2,50.0,1.0,DA-BALS-Adaptive,111,90.09009009009009,2.7027027027027026,7.207207207207207,0.0
215,0.2,50.0,1.0,DA-BALS-Stabilized,111,92.7927927927928,2.7027027027027026,4.504504504504505,0.0
215,0.4,0.0,0.0,DA-BALS-NoMargin,191,92.14659685863874,0.5235602094240838,7.329842931937172,0.0
215,0.4,0.0,0.0,DA-BALS-FixedMargin,191,87.43455497382199,0.0,12.56544502617801,0.0
215,0.4,0.0,0.0,DA-BALS-Adaptive,191,90.57591623036649,0.0,9.424083769633508,0.0
215,0.4,0.0,0.0,DA-BALS-Stabilized,191,92.14659685863874,0.0,7.853403141361256,0.0
215,0.4,0.0,0.5,DA-BALS-NoMargin,191,92.14659685863874,0.5235602094240838,7.329842931937172,0.0
215,0.4,0.0,0.5,DA-BALS-FixedMargin,191,87.43455497382199,0.0,12.56544502617801,0.0
215,0.4,0.0,0.5,DA-BALS-Adaptive,191,88.48167539267016,0.0,11.518324607329843,0.0
215,0.4,0.0,0.5,DA-BALS-Stabilized,191,91.09947643979058,0.5235602094240838,8.37696335078534,0.0
215,0.4,0.0,1.0,DA-BALS-NoMargin,191,87.43455497382199,5.2356020942408374,7.329842931937172,0.0
215,0.4,0.0,1.0,DA-BALS-FixedMargin,191,84.81675392670157,2.6178010471204187,12.56544502617801,0.0
215,0.4,0.0,1.0,DA-BALS-Adaptive,191,83.24607329842932,3.664921465968586,13.089005235602095,0.0
215,0.4,0.0,1.0,DA-BALS-Stabilized,191,86.91099476439791,4.18848167539267,8.900523560209423,0.0
215,0.4,10.0,0.0,DA-BALS-NoMargin,191,92.14659685863874,0.5235602094240838,7.329842931937172,0.0
215,0.4,10.0,0.0,DA-BALS-FixedMargin,191,87.43455497382199,0.0,12.56544502617801,0.0
215,0.4,10.0,0.0,DA-BALS-Adaptive,191,90.57591623036649,0.0,9.424083769633508,0.0
215,0.4,10.0,0.0,DA-BALS-Stabilized,191,92.14659685863874,0.0,7.853403141361256,0.0
215,0.4,10.0,0.5,DA-BALS-NoMargin,191,92.14659685863874,0.5235602094240838,7.329842931937172,0.0
215,0.4,10.0,0.5,DA-BALS-FixedMargin,191,87.43455497382199,0.0,12.56544502617801,0.0
215,0.4,10.0,0.5,DA-BALS-Adaptive,191,88.48167539267016,0.0,11.518324607329843,0.0
215,0.4,10.0,0.5,DA-BALS-Stabilized,191,91.09947643979058,0.5235602094240838,8.37696335078534,0.0
215,0.4,10.0,1.0,DA-BALS-NoMargin,191,87.43455497382199,5.2356020942408374,7.329842931937172,0.0
215,0.4,10.0,1.0,DA-BALS-FixedMargin,191,84.81675392670157,2.6178010471204187,12.56544502617801,0.0
215,0.4,10.0,1.0,DA-BALS-Adaptive,191,81.67539267015707,3.664921465968586,14.659685863874344,0.0
215,0.4,10.0,1.0,DA-BALS-Stabilized,191,86.38743455497382,4.18848167539267,9.424083769633508,0.0
215,0.4,50.0,0.0,DA-BALS-NoMargin,191,92.14659685863874,0.5235602094240838,7.329842931937172,0.0
215,0.4,50.0,0.0,DA-BALS-FixedMargin,191,87.43455497382199,0.0,12.56544502617801,0.0
215,0.4,50.0,0.0,DA-BALS-Adaptive,191,90.57591623036649,0.0,9.424083769633508,0.0
215,0.4,50.0,0.0,DA-BALS-Stabilized,191,92.14659685863874,0.0,7.853403141361256,0.0
215,0.4,50.0,0.5,DA-BALS-NoMargin,191,92.14659685863874,0.5235602094240838,7.329842931937172,0.0
215,0.4,50.0,0.5,DA-BALS-FixedMargin,191,87.43455497382199,0.0,12.56544502617801,0.0
215,0.4,50.0,0.5,DA-BALS-Adaptive,191,88.48167539267016,0.0,11.518324607329843,0.0
215,0.4,50.0,0.5,DA-BALS-Stabilized,191,91.09947643979058,0.5235602094240838,8.37696335078534,0.0
215,0.4,50.0,1.0,DA-BALS-NoMargin,191,87.43455497382199,5.2356020942408374,7.329842931937172,0.0
215,0.4,50.0,1.0,DA-BALS-FixedMargin,191,84.81675392670157,2.6178010471204187,12.56544502617801,0.0
215,0.4,50.0,1.0,DA-BALS-Adaptive,191,81.67539267015707,3.1413612565445024,15.18324607329843,0.0
215,0.4,50.0,1.0,DA-BALS-Stabilized,191,86.38743455497382,4.18848167539267,9.424083769633508,0.0
215,0.6,0.0,0.0,DA-BALS-NoMargin,299,88.2943143812709,1.3377926421404682,10.367892976588628,0.0
215,0.6,0.0,0.0,DA-BALS-FixedMargin,299,80.93645484949833,0.33444816053511706,18.729096989966553,0.0
215,0.6,0.0,0.0,DA-BALS-Adaptive,299,86.2876254180602,0.6688963210702341,13.043478260869565,0.0
215,0.6,0.0,0.0,DA-BALS-Stabilized,299,87.95986622073578,1.0033444816053512,11.036789297658862,0.0
215,0.6,0.0,0.5,DA-BALS-NoMargin,299,86.62207357859532,2.6755852842809364,10.702341137123746,0.0
215,0.6,0.0,0.5,DA-BALS-FixedMargin,299,79.26421404682274,2.0066889632107023,18.729096989966553,0.0
215,0.6,0.0,0.5,DA-BALS-Adaptive,299,83.94648829431438,1.6722408026755853,14.381270903010032,0.0
215,0.6,0.0,0.5,DA-BALS-Stabilized,299,85.95317725752508,2.6755852842809364,11.37123745819398,0.0
215,0.6,0.0,1.0,DA-BALS-NoMargin,299,84.61538461538461,4.3478260869565215,11.036789297658862,0.0
215,0.6,0.0,1.0,DA-BALS-FixedMargin,299,77.25752508361204,3.3444816053511706,19.39799331103679,0.0
215,0.6,0.0,1.0,DA-BALS-Adaptive,299,78.59531772575251,1.6722408026755853,19.732441471571907,0.0
215,0.6,0.0,1.0,DA-BALS-Stabilized,299,83.94648829431438,3.678929765886288,12.37458193979933,0.0
215,0.6,10.0,0.0,DA-BALS-NoMargin,299,88.2943143812709,1.3377926421404682,10.367892976588628,0.0
215,0.6,10.0,0.0,DA-BALS-FixedMargin,299,80.93645484949833,0.33444816053511706,18.729096989966553,0.0
215,0.6,10.0,0.0,DA-BALS-Adaptive,299,86.2876254180602,0.6688963210702341,13.043478260869565,0.0
215,0.6,10.0,0.0,DA-BALS-Stabilized,299,87.95986622073578,1.0033444816053512,11.036789297658862,0.0
215,0.6,10.0,0.5,DA-BALS-NoMargin,299,86.62207357859532,3.0100334448160537,10.367892976588628,0.0
215,0.6,10.0,0.5,DA-BALS-FixedMargin,299,79.26421404682274,2.0066889632107023,18.729096989966553,0.0
215,0.6,10.0,0.5,DA-BALS-Adaptive,299,83.27759197324414,1.6722408026755853,15.050167224080269,0.0
215,0.6,10.0,0.5,DA-BALS-Stabilized,299,85.95317725752508,3.0100334448160537,11.036789297658862,0.0
215,0.6,10.0,1.0,DA-BALS-NoMargin,299,84.61538461538461,5.016722408026756,10.367892976588628,0.0
215,0.6,10.0,1.0,DA-BALS-FixedMargin,299,77.25752508361204,3.678929765886288,19.063545150501675,0.0
215,0.6,10.0,1.0,DA-BALS-Adaptive,299,75.25083612040135,2.341137123745819,22.40802675585284,0.0
215,0.6,10.0,1.0,DA-BALS-Stabilized,299,83.94648829431438,4.3478260869565215,11.705685618729097,0.0
215,0.6,50.0,0.0,DA-BALS-NoMargin,299,88.2943143812709,1.3377926421404682,10.367892976588628,0.0
215,0.6,50.0,0.0,DA-BALS-FixedMargin,299,80.93645484949833,0.33444816053511706,18.729096989966553,0.0
215,0.6,50.0,0.0,DA-BALS-Adaptive,299,86.2876254180602,0.6688963210702341,13.043478260869565,0.0
215,0.6,50.0,0.0,DA-BALS-Stabilized,299,87.95986622073578,1.0033444816053512,11.036789297658862,0.0
215,0.6,50.0,0.5,DA-BALS-NoMargin,299,86.62207357859532,3.0100334448160537,10.367892976588628,0.0
215,0.6,50.0,0.5,DA-BALS-FixedMargin,299,79.26421404682274,2.0066889632107023,18.729096989966553,0.0
215,0.6,50.0,0.5,DA-BALS-Adaptive,299,83.27759197324414,1.6722408026755853,15.050167224080269,0.0
215,0.6,50.0,0.5,DA-BALS-Stabilized,299,85.95317725752508,3.0100334448160537,11.036789297658862,0.0
215,0.6,50.0,1.0,DA-BALS-NoMargin,299,84.61538461538461,5.016722408026756,10.367892976588628,0.0
215,0.6,50.0,1.0,DA-BALS-FixedMargin,299,77.59197324414716,3.678929765886288,18.729096989966553,0.0
215,0.6,50.0,1.0,DA-BALS-Adaptive,299,75.58528428093646,2.341137123745819,22.073578595317723,0.0
215,0.6,50.0,1.0,DA-BALS-Stabilized,299,83.94648829431438,4.3478260869565215,11.705685618729097,0.0
215,0.8,0.0,0.0,DA-BALS-NoMargin,380,83.6842105263158,0.7894736842105263,15.526315789473685,0.0
215,0.8,0.0,0.0,DA-BALS-FixedMargin,380,81.3157894736842,0.0,18.684210526315788,0.0
215,0.8,0.0,0.0,DA-BALS-Adaptive,380,82.63157894736842,0.0,17.36842105263158,0.0
215,0.8,0.0,0.0,DA-BALS-Stabilized,380,83.42105263157895,0.5263157894736842,16.05263157894737,0.0
215,0.8,0.0,0.5,DA-BALS-NoMargin,380,82.10526315789474,2.368421052631579,15.526315789473685,0.0
215,0.8,0.0,0.5,DA-BALS-FixedMargin,380,81.05263157894737,0.2631578947368421,18.684210526315788,0.0
215,0.8,0.0,0.5,DA-BALS-Adaptive,380,81.05263157894737,0.7894736842105263,18.157894736842106,0.0
215,0.8,0.0,0.5,DA-BALS-Stabilized,380,82.10526315789474,1.3157894736842104,16.57894736842105,0.0
215,0.8,0.0,1.0,DA-BALS-NoMargin,380,80.26315789473685,4.2105263157894735,15.526315789473685,0.0
215,0.8,0.0,1.0,DA-BALS-FixedMargin,380,79.47368421052632,1.8421052631578945,18.684210526315788,0.0
215,0.8,0.0,1.0,DA-BALS-Adaptive,380,78.15789473684211,1.8421052631578945,20.0,0.0
215,0.8,0.0,1.0,DA-BALS-Stabilized,380,80.0,3.1578947368421053,16.842105263157894,0.0
215,0.8,10.0,0.0,DA-BALS-NoMargin,380,83.6842105263158,0.7894736842105263,15.526315789473685,0.0
215,0.8,10.0,0.0,DA-BALS-FixedMargin,380,81.3157894736842,0.0,18.684210526315788,0.0
215,0.8,10.0,0.0,DA-BALS-Adaptive,380,82.63157894736842,0.0,17.36842105263158,0.0
215,0.8,10.0,0.0,DA-BALS-Stabilized,380,83.42105263157895,0.5263157894736842,16.05263157894737,0.0
215,0.8,10.0,0.5,DA-BALS-NoMargin,380,82.10526315789474,2.368421052631579,15.526315789473685,0.0
215,0.8,10.0,0.5,DA-BALS-FixedMargin,380,81.05263157894737,0.2631578947368421,18.684210526315788,0.0
215,0.8,10.0,0.5,DA-BALS-Adaptive,380,81.05263157894737,0.7894736842105263,18.157894736842106,0.0
215,0.8,10.0,0.5,DA-BALS-Stabilized,380,82.10526315789474,1.3157894736842104,16.57894736842105,0.0
215,0.8,10.0,1.0,DA-BALS-NoMargin,380,80.26315789473685,4.2105263157894735,15.526315789473685,0.0
215,0.8,10.0,1.0,DA-BALS-FixedMargin,380,79.47368421052632,1.8421052631578945,18.684210526315788,0.0
215,0.8,10.0,1.0,DA-BALS-Adaptive,380,78.42105263157895,1.3157894736842104,20.263157894736842,0.0
215,0.8,10.0,1.0,DA-BALS-Stabilized,380,80.0,3.1578947368421053,16.842105263157894,0.0
215,0.8,50.0,0.0,DA-BALS-NoMargin,380,83.6842105263158,0.7894736842105263,15.526315789473685,0.0
215,0.8,50.0,0.0,DA-BALS-FixedMargin,380,81.3157894736842,0.0,18.684210526315788,0.0
215,0.8,50.0,0.0,DA-BALS-Adaptive,380,82.63157894736842,0.0,17.36842105263158,0.0
215,0.8,50.0,0.0,DA-BALS-Stabilized,380,83.42105263157895,0.5263157894736842,16.05263157894737,0.0
215,0.8,50.0,0.5,DA-BALS-NoMargin,380,82.10526315789474,2.368421052631579,15.526315789473685,0.0
215,0.8,50.0,0.5,DA-BALS-FixedMargin,380,81.05263157894737,0.2631578947368421,18.684210526315788,0.0
215,0.8,50.0,0.5,DA-BALS-Adaptive,380,81.05263157894737,0.7894736842105263,18.157894736842106,0.0
215,0.8,50.0,0.5,DA-BALS-Stabilized,380,82.10526315789474,1.3157894736842104,16.57894736842105,0.0
215,0.8,50.0,1.0,DA-BALS-NoMargin,380,80.26315789473685,4.2105263157894735,15.526315789473685,0.0
215,0.8,50.0,1.0,DA-BALS-FixedMargin,380,79.47368421052632,1.8421052631578945,18.684210526315788,0.0
215,0.8,50.0,1.0,DA-BALS-Adaptive,380,78.6842105263158,1.3157894736842104,20.0,0.0
215,0.8,50.0,1.0,DA-BALS-Stabilized,380,80.0,3.1578947368421053,16.842105263157894,0.0
215,1.0,0.0,0.0,DA-BALS-NoMargin,483,79.08902691511386,1.4492753623188406,19.461697722567287,0.0
215,1.0,0.0,0.0,DA-BALS-FixedMargin,483,77.22567287784679,0.6211180124223602,22.15320910973085,0.0
215,1.0,0.0,0.0,DA-BALS-Adaptive,483,78.4679089026915,0.6211180124223602,20.910973084886127,0.0
215,1.0,0.0,0.0,DA-BALS-Stabilized,483,79.29606625258799,0.8281573498964804,19.875776397515526,0.0
215,1.0,0.0,0.5,DA-BALS-NoMargin,483,78.26086956521739,2.2774327122153206,19.461697722567287,0.0
215,1.0,0.0,0.5,DA-BALS-FixedMargin,483,77.22567287784679,0.4140786749482402,22.36024844720497,0.0
215,1.0,0.0,0.5,DA-BALS-Adaptive,483,76.60455486542443,0.4140786749482402,22.981366459627328,0.0
215,1.0,0.0,0.5,DA-BALS-Stabilized,483,78.26086956521739,1.8633540372670807,19.875776397515526,0.0
215,1.0,0.0,1.0,DA-BALS-NoMargin,483,75.77639751552795,3.9337474120082816,20.28985507246377,0.0
215,1.0,0.0,1.0,DA-BALS-FixedMargin,483,74.12008281573499,2.691511387163561,23.18840579710145,0.0
215,1.0,0.0,1.0,DA-BALS-Adaptive,483,67.28778467908903,1.8633540372670807,30.848861283643892,0.0
215,1.0,0.0,1.0,DA-BALS-Stabilized,483,75.77639751552795,3.1055900621118013,21.11801242236025,0.0
215,1.0,10.0,0.0,DA-BALS-NoMargin,483,79.08902691511386,1.4492753623188406,19.461697722567287,0.0
215,1.0,10.0,0.0,DA-BALS-FixedMargin,483,77.22567287784679,0.6211180124223602,22.15320910973085,0.0
215,1.0,10.0,0.0,DA-BALS-Adaptive,483,78.4679089026915,0.6211180124223602,20.910973084886127,0.0
215,1.0,10.0,0.0,DA-BALS-Stabilized,483,79.29606625258799,0.8281573498964804,19.875776397515526,0.0
215,1.0,10.0,0.5,DA-BALS-NoMargin,483,78.26086956521739,2.2774327122153206,19.461697722567287,0.0
215,1.0,10.0,0.5,DA-BALS-FixedMargin,483,77.22567287784679,0.6211180124223602,22.15320910973085,0.0
215,1.0,10.0,0.5,DA-BALS-Adaptive,483,76.60455486542443,0.4140786749482402,22.981366459627328,0.0
215,1.0,10.0,0.5,DA-BALS-Stabilized,483,78.26086956521739,1.8633540372670807,19.875776397515526,0.0
215,1.0,10.0,1.0,DA-BALS-NoMargin,483,75.98343685300208,4.140786749482402,19.875776397515526,0.0
215,1.0,10.0,1.0,DA-BALS-FixedMargin,483,74.32712215320912,2.691511387163561,22.981366459627328,0.0
215,1.0,10.0,1.0,DA-BALS-Adaptive,483,62.11180124223602,1.4492753623188406,36.43892339544513,0.0
215,1.0,10.0,1.0,DA-BALS-Stabilized,483,75.98343685300208,2.898550724637681,21.11801242236025,0.0
215,1.0,50.0,0.0,DA-BALS-NoMargin,483,79.08902691511386,1.4492753623188406,19.461697722567287,0.0
215,1.0,50.0,0.0,DA-BALS-FixedMargin,483,77.22567287784679,0.6211180124223602,22.15320910973085,0.0
215,1.0,50.0,0.0,DA-BALS-Adaptive,483,78.4679089026915,0.6211180124223602,20.910973084886127,0.0
215,1.0,50.0,0.0,DA-BALS-Stabilized,483,79.29606625258799,0.8281573498964804,19.875776397515526,0.0
215,1.0,50.0,0.5,DA-BALS-NoMargin,483,78.26086956521739,2.2774327122153206,19.461697722567287,0.0
215,1.0,50.0,0.5,DA-BALS-FixedMargin,483,77.22567287784679,0.6211180124223602,22.15320910973085,0.0
215,1.0,50.0,0.5,DA-BALS-Adaptive,483,76.60455486542443,0.4140786749482402,22.981366459627328,0.0
215,1.0,50.0,0.5,DA-BALS-Stabilized,483,78.26086956521739,1.8633540372670807,19.875776397515526,0.0
215,1.0,50.0,1.0,DA-BALS-NoMargin,483,75.98343685300208,4.554865424430641,19.461697722567287,0.0
215,1.0,50.0,1.0,DA-BALS-FixedMargin,483,74.12008281573499,3.7267080745341614,22.15320910973085,0.0
215,1.0,50.0,1.0,DA-BALS-Adaptive,483,56.7287784679089,1.0351966873706004,42.2360248447205,0.0
215,1.0,50.0,1.0,DA-BALS-Stabilized,483,75.56935817805382,3.3126293995859215,21.11801242236025,0.0
215,1.2,0.0,0.0,DA-BALS-NoMargin,588,72.10884353741497,0.5102040816326531,27.380952380952383,0.0
215,1.2,0.0,0.0,DA-BALS-FixedMargin,588,69.21768707482994,0.0,30.782312925170068,0.0
215,1.2,0.0,0.0,DA-BALS-Adaptive,588,71.7687074829932,0.17006802721088435,28.061224489795915,0.0
215,1.2,0.0,0.0,DA-BALS-Stabilized,588,72.10884353741497,0.5102040816326531,27.380952380952383,0.0
215,1.2,0.0,0.5,DA-BALS-NoMargin,588,70.91836734693877,1.7006802721088436,27.380952380952383,0.0
215,1.2,0.0,0.5,DA-BALS-FixedMargin,588,68.36734693877551,0.8503401360544218,30.782312925170068,0.0
215,1.2,0.0,0.5,DA-BALS-Adaptive,588,68.5374149659864,1.1904761904761905,30.272108843537417,0.0
215,1.2,0.0,0.5,DA-BALS-Stabilized,588,71.25850340136054,1.3605442176870748,27.380952380952383,0.0
215,1.2,0.0,1.0,DA-BALS-NoMargin,588,68.36734693877551,4.2517006802721085,27.380952380952383,0.0
215,1.2,0.0,1.0,DA-BALS-FixedMargin,588,66.3265306122449,2.7210884353741496,30.952380952380953,0.0
215,1.2,0.0,1.0,DA-BALS-Adaptive,588,63.775510204081634,2.2108843537414966,34.01360544217687,0.0
215,1.2,0.0,1.0,DA-BALS-Stabilized,588,68.5374149659864,3.741496598639456,27.721088435374146,0.0
215,1.2,10.0,0.0,DA-BALS-NoMargin,588,72.10884353741497,0.5102040816326531,27.380952380952383,0.0
215,1.2,10.0,0.0,DA-BALS-FixedMargin,588,69.21768707482994,0.0,30.782312925170068,0.0
215,1.2,10.0,0.0,DA-BALS-Adaptive,588,71.7687074829932,0.17006802721088435,28.061224489795915,0.0
215,1.2,10.0,0.0,DA-BALS-Stabilized,588,72.10884353741497,0.5102040816326531,27.380952380952383,0.0
215,1.2,10.0,0.5,DA-BALS-NoMargin,588,70.91836734693877,1.7006802721088436,27.380952380952383,0.0
215,1.2,10.0,0.5,DA-BALS-FixedMargin,588,68.36734693877551,0.8503401360544218,30.782312925170068,0.0
215,1.2,10.0,0.5,DA-BALS-Adaptive,588,68.5374149659864,1.1904761904761905,30.272108843537417,0.0
215,1.2,10.0,0.5,DA-BALS-Stabilized,588,71.25850340136054,1.3605442176870748,27.380952380952383,0.0
215,1.2,10.0,1.0,DA-BALS-NoMargin,588,68.02721088435374,4.591836734693878,27.380952380952383,0.0
215,1.2,10.0,1.0,DA-BALS-FixedMargin,588,66.3265306122449,2.891156462585034,30.782312925170068,0.0
215,1.2,10.0,1.0,DA-BALS-Adaptive,588,63.94557823129252,2.380952380952381,33.6734693877551,0.0
215,1.2,10.0,1.0,DA-BALS-Stabilized,588,68.5374149659864,3.9115646258503403,27.55102040816326,0.0
215,1.2,50.0,0.0,DA-BALS-NoMargin,588,72.10884353741497,0.5102040816326531,27.380952380952383,0.0
215,1.2,50.0,0.0,DA-BALS-FixedMargin,588,69.21768707482994,0.0,30.782312925170068,0.0
215,1.2,50.0,0.0,DA-BALS-Adaptive,588,71.7687074829932,0.17006802721088435,28.061224489795915,0.0
215,1.2,50.0,0.0,DA-BALS-Stabilized,588,72.10884353741497,0.5102040816326531,27.380952380952383,0.0
215,1.2,50.0,0.5,DA-BALS-NoMargin,588,70.91836734693877,1.7006802721088436,27.380952380952383,0.0
215,1.2,50.0,0.5,DA-BALS-FixedMargin,588,68.36734693877551,0.8503401360544218,30.782312925170068,0.0
215,1.2,50.0,0.5,DA-BALS-Adaptive,588,68.5374149659864,1.1904761904761905,30.272108843537417,0.0
215,1.2,50.0,0.5,DA-BALS-Stabilized,588,71.25850340136054,1.3605442176870748,27.380952380952383,0.0
215,1.2,50.0,1.0,DA-BALS-NoMargin,588,68.02721088435374,4.591836734693878,27.380952380952383,0.0
215,1.2,50.0,1.0,DA-BALS-FixedMargin,588,66.3265306122449,2.891156462585034,30.782312925170068,0.0
215,1.2,50.0,1.0,DA-BALS-Adaptive,588,63.60544217687075,2.380952380952381,34.01360544217687,0.0
215,1.2,50.0,1.0,DA-BALS-Stabilized,588,68.5374149659864,3.9115646258503403,27.55102040816326,0.0
216,0.2,0.0,0.0,DA-BALS-NoMargin,79,98.73417721518987,0.0,1.2658227848101267,0.0
216,0.2,0.0,0.0,DA-BALS-FixedMargin,79,94.9367088607595,0.0,5.063291139240507,0.0
216,0.2,0.0,0.0,DA-BALS-Adaptive,79,98.73417721518987,0.0,1.2658227848101267,0.0
216,0.2,0.0,0.0,DA-BALS-Stabilized,79,98.73417721518987,0.0,1.2658227848101267,0.0
216,0.2,0.0,0.5,DA-BALS-NoMargin,79,97.46835443037975,1.2658227848101267,1.2658227848101267,0.0
216,0.2,0.0,0.5,DA-BALS-FixedMargin,79,94.9367088607595,0.0,5.063291139240507,0.0
216,0.2,0.0,0.5,DA-BALS-Adaptive,79,97.46835443037975,1.2658227848101267,1.2658227848101267,0.0
216,0.2,0.0,0.5,DA-BALS-Stabilized,79,97.46835443037975,1.2658227848101267,1.2658227848101267,0.0
216,0.2,0.0,1.0,DA-BALS-NoMargin,79,93.67088607594937,5.063291139240507,1.2658227848101267,0.0
216,0.2,0.0,1.0,DA-BALS-FixedMargin,79,89.87341772151899,2.5316455696202533,7.59493670886076,0.0
216,0.2,0.0,1.0,DA-BALS-Adaptive,79,91.13924050632912,5.063291139240507,3.79746835443038,0.0
216,0.2,0.0,1.0,DA-BALS-Stabilized,79,93.67088607594937,5.063291139240507,1.2658227848101267,0.0
216,0.2,10.0,0.0,DA-BALS-NoMargin,79,98.73417721518987,0.0,1.2658227848101267,0.0
216,0.2,10.0,0.0,DA-BALS-FixedMargin,79,94.9367088607595,0.0,5.063291139240507,0.0
216,0.2,10.0,0.0,DA-BALS-Adaptive,79,98.73417721518987,0.0,1.2658227848101267,0.0
216,0.2,10.0,0.0,DA-BALS-Stabilized,79,98.73417721518987,0.0,1.2658227848101267,0.0
216,0.2,10.0,0.5,DA-BALS-NoMargin,79,97.46835443037975,1.2658227848101267,1.2658227848101267,0.0
216,0.2,10.0,0.5,DA-BALS-FixedMargin,79,94.9367088607595,0.0,5.063291139240507,0.0
216,0.2,10.0,0.5,DA-BALS-Adaptive,79,97.46835443037975,1.2658227848101267,1.2658227848101267,0.0
216,0.2,10.0,0.5,DA-BALS-Stabilized,79,97.46835443037975,1.2658227848101267,1.2658227848101267,0.0
216,0.2,10.0,1.0,DA-BALS-NoMargin,79,93.67088607594937,5.063291139240507,1.2658227848101267,0.0
216,0.2,10.0,1.0,DA-BALS-FixedMargin,79,89.87341772151899,3.79746835443038,6.329113924050633,0.0
216,0.2,10.0,1.0,DA-BALS-Adaptive,79,91.13924050632912,5.063291139240507,3.79746835443038,0.0
216,0.2,10.0,1.0,DA-BALS-Stabilized,79,93.67088607594937,5.063291139240507,1.2658227848101267,0.0
216,0.2,50.0,0.0,DA-BALS-NoMargin,79,98.73417721518987,0.0,1.2658227848101267,0.0
216,0.2,50.0,0.0,DA-BALS-FixedMargin,79,94.9367088607595,0.0,5.063291139240507,0.0
216,0.2,50.0,0.0,DA-BALS-Adaptive,79,98.73417721518987,0.0,1.2658227848101267,0.0
216,0.2,50.0,0.0,DA-BALS-Stabilized,79,98.73417721518987,0.0,1.2658227848101267,0.0
216,0.2,50.0,0.5,DA-BALS-NoMargin,79,97.46835443037975,1.2658227848101267,1.2658227848101267,0.0
216,0.2,50.0,0.5,DA-BALS-FixedMargin,79,94.9367088607595,0.0,5.063291139240507,0.0
216,0.2,50.0,0.5,DA-BALS-Adaptive,79,97.46835443037975,1.2658227848101267,1.2658227848101267,0.0
216,0.2,50.0,0.5,DA-BALS-Stabilized,79,97.46835443037975,1.2658227848101267,1.2658227848101267,0.0
216,0.2,50.0,1.0,DA-BALS-NoMargin,79,93.67088607594937,5.063291139240507,1.2658227848101267,0.0
216,0.2,50.0,1.0,DA-BALS-FixedMargin,79,91.13924050632912,3.79746835443038,5.063291139240507,0.0
216,0.2,50.0,1.0,DA-BALS-Adaptive,79,91.13924050632912,5.063291139240507,3.79746835443038,0.0
216,0.2,50.0,1.0,DA-BALS-Stabilized,79,93.67088607594937,5.063291139240507,1.2658227848101267,0.0
216,0.4,0.0,0.0,DA-BALS-NoMargin,212,94.81132075471697,0.9433962264150944,4.245283018867925,0.0
216,0.4,0.0,0.0,DA-BALS-FixedMargin,212,90.09433962264151,0.0,9.90566037735849,0.0
216,0.4,0.0,0.0,DA-BALS-Adaptive,212,94.33962264150944,0.9433962264150944,4.716981132075472,0.0
216,0.4,0.0,0.0,DA-BALS-Stabilized,212,94.81132075471697,0.9433962264150944,4.245283018867925,0.0
216,0.4,0.0,0.5,DA-BALS-NoMargin,212,93.86792452830188,1.8867924528301887,4.245283018867925,0.0
216,0.4,0.0,0.5,DA-BALS-FixedMargin,212,90.09433962264151,0.0,9.90566037735849,0.0
216,0.4,0.0,0.5,DA-BALS-Adaptive,212,92.45283018867924,0.4716981132075472,7.0754716981132075,0.0
216,0.4,0.0,0.5,DA-BALS-Stabilized,212,93.86792452830188,1.8867924528301887,4.245283018867925,0.0
216,0.4,0.0,1.0,DA-BALS-NoMargin,212,91.0377358490566,4.245283018867925,4.716981132075472,0.0
216,0.4,0.0,1.0,DA-BALS-FixedMargin,212,87.73584905660378,1.8867924528301887,10.377358490566039,0.0
216,0.4,0.0,1.0,DA-BALS-Adaptive,212,88.20754716981132,1.8867924528301887,9.90566037735849,0.0
216,0.4,0.0,1.0,DA-BALS-Stabilized,212,91.0377358490566,4.245283018867925,4.716981132075472,0.0
216,0.4,10.0,0.0,DA-BALS-NoMargin,212,94.81132075471697,0.9433962264150944,4.245283018867925,0.0
216,0.4,10.0,0.0,DA-BALS-FixedMargin,212,90.09433962264151,0.0,9.90566037735849,0.0
216,0.4,10.0,0.0,DA-BALS-Adaptive,212,94.33962264150944,0.9433962264150944,4.716981132075472,0.0
216,0.4,10.0,0.0,DA-BALS-Stabilized,212,94.81132075471697,0.9433962264150944,4.245283018867925,0.0
216,0.4,10.0,0.5,DA-BALS-NoMargin,212,93.86792452830188,1.8867924528301887,4.245283018867925,0.0
216,0.4,10.0,0.5,DA-BALS-FixedMargin,212,90.09433962264151,0.0,9.90566037735849,0.0
216,0.4,10.0,0.5,DA-BALS-Adaptive,212,92.45283018867924,0.4716981132075472,7.0754716981132075,0.0
216,0.4,10.0,0.5,DA-BALS-Stabilized,212,93.86792452830188,1.8867924528301887,4.245283018867925,0.0
216,0.4,10.0,1.0,DA-BALS-NoMargin,212,91.0377358490566,4.716981132075472,4.245283018867925,0.0
216,0.4,10.0,1.0,DA-BALS-FixedMargin,212,88.20754716981132,1.8867924528301887,9.90566037735849,0.0
216,0.4,10.0,1.0,DA-BALS-Adaptive,212,88.67924528301887,3.30188679245283,8.018867924528301,0.0
216,0.4,10.0,1.0,DA-BALS-Stabilized,212,91.0377358490566,4.245283018867925,4.716981132075472,0.0
216,0.4,50.0,0.0,DA-BALS-NoMargin,212,94.81132075471697,0.9433962264150944,4.245283018867925,0.0
216,0.4,50.0,0.0,DA-BALS-FixedMargin,212,90.09433962264151,0.0,9.90566037735849,0.0
216,0.4,50.0,0.0,DA-BALS-Adaptive,212,94.33962264150944,0.9433962264150944,4.716981132075472,0.0
216,0.4,50.0,0.0,DA-BALS-Stabilized,212,94.81132075471697,0.9433962264150944,4.245283018867925,0.0
216,0.4,50.0,0.5,DA-BALS-NoMargin,212,93.86792452830188,1.8867924528301887,4.245283018867925,0.0
216,0.4,50.0,0.5,DA-BALS-FixedMargin,212,90.09433962264151,0.0,9.90566037735849,0.0
216,0.4,50.0,0.5,DA-BALS-Adaptive,212,92.45283018867924,0.4716981132075472,7.0754716981132075,0.0
216,0.4,50.0,0.5,DA-BALS-Stabilized,212,93.86792452830188,1.8867924528301887,4.245283018867925,0.0
216,0.4,50.0,1.0,DA-BALS-NoMargin,212,91.0377358490566,4.716981132075472,4.245283018867925,0.0
216,0.4,50.0,1.0,DA-BALS-FixedMargin,212,88.20754716981132,1.8867924528301887,9.90566037735849,0.0
216,0.4,50.0,1.0,DA-BALS-Adaptive,212,88.67924528301887,3.30188679245283,8.018867924528301,0.0
216,0.4,50.0,1.0,DA-BALS-Stabilized,212,91.0377358490566,4.245283018867925,4.716981132075472,0.0
216,0.6,0.0,0.0,DA-BALS-NoMargin,273,92.3076923076923,0.7326007326007326,6.95970695970696,0.0
216,0.6,0.0,0.0,DA-BALS-FixedMargin,273,87.17948717948718,0.0,12.82051282051282,0.0
216,0.6,0.0,0.0,DA-BALS-Adaptive,273,91.57509157509158,0.3663003663003663,8.058608058608058,0.0
216,0.6,0.0,0.0,DA-BALS-Stabilized,273,92.3076923076923,0.7326007326007326,6.95970695970696,0.0
216,0.6,0.0,0.5,DA-BALS-NoMargin,273,90.84249084249085,2.197802197802198,6.95970695970696,0.0
216,0.6,0.0,0.5,DA-BALS-FixedMargin,273,86.44688644688645,0.7326007326007326,12.82051282051282,0.0
216,0.6,0.0,0.5,DA-BALS-Adaptive,273,84.98168498168498,1.098901098901099,13.91941391941392,0.0
216,0.6,0.0,0.5,DA-BALS-Stabilized,273,90.47619047619048,1.8315018315018317,7.6923076923076925,0.0
216,0.6,0.0,1.0,DA-BALS-NoMargin,273,87.54578754578755,3.296703296703297,9.157509157509157,0.0
216,0.6,0.0,1.0,DA-BALS-FixedMargin,273,82.78388278388277,2.93040293040293,14.285714285714285,0.0
216,0.6,0.0,1.0,DA-BALS-Adaptive,273,65.2014652014652,2.197802197802198,32.6007326007326,0.0
216,0.6,0.0,1.0,DA-BALS-Stabilized,273,85.34798534798534,2.93040293040293,11.72161172161172,0.0
216,0.6,10.0,0.0,DA-BALS-NoMargin,273,92.3076923076923,0.7326007326007326,6.95970695970696,0.0
216,0.6,10.0,0.0,DA-BALS-FixedMargin,273,87.17948717948718,0.0,12.82051282051282,0.0
216,0.6,10.0,0.0,DA-BALS-Adaptive,273,91.57509157509158,0.3663003663003663,8.058608058608058,0.0
216,0.6,10.0,0.0,DA-BALS-Stabilized,273,92.3076923076923,0.7326007326007326,6.95970695970696,0.0
216,0.6,10.0,0.5,DA-BALS-NoMargin,273,90.84249084249085,2.197802197802198,6.95970695970696,0.0
216,0.6,10.0,0.5,DA-BALS-FixedMargin,273,86.44688644688645,0.7326007326007326,12.82051282051282,0.0
216,0.6,10.0,0.5,DA-BALS-Adaptive,273,84.61538461538461,1.098901098901099,14.285714285714285,0.0
216,0.6,10.0,0.5,DA-BALS-Stabilized,273,90.10989010989012,1.8315018315018317,8.058608058608058,0.0
216,0.6,10.0,1.0,DA-BALS-NoMargin,273,87.54578754578755,3.6630036630036633,8.791208791208792,0.0
216,0.6,10.0,1.0,DA-BALS-FixedMargin,273,82.41758241758241,3.296703296703297,14.285714285714285,0.0
216,0.6,10.0,1.0,DA-BALS-Adaptive,273,63.003663003663,2.197802197802198,34.798534798534796,0.0
216,0.6,10.0,1.0,DA-BALS-Stabilized,273,85.34798534798534,3.296703296703297,11.355311355311356,0.0
216,0.6,50.0,0.0,DA-BALS-NoMargin,273,92.3076923076923,0.7326007326007326,6.95970695970696,0.0
216,0.6,50.0,0.0,DA-BALS-FixedMargin,273,87.17948717948718,0.0,12.82051282051282,0.0
216,0.6,50.0,0.0,DA-BALS-Adaptive,273,91.57509157509158,0.3663003663003663,8.058608058608058,0.0
216,0.6,50.0,0.0,DA-BALS-Stabilized,273,92.3076923076923,0.7326007326007326,6.95970695970696,0.0
216,0.6,50.0,0.5,DA-BALS-NoMargin,273,90.84249084249085,2.197802197802198,6.95970695970696,0.0
216,0.6,50.0,0.5,DA-BALS-FixedMargin,273,86.44688644688645,0.7326007326007326,12.82051282051282,0.0
216,0.6,50.0,0.5,DA-BALS-Adaptive,273,84.61538461538461,1.098901098901099,14.285714285714285,0.0
216,0.6,50.0,0.5,DA-BALS-Stabilized,273,90.10989010989012,1.8315018315018317,8.058608058608058,0.0
216,0.6,50.0,1.0,DA-BALS-NoMargin,273,87.54578754578755,5.4945054945054945,6.95970695970696,0.0
216,0.6,50.0,1.0,DA-BALS-FixedMargin,273,82.05128205128204,5.128205128205128,12.82051282051282,0.0
216,0.6,50.0,1.0,DA-BALS-Adaptive,273,63.003663003663,2.564102564102564,34.43223443223443,0.0
216,0.6,50.0,1.0,DA-BALS-Stabilized,273,84.61538461538461,5.4945054945054945,9.89010989010989,0.0
216,0.8,0.0,0.0,DA-BALS-NoMargin,362,85.91160220994475,0.0,14.088397790055248,0.0
216,0.8,0.0,0.0,DA-BALS-FixedMargin,362,81.21546961325967,0.0,18.784530386740332,0.0
216,0.8,0.0,0.0,DA-BALS-Adaptive,362,84.5303867403315,0.0,15.469613259668508,0.0
216,0.8,0.0,0.0,DA-BALS-Stabilized,362,85.6353591160221,0.0,14.3646408839779,0.0
216,0.8,0.0,0.5,DA-BALS-NoMargin,362,84.5303867403315,1.3812154696132597,14.088397790055248,0.0
216,0.8,0.0,0.5,DA-BALS-FixedMargin,362,80.93922651933701,0.2762430939226519,18.784530386740332,0.0
216,0.8,0.0,0.5,DA-BALS-Adaptive,362,83.42541436464089,0.5524861878453038,16.022099447513813,0.0
216,0.8,0.0,0.5,DA-BALS-Stabilized,362,84.5303867403315,1.1049723756906076,14.3646408839779,0.0
216,0.8,0.0,1.0,DA-BALS-NoMargin,362,83.97790055248619,1.6574585635359116,14.3646408839779,0.0
216,0.8,0.0,1.0,DA-BALS-FixedMargin,362,80.66298342541437,0.2762430939226519,19.060773480662984,0.0
216,0.8,0.0,1.0,DA-BALS-Adaptive,362,80.93922651933701,0.5524861878453038,18.50828729281768,0.0
216,0.8,0.0,1.0,DA-BALS-Stabilized,362,83.97790055248619,1.3812154696132597,14.64088397790055,0.0
216,0.8,10.0,0.0,DA-BALS-NoMargin,362,85.91160220994475,0.0,14.088397790055248,0.0
216,0.8,10.0,0.0,DA-BALS-FixedMargin,362,81.21546961325967,0.0,18.784530386740332,0.0
216,0.8,10.0,0.0,DA-BALS-Adaptive,362,84.5303867403315,0.0,15.469613259668508,0.0
216,0.8,10.0,0.0,DA-BALS-Stabilized,362,85.6353591160221,0.0,14.3646408839779,0.0
216,0.8,10.0,0.5,DA-BALS-NoMargin,362,84.5303867403315,1.3812154696132597,14.088397790055248,0.0
216,0.8,10.0,0.5,DA-BALS-FixedMargin,362,80.93922651933701,0.2762430939226519,18.784530386740332,0.0
216,0.8,10.0,0.5,DA-BALS-Adaptive,362,83.42541436464089,0.5524861878453038,16.022099447513813,0.0
216,0.8,10.0,0.5,DA-BALS-Stabilized,362,84.5303867403315,1.1049723756906076,14.3646408839779,0.0
216,0.8,10.0,1.0,DA-BALS-NoMargin,362,84.25414364640883,1.6574585635359116,14.088397790055248,0.0
216,0.8,10.0,1.0,DA-BALS-FixedMargin,362,80.93922651933701,0.2762430939226519,18.784530386740332,0.0
216,0.8,10.0,1.0,DA-BALS-Adaptive,362,81.21546961325967,0.5524861878453038,18.23204419889503,0.0
216,0.8,10.0,1.0,DA-BALS-Stabilized,362,84.25414364640883,1.3812154696132597,14.3646408839779,0.0
216,0.8,50.0,0.0,DA-BALS-NoMargin,362,85.91160220994475,0.0,14.088397790055248,0.0
216,0.8,50.0,0.0,DA-BALS-FixedMargin,362,81.21546961325967,0.0,18.784530386740332,0.0
216,0.8,50.0,0.0,DA-BALS-Adaptive,362,84.5303867403315,0.0,15.469613259668508,0.0
216,0.8,50.0,0.0,DA-BALS-Stabilized,362,85.6353591160221,0.0,14.3646408839779,0.0
216,0.8,50.0,0.5,DA-BALS-NoMargin,362,84.5303867403315,1.3812154696132597,14.088397790055248,0.0
216,0.8,50.0,0.5,DA-BALS-FixedMargin,362,80.93922651933701,0.2762430939226519,18.784530386740332,0.0
216,0.8,50.0,0.5,DA-BALS-Adaptive,362,83.42541436464089,0.5524861878453038,16.022099447513813,0.0
216,0.8,50.0,0.5,DA-BALS-Stabilized,362,84.5303867403315,1.1049723756906076,14.3646408839779,0.0
216,0.8,50.0,1.0,DA-BALS-NoMargin,362,84.25414364640883,1.6574585635359116,14.088397790055248,0.0
216,0.8,50.0,1.0,DA-BALS-FixedMargin,362,80.93922651933701,0.2762430939226519,18.784530386740332,0.0
216,0.8,50.0,1.0,DA-BALS-Adaptive,362,81.21546961325967,0.5524861878453038,18.23204419889503,0.0
216,0.8,50.0,1.0,DA-BALS-Stabilized,362,84.25414364640883,1.3812154696132597,14.3646408839779,0.0
216,1.0,0.0,0.0,DA-BALS-NoMargin,486,79.83539094650206,0.6172839506172839,19.54732510288066,0.0
216,1.0,0.0,0.0,DA-BALS-FixedMargin,486,76.5432098765432,0.205761316872428,23.25102880658436,0.0
216,1.0,0.0,0.0,DA-BALS-Adaptive,486,77.9835390946502,0.411522633744856,21.604938271604937,0.0
216,1.0,0.0,0.0,DA-BALS-Stabilized,486,79.62962962962963,0.6172839506172839,19.753086419753085,0.0
216,1.0,0.0,0.5,DA-BALS-NoMargin,486,77.57201646090535,2.880658436213992,19.54732510288066,0.0
216,1.0,0.0,0.5,DA-BALS-FixedMargin,486,75.30864197530865,1.440329218106996,23.25102880658436,0.0
216,1.0,0.0,0.5,DA-BALS-Adaptive,486,76.33744855967079,1.440329218106996,22.22222222222222,0.0
216,1.0,0.0,0.5,DA-BALS-Stabilized,486,77.77777777777779,2.4691358024691357,19.753086419753085,0.0
216,1.0,0.0,1.0,DA-BALS-NoMargin,486,73.86831275720165,5.967078189300412,20.16460905349794,0.0
216,1.0,0.0,1.0,DA-BALS-FixedMargin,486,72.8395061728395,3.292181069958848,23.868312757201647,0.0
216,1.0,0.0,1.0,DA-BALS-Adaptive,486,68.93004115226337,2.4691358024691357,28.600823045267486,0.0
216,1.0,0.0,1.0,DA-BALS-Stabilized,486,73.4567901234568,4.732510288065844,21.810699588477366,0.0
216,1.0,10.0,0.0,DA-BALS-NoMargin,486,79.83539094650206,0.6172839506172839,19.54732510288066,0.0
216,1.0,10.0,0.0,DA-BALS-FixedMargin,486,76.5432098765432,0.205761316872428,23.25102880658436,0.0
216,1.0,10.0,0.0,DA-BALS-Adaptive,486,77.9835390946502,0.411522633744856,21.604938271604937,0.0
216,1.0,10.0,0.0,DA-BALS-Stabilized,486,79.62962962962963,0.6172839506172839,19.753086419753085,0.0
216,1.0,10.0,0.5,DA-BALS-NoMargin,486,77.57201646090535,2.880658436213992,19.54732510288066,0.0
216,1.0,10.0,0.5,DA-BALS-FixedMargin,486,75.30864197530865,1.440329218106996,23.25102880658436,0.0
216,1.0,10.0,0.5,DA-BALS-Adaptive,486,75.7201646090535,1.440329218106996,22.839506172839506,0.0
216,1.0,10.0,0.5,DA-BALS-Stabilized,486,77.77777777777779,2.4691358024691357,19.753086419753085,0.0
216,1.0,10.0,1.0,DA-BALS-NoMargin,486,73.66255144032921,6.584362139917696,19.753086419753085,0.0
216,1.0,10.0,1.0,DA-BALS-FixedMargin,486,72.8395061728395,3.909465020576132,23.25102880658436,0.0
216,1.0,10.0,1.0,DA-BALS-Adaptive,486,69.1358024691358,2.263374485596708,28.600823045267486,0.0
216,1.0,10.0,1.0,DA-BALS-Stabilized,486,73.25102880658436,5.761316872427984,20.98765432098765,0.0
216,1.0,50.0,0.0,DA-BALS-NoMargin,486,79.83539094650206,0.6172839506172839,19.54732510288066,0.0
216,1.0,50.0,0.0,DA-BALS-FixedMargin,486,76.5432098765432,0.205761316872428,23.25102880658436,0.0
216,1.0,50.0,0.0,DA-BALS-Adaptive,486,77.9835390946502,0.411522633744856,21.604938271604937,0.0
216,1.0,50.0,0.0,DA-BALS-Stabilized,486,79.62962962962963,0.6172839506172839,19.753086419753085,0.0
216,1.0,50.0,0.5,DA-BALS-NoMargin,486,77.57201646090535,2.880658436213992,19.54732510288066,0.0
216,1.0,50.0,0.5,DA-BALS-FixedMargin,486,75.30864197530865,1.440329218106996,23.25102880658436,0.0
216,1.0,50.0,0.5,DA-BALS-Adaptive,486,75.7201646090535,1.440329218106996,22.839506172839506,0.0
216,1.0,50.0,0.5,DA-BALS-Stabilized,486,77.77777777777779,2.4691358024691357,19.753086419753085,0.0
216,1.0,50.0,1.0,DA-BALS-NoMargin,486,73.04526748971193,7.4074074074074066,19.54732510288066,0.0
216,1.0,50.0,1.0,DA-BALS-FixedMargin,486,72.8395061728395,3.909465020576132,23.25102880658436,0.0
216,1.0,50.0,1.0,DA-BALS-Adaptive,486,69.1358024691358,2.263374485596708,28.600823045267486,0.0
216,1.0,50.0,1.0,DA-BALS-Stabilized,486,72.63374485596708,6.378600823045268,20.98765432098765,0.0
216,1.2,0.0,0.0,DA-BALS-NoMargin,587,72.06132879045997,0.8517887563884157,27.086882453151617,0.0
216,1.2,0.0,0.0,DA-BALS-FixedMargin,587,69.33560477001703,0.34071550255536626,30.3236797274276,0.0
216,1.2,0.0,0.0,DA-BALS-Adaptive,587,71.20954003407155,0.34071550255536626,28.449744463373083,0.0
216,1.2,0.0,0.0,DA-BALS-Stabilized,587,72.06132879045997,0.6814310051107325,27.2572402044293,0.0
216,1.2,0.0,0.5,DA-BALS-NoMargin,587,70.52810902896081,2.385008517887564,27.086882453151617,0.0
216,1.2,0.0,0.5,DA-BALS-FixedMargin,587,69.16524701873935,0.5110732538330494,30.3236797274276,0.0
216,1.2,0.0,0.5,DA-BALS-Adaptive,587,70.6984667802385,0.5110732538330494,28.79045996592845,0.0
216,1.2,0.0,0.5,DA-BALS-Stabilized,587,70.86882453151618,1.8739352640545146,27.2572402044293,0.0
216,1.2,0.0,1.0,DA-BALS-NoMargin,587,68.82453151618398,4.088586030664395,27.086882453151617,0.0
216,1.2,0.0,1.0,DA-BALS-FixedMargin,587,67.80238500851789,1.8739352640545146,30.3236797274276,0.0
216,1.2,0.0,1.0,DA-BALS-Adaptive,587,68.14310051107326,1.5332197614991483,30.3236797274276,0.0
216,1.2,0.0,1.0,DA-BALS-Stabilized,587,68.48381601362861,3.9182282793867125,27.597955706984667,0.0
216,1.2,10.0,0.0,DA-BALS-NoMargin,587,72.06132879045997,0.8517887563884157,27.086882453151617,0.0
216,1.2,10.0,0.0,DA-BALS-FixedMargin,587,69.33560477001703,0.34071550255536626,30.3236797274276,0.0
216,1.2,10.0,0.0,DA-BALS-Adaptive,587,71.20954003407155,0.34071550255536626,28.449744463373083,0.0
216,1.2,10.0,0.0,DA-BALS-Stabilized,587,72.06132879045997,0.6814310051107325,27.2572402044293,0.0
216,1.2,10.0,0.5,DA-BALS-NoMargin,587,70.52810902896081,2.385008517887564,27.086882453151617,0.0
216,1.2,10.0,0.5,DA-BALS-FixedMargin,587,69.16524701873935,0.5110732538330494,30.3236797274276,0.0
216,1.2,10.0,0.5,DA-BALS-Adaptive,587,70.6984667802385,0.5110732538330494,28.79045996592845,0.0
216,1.2,10.0,0.5,DA-BALS-Stabilized,587,70.86882453151618,1.8739352640545146,27.2572402044293,0.0
216,1.2,10.0,1.0,DA-BALS-NoMargin,587,68.82453151618398,4.088586030664395,27.086882453151617,0.0
216,1.2,10.0,1.0,DA-BALS-FixedMargin,587,67.80238500851789,1.8739352640545146,30.3236797274276,0.0
216,1.2,10.0,1.0,DA-BALS-Adaptive,587,67.46166950596252,1.8739352640545146,30.664395229982965,0.0
216,1.2,10.0,1.0,DA-BALS-Stabilized,587,68.48381601362861,3.9182282793867125,27.597955706984667,0.0
216,1.2,50.0,0.0,DA-BALS-NoMargin,587,72.06132879045997,0.8517887563884157,27.086882453151617,0.0
216,1.2,50.0,0.0,DA-BALS-FixedMargin,587,69.33560477001703,0.34071550255536626,30.3236797274276,0.0
216,1.2,50.0,0.0,DA-BALS-Adaptive,587,71.20954003407155,0.34071550255536626,28.449744463373083,0.0
216,1.2,50.0,0.0,DA-BALS-Stabilized,587,72.06132879045997,0.6814310051107325,27.2572402044293,0.0
216,1.2,50.0,0.5,DA-BALS-NoMargin,587,70.52810902896081,2.385008517887564,27.086882453151617,0.0
216,1.2,50.0,0.5,DA-BALS-FixedMargin,587,69.16524701873935,0.5110732538330494,30.3236797274276,0.0
216,1.2,50.0,0.5,DA-BALS-Adaptive,587,70.6984667802385,0.5110732538330494,28.79045996592845,0.0
216,1.2,50.0,0.5,DA-BALS-Stabilized,587,70.86882453151618,1.8739352640545146,27.2572402044293,0.0
216,1.2,50.0,1.0,DA-BALS-NoMargin,587,68.82453151618398,4.088586030664395,27.086882453151617,0.0
216,1.2,50.0,1.0,DA-BALS-FixedMargin,587,67.80238500851789,1.8739352640545146,30.3236797274276,0.0
216,1.2,50.0,1.0,DA-BALS-Adaptive,587,67.46166950596252,1.8739352640545146,30.664395229982965,0.0
216,1.2,50.0,1.0,DA-BALS-Stabilized,587,68.48381601362861,3.9182282793867125,27.597955706984667,0.0
217,0.2,0.0,0.0,DA-BALS-NoMargin,117,97.43589743589743,0.8547008547008548,1.7094017094017095,0.0
217,0.2,0.0,0.0,DA-BALS-FixedMargin,117,93.16239316239316,0.0,6.837606837606838,0.0
217,0.2,0.0,0.0,DA-BALS-Adaptive,117,95.72649572649573,0.8547008547008548,3.418803418803419,0.0
217,0.2,0.0,0.0,DA-BALS-Stabilized,117,97.43589743589743,0.8547008547008548,1.7094017094017095,0.0
217,0.2,0.0,0.5,DA-BALS-NoMargin,117,98.29059829059828,0.0,1.7094017094017095,0.0
217,0.2,0.0,0.5,DA-BALS-FixedMargin,117,93.16239316239316,0.0,6.837606837606838,0.0
217,0.2,0.0,0.5,DA-BALS-Adaptive,117,94.87179487179486,0.0,5.128205128205128,0.0
217,0.2,0.0,0.5,DA-BALS-Stabilized,117,98.29059829059828,0.0,1.7094017094017095,0.0
217,0.2,0.0,1.0,DA-BALS-NoMargin,117,97.43589743589743,0.8547008547008548,1.7094017094017095,0.0
217,0.2,0.0,1.0,DA-BALS-FixedMargin,117,93.16239316239316,0.0,6.837606837606838,0.0
217,0.2,0.0,1.0,DA-BALS-Adaptive,117,91.45299145299145,0.0,8.547008547008547,0.0
217,0.2,0.0,1.0,DA-BALS-Stabilized,117,97.43589743589743,0.0,2.564102564102564,0.0
217,0.2,10.0,0.0,DA-BALS-NoMargin,117,97.43589743589743,0.8547008547008548,1.7094017094017095,0.0
217,0.2,10.0,0.0,DA-BALS-FixedMargin,117,93.16239316239316,0.0,6.837606837606838,0.0
217,0.2,10.0,0.0,DA-BALS-Adaptive,117,95.72649572649573,0.8547008547008548,3.418803418803419,0.0
217,0.2,10.0,0.0,DA-BALS-Stabilized,117,97.43589743589743,0.8547008547008548,1.7094017094017095,0.0
217,0.2,10.0,0.5,DA-BALS-NoMargin,117,98.29059829059828,0.0,1.7094017094017095,0.0
217,0.2,10.0,0.5,DA-BALS-FixedMargin,117,93.16239316239316,0.0,6.837606837606838,0.0
217,0.2,10.0,0.5,DA-BALS-Adaptive,117,94.87179487179486,0.0,5.128205128205128,0.0
217,0.2,10.0,0.5,DA-BALS-Stabilized,117,98.29059829059828,0.0,1.7094017094017095,0.0
217,0.2,10.0,1.0,DA-BALS-NoMargin,117,97.43589743589743,0.8547008547008548,1.7094017094017095,0.0
217,0.2,10.0,1.0,DA-BALS-FixedMargin,117,93.16239316239316,0.0,6.837606837606838,0.0
217,0.2,10.0,1.0,DA-BALS-Adaptive,117,91.45299145299145,0.0,8.547008547008547,0.0
217,0.2,10.0,1.0,DA-BALS-Stabilized,117,97.43589743589743,0.8547008547008548,1.7094017094017095,0.0
217,0.2,50.0,0.0,DA-BALS-NoMargin,117,97.43589743589743,0.8547008547008548,1.7094017094017095,0.0
217,0.2,50.0,0.0,DA-BALS-FixedMargin,117,93.16239316239316,0.0,6.837606837606838,0.0
217,0.2,50.0,0.0,DA-BALS-Adaptive,117,95.72649572649573,0.8547008547008548,3.418803418803419,0.0
217,0.2,50.0,0.0,DA-BALS-Stabilized,117,97.43589743589743,0.8547008547008548,1.7094017094017095,0.0
217,0.2,50.0,0.5,DA-BALS-NoMargin,117,98.29059829059828,0.0,1.7094017094017095,0.0
217,0.2,50.0,0.5,DA-BALS-FixedMargin,117,93.16239316239316,0.0,6.837606837606838,0.0
217,0.2,50.0,0.5,DA-BALS-Adaptive,117,94.87179487179486,0.0,5.128205128205128,0.0
217,0.2,50.0,0.5,DA-BALS-Stabilized,117,98.29059829059828,0.0,1.7094017094017095,0.0
217,0.2,50.0,1.0,DA-BALS-NoMargin,117,97.43589743589743,0.8547008547008548,1.7094017094017095,0.0
217,0.2,50.0,1.0,DA-BALS-FixedMargin,117,93.16239316239316,0.0,6.837606837606838,0.0
217,0.2,50.0,1.0,DA-BALS-Adaptive,117,91.45299145299145,0.0,8.547008547008547,0.0
217,0.2,50.0,1.0,DA-BALS-Stabilized,117,97.43589743589743,0.8547008547008548,1.7094017094017095,0.0
217,0.4,0.0,0.0,DA-BALS-NoMargin,180,92.77777777777779,1.1111111111111112,6.111111111111111,0.0
217,0.4,0.0,0.0,DA-BALS-FixedMargin,180,88.88888888888889,0.0,11.11111111111111,0.0
217,0.4,0.0,0.0,DA-BALS-Adaptive,180,90.0,1.1111111111111112,8.88888888888889,0.0
217,0.4,0.0,0.0,DA-BALS-Stabilized,180,92.77777777777779,1.1111111111111112,6.111111111111111,0.0
217,0.4,0.0,0.5,DA-BALS-NoMargin,180,92.77777777777779,1.1111111111111112,6.111111111111111,0.0
217,0.4,0.0,0.5,DA-BALS-FixedMargin,180,88.88888888888889,0.0,11.11111111111111,0.0
217,0.4,0.0,0.5,DA-BALS-Adaptive,180,90.0,0.5555555555555556,9.444444444444445,0.0
217,0.4,0.0,0.5,DA-BALS-Stabilized,180,92.77777777777779,1.1111111111111112,6.111111111111111,0.0
217,0.4,0.0,1.0,DA-BALS-NoMargin,180,92.77777777777779,1.1111111111111112,6.111111111111111,0.0
217,0.4,0.0,1.0,DA-BALS-FixedMargin,180,88.88888888888889,0.0,11.11111111111111,0.0
217,0.4,0.0,1.0,DA-BALS-Adaptive,180,88.88888888888889,0.5555555555555556,10.555555555555555,0.0
217,0.4,0.0,1.0,DA-BALS-Stabilized,180,92.77777777777779,1.1111111111111112,6.111111111111111,0.0
217,0.4,10.0,0.0,DA-BALS-NoMargin,180,92.77777777777779,1.1111111111111112,6.111111111111111,0.0
217,0.4,10.0,0.0,DA-BALS-FixedMargin,180,88.88888888888889,0.0,11.11111111111111,0.0
217,0.4,10.0,0.0,DA-BALS-Adaptive,180,90.0,1.1111111111111112,8.88888888888889,0.0
217,0.4,10.0,0.0,DA-BALS-Stabilized,180,92.77777777777779,1.1111111111111112,6.111111111111111,0.0
217,0.4,10.0,0.5,DA-BALS-NoMargin,180,92.77777777777779,1.1111111111111112,6.111111111111111,0.0
217,0.4,10.0,0.5,DA-BALS-FixedMargin,180,88.88888888888889,0.0,11.11111111111111,0.0
217,0.4,10.0,0.5,DA-BALS-Adaptive,180,90.0,0.5555555555555556,9.444444444444445,0.0
217,0.4,10.0,0.5,DA-BALS-Stabilized,180,92.77777777777779,1.1111111111111112,6.111111111111111,0.0
217,0.4,10.0,1.0,DA-BALS-NoMargin,180,92.77777777777779,1.1111111111111112,6.111111111111111,0.0
217,0.4,10.0,1.0,DA-BALS-FixedMargin,180,88.88888888888889,0.0,11.11111111111111,0.0
217,0.4,10.0,1.0,DA-BALS-Adaptive,180,88.88888888888889,0.5555555555555556,10.555555555555555,0.0
217,0.4,10.0,1.0,DA-BALS-Stabilized,180,92.22222222222223,1.1111111111111112,6.666666666666667,0.0
217,0.4,50.0,0.0,DA-BALS-NoMargin,180,92.77777777777779,1.1111111111111112,6.111111111111111,0.0
217,0.4,50.0,0.0,DA-BALS-FixedMargin,180,88.88888888888889,0.0,11.11111111111111,0.0
217,0.4,50.0,0.0,DA-BALS-Adaptive,180,90.0,1.1111111111111112,8.88888888888889,0.0
217,0.4,50.0,0.0,DA-BALS-Stabilized,180,92.77777777777779,1.1111111111111112,6.111111111111111,0.0
217,0.4,50.0,0.5,DA-BALS-NoMargin,180,92.77777777777779,1.1111111111111112,6.111111111111111,0.0
217,0.4,50.0,0.5,DA-BALS-FixedMargin,180,88.88888888888889,0.0,11.11111111111111,0.0
217,0.4,50.0,0.5,DA-BALS-Adaptive,180,90.0,0.5555555555555556,9.444444444444445,0.0
217,0.4,50.0,0.5,DA-BALS-Stabilized,180,92.77777777777779,1.1111111111111112,6.111111111111111,0.0
217,0.4,50.0,1.0,DA-BALS-NoMargin,180,92.77777777777779,1.1111111111111112,6.111111111111111,0.0
217,0.4,50.0,1.0,DA-BALS-FixedMargin,180,88.88888888888889,0.0,11.11111111111111,0.0
217,0.4,50.0,1.0,DA-BALS-Adaptive,180,88.88888888888889,0.5555555555555556,10.555555555555555,0.0
217,0.4,50.0,1.0,DA-BALS-Stabilized,180,92.22222222222223,1.1111111111111112,6.666666666666667,0.0
217,0.6,0.0,0.0,DA-BALS-NoMargin,308,88.63636363636364,0.974025974025974,10.38961038961039,0.0
217,0.6,0.0,0.0,DA-BALS-FixedMargin,308,82.46753246753246,0.0,17.532467532467532,0.0
217,0.6,0.0,0.0,DA-BALS-Adaptive,308,87.33766233766234,0.3246753246753247,12.337662337662337,0.0
217,0.6,0.0,0.0,DA-BALS-Stabilized,308,88.63636363636364,0.974025974025974,10.38961038961039,0.0
217,0.6,0.0,0.5,DA-BALS-NoMargin,308,86.36363636363636,3.2467532467532463,10.38961038961039,0.0
217,0.6,0.0,0.5,DA-BALS-FixedMargin,308,81.81818181818183,0.6493506493506493,17.532467532467532,0.0
217,0.6,0.0,0.5,DA-BALS-Adaptive,308,83.76623376623377,1.2987012987012987,14.935064935064934,0.0
217,0.6,0.0,0.5,DA-BALS-Stabilized,308,86.68831168831169,2.922077922077922,10.38961038961039,0.0
217,0.6,0.0,1.0,DA-BALS-NoMargin,308,83.44155844155844,6.1688311688311686,10.38961038961039,0.0
217,0.6,0.0,1.0,DA-BALS-FixedMargin,308,78.57142857142857,3.2467532467532463,18.181818181818183,0.0
217,0.6,0.0,1.0,DA-BALS-Adaptive,308,72.07792207792207,2.922077922077922,25.0,0.0
217,0.6,0.0,1.0,DA-BALS-Stabilized,308,83.44155844155844,5.51948051948052,11.03896103896104,0.0
217,0.6,10.0,0.0,DA-BALS-NoMargin,308,88.63636363636364,0.974025974025974,10.38961038961039,0.0
217,0.6,10.0,0.0,DA-BALS-FixedMargin,308,82.46753246753246,0.0,17.532467532467532,0.0
217,0.6,10.0,0.0,DA-BALS-Adaptive,308,87.33766233766234,0.3246753246753247,12.337662337662337,0.0
217,0.6,10.0,0.0,DA-BALS-Stabilized,308,88.63636363636364,0.974025974025974,10.38961038961039,0.0
217,0.6,10.0,0.5,DA-BALS-NoMargin,308,86.36363636363636,3.2467532467532463,10.38961038961039,0.0
217,0.6,10.0,0.5,DA-BALS-FixedMargin,308,81.81818181818183,0.6493506493506493,17.532467532467532,0.0
217,0.6,10.0,0.5,DA-BALS-Adaptive,308,83.76623376623377,1.2987012987012987,14.935064935064934,0.0
217,0.6,10.0,0.5,DA-BALS-Stabilized,308,86.68831168831169,2.922077922077922,10.38961038961039,0.0
217,0.6,10.0,1.0,DA-BALS-NoMargin,308,83.44155844155844,6.1688311688311686,10.38961038961039,0.0
217,0.6,10.0,1.0,DA-BALS-FixedMargin,308,78.8961038961039,3.571428571428571,17.532467532467532,0.0
217,0.6,10.0,1.0,DA-BALS-Adaptive,308,72.40259740259741,3.2467532467532463,24.350649350649352,0.0
217,0.6,10.0,1.0,DA-BALS-Stabilized,308,83.44155844155844,5.51948051948052,11.03896103896104,0.0
217,0.6,50.0,0.0,DA-BALS-NoMargin,308,88.63636363636364,0.974025974025974,10.38961038961039,0.0
217,0.6,50.0,0.0,DA-BALS-FixedMargin,308,82.46753246753246,0.0,17.532467532467532,0.0
217,0.6,50.0,0.0,DA-BALS-Adaptive,308,87.33766233766234,0.3246753246753247,12.337662337662337,0.0
217,0.6,50.0,0.0,DA-BALS-Stabilized,308,88.63636363636364,0.974025974025974,10.38961038961039,0.0
217,0.6,50.0,0.5,DA-BALS-NoMargin,308,86.36363636363636,3.2467532467532463,10.38961038961039,0.0
217,0.6,50.0,0.5,DA-BALS-FixedMargin,308,81.81818181818183,0.6493506493506493,17.532467532467532,0.0
217,0.6,50.0,0.5,DA-BALS-Adaptive,308,83.76623376623377,1.2987012987012987,14.935064935064934,0.0
217,0.6,50.0,0.5,DA-BALS-Stabilized,308,86.68831168831169,2.922077922077922,10.38961038961039,0.0
217,0.6,50.0,1.0,DA-BALS-NoMargin,308,83.44155844155844,6.1688311688311686,10.38961038961039,0.0
217,0.6,50.0,1.0,DA-BALS-FixedMargin,308,78.8961038961039,3.571428571428571,17.532467532467532,0.0
217,0.6,50.0,1.0,DA-BALS-Adaptive,308,72.40259740259741,3.2467532467532463,24.350649350649352,0.0
217,0.6,50.0,1.0,DA-BALS-Stabilized,308,83.44155844155844,5.51948051948052,11.03896103896104,0.0
217,0.8,0.0,0.0,DA-BALS-NoMargin,378,88.35978835978835,1.3227513227513228,10.317460317460316,0.0
217,0.8,0.0,0.0,DA-BALS-FixedMargin,378,82.53968253968253,0.26455026455026454,17.195767195767196,0.0
217,0.8,0.0,0.0,DA-BALS-Adaptive,378,85.18518518518519,0.7936507936507936,14.02116402116402,0.0
217,0.8,0.0,0.0,DA-BALS-Stabilized,378,88.09523809523809,1.3227513227513228,10.582010582010582,0.0
217,0.8,0.0,0.5,DA-BALS-NoMargin,378,85.71428571428571,3.7037037037037033,10.582010582010582,0.0
217,0.8,0.0,0.5,DA-BALS-FixedMargin,378,82.27513227513228,0.5291005291005291,17.195767195767196,0.0
217,0.8,0.0,0.5,DA-BALS-Adaptive,378,83.06878306878306,1.3227513227513228,15.608465608465607,0.0
217,0.8,0.0,0.5,DA-BALS-Stabilized,378,85.44973544973546,3.1746031746031744,11.375661375661375,0.0
217,0.8,0.0,1.0,DA-BALS-NoMargin,378,84.39153439153439,4.761904761904762,10.846560846560847,0.0
217,0.8,0.0,1.0,DA-BALS-FixedMargin,378,80.95238095238095,1.3227513227513228,17.724867724867725,0.0
217,0.8,0.0,1.0,DA-BALS-Adaptive,378,79.36507936507937,1.5873015873015872,19.047619047619047,0.0
217,0.8,0.0,1.0,DA-BALS-Stabilized,378,83.06878306878306,3.439153439153439,13.492063492063492,0.0
217,0.8,10.0,0.0,DA-BALS-NoMargin,378,88.35978835978835,1.3227513227513228,10.317460317460316,0.0
217,0.8,10.0,0.0,DA-BALS-FixedMargin,378,82.53968253968253,0.26455026455026454,17.195767195767196,0.0
217,0.8,10.0,0.0,DA-BALS-Adaptive,378,85.18518518518519,0.7936507936507936,14.02116402116402,0.0
217,0.8,10.0,0.0,DA-BALS-Stabilized,378,88.09523809523809,1.3227513227513228,10.582010582010582,0.0
217,0.8,10.0,0.5,DA-BALS-NoMargin,378,85.71428571428571,3.968253968253968,10.317460317460316,0.0
217,0.8,10.0,0.5,DA-BALS-FixedMargin,378,82.27513227513228,0.5291005291005291,17.195767195767196,0.0
217,0.8,10.0,0.5,DA-BALS-Adaptive,378,83.33333333333334,1.3227513227513228,15.343915343915343,0.0
217,0.8,10.0,0.5,DA-BALS-Stabilized,378,85.44973544973546,3.1746031746031744,11.375661375661375,0.0
217,0.8,10.0,1.0,DA-BALS-NoMargin,378,84.12698412698413,5.291005291005291,10.582010582010582,0.0
217,0.8,10.0,1.0,DA-BALS-FixedMargin,378,80.95238095238095,1.8518518518518516,17.195767195767196,0.0
217,0.8,10.0,1.0,DA-BALS-Adaptive,378,78.57142857142857,1.8518518518518516,19.576719576719576,0.0
217,0.8,10.0,1.0,DA-BALS-Stabilized,378,83.06878306878306,3.7037037037037033,13.227513227513226,0.0
217,0.8,50.0,0.0,DA-BALS-NoMargin,378,88.35978835978835,1.3227513227513228,10.317460317460316,0.0
217,0.8,50.0,0.0,DA-BALS-FixedMargin,378,82.53968253968253,0.26455026455026454,17.195767195767196,0.0
217,0.8,50.0,0.0,DA-BALS-Adaptive,378,85.18518518518519,0.7936507936507936,14.02116402116402,0.0
217,0.8,50.0,0.0,DA-BALS-Stabilized,378,88.09523809523809,1.3227513227513228,10.582010582010582,0.0
217,0.8,50.0,0.5,DA-BALS-NoMargin,378,85.71428571428571,3.968253968253968,10.317460317460316,0.0
217,0.8,50.0,0.5,DA-BALS-FixedMargin,378,82.27513227513228,0.5291005291005291,17.195767195767196,0.0
217,0.8,50.0,0.5,DA-BALS-Adaptive,378,83.33333333333334,1.3227513227513228,15.343915343915343,0.0
217,0.8,50.0,0.5,DA-BALS-Stabilized,378,85.44973544973546,3.1746031746031744,11.375661375661375,0.0
217,0.8,50.0,1.0,DA-BALS-NoMargin,378,84.12698412698413,5.555555555555555,10.317460317460316,0.0
217,0.8,50.0,1.0,DA-BALS-FixedMargin,378,80.95238095238095,1.8518518518518516,17.195767195767196,0.0
217,0.8,50.0,1.0,DA-BALS-Adaptive,378,78.57142857142857,2.1164021164021163,19.31216931216931,0.0
217,0.8,50.0,1.0,DA-BALS-Stabilized,378,83.06878306878306,3.7037037037037033,13.227513227513226,0.0
217,1.0,0.0,0.0,DA-BALS-NoMargin,497,80.48289738430584,0.4024144869215292,19.114688128772634,0.0
217,1.0,0.0,0.0,DA-BALS-FixedMargin,497,77.46478873239437,0.0,22.535211267605636,0.0
217,1.0,0.0,0.0,DA-BALS-Adaptive,497,80.28169014084507,0.2012072434607646,19.517102615694164,0.0
217,1.0,0.0,0.0,DA-BALS-Stabilized,497,80.48289738430584,0.4024144869215292,19.114688128772634,0.0
217,1.0,0.0,0.5,DA-BALS-NoMargin,497,79.47686116700201,1.4084507042253522,19.114688128772634,0.0
217,1.0,0.0,0.5,DA-BALS-FixedMargin,497,77.06237424547284,0.2012072434607646,22.736418511066397,0.0
217,1.0,0.0,0.5,DA-BALS-Adaptive,497,77.8672032193159,0.0,22.132796780684107,0.0
217,1.0,0.0,0.5,DA-BALS-Stabilized,497,79.27565392354124,1.2072434607645874,19.517102615694164,0.0
217,1.0,0.0,1.0,DA-BALS-NoMargin,497,76.05633802816901,4.426559356136821,19.517102615694164,0.0
217,1.0,0.0,1.0,DA-BALS-FixedMargin,497,74.24547283702213,2.8169014084507045,22.937625754527165,0.0
217,1.0,0.0,1.0,DA-BALS-Adaptive,497,69.61770623742454,2.2132796780684103,28.169014084507044,0.0
217,1.0,0.0,1.0,DA-BALS-Stabilized,497,75.85513078470825,4.225352112676056,19.919517102615693,0.0
217,1.0,10.0,0.0,DA-BALS-NoMargin,497,80.48289738430584,0.4024144869215292,19.114688128772634,0.0
217,1.0,10.0,0.0,DA-BALS-FixedMargin,497,77.46478873239437,0.0,22.535211267605636,0.0
217,1.0,10.0,0.0,DA-BALS-Adaptive,497,80.28169014084507,0.2012072434607646,19.517102615694164,0.0
217,1.0,10.0,0.0,DA-BALS-Stabilized,497,80.48289738430584,0.4024144869215292,19.114688128772634,0.0
217,1.0,10.0,0.5,DA-BALS-NoMargin,497,79.47686116700201,1.4084507042253522,19.114688128772634,0.0
217,1.0,10.0,0.5,DA-BALS-FixedMargin,497,77.2635814889336,0.2012072434607646,22.535211267605636,0.0
217,1.0,10.0,0.5,DA-BALS-Adaptive,497,78.06841046277665,0.0,21.93158953722334,0.0
217,1.0,10.0,0.5,DA-BALS-Stabilized,497,79.27565392354124,1.2072434607645874,19.517102615694164,0.0
217,1.0,10.0,1.0,DA-BALS-NoMargin,497,76.05633802816901,4.426559356136821,19.517102615694164,0.0
217,1.0,10.0,1.0,DA-BALS-FixedMargin,497,74.44668008048289,2.8169014084507045,22.736418511066397,0.0
217,1.0,10.0,1.0,DA-BALS-Adaptive,497,69.81891348088531,2.2132796780684103,27.96780684104628,0.0
217,1.0,10.0,1.0,DA-BALS-Stabilized,497,76.45875251509054,3.6217303822937628,19.919517102615693,0.0
217,1.0,50.0,0.0,DA-BALS-NoMargin,497,80.48289738430584,0.4024144869215292,19.114688128772634,0.0
217,1.0,50.0,0.0,DA-BALS-FixedMargin,497,77.46478873239437,0.0,22.535211267605636,0.0
217,1.0,50.0,0.0,DA-BALS-Adaptive,497,80.28169014084507,0.2012072434607646,19.517102615694164,0.0
217,1.0,50.0,0.0,DA-BALS-Stabilized,497,80.48289738430584,0.4024144869215292,19.114688128772634,0.0
217,1.0,50.0,0.5,DA-BALS-NoMargin,497,79.47686116700201,1.4084507042253522,19.114688128772634,0.0
217,1.0,50.0,0.5,DA-BALS-FixedMargin,497,77.2635814889336,0.2012072434607646,22.535211267605636,0.0
217,1.0,50.0,0.5,DA-BALS-Adaptive,497,78.06841046277665,0.0,21.93158953722334,0.0
217,1.0,50.0,0.5,DA-BALS-Stabilized,497,79.27565392354124,1.2072434607645874,19.517102615694164,0.0
217,1.0,50.0,1.0,DA-BALS-NoMargin,497,76.05633802816901,4.82897384305835,19.114688128772634,0.0
217,1.0,50.0,1.0,DA-BALS-FixedMargin,497,74.44668008048289,3.0181086519114686,22.535211267605636,0.0
217,1.0,50.0,1.0,DA-BALS-Adaptive,497,69.81891348088531,2.414486921529175,27.76659959758551,0.0
217,1.0,50.0,1.0,DA-BALS-Stabilized,497,76.45875251509054,4.0241448692152915,19.517102615694164,0.0
217,1.2,0.0,0.0,DA-BALS-NoMargin,576,73.61111111111111,0.6944444444444444,25.694444444444443,0.0
217,1.2,0.0,0.0,DA-BALS-FixedMargin,576,71.00694444444444,0.0,28.993055555555557,0.0
217,1.2,0.0,0.0,DA-BALS-Adaptive,576,72.74305555555556,0.0,27.256944444444443,0.0
217,1.2,0.0,0.0,DA-BALS-Stabilized,576,73.61111111111111,0.1736111111111111,26.21527777777778,0.0
217,1.2,0.0,0.5,DA-BALS-NoMargin,576,72.74305555555556,1.5625,25.694444444444443,0.0
217,1.2,0.0,0.5,DA-BALS-FixedMargin,576,70.65972222222221,0.3472222222222222,28.993055555555557,0.0
217,1.2,0.0,0.5,DA-BALS-Adaptive,576,71.18055555555556,0.5208333333333333,28.29861111111111,0.0
217,1.2,0.0,0.5,DA-BALS-Stabilized,576,72.56944444444444,1.0416666666666665,26.38888888888889,0.0
217,1.2,0.0,1.0,DA-BALS-NoMargin,576,70.83333333333334,3.4722222222222223,25.694444444444443,0.0
217,1.2,0.0,1.0,DA-BALS-FixedMargin,576,68.92361111111111,1.9097222222222223,29.166666666666668,0.0
217,1.2,0.0,1.0,DA-BALS-Adaptive,576,68.05555555555556,1.7361111111111112,30.208333333333332,0.0
217,1.2,0.0,1.0,DA-BALS-Stabilized,576,70.3125,2.604166666666667,27.083333333333332,0.0
217,1.2,10.0,0.0,DA-BALS-NoMargin,576,73.61111111111111,0.6944444444444444,25.694444444444443,0.0
217,1.2,10.0,0.0,DA-BALS-FixedMargin,576,71.00694444444444,0.0,28.993055555555557,0.0
217,1.2,10.0,0.0,DA-BALS-Adaptive,576,72.74305555555556,0.0,27.256944444444443,0.0
217,1.2,10.0,0.0,DA-BALS-Stabilized,576,73.61111111111111,0.1736111111111111,26.21527777777778,0.0
217,1.2,10.0,0.5,DA-BALS-NoMargin,576,72.74305555555556,1.5625,25.694444444444443,0.0
217,1.2,10.0,0.5,DA-BALS-FixedMargin,576,70.65972222222221,0.3472222222222222,28.993055555555557,0.0
217,1.2,10.0,0.5,DA-BALS-Adaptive,576,71.18055555555556,0.5208333333333333,28.29861111111111,0.0
217,1.2,10.0,0.5,DA-BALS-Stabilized,576,72.56944444444444,1.0416666666666665,26.38888888888889,0.0
217,1.2,10.0,1.0,DA-BALS-NoMargin,576,70.83333333333334,3.4722222222222223,25.694444444444443,0.0
217,1.2,10.0,1.0,DA-BALS-FixedMargin,576,68.92361111111111,2.083333333333333,28.993055555555557,0.0
217,1.2,10.0,1.0,DA-BALS-Adaptive,576,68.40277777777779,1.5625,30.03472222222222,0.0
217,1.2,10.0,1.0,DA-BALS-Stabilized,576,70.3125,2.604166666666667,27.083333333333332,0.0
217,1.2,50.0,0.0,DA-BALS-NoMargin,576,73.61111111111111,0.6944444444444444,25.694444444444443,0.0
217,1.2,50.0,0.0,DA-BALS-FixedMargin,576,71.00694444444444,0.0,28.993055555555557,0.0
217,1.2,50.0,0.0,DA-BALS-Adaptive,576,72.74305555555556,0.0,27.256944444444443,0.0
217,1.2,50.0,0.0,DA-BALS-Stabilized,576,73.61111111111111,0.1736111111111111,26.21527777777778,0.0
217,1.2,50.0,0.5,DA-BALS-NoMargin,576,72.74305555555556,1.5625,25.694444444444443,0.0
217,1.2,50.0,0.5,DA-BALS-FixedMargin,576,70.65972222222221,0.3472222222222222,28.993055555555557,0.0
217,1.2,50.0,0.5,DA-BALS-Adaptive,576,71.18055555555556,0.5208333333333333,28.29861111111111,0.0
217,1.2,50.0,0.5,DA-BALS-Stabilized,576,72.56944444444444,1.0416666666666665,26.38888888888889,0.0
217,1.2,50.0,1.0,DA-BALS-NoMargin,576,70.83333333333334,3.4722222222222223,25.694444444444443,0.0
217,1.2,50.0,1.0,DA-BALS-FixedMargin,576,68.92361111111111,2.083333333333333,28.993055555555557,0.0
217,1.2,50.0,1.0,DA-BALS-Adaptive,576,68.40277777777779,1.5625,30.03472222222222,0.0
217,1.2,50.0,1.0,DA-BALS-Stabilized,576,70.3125,2.604166666666667,27.083333333333332,0.0
218,0.2,0.0,0.0,DA-BALS-NoMargin,111,100.0,0.0,0.0,0.0
218,0.2,0.0,0.0,DA-BALS-FixedMargin,111,93.69369369369369,0.0,6.306306306306306,0.0
218,0.2,0.0,0.0,DA-BALS-Adaptive,111,99.09909909909909,0.0,0.9009009009009009,0.0
218,0.2,0.0,0.0,DA-BALS-Stabilized,111,100.0,0.0,0.0,0.0
218,0.2,0.0,0.5,DA-BALS-NoMargin,111,99.09909909909909,0.9009009009009009,0.0,0.0
218,0.2,0.0,0.5,DA-BALS-FixedMargin,111,92.7927927927928,0.9009009009009009,6.306306306306306,0.0
218,0.2,0.0,0.5,DA-BALS-Adaptive,111,92.7927927927928,0.9009009009009009,6.306306306306306,0.0
218,0.2,0.0,0.5,DA-BALS-Stabilized,111,98.1981981981982,0.9009009009009009,0.9009009009009009,0.0
218,0.2,0.0,1.0,DA-BALS-NoMargin,111,95.4954954954955,0.9009009009009009,3.6036036036036037,0.0
218,0.2,0.0,1.0,DA-BALS-FixedMargin,111,90.09009009009009,0.9009009009009009,9.00900900900901,0.0
218,0.2,0.0,1.0,DA-BALS-Adaptive,111,86.48648648648648,0.9009009009009009,12.612612612612612,0.0
218,0.2,0.0,1.0,DA-BALS-Stabilized,111,94.5945945945946,0.9009009009009009,4.504504504504505,0.0
218,0.2,10.0,0.0,DA-BALS-NoMargin,111,100.0,0.0,0.0,0.0
218,0.2,10.0,0.0,DA-BALS-FixedMargin,111,93.69369369369369,0.0,6.306306306306306,0.0
218,0.2,10.0,0.0,DA-BALS-Adaptive,111,99.09909909909909,0.0,0.9009009009009009,0.0
218,0.2,10.0,0.0,DA-BALS-Stabilized,111,100.0,0.0,0.0,0.0
218,0.2,10.0,0.5,DA-BALS-NoMargin,111,99.09909909909909,0.9009009009009009,0.0,0.0
218,0.2,10.0,0.5,DA-BALS-FixedMargin,111,92.7927927927928,0.9009009009009009,6.306306306306306,0.0
218,0.2,10.0,0.5,DA-BALS-Adaptive,111,90.990990990991,0.9009009009009009,8.108108108108109,0.0
218,0.2,10.0,0.5,DA-BALS-Stabilized,111,98.1981981981982,0.9009009009009009,0.9009009009009009,0.0
218,0.2,10.0,1.0,DA-BALS-NoMargin,111,95.4954954954955,0.9009009009009009,3.6036036036036037,0.0
218,0.2,10.0,1.0,DA-BALS-FixedMargin,111,90.09009009009009,0.9009009009009009,9.00900900900901,0.0
218,0.2,10.0,1.0,DA-BALS-Adaptive,111,86.48648648648648,0.9009009009009009,12.612612612612612,0.0
218,0.2,10.0,1.0,DA-BALS-Stabilized,111,94.5945945945946,0.9009009009009009,4.504504504504505,0.0
218,0.2,50.0,0.0,DA-BALS-NoMargin,111,100.0,0.0,0.0,0.0
218,0.2,50.0,0.0,DA-BALS-FixedMargin,111,93.69369369369369,0.0,6.306306306306306,0.0
218,0.2,50.0,0.0,DA-BALS-Adaptive,111,99.09909909909909,0.0,0.9009009009009009,0.0
218,0.2,50.0,0.0,DA-BALS-Stabilized,111,100.0,0.0,0.0,0.0
218,0.2,50.0,0.5,DA-BALS-NoMargin,111,99.09909909909909,0.9009009009009009,0.0,0.0
218,0.2,50.0,0.5,DA-BALS-FixedMargin,111,92.7927927927928,0.9009009009009009,6.306306306306306,0.0
218,0.2,50.0,0.5,DA-BALS-Adaptive,111,90.990990990991,0.9009009009009009,8.108108108108109,0.0
218,0.2,50.0,0.5,DA-BALS-Stabilized,111,98.1981981981982,0.9009009009009009,0.9009009009009009,0.0
218,0.2,50.0,1.0,DA-BALS-NoMargin,111,95.4954954954955,3.6036036036036037,0.9009009009009009,0.0
218,0.2,50.0,1.0,DA-BALS-FixedMargin,111,90.09009009009009,2.7027027027027026,7.207207207207207,0.0
218,0.2,50.0,1.0,DA-BALS-Adaptive,111,77.47747747747748,2.7027027027027026,19.81981981981982,0.0
218,0.2,50.0,1.0,DA-BALS-Stabilized,111,94.5945945945946,3.6036036036036037,1.8018018018018018,0.0
218,0.4,0.0,0.0,DA-BALS-NoMargin,194,94.3298969072165,0.0,5.670103092783505,0.0
218,0.4,0.0,0.0,DA-BALS-FixedMargin,194,90.20618556701031,0.0,9.793814432989691,0.0
218,0.4,0.0,0.0,DA-BALS-Adaptive,194,92.26804123711341,0.0,7.731958762886598,0.0
218,0.4,0.0,0.0,DA-BALS-Stabilized,194,93.81443298969072,0.0,6.185567010309279,0.0
218,0.4,0.0,0.5,DA-BALS-NoMargin,194,92.78350515463917,1.5463917525773196,5.670103092783505,0.0
218,0.4,0.0,0.5,DA-BALS-FixedMargin,194,90.20618556701031,0.0,9.793814432989691,0.0
218,0.4,0.0,0.5,DA-BALS-Adaptive,194,91.75257731958763,0.0,8.24742268041237,0.0
218,0.4,0.0,0.5,DA-BALS-Stabilized,194,92.26804123711341,1.5463917525773196,6.185567010309279,0.0
218,0.4,0.0,1.0,DA-BALS-NoMargin,194,90.20618556701031,3.608247422680412,6.185567010309279,0.0
218,0.4,0.0,1.0,DA-BALS-FixedMargin,194,87.62886597938144,2.0618556701030926,10.309278350515463,0.0
218,0.4,0.0,1.0,DA-BALS-Adaptive,194,85.56701030927834,2.0618556701030926,12.371134020618557,0.0
218,0.4,0.0,1.0,DA-BALS-Stabilized,194,89.69072164948454,3.0927835051546393,7.216494845360824,0.0
218,0.4,10.0,0.0,DA-BALS-NoMargin,194,94.3298969072165,0.0,5.670103092783505,0.0
218,0.4,10.0,0.0,DA-BALS-FixedMargin,194,90.20618556701031,0.0,9.793814432989691,0.0
218,0.4,10.0,0.0,DA-BALS-Adaptive,194,92.26804123711341,0.0,7.731958762886598,0.0
218,0.4,10.0,0.0,DA-BALS-Stabilized,194,93.81443298969072,0.0,6.185567010309279,0.0
218,0.4,10.0,0.5,DA-BALS-NoMargin,194,92.78350515463917,1.5463917525773196,5.670103092783505,0.0
218,0.4,10.0,0.5,DA-BALS-FixedMargin,194,90.20618556701031,0.0,9.793814432989691,0.0
218,0.4,10.0,0.5,DA-BALS-Adaptive,194,91.75257731958763,0.0,8.24742268041237,0.0
218,0.4,10.0,0.5,DA-BALS-Stabilized,194,92.26804123711341,1.5463917525773196,6.185567010309279,0.0
218,0.4,10.0,1.0,DA-BALS-NoMargin,194,90.20618556701031,4.123711340206185,5.670103092783505,0.0
218,0.4,10.0,1.0,DA-BALS-FixedMargin,194,88.14432989690721,2.0618556701030926,9.793814432989691,0.0
218,0.4,10.0,1.0,DA-BALS-Adaptive,194,85.56701030927834,2.0618556701030926,12.371134020618557,0.0
218,0.4,10.0,1.0,DA-BALS-Stabilized,194,89.69072164948454,3.608247422680412,6.701030927835052,0.0
218,0.4,50.0,0.0,DA-BALS-NoMargin,194,94.3298969072165,0.0,5.670103092783505,0.0
218,0.4,50.0,0.0,DA-BALS-FixedMargin,194,90.20618556701031,0.0,9.793814432989691,0.0
218,0.4,50.0,0.0,DA-BALS-Adaptive,194,92.26804123711341,0.0,7.731958762886598,0.0
218,0.4,50.0,0.0,DA-BALS-Stabilized,194,93.81443298969072,0.0,6.185567010309279,0.0
218,0.4,50.0,0.5,DA-BALS-NoMargin,194,92.78350515463917,1.5463917525773196,5.670103092783505,0.0
218,0.4,50.0,0.5,DA-BALS-FixedMargin,194,90.20618556701031,0.0,9.793814432989691,0.0
218,0.4,50.0,0.5,DA-BALS-Adaptive,194,91.75257731958763,0.0,8.24742268041237,0.0
218,0.4,50.0,0.5,DA-BALS-Stabilized,194,92.26804123711341,1.5463917525773196,6.185567010309279,0.0
218,0.4,50.0,1.0,DA-BALS-NoMargin,194,90.20618556701031,4.123711340206185,5.670103092783505,0.0
218,0.4,50.0,1.0,DA-BALS-FixedMargin,194,88.14432989690721,2.0618556701030926,9.793814432989691,0.0
218,0.4,50.0,1.0,DA-BALS-Adaptive,194,85.56701030927834,2.0618556701030926,12.371134020618557,0.0
218,0.4,50.0,1.0,DA-BALS-Stabilized,194,89.69072164948454,3.608247422680412,6.701030927835052,0.0
218,0.6,0.0,0.0,DA-BALS-NoMargin,298,90.93959731543623,0.6711409395973155,8.389261744966444,0.0
218,0.6,0.0,0.0,DA-BALS-FixedMargin,298,87.24832214765101,0.0,12.751677852348994,0.0
218,0.6,0.0,0.0,DA-BALS-Adaptive,298,89.26174496644296,0.0,10.738255033557047,0.0
218,0.6,0.0,0.0,DA-BALS-Stabilized,298,90.93959731543623,0.6711409395973155,8.389261744966444,0.0
218,0.6,0.0,0.5,DA-BALS-NoMargin,298,89.59731543624162,2.013422818791946,8.389261744966444,0.0
218,0.6,0.0,0.5,DA-BALS-FixedMargin,298,86.57718120805369,0.6711409395973155,12.751677852348994,0.0
218,0.6,0.0,0.5,DA-BALS-Adaptive,298,87.24832214765101,1.006711409395973,11.74496644295302,0.0
218,0.6,0.0,0.5,DA-BALS-Stabilized,298,89.26174496644296,1.6778523489932886,9.060402684563758,0.0
218,0.6,0.0,1.0,DA-BALS-NoMargin,298,87.91946308724832,3.3557046979865772,8.724832214765101,0.0
218,0.6,0.0,1.0,DA-BALS-FixedMargin,298,84.56375838926175,1.342281879194631,14.093959731543624,0.0
218,0.6,0.0,1.0,DA-BALS-Adaptive,298,82.88590604026845,1.342281879194631,15.771812080536913,0.0
218,0.6,0.0,1.0,DA-BALS-Stabilized,298,87.24832214765101,2.684563758389262,10.06711409395973,0.0
218,0.6,10.0,0.0,DA-BALS-NoMargin,298,90.93959731543623,0.6711409395973155,8.389261744966444,0.0
218,0.6,10.0,0.0,DA-BALS-FixedMargin,298,87.24832214765101,0.0,12.751677852348994,0.0
218,0.6,10.0,0.0,DA-BALS-Adaptive,298,89.26174496644296,0.0,10.738255033557047,0.0
218,0.6,10.0,0.0,DA-BALS-Stabilized,298,90.93959731543623,0.6711409395973155,8.389261744966444,0.0
218,0.6,10.0,0.5,DA-BALS-NoMargin,298,89.59731543624162,2.013422818791946,8.389261744966444,0.0
218,0.6,10.0,0.5,DA-BALS-FixedMargin,298,86.57718120805369,0.6711409395973155,12.751677852348994,0.0
218,0.6,10.0,0.5,DA-BALS-Adaptive,298,87.58389261744966,1.006711409395973,11.409395973154362,0.0
218,0.6,10.0,0.5,DA-BALS-Stabilized,298,89.26174496644296,1.6778523489932886,9.060402684563758,0.0
218,0.6,10.0,1.0,DA-BALS-NoMargin,298,88.25503355704699,3.3557046979865772,8.389261744966444,0.0
218,0.6,10.0,1.0,DA-BALS-FixedMargin,298,85.23489932885906,2.013422818791946,12.751677852348994,0.0
218,0.6,10.0,1.0,DA-BALS-Adaptive,298,81.54362416107382,2.013422818791946,16.44295302013423,0.0
218,0.6,10.0,1.0,DA-BALS-Stabilized,298,87.58389261744966,2.684563758389262,9.731543624161073,0.0
218,0.6,50.0,0.0,DA-BALS-NoMargin,298,90.93959731543623,0.6711409395973155,8.389261744966444,0.0
218,0.6,50.0,0.0,DA-BALS-FixedMargin,298,87.24832214765101,0.0,12.751677852348994,0.0
218,0.6,50.0,0.0,DA-BALS-Adaptive,298,89.26174496644296,0.0,10.738255033557047,0.0
218,0.6,50.0,0.0,DA-BALS-Stabilized,298,90.93959731543623,0.6711409395973155,8.389261744966444,0.0
218,0.6,50.0,0.5,DA-BALS-NoMargin,298,89.59731543624162,2.013422818791946,8.389261744966444,0.0
218,0.6,50.0,0.5,DA-BALS-FixedMargin,298,86.57718120805369,0.6711409395973155,12.751677852348994,0.0
218,0.6,50.0,0.5,DA-BALS-Adaptive,298,87.58389261744966,1.006711409395973,11.409395973154362,0.0
218,0.6,50.0,0.5,DA-BALS-Stabilized,298,89.26174496644296,1.6778523489932886,9.060402684563758,0.0
218,0.6,50.0,1.0,DA-BALS-NoMargin,298,88.25503355704699,3.3557046979865772,8.389261744966444,0.0
218,0.6,50.0,1.0,DA-BALS-FixedMargin,298,85.23489932885906,2.013422818791946,12.751677852348994,0.0
218,0.6,50.0,1.0,DA-BALS-Adaptive,298,81.54362416107382,2.013422818791946,16.44295302013423,0.0
218,0.6,50.0,1.0,DA-BALS-Stabilized,298,87.58389261744966,2.684563758389262,9.731543624161073,0.0
218,0.8,0.0,0.0,DA-BALS-NoMargin,405,86.41975308641975,0.49382716049382713,13.086419753086421,0.0
218,0.8,0.0,0.0,DA-BALS-FixedMargin,405,83.20987654320989,0.0,16.790123456790123,0.0
218,0.8,0.0,0.0,DA-BALS-Adaptive,405,85.18518518518519,0.0,14.814814814814813,0.0
218,0.8,0.0,0.0,DA-BALS-Stabilized,405,86.17283950617283,0.24691358024691357,13.580246913580247,0.0
218,0.8,0.0,0.5,DA-BALS-NoMargin,405,84.93827160493828,1.9753086419753085,13.086419753086421,0.0
218,0.8,0.0,0.5,DA-BALS-FixedMargin,405,82.71604938271605,0.49382716049382713,16.790123456790123,0.0
218,0.8,0.0,0.5,DA-BALS-Adaptive,405,83.7037037037037,0.49382716049382713,15.802469135802468,0.0
218,0.8,0.0,0.5,DA-BALS-Stabilized,405,84.93827160493828,1.2345679012345678,13.82716049382716,0.0
218,0.8,0.0,1.0,DA-BALS-NoMargin,405,83.4567901234568,3.45679012345679,13.086419753086421,0.0
218,0.8,0.0,1.0,DA-BALS-FixedMargin,405,81.23456790123457,1.9753086419753085,16.790123456790123,0.0
218,0.8,0.0,1.0,DA-BALS-Adaptive,405,81.72839506172839,1.4814814814814816,16.790123456790123,0.0
218,0.8,0.0,1.0,DA-BALS-Stabilized,405,83.4567901234568,2.4691358024691357,14.074074074074074,0.0
218,0.8,10.0,0.0,DA-BALS-NoMargin,405,86.41975308641975,0.49382716049382713,13.086419753086421,0.0
218,0.8,10.0,0.0,DA-BALS-FixedMargin,405,83.20987654320989,0.0,16.790123456790123,0.0
218,0.8,10.0,0.0,DA-BALS-Adaptive,405,85.18518518518519,0.0,14.814814814814813,0.0
218,0.8,10.0,0.0,DA-BALS-Stabilized,405,86.17283950617283,0.24691358024691357,13.580246913580247,0.0
218,0.8,10.0,0.5,DA-BALS-NoMargin,405,84.93827160493828,1.9753086419753085,13.086419753086421,0.0
218,0.8,10.0,0.5,DA-BALS-FixedMargin,405,82.71604938271605,0.49382716049382713,16.790123456790123,0.0
218,0.8,10.0,0.5,DA-BALS-Adaptive,405,83.7037037037037,0.49382716049382713,15.802469135802468,0.0
218,0.8,10.0,0.5,DA-BALS-Stabilized,405,84.93827160493828,1.2345679012345678,13.82716049382716,0.0
218,0.8,10.0,1.0,DA-BALS-NoMargin,405,83.4567901234568,3.45679012345679,13.086419753086421,0.0
218,0.8,10.0,1.0,DA-BALS-FixedMargin,405,81.23456790123457,1.9753086419753085,16.790123456790123,0.0
218,0.8,10.0,1.0,DA-BALS-Adaptive,405,81.72839506172839,1.4814814814814816,16.790123456790123,0.0
218,0.8,10.0,1.0,DA-BALS-Stabilized,405,83.4567901234568,2.4691358024691357,14.074074074074074,0.0
218,0.8,50.0,0.0,DA-BALS-NoMargin,405,86.41975308641975,0.49382716049382713,13.086419753086421,0.0
218,0.8,50.0,0.0,DA-BALS-FixedMargin,405,83.20987654320989,0.0,16.790123456790123,0.0
218,0.8,50.0,0.0,DA-BALS-Adaptive,405,85.18518518518519,0.0,14.814814814814813,0.0
218,0.8,50.0,0.0,DA-BALS-Stabilized,405,86.17283950617283,0.24691358024691357,13.580246913580247,0.0
218,0.8,50.0,0.5,DA-BALS-NoMargin,405,84.93827160493828,1.9753086419753085,13.086419753086421,0.0
218,0.8,50.0,0.5,DA-BALS-FixedMargin,405,82.71604938271605,0.49382716049382713,16.790123456790123,0.0
218,0.8,50.0,0.5,DA-BALS-Adaptive,405,83.7037037037037,0.49382716049382713,15.802469135802468,0.0
218,0.8,50.0,0.5,DA-BALS-Stabilized,405,84.93827160493828,1.2345679012345678,13.82716049382716,0.0
218,0.8,50.0,1.0,DA-BALS-NoMargin,405,83.4567901234568,3.45679012345679,13.086419753086421,0.0
218,0.8,50.0,1.0,DA-BALS-FixedMargin,405,81.23456790123457,1.9753086419753085,16.790123456790123,0.0
218,0.8,50.0,1.0,DA-BALS-Adaptive,405,81.72839506172839,1.4814814814814816,16.790123456790123,0.0
218,0.8,50.0,1.0,DA-BALS-Stabilized,405,83.4567901234568,2.4691358024691357,14.074074074074074,0.0
218,1.0,0.0,0.0,DA-BALS-NoMargin,507,77.12031558185404,1.3806706114398422,21.499013806706113,0.0
218,1.0,0.0,0.0,DA-BALS-FixedMargin,507,73.76725838264299,0.19723865877712032,26.035502958579883,0.0
218,1.0,0.0,0.0,DA-BALS-Adaptive,507,77.51479289940828,0.39447731755424065,22.090729783037474,0.0
218,1.0,0.0,0.0,DA-BALS-Stabilized,507,77.51479289940828,0.9861932938856016,21.499013806706113,0.0
218,1.0,0.0,0.5,DA-BALS-NoMargin,507,75.93688362919131,2.564102564102564,21.499013806706113,0.0
218,1.0,0.0,0.5,DA-BALS-FixedMargin,507,73.57001972386587,0.39447731755424065,26.035502958579883,0.0
218,1.0,0.0,0.5,DA-BALS-Adaptive,507,74.95069033530572,1.7751479289940828,23.274161735700197,0.0
218,1.0,0.0,0.5,DA-BALS-Stabilized,507,75.7396449704142,2.366863905325444,21.893491124260358,0.0
218,1.0,0.0,1.0,DA-BALS-NoMargin,507,73.57001972386587,4.536489151873767,21.893491124260358,0.0
218,1.0,0.0,1.0,DA-BALS-FixedMargin,507,71.99211045364892,1.183431952662722,26.82445759368836,0.0
218,1.0,0.0,1.0,DA-BALS-Adaptive,507,71.00591715976331,1.3806706114398422,27.613412228796847,0.0
218,1.0,0.0,1.0,DA-BALS-Stabilized,507,73.76725838264299,3.5502958579881656,22.682445759368836,0.0
218,1.0,10.0,0.0,DA-BALS-NoMargin,507,77.12031558185404,1.3806706114398422,21.499013806706113,0.0
218,1.0,10.0,0.0,DA-BALS-FixedMargin,507,73.76725838264299,0.19723865877712032,26.035502958579883,0.0
218,1.0,10.0,0.0,DA-BALS-Adaptive,507,77.51479289940828,0.39447731755424065,22.090729783037474,0.0
218,1.0,10.0,0.0,DA-BALS-Stabilized,507,77.51479289940828,0.9861932938856016,21.499013806706113,0.0
218,1.0,10.0,0.5,DA-BALS-NoMargin,507,75.93688362919131,2.564102564102564,21.499013806706113,0.0
218,1.0,10.0,0.5,DA-BALS-FixedMargin,507,73.57001972386587,0.39447731755424065,26.035502958579883,0.0
218,1.0,10.0,0.5,DA-BALS-Adaptive,507,74.95069033530572,1.7751479289940828,23.274161735700197,0.0
218,1.0,10.0,0.5,DA-BALS-Stabilized,507,75.7396449704142,2.366863905325444,21.893491124260358,0.0
218,1.0,10.0,1.0,DA-BALS-NoMargin,507,73.57001972386587,4.733727810650888,21.696252465483234,0.0
218,1.0,10.0,1.0,DA-BALS-FixedMargin,507,71.99211045364892,1.7751479289940828,26.232741617357004,0.0
218,1.0,10.0,1.0,DA-BALS-Adaptive,507,71.00591715976331,1.9723865877712032,27.021696252465482,0.0
218,1.0,10.0,1.0,DA-BALS-Stabilized,507,73.76725838264299,3.9447731755424065,22.287968441814595,0.0
218,1.0,50.0,0.0,DA-BALS-NoMargin,507,77.12031558185404,1.3806706114398422,21.499013806706113,0.0
218,1.0,50.0,0.0,DA-BALS-FixedMargin,507,73.76725838264299,0.19723865877712032,26.035502958579883,0.0
218,1.0,50.0,0.0,DA-BALS-Adaptive,507,77.51479289940828,0.39447731755424065,22.090729783037474,0.0
218,1.0,50.0,0.0,DA-BALS-Stabilized,507,77.51479289940828,0.9861932938856016,21.499013806706113,0.0
218,1.0,50.0,0.5,DA-BALS-NoMargin,507,75.93688362919131,2.564102564102564,21.499013806706113,0.0
218,1.0,50.0,0.5,DA-BALS-FixedMargin,507,73.57001972386587,0.39447731755424065,26.035502958579883,0.0
218,1.0,50.0,0.5,DA-BALS-Adaptive,507,74.95069033530572,1.7751479289940828,23.274161735700197,0.0
218,1.0,50.0,0.5,DA-BALS-Stabilized,507,75.7396449704142,2.366863905325444,21.893491124260358,0.0
218,1.0,50.0,1.0,DA-BALS-NoMargin,507,73.57001972386587,4.930966469428008,21.499013806706113,0.0
218,1.0,50.0,1.0,DA-BALS-FixedMargin,507,71.99211045364892,1.9723865877712032,26.035502958579883,0.0
218,1.0,50.0,1.0,DA-BALS-Adaptive,507,70.80867850098619,2.366863905325444,26.82445759368836,0.0
218,1.0,50.0,1.0,DA-BALS-Stabilized,507,73.76725838264299,3.9447731755424065,22.287968441814595,0.0
218,1.2,0.0,0.0,DA-BALS-NoMargin,618,73.46278317152104,1.132686084142395,25.40453074433657,0.0
218,1.2,0.0,0.0,DA-BALS-FixedMargin,618,71.84466019417476,0.0,28.155339805825243,0.0
218,1.2,0.0,0.0,DA-BALS-Adaptive,618,72.65372168284789,0.6472491909385114,26.699029126213592,0.0
218,1.2,0.0,0.0,DA-BALS-Stabilized,618,73.7864077669903,0.8090614886731391,25.40453074433657,0.0
218,1.2,0.0,0.5,DA-BALS-NoMargin,618,72.168284789644,2.4271844660194173,25.40453074433657,0.0
218,1.2,0.0,0.5,DA-BALS-FixedMargin,618,71.84466019417476,0.0,28.155339805825243,0.0
218,1.2,0.0,0.5,DA-BALS-Adaptive,618,71.68284789644012,1.132686084142395,27.184466019417474,0.0
218,1.2,0.0,0.5,DA-BALS-Stabilized,618,72.33009708737865,1.6181229773462782,26.051779935275082,0.0
218,1.2,0.0,1.0,DA-BALS-NoMargin,618,71.03559870550163,3.3980582524271843,25.5663430420712,0.0
218,1.2,0.0,1.0,DA-BALS-FixedMargin,618,70.55016181229773,1.132686084142395,28.317152103559874,0.0
218,1.2,0.0,1.0,DA-BALS-Adaptive,618,67.96116504854369,1.9417475728155338,30.097087378640776,0.0
218,1.2,0.0,1.0,DA-BALS-Stabilized,618,71.19741100323624,2.750809061488673,26.051779935275082,0.0
218,1.2,10.0,0.0,DA-BALS-NoMargin,618,73.46278317152104,1.132686084142395,25.40453074433657,0.0
218,1.2,10.0,0.0,DA-BALS-FixedMargin,618,71.84466019417476,0.0,28.155339805825243,0.0
218,1.2,10.0,0.0,DA-BALS-Adaptive,618,72.65372168284789,0.6472491909385114,26.699029126213592,0.0
218,1.2,10.0,0.0,DA-BALS-Stabilized,618,73.7864077669903,0.8090614886731391,25.40453074433657,0.0
218,1.2,10.0,0.5,DA-BALS-NoMargin,618,72.168284789644,2.4271844660194173,25.40453074433657,0.0
218,1.2,10.0,0.5,DA-BALS-FixedMargin,618,71.84466019417476,0.0,28.155339805825243,0.0
218,1.2,10.0,0.5,DA-BALS-Adaptive,618,71.19741100323624,1.132686084142395,27.669902912621357,0.0
218,1.2,10.0,0.5,DA-BALS-Stabilized,618,72.33009708737865,1.6181229773462782,26.051779935275082,0.0
218,1.2,10.0,1.0,DA-BALS-NoMargin,618,71.03559870550163,3.559870550161812,25.40453074433657,0.0
218,1.2,10.0,1.0,DA-BALS-FixedMargin,618,70.22653721682848,1.6181229773462782,28.155339805825243,0.0
218,1.2,10.0,1.0,DA-BALS-Adaptive,618,68.28478964401295,1.9417475728155338,29.773462783171524,0.0
218,1.2,10.0,1.0,DA-BALS-Stabilized,618,71.03559870550163,2.912621359223301,26.051779935275082,0.0
218,1.2,50.0,0.0,DA-BALS-NoMargin,618,73.46278317152104,1.132686084142395,25.40453074433657,0.0
218,1.2,50.0,0.0,DA-BALS-FixedMargin,618,71.84466019417476,0.0,28.155339805825243,0.0
218,1.2,50.0,0.0,DA-BALS-Adaptive,618,72.65372168284789,0.6472491909385114,26.699029126213592,0.0
218,1.2,50.0,0.0,DA-BALS-Stabilized,618,73.7864077669903,0.8090614886731391,25.40453074433657,0.0
218,1.2,50.0,0.5,DA-BALS-NoMargin,618,72.168284789644,2.4271844660194173,25.40453074433657,0.0
218,1.2,50.0,0.5,DA-BALS-FixedMargin,618,71.84466019417476,0.0,28.155339805825243,0.0
218,1.2,50.0,0.5,DA-BALS-Adaptive,618,71.19741100323624,1.132686084142395,27.669902912621357,0.0
218,1.2,50.0,0.5,DA-BALS-Stabilized,618,72.33009708737865,1.6181229773462782,26.051779935275082,0.0
218,1.2,50.0,1.0,DA-BALS-NoMargin,618,71.03559870550163,3.559870550161812,25.40453074433657,0.0
218,1.2,50.0,1.0,DA-BALS-FixedMargin,618,70.22653721682848,1.6181229773462782,28.155339805825243,0.0
218,1.2,50.0,1.0,DA-BALS-Adaptive,618,68.28478964401295,1.9417475728155338,29.773462783171524,0.0
218,1.2,50.0,1.0,DA-BALS-Stabilized,618,71.03559870550163,2.912621359223301,26.051779935275082,0.0
219,0.2,0.0,0.0,DA-BALS-NoMargin,101,94.05940594059405,2.9702970297029703,2.9702970297029703,0.0
219,0.2,0.0,0.0,DA-BALS-FixedMargin,101,88.11881188118812,0.0,11.881188118811881,0.0
219,0.2,0.0,0.0,DA-BALS-Adaptive,101,92.07920792079209,1.9801980198019802,5.9405940594059405,0.0
219,0.2,0.0,0.0,DA-BALS-Stabilized,101,94.05940594059405,2.9702970297029703,2.9702970297029703,0.0
219,0.2,0.0,0.5,DA-BALS-NoMargin,101,93.06930693069307,3.9603960396039604,2.9702970297029703,0.0
219,0.2,0.0,0.5,DA-BALS-FixedMargin,101,87.12871287128714,0.9900990099009901,11.881188118811881,0.0
219,0.2,0.0,0.5,DA-BALS-Adaptive,101,92.07920792079209,1.9801980198019802,5.9405940594059405,0.0
219,0.2,0.0,0.5,DA-BALS-Stabilized,101,93.06930693069307,3.9603960396039604,2.9702970297029703,0.0
219,0.2,0.0,1.0,DA-BALS-NoMargin,101,91.0891089108911,5.9405940594059405,2.9702970297029703,0.0
219,0.2,0.0,1.0,DA-BALS-FixedMargin,101,86.13861386138613,1.9801980198019802,11.881188118811881,0.0
219,0.2,0.0,1.0,DA-BALS-Adaptive,101,86.13861386138613,2.9702970297029703,10.891089108910892,0.0
219,0.2,0.0,1.0,DA-BALS-Stabilized,101,91.0891089108911,5.9405940594059405,2.9702970297029703,0.0
219,0.2,10.0,0.0,DA-BALS-NoMargin,101,94.05940594059405,2.9702970297029703,2.9702970297029703,0.0
219,0.2,10.0,0.0,DA-BALS-FixedMargin,101,88.11881188118812,0.0,11.881188118811881,0.0
219,0.2,10.0,0.0,DA-BALS-Adaptive,101,92.07920792079209,1.9801980198019802,5.9405940594059405,0.0
219,0.2,10.0,0.0,DA-BALS-Stabilized,101,94.05940594059405,2.9702970297029703,2.9702970297029703,0.0
219,0.2,10.0,0.5,DA-BALS-NoMargin,101,93.06930693069307,3.9603960396039604,2.9702970297029703,0.0
219,0.2,10.0,0.5,DA-BALS-FixedMargin,101,87.12871287128714,0.9900990099009901,11.881188118811881,0.0
219,0.2,10.0,0.5,DA-BALS-Adaptive,101,92.07920792079209,1.9801980198019802,5.9405940594059405,0.0
219,0.2,10.0,0.5,DA-BALS-Stabilized,101,93.06930693069307,3.9603960396039604,2.9702970297029703,0.0
219,0.2,10.0,1.0,DA-BALS-NoMargin,101,91.0891089108911,5.9405940594059405,2.9702970297029703,0.0
219,0.2,10.0,1.0,DA-BALS-FixedMargin,101,86.13861386138613,1.9801980198019802,11.881188118811881,0.0
219,0.2,10.0,1.0,DA-BALS-Adaptive,101,86.13861386138613,2.9702970297029703,10.891089108910892,0.0
219,0.2,10.0,1.0,DA-BALS-Stabilized,101,91.0891089108911,5.9405940594059405,2.9702970297029703,0.0
219,0.2,50.0,0.0,DA-BALS-NoMargin,101,94.05940594059405,2.9702970297029703,2.9702970297029703,0.0
219,0.2,50.0,0.0,DA-BALS-FixedMargin,101,88.11881188118812,0.0,11.881188118811881,0.0
219,0.2,50.0,0.0,DA-BALS-Adaptive,101,92.07920792079209,1.9801980198019802,5.9405940594059405,0.0
219,0.2,50.0,0.0,DA-BALS-Stabilized,101,94.05940594059405,2.9702970297029703,2.9702970297029703,0.0
219,0.2,50.0,0.5,DA-BALS-NoMargin,101,93.06930693069307,3.9603960396039604,2.9702970297029703,0.0
219,0.2,50.0,0.5,DA-BALS-FixedMargin,101,87.12871287128714,0.9900990099009901,11.881188118811881,0.0
219,0.2,50.0,0.5,DA-BALS-Adaptive,101,92.07920792079209,1.9801980198019802,5.9405940594059405,0.0
219,0.2,50.0,0.5,DA-BALS-Stabilized,101,93.06930693069307,3.9603960396039604,2.9702970297029703,0.0
219,0.2,50.0,1.0,DA-BALS-NoMargin,101,91.0891089108911,5.9405940594059405,2.9702970297029703,0.0
219,0.2,50.0,1.0,DA-BALS-FixedMargin,101,86.13861386138613,1.9801980198019802,11.881188118811881,0.0
219,0.2,50.0,1.0,DA-BALS-Adaptive,101,86.13861386138613,2.9702970297029703,10.891089108910892,0.0
219,0.2,50.0,1.0,DA-BALS-Stabilized,101,91.0891089108911,5.9405940594059405,2.9702970297029703,0.0
219,0.4,0.0,0.0,DA-BALS-NoMargin,196,93.36734693877551,0.0,6.63265306122449,0.0
219,0.4,0.0,0.0,DA-BALS-FixedMargin,196,87.75510204081633,0.0,12.244897959183673,0.0
219,0.4,0.0,0.0,DA-BALS-Adaptive,196,91.83673469387756,0.0,8.16326530612245,0.0
219,0.4,0.0,0.0,DA-BALS-Stabilized,196,93.36734693877551,0.0,6.63265306122449,0.0
219,0.4,0.0,0.5,DA-BALS-NoMargin,196,91.83673469387756,1.530612244897959,6.63265306122449,0.0
219,0.4,0.0,0.5,DA-BALS-FixedMargin,196,87.75510204081633,0.0,12.244897959183673,0.0
219,0.4,0.0,0.5,DA-BALS-Adaptive,196,88.77551020408163,0.5102040816326531,10.714285714285714,0.0
219,0.4,0.0,0.5,DA-BALS-Stabilized,196,92.3469387755102,1.0204081632653061,6.63265306122449,0.0
219,0.4,0.0,1.0,DA-BALS-NoMargin,196,89.79591836734694,3.571428571428571,6.63265306122449,0.0
219,0.4,0.0,1.0,DA-BALS-FixedMargin,196,85.71428571428571,2.0408163265306123,12.244897959183673,0.0
219,0.4,0.0,1.0,DA-BALS-Adaptive,196,82.14285714285714,2.5510204081632653,15.306122448979592,0.0
219,0.4,0.0,1.0,DA-BALS-Stabilized,196,90.3061224489796,3.061224489795918,6.63265306122449,0.0
219,0.4,10.0,0.0,DA-BALS-NoMargin,196,93.36734693877551,0.0,6.63265306122449,0.0
219,0.4,10.0,0.0,DA-BALS-FixedMargin,196,87.75510204081633,0.0,12.244897959183673,0.0
219,0.4,10.0,0.0,DA-BALS-Adaptive,196,91.83673469387756,0.0,8.16326530612245,0.0
219,0.4,10.0,0.0,DA-BALS-Stabilized,196,93.36734693877551,0.0,6.63265306122449,0.0
219,0.4,10.0,0.5,DA-BALS-NoMargin,196,91.83673469387756,1.530612244897959,6.63265306122449,0.0
219,0.4,10.0,0.5,DA-BALS-FixedMargin,196,87.75510204081633,0.0,12.244897959183673,0.0
219,0.4,10.0,0.5,DA-BALS-Adaptive,196,88.77551020408163,0.5102040816326531,10.714285714285714,0.0
219,0.4,10.0,0.5,DA-BALS-Stabilized,196,92.3469387755102,1.0204081632653061,6.63265306122449,0.0
219,0.4,10.0,1.0,DA-BALS-NoMargin,196,89.79591836734694,3.571428571428571,6.63265306122449,0.0
219,0.4,10.0,1.0,DA-BALS-FixedMargin,196,85.71428571428571,2.0408163265306123,12.244897959183673,0.0
219,0.4,10.0,1.0,DA-BALS-Adaptive,196,82.14285714285714,2.5510204081632653,15.306122448979592,0.0
219,0.4,10.0,1.0,DA-BALS-Stabilized,196,90.3061224489796,3.061224489795918,6.63265306122449,0.0
219,0.4,50.0,0.0,DA-BALS-NoMargin,196,93.36734693877551,0.0,6.63265306122449,0.0
219,0.4,50.0,0.0,DA-BALS-FixedMargin,196,87.75510204081633,0.0,12.244897959183673,0.0
219,0.4,50.0,0.0,DA-BALS-Adaptive,196,91.83673469387756,0.0,8.16326530612245,0.0
219,0.4,50.0,0.0,DA-BALS-Stabilized,196,93.36734693877551,0.0,6.63265306122449,0.0
219,0.4,50.0,0.5,DA-BALS-NoMargin,196,91.83673469387756,1.530612244897959,6.63265306122449,0.0
219,0.4,50.0,0.5,DA-BALS-FixedMargin,196,87.75510204081633,0.0,12.244897959183673,0.0
219,0.4,50.0,0.5,DA-BALS-Adaptive,196,88.77551020408163,0.5102040816326531,10.714285714285714,0.0
219,0.4,50.0,0.5,DA-BALS-Stabilized,196,92.3469387755102,1.0204081632653061,6.63265306122449,0.0
219,0.4,50.0,1.0,DA-BALS-NoMargin,196,89.79591836734694,3.571428571428571,6.63265306122449,0.0
219,0.4,50.0,1.0,DA-BALS-FixedMargin,196,85.71428571428571,2.0408163265306123,12.244897959183673,0.0
219,0.4,50.0,1.0,DA-BALS-Adaptive,196,82.14285714285714,2.5510204081632653,15.306122448979592,0.0
219,0.4,50.0,1.0,DA-BALS-Stabilized,196,90.3061224489796,3.061224489795918,6.63265306122449,0.0
219,0.6,0.0,0.0,DA-BALS-NoMargin,285,90.52631578947368,0.3508771929824561,9.12280701754386,0.0
219,0.6,0.0,0.0,DA-BALS-FixedMargin,285,86.66666666666667,0.0,13.333333333333334,0.0
219,0.6,0.0,0.0,DA-BALS-Adaptive,285,88.7719298245614,0.3508771929824561,10.87719298245614,0.0
219,0.6,0.0,0.0,DA-BALS-Stabilized,285,90.52631578947368,0.3508771929824561,9.12280701754386,0.0
219,0.6,0.0,0.5,DA-BALS-NoMargin,285,89.82456140350877,1.0526315789473684,9.12280701754386,0.0
219,0.6,0.0,0.5,DA-BALS-FixedMargin,285,86.66666666666667,0.0,13.333333333333334,0.0
219,0.6,0.0,0.5,DA-BALS-Adaptive,285,88.7719298245614,0.3508771929824561,10.87719298245614,0.0
219,0.6,0.0,0.5,DA-BALS-Stabilized,285,89.47368421052632,1.0526315789473684,9.473684210526317,0.0
219,0.6,0.0,1.0,DA-BALS-NoMargin,285,88.42105263157895,2.456140350877193,9.12280701754386,0.0
219,0.6,0.0,1.0,DA-BALS-FixedMargin,285,86.31578947368422,0.3508771929824561,13.333333333333334,0.0
219,0.6,0.0,1.0,DA-BALS-Adaptive,285,85.26315789473684,1.0526315789473684,13.684210526315791,0.0
219,0.6,0.0,1.0,DA-BALS-Stabilized,285,88.0701754385965,1.7543859649122806,10.175438596491228,0.0
219,0.6,10.0,0.0,DA-BALS-NoMargin,285,90.52631578947368,0.3508771929824561,9.12280701754386,0.0
219,0.6,10.0,0.0,DA-BALS-FixedMargin,285,86.66666666666667,0.0,13.333333333333334,0.0
219,0.6,10.0,0.0,DA-BALS-Adaptive,285,88.7719298245614,0.3508771929824561,10.87719298245614,0.0
219,0.6,10.0,0.0,DA-BALS-Stabilized,285,90.52631578947368,0.3508771929824561,9.12280701754386,0.0
219,0.6,10.0,0.5,DA-BALS-NoMargin,285,89.82456140350877,1.0526315789473684,9.12280701754386,0.0
219,0.6,10.0,0.5,DA-BALS-FixedMargin,285,86.66666666666667,0.0,13.333333333333334,0.0
219,0.6,10.0,0.5,DA-BALS-Adaptive,285,88.7719298245614,0.3508771929824561,10.87719298245614,0.0
219,0.6,10.0,0.5,DA-BALS-Stabilized,285,89.47368421052632,1.0526315789473684,9.473684210526317,0.0
219,0.6,10.0,1.0,DA-BALS-NoMargin,285,88.42105263157895,2.456140350877193,9.12280701754386,0.0
219,0.6,10.0,1.0,DA-BALS-FixedMargin,285,86.31578947368422,0.3508771929824561,13.333333333333334,0.0
219,0.6,10.0,1.0,DA-BALS-Adaptive,285,85.26315789473684,1.0526315789473684,13.684210526315791,0.0
219,0.6,10.0,1.0,DA-BALS-Stabilized,285,88.0701754385965,1.7543859649122806,10.175438596491228,0.0
219,0.6,50.0,0.0,DA-BALS-NoMargin,285,90.52631578947368,0.3508771929824561,9.12280701754386,0.0
219,0.6,50.0,0.0,DA-BALS-FixedMargin,285,86.66666666666667,0.0,13.333333333333334,0.0
219,0.6,50.0,0.0,DA-BALS-Adaptive,285,88.7719298245614,0.3508771929824561,10.87719298245614,0.0
219,0.6,50.0,0.0,DA-BALS-Stabilized,285,90.52631578947368,0.3508771929824561,9.12280701754386,0.0
219,0.6,50.0,0.5,DA-BALS-NoMargin,285,89.82456140350877,1.0526315789473684,9.12280701754386,0.0
219,0.6,50.0,0.5,DA-BALS-FixedMargin,285,86.66666666666667,0.0,13.333333333333334,0.0
219,0.6,50.0,0.5,DA-BALS-Adaptive,285,88.7719298245614,0.3508771929824561,10.87719298245614,0.0
219,0.6,50.0,0.5,DA-BALS-Stabilized,285,89.47368421052632,1.0526315789473684,9.473684210526317,0.0
219,0.6,50.0,1.0,DA-BALS-NoMargin,285,88.42105263157895,2.456140350877193,9.12280701754386,0.0
219,0.6,50.0,1.0,DA-BALS-FixedMargin,285,86.31578947368422,0.3508771929824561,13.333333333333334,0.0
219,0.6,50.0,1.0,DA-BALS-Adaptive,285,85.26315789473684,1.0526315789473684,13.684210526315791,0.0
219,0.6,50.0,1.0,DA-BALS-Stabilized,285,88.0701754385965,1.7543859649122806,10.175438596491228,0.0
219,0.8,0.0,0.0,DA-BALS-NoMargin,409,84.3520782396088,0.7334963325183375,14.91442542787286,0.0
219,0.8,0.0,0.0,DA-BALS-FixedMargin,409,81.66259168704157,0.0,18.337408312958438,0.0
219,0.8,0.0,0.0,DA-BALS-Adaptive,409,83.61858190709046,0.4889975550122249,15.892420537897312,0.0
219,0.8,0.0,0.0,DA-BALS-Stabilized,409,84.3520782396088,0.7334963325183375,14.91442542787286,0.0
219,0.8,0.0,0.5,DA-BALS-NoMargin,409,83.37408312958435,1.7114914425427872,14.91442542787286,0.0
219,0.8,0.0,0.5,DA-BALS-FixedMargin,409,80.68459657701712,0.7334963325183375,18.581907090464547,0.0
219,0.8,0.0,0.5,DA-BALS-Adaptive,409,79.95110024449878,0.7334963325183375,19.315403422982886,0.0
219,0.8,0.0,0.5,DA-BALS-Stabilized,409,82.64058679706602,1.7114914425427872,15.647921760391197,0.0
219,0.8,0.0,1.0,DA-BALS-NoMargin,409,81.90709046454768,2.444987775061125,15.647921760391197,0.0
219,0.8,0.0,1.0,DA-BALS-FixedMargin,409,79.21760391198043,1.9559902200488997,18.82640586797066,0.0
219,0.8,0.0,1.0,DA-BALS-Adaptive,409,76.03911980440098,1.9559902200488997,22.00488997555012,0.0
219,0.8,0.0,1.0,DA-BALS-Stabilized,409,81.17359413202934,2.2004889975550124,16.625916870415647,0.0
219,0.8,10.0,0.0,DA-BALS-NoMargin,409,84.3520782396088,0.7334963325183375,14.91442542787286,0.0
219,0.8,10.0,0.0,DA-BALS-FixedMargin,409,81.66259168704157,0.0,18.337408312958438,0.0
219,0.8,10.0,0.0,DA-BALS-Adaptive,409,83.61858190709046,0.4889975550122249,15.892420537897312,0.0
219,0.8,10.0,0.0,DA-BALS-Stabilized,409,84.3520782396088,0.7334963325183375,14.91442542787286,0.0
219,0.8,10.0,0.5,DA-BALS-NoMargin,409,83.37408312958435,1.7114914425427872,14.91442542787286,0.0
219,0.8,10.0,0.5,DA-BALS-FixedMargin,409,80.68459657701712,0.9779951100244498,18.337408312958438,0.0
219,0.8,10.0,0.5,DA-BALS-Adaptive,409,80.92909535452323,0.9779951100244498,18.09290953545232,0.0
219,0.8,10.0,0.5,DA-BALS-Stabilized,409,82.64058679706602,1.7114914425427872,15.647921760391197,0.0
219,0.8,10.0,1.0,DA-BALS-NoMargin,409,81.90709046454768,3.1784841075794623,14.91442542787286,0.0
219,0.8,10.0,1.0,DA-BALS-FixedMargin,409,79.21760391198043,2.2004889975550124,18.581907090464547,0.0
219,0.8,10.0,1.0,DA-BALS-Adaptive,409,75.30562347188264,2.2004889975550124,22.493887530562347,0.0
219,0.8,10.0,1.0,DA-BALS-Stabilized,409,80.92909535452323,2.93398533007335,16.13691931540342,0.0
219,0.8,50.0,0.0,DA-BALS-NoMargin,409,84.3520782396088,0.7334963325183375,14.91442542787286,0.0
219,0.8,50.0,0.0,DA-BALS-FixedMargin,409,81.66259168704157,0.0,18.337408312958438,0.0
219,0.8,50.0,0.0,DA-BALS-Adaptive,409,83.61858190709046,0.4889975550122249,15.892420537897312,0.0
219,0.8,50.0,0.0,DA-BALS-Stabilized,409,84.3520782396088,0.7334963325183375,14.91442542787286,0.0
219,0.8,50.0,0.5,DA-BALS-NoMargin,409,83.37408312958435,1.7114914425427872,14.91442542787286,0.0
219,0.8,50.0,0.5,DA-BALS-FixedMargin,409,80.68459657701712,0.9779951100244498,18.337408312958438,0.0
219,0.8,50.0,0.5,DA-BALS-Adaptive,409,80.92909535452323,0.9779951100244498,18.09290953545232,0.0
219,0.8,50.0,0.5,DA-BALS-Stabilized,409,82.64058679706602,1.7114914425427872,15.647921760391197,0.0
219,0.8,50.0,1.0,DA-BALS-NoMargin,409,81.90709046454768,3.1784841075794623,14.91442542787286,0.0
219,0.8,50.0,1.0,DA-BALS-FixedMargin,409,79.21760391198043,2.444987775061125,18.337408312958438,0.0
219,0.8,50.0,1.0,DA-BALS-Adaptive,409,75.30562347188264,2.444987775061125,22.249388753056234,0.0
219,0.8,50.0,1.0,DA-BALS-Stabilized,409,80.92909535452323,2.93398533007335,16.13691931540342,0.0
219,1.0,0.0,0.0,DA-BALS-NoMargin,479,79.33194154488518,1.0438413361169103,19.624217118997915,0.0
219,1.0,0.0,0.0,DA-BALS-FixedMargin,479,74.53027139874739,0.41753653444676403,25.052192066805844,0.0
219,1.0,0.0,0.0,DA-BALS-Adaptive,479,77.45302713987473,1.0438413361169103,21.50313152400835,0.0
219,1.0,0.0,0.0,DA-BALS-Stabilized,479,79.33194154488518,1.0438413361169103,19.624217118997915,0.0
219,1.0,0.0,0.5,DA-BALS-NoMargin,479,77.8705636743215,2.2964509394572024,19.832985386221296,0.0
219,1.0,0.0,0.5,DA-BALS-FixedMargin,479,74.11273486430062,0.6263048016701461,25.260960334029225,0.0
219,1.0,0.0,0.5,DA-BALS-Adaptive,479,76.20041753653445,1.6701461377870561,22.129436325678498,0.0
219,1.0,0.0,0.5,DA-BALS-Stabilized,479,77.66179540709813,2.2964509394572024,20.041753653444676,0.0
219,1.0,0.0,1.0,DA-BALS-NoMargin,479,76.40918580375782,3.7578288100208765,19.832985386221296,0.0
219,1.0,0.0,1.0,DA-BALS-FixedMargin,479,73.69519832985387,1.0438413361169103,25.260960334029225,0.0
219,1.0,0.0,1.0,DA-BALS-Adaptive,479,68.05845511482255,2.0876826722338206,29.853862212943632,0.0
219,1.0,0.0,1.0,DA-BALS-Stabilized,479,76.20041753653445,3.1315240083507305,20.668058455114824,0.0
219,1.0,10.0,0.0,DA-BALS-NoMargin,479,79.33194154488518,1.0438413361169103,19.624217118997915,0.0
219,1.0,10.0,0.0,DA-BALS-FixedMargin,479,74.53027139874739,0.41753653444676403,25.052192066805844,0.0
219,1.0,10.0,0.0,DA-BALS-Adaptive,479,77.45302713987473,1.0438413361169103,21.50313152400835,0.0
219,1.0,10.0,0.0,DA-BALS-Stabilized,479,79.33194154488518,1.0438413361169103,19.624217118997915,0.0
219,1.0,10.0,0.5,DA-BALS-NoMargin,479,77.8705636743215,2.5052192066805845,19.624217118997915,0.0
219,1.0,10.0,0.5,DA-BALS-FixedMargin,479,74.11273486430062,0.8350730688935281,25.052192066805844,0.0
219,1.0,10.0,0.5,DA-BALS-Adaptive,479,75.78288100208769,1.8789144050104383,22.338204592901878,0.0
219,1.0,10.0,0.5,DA-BALS-Stabilized,479,77.66179540709813,2.5052192066805845,19.832985386221296,0.0
219,1.0,10.0,1.0,DA-BALS-NoMargin,479,76.40918580375782,3.966597077244259,19.624217118997915,0.0
219,1.0,10.0,1.0,DA-BALS-FixedMargin,479,73.69519832985387,1.0438413361169103,25.260960334029225,0.0
219,1.0,10.0,1.0,DA-BALS-Adaptive,479,68.4759916492693,1.8789144050104383,29.64509394572025,0.0
219,1.0,10.0,1.0,DA-BALS-Stabilized,479,76.82672233820459,2.2964509394572024,20.876826722338205,0.0
219,1.0,50.0,0.0,DA-BALS-NoMargin,479,79.33194154488518,1.0438413361169103,19.624217118997915,0.0
219,1.0,50.0,0.0,DA-BALS-FixedMargin,479,74.53027139874739,0.41753653444676403,25.052192066805844,0.0
219,1.0,50.0,0.0,DA-BALS-Adaptive,479,77.45302713987473,1.0438413361169103,21.50313152400835,0.0
219,1.0,50.0,0.0,DA-BALS-Stabilized,479,79.33194154488518,1.0438413361169103,19.624217118997915,0.0
219,1.0,50.0,0.5,DA-BALS-NoMargin,479,77.8705636743215,2.5052192066805845,19.624217118997915,0.0
219,1.0,50.0,0.5,DA-BALS-FixedMargin,479,74.11273486430062,0.8350730688935281,25.052192066805844,0.0
219,1.0,50.0,0.5,DA-BALS-Adaptive,479,75.78288100208769,1.8789144050104383,22.338204592901878,0.0
219,1.0,50.0,0.5,DA-BALS-Stabilized,479,77.66179540709813,2.5052192066805845,19.832985386221296,0.0
219,1.0,50.0,1.0,DA-BALS-NoMargin,479,76.40918580375782,3.966597077244259,19.624217118997915,0.0
219,1.0,50.0,1.0,DA-BALS-FixedMargin,479,73.69519832985387,1.2526096033402923,25.052192066805844,0.0
219,1.0,50.0,1.0,DA-BALS-Adaptive,479,68.6847599164927,1.8789144050104383,29.436325678496868,0.0
219,1.0,50.0,1.0,DA-BALS-Stabilized,479,76.61795407098121,2.2964509394572024,21.08559498956159,0.0
219,1.2,0.0,0.0,DA-BALS-NoMargin,600,71.16666666666667,1.1666666666666667,27.666666666666668,0.0
219,1.2,0.0,0.0,DA-BALS-FixedMargin,600,69.0,0.16666666666666669,30.833333333333336,0.0
219,1.2,0.0,0.0,DA-BALS-Adaptive,600,70.83333333333334,0.33333333333333337,28.833333333333332,0.0
219,1.2,0.0,0.0,DA-BALS-Stabilized,600,71.33333333333334,0.6666666666666667,28.000000000000004,0.0
219,1.2,0.0,0.5,DA-BALS-NoMargin,600,69.0,3.3333333333333335,27.666666666666668,0.0
219,1.2,0.0,0.5,DA-BALS-FixedMargin,600,68.16666666666666,1.0,30.833333333333336,0.0
219,1.2,0.0,0.5,DA-BALS-Adaptive,600,69.16666666666667,1.1666666666666667,29.666666666666668,0.0
219,1.2,0.0,0.5,DA-BALS-Stabilized,600,69.33333333333334,2.166666666666667,28.499999999999996,0.0
219,1.2,0.0,1.0,DA-BALS-NoMargin,600,67.16666666666666,5.166666666666667,27.666666666666668,0.0
219,1.2,0.0,1.0,DA-BALS-FixedMargin,600,66.5,2.666666666666667,30.833333333333336,0.0
219,1.2,0.0,1.0,DA-BALS-Adaptive,600,63.83333333333333,2.3333333333333335,33.83333333333333,0.0
219,1.2,0.0,1.0,DA-BALS-Stabilized,600,67.33333333333333,3.833333333333333,28.833333333333332,0.0
219,1.2,10.0,0.0,DA-BALS-NoMargin,600,71.16666666666667,1.3333333333333335,27.500000000000004,0.0
219,1.2,10.0,0.0,DA-BALS-FixedMargin,600,69.16666666666667,0.16666666666666669,30.666666666666664,0.0
219,1.2,10.0,0.0,DA-BALS-Adaptive,600,70.83333333333334,0.33333333333333337,28.833333333333332,0.0
219,1.2,10.0,0.0,DA-BALS-Stabilized,600,71.33333333333334,0.8333333333333334,27.833333333333332,0.0
219,1.2,10.0,0.5,DA-BALS-NoMargin,600,69.0,3.5000000000000004,27.500000000000004,0.0
219,1.2,10.0,0.5,DA-BALS-FixedMargin,600,68.16666666666666,1.1666666666666667,30.666666666666664,0.0
219,1.2,10.0,0.5,DA-BALS-Adaptive,600,69.16666666666667,1.1666666666666667,29.666666666666668,0.0
219,1.2,10.0,0.5,DA-BALS-Stabilized,600,69.5,2.166666666666667,28.333333333333332,0.0
219,1.2,10.0,1.0,DA-BALS-NoMargin,600,67.0,5.5,27.500000000000004,0.0
219,1.2,10.0,1.0,DA-BALS-FixedMargin,600,66.33333333333333,3.0,30.666666666666664,0.0
219,1.2,10.0,1.0,DA-BALS-Adaptive,600,63.83333333333333,2.3333333333333335,33.83333333333333,0.0
219,1.2,10.0,1.0,DA-BALS-Stabilized,600,67.16666666666666,4.333333333333334,28.499999999999996,0.0
219,1.2,50.0,0.0,DA-BALS-NoMargin,600,71.16666666666667,1.3333333333333335,27.500000000000004,0.0
219,1.2,50.0,0.0,DA-BALS-FixedMargin,600,69.16666666666667,0.16666666666666669,30.666666666666664,0.0
219,1.2,50.0,0.0,DA-BALS-Adaptive,600,70.83333333333334,0.33333333333333337,28.833333333333332,0.0
219,1.2,50.0,0.0,DA-BALS-Stabilized,600,71.33333333333334,0.8333333333333334,27.833333333333332,0.0
219,1.2,50.0,0.5,DA-BALS-NoMargin,600,69.0,3.5000000000000004,27.500000000000004,0.0
219,1.2,50.0,0.5,DA-BALS-FixedMargin,600,68.16666666666666,1.1666666666666667,30.666666666666664,0.0
219,1.2,50.0,0.5,DA-BALS-Adaptive,600,69.16666666666667,1.1666666666666667,29.666666666666668,0.0
219,1.2,50.0,0.5,DA-BALS-Stabilized,600,69.5,2.166666666666667,28.333333333333332,0.0
219,1.2,50.0,1.0,DA-BALS-NoMargin,600,67.0,5.5,27.500000000000004,0.0
219,1.2,50.0,1.0,DA-BALS-FixedMargin,600,66.33333333333333,3.0,30.666666666666664,0.0
219,1.2,50.0,1.0,DA-BALS-Adaptive,600,63.83333333333333,2.3333333333333335,33.83333333333333,0.0
219,1.2,50.0,1.0,DA-BALS-Stabilized,600,67.16666666666666,4.333333333333334,28.499999999999996,0.0
220,0.2,0.0,0.0,DA-BALS-NoMargin,107,100.0,0.0,0.0,0.0
220,0.2,0.0,0.0,DA-BALS-FixedMargin,107,96.26168224299066,0.0,3.7383177570093453,0.0
220,0.2,0.0,0.0,DA-BALS-Adaptive,107,100.0,0.0,0.0,0.0
220,0.2,0.0,0.0,DA-BALS-Stabilized,107,100.0,0.0,0.0,0.0
220,0.2,0.0,0.5,DA-BALS-NoMargin,107,100.0,0.0,0.0,0.0
220,0.2,0.0,0.5,DA-BALS-FixedMargin,107,96.26168224299066,0.0,3.7383177570093453,0.0
220,0.2,0.0,0.5,DA-BALS-Adaptive,107,96.26168224299066,0.0,3.7383177570093453,0.0
220,0.2,0.0,0.5,DA-BALS-Stabilized,107,100.0,0.0,0.0,0.0
220,0.2,0.0,1.0,DA-BALS-NoMargin,107,98.13084112149532,0.9345794392523363,0.9345794392523363,0.0
220,0.2,0.0,1.0,DA-BALS-FixedMargin,107,94.39252336448598,0.9345794392523363,4.672897196261682,0.0
220,0.2,0.0,1.0,DA-BALS-Adaptive,107,80.37383177570094,0.9345794392523363,18.69158878504673,0.0
220,0.2,0.0,1.0,DA-BALS-Stabilized,107,98.13084112149532,0.9345794392523363,0.9345794392523363,0.0
220,0.2,10.0,0.0,DA-BALS-NoMargin,107,100.0,0.0,0.0,0.0
220,0.2,10.0,0.0,DA-BALS-FixedMargin,107,96.26168224299066,0.0,3.7383177570093453,0.0
220,0.2,10.0,0.0,DA-BALS-Adaptive,107,100.0,0.0,0.0,0.0
220,0.2,10.0,0.0,DA-BALS-Stabilized,107,100.0,0.0,0.0,0.0
220,0.2,10.0,0.5,DA-BALS-NoMargin,107,100.0,0.0,0.0,0.0
220,0.2,10.0,0.5,DA-BALS-FixedMargin,107,96.26168224299066,0.0,3.7383177570093453,0.0
220,0.2,10.0,0.5,DA-BALS-Adaptive,107,96.26168224299066,0.0,3.7383177570093453,0.0
220,0.2,10.0,0.5,DA-BALS-Stabilized,107,100.0,0.0,0.0,0.0
220,0.2,10.0,1.0,DA-BALS-NoMargin,107,97.19626168224299,2.803738317757009,0.0,0.0
220,0.2,10.0,1.0,DA-BALS-FixedMargin,107,93.45794392523365,2.803738317757009,3.7383177570093453,0.0
220,0.2,10.0,1.0,DA-BALS-Adaptive,107,79.43925233644859,1.8691588785046727,18.69158878504673,0.0
220,0.2,10.0,1.0,DA-BALS-Stabilized,107,97.19626168224299,2.803738317757009,0.0,0.0
220,0.2,50.0,0.0,DA-BALS-NoMargin,107,100.0,0.0,0.0,0.0
220,0.2,50.0,0.0,DA-BALS-FixedMargin,107,96.26168224299066,0.0,3.7383177570093453,0.0
220,0.2,50.0,0.0,DA-BALS-Adaptive,107,100.0,0.0,0.0,0.0
220,0.2,50.0,0.0,DA-BALS-Stabilized,107,100.0,0.0,0.0,0.0
220,0.2,50.0,0.5,DA-BALS-NoMargin,107,100.0,0.0,0.0,0.0
220,0.2,50.0,0.5,DA-BALS-FixedMargin,107,96.26168224299066,0.0,3.7383177570093453,0.0
220,0.2,50.0,0.5,DA-BALS-Adaptive,107,96.26168224299066,0.0,3.7383177570093453,0.0
220,0.2,50.0,0.5,DA-BALS-Stabilized,107,100.0,0.0,0.0,0.0
220,0.2,50.0,1.0,DA-BALS-NoMargin,107,97.19626168224299,2.803738317757009,0.0,0.0
220,0.2,50.0,1.0,DA-BALS-FixedMargin,107,93.45794392523365,2.803738317757009,3.7383177570093453,0.0
220,0.2,50.0,1.0,DA-BALS-Adaptive,107,75.70093457943925,1.8691588785046727,22.429906542056074,0.0
220,0.2,50.0,1.0,DA-BALS-Stabilized,107,97.19626168224299,2.803738317757009,0.0,0.0
220,0.4,0.0,0.0,DA-BALS-NoMargin,209,91.86602870813397,0.0,8.133971291866029,0.0
220,0.4,0.0,0.0,DA-BALS-FixedMargin,209,85.16746411483254,0.0,14.832535885167463,0.0
220,0.4,0.0,0.0,DA-BALS-Adaptive,209,91.38755980861244,0.0,8.61244019138756,0.0
220,0.4,0.0,0.0,DA-BALS-Stabilized,209,91.86602870813397,0.0,8.133971291866029,0.0
220,0.4,0.0,0.5,DA-BALS-NoMargin,209,90.43062200956938,1.4354066985645932,8.133971291866029,0.0
220,0.4,0.0,0.5,DA-BALS-FixedMargin,209,85.16746411483254,0.0,14.832535885167463,0.0
220,0.4,0.0,0.5,DA-BALS-Adaptive,209,88.99521531100478,0.4784688995215311,10.526315789473683,0.0
220,0.4,0.0,0.5,DA-BALS-Stabilized,209,90.43062200956938,1.4354066985645932,8.133971291866029,0.0
220,0.4,0.0,1.0,DA-BALS-NoMargin,209,88.99521531100478,2.8708133971291865,8.133971291866029,0.0
220,0.4,0.0,1.0,DA-BALS-FixedMargin,209,83.73205741626795,1.4354066985645932,14.832535885167463,0.0
220,0.4,0.0,1.0,DA-BALS-Adaptive,209,85.64593301435407,1.4354066985645932,12.918660287081341,0.0
220,0.4,0.0,1.0,DA-BALS-Stabilized,209,88.51674641148325,2.8708133971291865,8.61244019138756,0.0
220,0.4,10.0,0.0,DA-BALS-NoMargin,209,91.86602870813397,0.0,8.133971291866029,0.0
220,0.4,10.0,0.0,DA-BALS-FixedMargin,209,85.16746411483254,0.0,14.832535885167463,0.0
220,0.4,10.0,0.0,DA-BALS-Adaptive,209,91.38755980861244,0.0,8.61244019138756,0.0
220,0.4,10.0,0.0,DA-BALS-Stabilized,209,91.86602870813397,0.0,8.133971291866029,0.0
220,0.4,10.0,0.5,DA-BALS-NoMargin,209,90.43062200956938,1.4354066985645932,8.133971291866029,0.0
220,0.4,10.0,0.5,DA-BALS-FixedMargin,209,85.16746411483254,0.0,14.832535885167463,0.0
220,0.4,10.0,0.5,DA-BALS-Adaptive,209,88.99521531100478,0.4784688995215311,10.526315789473683,0.0
220,0.4,10.0,0.5,DA-BALS-Stabilized,209,90.43062200956938,1.4354066985645932,8.133971291866029,0.0
220,0.4,10.0,1.0,DA-BALS-NoMargin,209,88.99521531100478,2.8708133971291865,8.133971291866029,0.0
220,0.4,10.0,1.0,DA-BALS-FixedMargin,209,83.73205741626795,1.4354066985645932,14.832535885167463,0.0
220,0.4,10.0,1.0,DA-BALS-Adaptive,209,85.16746411483254,1.4354066985645932,13.397129186602871,0.0
220,0.4,10.0,1.0,DA-BALS-Stabilized,209,88.51674641148325,2.8708133971291865,8.61244019138756,0.0
220,0.4,50.0,0.0,DA-BALS-NoMargin,209,91.86602870813397,0.0,8.133971291866029,0.0
220,0.4,50.0,0.0,DA-BALS-FixedMargin,209,85.16746411483254,0.0,14.832535885167463,0.0
220,0.4,50.0,0.0,DA-BALS-Adaptive,209,91.38755980861244,0.0,8.61244019138756,0.0
220,0.4,50.0,0.0,DA-BALS-Stabilized,209,91.86602870813397,0.0,8.133971291866029,0.0
220,0.4,50.0,0.5,DA-BALS-NoMargin,209,90.43062200956938,1.4354066985645932,8.133971291866029,0.0
220,0.4,50.0,0.5,DA-BALS-FixedMargin,209,85.16746411483254,0.0,14.832535885167463,0.0
220,0.4,50.0,0.5,DA-BALS-Adaptive,209,88.99521531100478,0.4784688995215311,10.526315789473683,0.0
220,0.4,50.0,0.5,DA-BALS-Stabilized,209,90.43062200956938,1.4354066985645932,8.133971291866029,0.0
220,0.4,50.0,1.0,DA-BALS-NoMargin,209,88.99521531100478,2.8708133971291865,8.133971291866029,0.0
220,0.4,50.0,1.0,DA-BALS-FixedMargin,209,83.73205741626795,1.4354066985645932,14.832535885167463,0.0
220,0.4,50.0,1.0,DA-BALS-Adaptive,209,85.16746411483254,1.4354066985645932,13.397129186602871,0.0
220,0.4,50.0,1.0,DA-BALS-Stabilized,209,88.51674641148325,2.8708133971291865,8.61244019138756,0.0
220,0.6,0.0,0.0,DA-BALS-NoMargin,312,88.78205128205127,0.9615384615384616,10.256410256410255,0.0
220,0.6,0.0,0.0,DA-BALS-FixedMargin,312,82.6923076923077,0.0,17.307692307692307,0.0
220,0.6,0.0,0.0,DA-BALS-Adaptive,312,87.17948717948718,0.641025641025641,12.179487179487179,0.0
220,0.6,0.0,0.0,DA-BALS-Stabilized,312,88.46153846153845,0.9615384615384616,10.576923076923077,0.0
220,0.6,0.0,0.5,DA-BALS-NoMargin,312,87.82051282051282,1.9230769230769231,10.256410256410255,0.0
220,0.6,0.0,0.5,DA-BALS-FixedMargin,312,82.05128205128204,0.641025641025641,17.307692307692307,0.0
220,0.6,0.0,0.5,DA-BALS-Adaptive,312,86.21794871794873,0.9615384615384616,12.82051282051282,0.0
220,0.6,0.0,0.5,DA-BALS-Stabilized,312,87.5,1.9230769230769231,10.576923076923077,0.0
220,0.6,0.0,1.0,DA-BALS-NoMargin,312,84.93589743589743,4.166666666666666,10.897435897435898,0.0
220,0.6,0.0,1.0,DA-BALS-FixedMargin,312,79.8076923076923,2.564102564102564,17.628205128205128,0.0
220,0.6,0.0,1.0,DA-BALS-Adaptive,312,82.05128205128204,2.564102564102564,15.384615384615385,0.0
220,0.6,0.0,1.0,DA-BALS-Stabilized,312,84.2948717948718,3.8461538461538463,11.858974358974358,0.0
220,0.6,10.0,0.0,DA-BALS-NoMargin,312,88.78205128205127,0.9615384615384616,10.256410256410255,0.0
220,0.6,10.0,0.0,DA-BALS-FixedMargin,312,82.6923076923077,0.0,17.307692307692307,0.0
220,0.6,10.0,0.0,DA-BALS-Adaptive,312,87.17948717948718,0.641025641025641,12.179487179487179,0.0
220,0.6,10.0,0.0,DA-BALS-Stabilized,312,88.46153846153845,0.9615384615384616,10.576923076923077,0.0
220,0.6,10.0,0.5,DA-BALS-NoMargin,312,87.82051282051282,1.9230769230769231,10.256410256410255,0.0
220,0.6,10.0,0.5,DA-BALS-FixedMargin,312,82.05128205128204,0.641025641025641,17.307692307692307,0.0
220,0.6,10.0,0.5,DA-BALS-Adaptive,312,86.21794871794873,0.9615384615384616,12.82051282051282,0.0
220,0.6,10.0,0.5,DA-BALS-Stabilized,312,87.5,1.9230769230769231,10.576923076923077,0.0
220,0.6,10.0,1.0,DA-BALS-NoMargin,312,84.93589743589743,4.807692307692308,10.256410256410255,0.0
220,0.6,10.0,1.0,DA-BALS-FixedMargin,312,79.8076923076923,2.8846153846153846,17.307692307692307,0.0
220,0.6,10.0,1.0,DA-BALS-Adaptive,312,82.05128205128204,2.8846153846153846,15.064102564102564,0.0
220,0.6,10.0,1.0,DA-BALS-Stabilized,312,83.97435897435898,4.487179487179487,11.538461538461538,0.0
220,0.6,50.0,0.0,DA-BALS-NoMargin,312,88.78205128205127,0.9615384615384616,10.256410256410255,0.0
220,0.6,50.0,0.0,DA-BALS-FixedMargin,312,82.6923076923077,0.0,17.307692307692307,0.0
220,0.6,50.0,0.0,DA-BALS-Adaptive,312,87.17948717948718,0.641025641025641,12.179487179487179,0.0
220,0.6,50.0,0.0,DA-BALS-Stabilized,312,88.46153846153845,0.9615384615384616,10.576923076923077,0.0
220,0.6,50.0,0.5,DA-BALS-NoMargin,312,87.82051282051282,1.9230769230769231,10.256410256410255,0.0
220,0.6,50.0,0.5,DA-BALS-FixedMargin,312,82.05128205128204,0.641025641025641,17.307692307692307,0.0
220,0.6,50.0,0.5,DA-BALS-Adaptive,312,86.21794871794873,0.9615384615384616,12.82051282051282,0.0
220,0.6,50.0,0.5,DA-BALS-Stabilized,312,87.5,1.9230769230769231,10.576923076923077,0.0
220,0.6,50.0,1.0,DA-BALS-NoMargin,312,84.93589743589743,4.807692307692308,10.256410256410255,0.0
220,0.6,50.0,1.0,DA-BALS-FixedMargin,312,79.8076923076923,2.8846153846153846,17.307692307692307,0.0
220,0.6,50.0,1.0,DA-BALS-Adaptive,312,82.05128205128204,2.8846153846153846,15.064102564102564,0.0
220,0.6,50.0,1.0,DA-BALS-Stabilized,312,83.97435897435898,4.487179487179487,11.538461538461538,0.0
220,0.8,0.0,0.0,DA-BALS-NoMargin,368,87.5,0.8152173913043478,11.684782608695652,0.0
220,0.8,0.0,0.0,DA-BALS-FixedMargin,368,82.33695652173914,0.0,17.66304347826087,0.0
220,0.8,0.0,0.0,DA-BALS-Adaptive,368,86.1413043478261,0.5434782608695652,13.31521739130435,0.0
220,0.8,0.0,0.0,DA-BALS-Stabilized,368,87.5,0.8152173913043478,11.684782608695652,0.0
220,0.8,0.0,0.5,DA-BALS-NoMargin,368,85.86956521739131,2.1739130434782608,11.956521739130435,0.0
220,0.8,0.0,0.5,DA-BALS-FixedMargin,368,80.43478260869566,1.6304347826086956,17.934782608695652,0.0
220,0.8,0.0,0.5,DA-BALS-Adaptive,368,82.06521739130434,1.0869565217391304,16.847826086956523,0.0
220,0.8,0.0,0.5,DA-BALS-Stabilized,368,85.05434782608695,2.4456521739130435,12.5,0.0
220,0.8,0.0,1.0,DA-BALS-NoMargin,368,83.15217391304348,4.076086956521739,12.771739130434783,0.0
220,0.8,0.0,1.0,DA-BALS-FixedMargin,368,77.71739130434783,3.532608695652174,18.75,0.0
220,0.8,0.0,1.0,DA-BALS-Adaptive,368,76.08695652173914,2.4456521739130435,21.467391304347828,0.0
220,0.8,0.0,1.0,DA-BALS-Stabilized,368,82.33695652173914,4.076086956521739,13.586956521739129,0.0
220,0.8,10.0,0.0,DA-BALS-NoMargin,368,87.5,0.8152173913043478,11.684782608695652,0.0
220,0.8,10.0,0.0,DA-BALS-FixedMargin,368,82.33695652173914,0.0,17.66304347826087,0.0
220,0.8,10.0,0.0,DA-BALS-Adaptive,368,86.1413043478261,0.5434782608695652,13.31521739130435,0.0
220,0.8,10.0,0.0,DA-BALS-Stabilized,368,87.5,0.8152173913043478,11.684782608695652,0.0
220,0.8,10.0,0.5,DA-BALS-NoMargin,368,85.86956521739131,2.4456521739130435,11.684782608695652,0.0
220,0.8,10.0,0.5,DA-BALS-FixedMargin,368,80.43478260869566,1.9021739130434785,17.66304347826087,0.0
220,0.8,10.0,0.5,DA-BALS-Adaptive,368,81.52173913043478,1.358695652173913,17.119565217391305,0.0
220,0.8,10.0,0.5,DA-BALS-Stabilized,368,85.05434782608695,2.717391304347826,12.228260869565217,0.0
220,0.8,10.0,1.0,DA-BALS-NoMargin,368,83.15217391304348,5.163043478260869,11.684782608695652,0.0
220,0.8,10.0,1.0,DA-BALS-FixedMargin,368,77.71739130434783,4.3478260869565215,17.934782608695652,0.0
220,0.8,10.0,1.0,DA-BALS-Adaptive,368,67.3913043478261,2.1739130434782608,30.434782608695656,0.0
220,0.8,10.0,1.0,DA-BALS-Stabilized,368,82.6086956521739,4.619565217391304,12.771739130434783,0.0
220,0.8,50.0,0.0,DA-BALS-NoMargin,368,87.5,0.8152173913043478,11.684782608695652,0.0
220,0.8,50.0,0.0,DA-BALS-FixedMargin,368,82.33695652173914,0.0,17.66304347826087,0.0
220,0.8,50.0,0.0,DA-BALS-Adaptive,368,86.1413043478261,0.5434782608695652,13.31521739130435,0.0
220,0.8,50.0,0.0,DA-BALS-Stabilized,368,87.5,0.8152173913043478,11.684782608695652,0.0
220,0.8,50.0,0.5,DA-BALS-NoMargin,368,85.86956521739131,2.4456521739130435,11.684782608695652,0.0
220,0.8,50.0,0.5,DA-BALS-FixedMargin,368,80.43478260869566,1.9021739130434785,17.66304347826087,0.0
220,0.8,50.0,0.5,DA-BALS-Adaptive,368,81.52173913043478,1.358695652173913,17.119565217391305,0.0
220,0.8,50.0,0.5,DA-BALS-Stabilized,368,85.05434782608695,2.717391304347826,12.228260869565217,0.0
220,0.8,50.0,1.0,DA-BALS-NoMargin,368,83.15217391304348,5.163043478260869,11.684782608695652,0.0
220,0.8,50.0,1.0,DA-BALS-FixedMargin,368,77.71739130434783,4.619565217391304,17.66304347826087,0.0
220,0.8,50.0,1.0,DA-BALS-Adaptive,368,67.66304347826086,2.1739130434782608,30.16304347826087,0.0
220,0.8,50.0,1.0,DA-BALS-Stabilized,368,82.06521739130434,4.891304347826087,13.043478260869565,0.0
220,1.0,0.0,0.0,DA-BALS-NoMargin,477,80.71278825995807,0.41928721174004197,18.867924528301888,0.0
220,1.0,0.0,0.0,DA-BALS-FixedMargin,477,77.35849056603774,0.0,22.641509433962266,0.0
220,1.0,0.0,0.0,DA-BALS-Adaptive,477,79.87421383647799,0.41928721174004197,19.70649895178197,0.0
220,1.0,0.0,0.0,DA-BALS-Stabilized,477,80.29350104821803,0.41928721174004197,19.28721174004193,0.0
220,1.0,0.0,0.5,DA-BALS-NoMargin,477,79.24528301886792,1.8867924528301887,18.867924528301888,0.0
220,1.0,0.0,0.5,DA-BALS-FixedMargin,477,77.35849056603774,0.0,22.641509433962266,0.0
220,1.0,0.0,0.5,DA-BALS-Adaptive,477,78.19706498951781,0.8385744234800839,20.964360587002094,0.0
220,1.0,0.0,0.5,DA-BALS-Stabilized,477,78.82599580712788,1.6771488469601679,19.49685534591195,0.0
220,1.0,0.0,1.0,DA-BALS-NoMargin,477,77.35849056603774,3.7735849056603774,18.867924528301888,0.0
220,1.0,0.0,1.0,DA-BALS-FixedMargin,477,76.51991614255765,0.8385744234800839,22.641509433962266,0.0
220,1.0,0.0,1.0,DA-BALS-Adaptive,477,71.0691823899371,1.0482180293501049,27.882599580712785,0.0
220,1.0,0.0,1.0,DA-BALS-Stabilized,477,76.93920335429769,3.3542976939203357,19.70649895178197,0.0
220,1.0,10.0,0.0,DA-BALS-NoMargin,477,80.71278825995807,0.41928721174004197,18.867924528301888,0.0
220,1.0,10.0,0.0,DA-BALS-FixedMargin,477,77.35849056603774,0.0,22.641509433962266,0.0
220,1.0,10.0,0.0,DA-BALS-Adaptive,477,79.87421383647799,0.41928721174004197,19.70649895178197,0.0
220,1.0,10.0,0.0,DA-BALS-Stabilized,477,80.29350104821803,0.41928721174004197,19.28721174004193,0.0
220,1.0,10.0,0.5,DA-BALS-NoMargin,477,79.24528301886792,1.8867924528301887,18.867924528301888,0.0
220,1.0,10.0,0.5,DA-BALS-FixedMargin,477,77.35849056603774,0.0,22.641509433962266,0.0
220,1.0,10.0,0.5,DA-BALS-Adaptive,477,78.19706498951781,0.8385744234800839,20.964360587002094,0.0
220,1.0,10.0,0.5,DA-BALS-Stabilized,477,78.82599580712788,1.6771488469601679,19.49685534591195,0.0
220,1.0,10.0,1.0,DA-BALS-NoMargin,477,77.35849056603774,3.7735849056603774,18.867924528301888,0.0
220,1.0,10.0,1.0,DA-BALS-FixedMargin,477,76.31027253668763,1.0482180293501049,22.641509433962266,0.0
220,1.0,10.0,1.0,DA-BALS-Adaptive,477,70.85953878406708,1.257861635220126,27.882599580712785,0.0
220,1.0,10.0,1.0,DA-BALS-Stabilized,477,76.72955974842768,3.3542976939203357,19.91614255765199,0.0
220,1.0,50.0,0.0,DA-BALS-NoMargin,477,80.71278825995807,0.41928721174004197,18.867924528301888,0.0
220,1.0,50.0,0.0,DA-BALS-FixedMargin,477,77.35849056603774,0.0,22.641509433962266,0.0
220,1.0,50.0,0.0,DA-BALS-Adaptive,477,79.87421383647799,0.41928721174004197,19.70649895178197,0.0
220,1.0,50.0,0.0,DA-BALS-Stabilized,477,80.29350104821803,0.41928721174004197,19.28721174004193,0.0
220,1.0,50.0,0.5,DA-BALS-NoMargin,477,79.24528301886792,1.8867924528301887,18.867924528301888,0.0
220,1.0,50.0,0.5,DA-BALS-FixedMargin,477,77.35849056603774,0.0,22.641509433962266,0.0
220,1.0,50.0,0.5,DA-BALS-Adaptive,477,78.19706498951781,0.8385744234800839,20.964360587002094,0.0
220,1.0,50.0,0.5,DA-BALS-Stabilized,477,78.82599580712788,1.6771488469601679,19.49685534591195,0.0
220,1.0,50.0,1.0,DA-BALS-NoMargin,477,77.35849056603774,3.7735849056603774,18.867924528301888,0.0
220,1.0,50.0,1.0,DA-BALS-FixedMargin,477,76.31027253668763,1.0482180293501049,22.641509433962266,0.0
220,1.0,50.0,1.0,DA-BALS-Adaptive,477,70.85953878406708,1.257861635220126,27.882599580712785,0.0
220,1.0,50.0,1.0,DA-BALS-Stabilized,477,76.72955974842768,3.3542976939203357,19.91614255765199,0.0
220,1.2,0.0,0.0,DA-BALS-NoMargin,600,73.66666666666667,1.1666666666666667,25.166666666666664,0.0
220,1.2,0.0,0.0,DA-BALS-FixedMargin,600,71.5,0.0,28.499999999999996,0.0
220,1.2,0.0,0.0,DA-BALS-Adaptive,600,73.16666666666667,0.6666666666666667,26.166666666666664,0.0
220,1.2,0.0,0.0,DA-BALS-Stabilized,600,73.5,1.1666666666666667,25.333333333333336,0.0
220,1.2,0.0,0.5,DA-BALS-NoMargin,600,72.16666666666667,2.666666666666667,25.166666666666664,0.0
220,1.2,0.0,0.5,DA-BALS-FixedMargin,600,71.0,0.5,28.499999999999996,0.0
220,1.2,0.0,0.5,DA-BALS-Adaptive,600,72.0,1.0,27.0,0.0
220,1.2,0.0,0.5,DA-BALS-Stabilized,600,72.0,2.166666666666667,25.833333333333336,0.0
220,1.2,0.0,1.0,DA-BALS-NoMargin,600,70.5,4.333333333333334,25.166666666666664,0.0
220,1.2,0.0,1.0,DA-BALS-FixedMargin,600,70.16666666666667,1.3333333333333335,28.499999999999996,0.0
220,1.2,0.0,1.0,DA-BALS-Adaptive,600,67.5,1.0,31.5,0.0
220,1.2,0.0,1.0,DA-BALS-Stabilized,600,70.33333333333334,3.6666666666666665,26.0,0.0
220,1.2,10.0,0.0,DA-BALS-NoMargin,600,73.66666666666667,1.1666666666666667,25.166666666666664,0.0
220,1.2,10.0,0.0,DA-BALS-FixedMargin,600,71.5,0.0,28.499999999999996,0.0
220,1.2,10.0,0.0,DA-BALS-Adaptive,600,73.16666666666667,0.6666666666666667,26.166666666666664,0.0
220,1.2,10.0,0.0,DA-BALS-Stabilized,600,73.5,1.1666666666666667,25.333333333333336,0.0
220,1.2,10.0,0.5,DA-BALS-NoMargin,600,72.16666666666667,2.666666666666667,25.166666666666664,0.0
220,1.2,10.0,0.5,DA-BALS-FixedMargin,600,71.0,0.5,28.499999999999996,0.0
220,1.2,10.0,0.5,DA-BALS-Adaptive,600,72.0,1.0,27.0,0.0
220,1.2,10.0,0.5,DA-BALS-Stabilized,600,72.0,2.166666666666667,25.833333333333336,0.0
220,1.2,10.0,1.0,DA-BALS-NoMargin,600,70.5,4.333333333333334,25.166666666666664,0.0
220,1.2,10.0,1.0,DA-BALS-FixedMargin,600,70.16666666666667,1.3333333333333335,28.499999999999996,0.0
220,1.2,10.0,1.0,DA-BALS-Adaptive,600,67.5,1.0,31.5,0.0
220,1.2,10.0,1.0,DA-BALS-Stabilized,600,70.33333333333334,3.6666666666666665,26.0,0.0
220,1.2,50.0,0.0,DA-BALS-NoMargin,600,73.66666666666667,1.1666666666666667,25.166666666666664,0.0
220,1.2,50.0,0.0,DA-BALS-FixedMargin,600,71.5,0.0,28.499999999999996,0.0
220,1.2,50.0,0.0,DA-BALS-Adaptive,600,73.16666666666667,0.6666666666666667,26.166666666666664,0.0
220,1.2,50.0,0.0,DA-BALS-Stabilized,600,73.5,1.1666666666666667,25.333333333333336,0.0
220,1.2,50.0,0.5,DA-BALS-NoMargin,600,72.16666666666667,2.666666666666667,25.166666666666664,0.0
220,1.2,50.0,0.5,DA-BALS-FixedMargin,600,71.0,0.5,28.499999999999996,0.0
220,1.2,50.0,0.5,DA-BALS-Adaptive,600,72.0,1.0,27.0,0.0
220,1.2,50.0,0.5,DA-BALS-Stabilized,600,72.0,2.166666666666667,25.833333333333336,0.0
220,1.2,50.0,1.0,DA-BALS-NoMargin,600,70.5,4.333333333333334,25.166666666666664,0.0
220,1.2,50.0,1.0,DA-BALS-FixedMargin,600,70.16666666666667,1.3333333333333335,28.499999999999996,0.0
220,1.2,50.0,1.0,DA-BALS-Adaptive,600,67.5,1.0,31.5,0.0
220,1.2,50.0,1.0,DA-BALS-Stabilized,600,70.33333333333334,3.6666666666666665,26.0,0.0
221,0.2,0.0,0.0,DA-BALS-NoMargin,105,97.14285714285714,0.0,2.857142857142857,0.0
221,0.2,0.0,0.0,DA-BALS-FixedMargin,105,88.57142857142857,0.0,11.428571428571429,0.0
221,0.2,0.0,0.0,DA-BALS-Adaptive,105,95.23809523809523,0.0,4.761904761904762,0.0
221,0.2,0.0,0.0,DA-BALS-Stabilized,105,97.14285714285714,0.0,2.857142857142857,0.0
221,0.2,0.0,0.5,DA-BALS-NoMargin,105,96.19047619047619,0.9523809523809524,2.857142857142857,0.0
221,0.2,0.0,0.5,DA-BALS-FixedMargin,105,88.57142857142857,0.0,11.428571428571429,0.0
221,0.2,0.0,0.5,DA-BALS-Adaptive,105,92.38095238095238,0.9523809523809524,6.666666666666667,0.0
221,0.2,0.0,0.5,DA-BALS-Stabilized,105,96.19047619047619,0.9523809523809524,2.857142857142857,0.0
221,0.2,0.0,1.0,DA-BALS-NoMargin,105,94.28571428571428,2.857142857142857,2.857142857142857,0.0
221,0.2,0.0,1.0,DA-BALS-FixedMargin,105,87.61904761904762,0.9523809523809524,11.428571428571429,0.0
221,0.2,0.0,1.0,DA-BALS-Adaptive,105,86.66666666666667,1.9047619047619049,11.428571428571429,0.0
221,0.2,0.0,1.0,DA-BALS-Stabilized,105,94.28571428571428,2.857142857142857,2.857142857142857,0.0
221,0.2,10.0,0.0,DA-BALS-NoMargin,105,97.14285714285714,0.0,2.857142857142857,0.0
221,0.2,10.0,0.0,DA-BALS-FixedMargin,105,88.57142857142857,0.0,11.428571428571429,0.0
221,0.2,10.0,0.0,DA-BALS-Adaptive,105,95.23809523809523,0.0,4.761904761904762,0.0
221,0.2,10.0,0.0,DA-BALS-Stabilized,105,97.14285714285714,0.0,2.857142857142857,0.0
221,0.2,10.0,0.5,DA-BALS-NoMargin,105,96.19047619047619,0.9523809523809524,2.857142857142857,0.0
221,0.2,10.0,0.5,DA-BALS-FixedMargin,105,88.57142857142857,0.0,11.428571428571429,0.0
221,0.2,10.0,0.5,DA-BALS-Adaptive,105,92.38095238095238,0.9523809523809524,6.666666666666667,0.0
221,0.2,10.0,0.5,DA-BALS-Stabilized,105,96.19047619047619,0.9523809523809524,2.857142857142857,0.0
221,0.2,10.0,1.0,DA-BALS-NoMargin,105,94.28571428571428,2.857142857142857,2.857142857142857,0.0
221,0.2,10.0,1.0,DA-BALS-FixedMargin,105,87.61904761904762,0.9523809523809524,11.428571428571429,0.0
221,0.2,10.0,1.0,DA-BALS-Adaptive,105,86.66666666666667,1.9047619047619049,11.428571428571429,0.0
221,0.2,10.0,1.0,DA-BALS-Stabilized,105,94.28571428571428,2.857142857142857,2.857142857142857,0.0
221,0.2,50.0,0.0,DA-BALS-NoMargin,105,97.14285714285714,0.0,2.857142857142857,0.0
221,0.2,50.0,0.0,DA-BALS-FixedMargin,105,88.57142857142857,0.0,11.428571428571429,0.0
221,0.2,50.0,0.0,DA-BALS-Adaptive,105,95.23809523809523,0.0,4.761904761904762,0.0
221,0.2,50.0,0.0,DA-BALS-Stabilized,105,97.14285714285714,0.0,2.857142857142857,0.0
221,0.2,50.0,0.5,DA-BALS-NoMargin,105,96.19047619047619,0.9523809523809524,2.857142857142857,0.0
221,0.2,50.0,0.5,DA-BALS-FixedMargin,105,88.57142857142857,0.0,11.428571428571429,0.0
221,0.2,50.0,0.5,DA-BALS-Adaptive,105,92.38095238095238,0.9523809523809524,6.666666666666667,0.0
221,0.2,50.0,0.5,DA-BALS-Stabilized,105,96.19047619047619,0.9523809523809524,2.857142857142857,0.0
221,0.2,50.0,1.0,DA-BALS-NoMargin,105,94.28571428571428,2.857142857142857,2.857142857142857,0.0
221,0.2,50.0,1.0,DA-BALS-FixedMargin,105,87.61904761904762,0.9523809523809524,11.428571428571429,0.0
221,0.2,50.0,1.0,DA-BALS-Adaptive,105,86.66666666666667,1.9047619047619049,11.428571428571429,0.0
221,0.2,50.0,1.0,DA-BALS-Stabilized,105,94.28571428571428,2.857142857142857,2.857142857142857,0.0
221,0.4,0.0,0.0,DA-BALS-NoMargin,195,95.38461538461539,0.5128205128205128,4.102564102564102,0.0
221,0.4,0.0,0.0,DA-BALS-FixedMargin,195,92.3076923076923,0.0,7.6923076923076925,0.0
221,0.4,0.0,0.0,DA-BALS-Adaptive,195,93.33333333333333,0.5128205128205128,6.153846153846154,0.0
221,0.4,0.0,0.0,DA-BALS-Stabilized,195,95.38461538461539,0.5128205128205128,4.102564102564102,0.0
221,0.4,0.0,0.5,DA-BALS-NoMargin,195,94.87179487179486,1.0256410256410255,4.102564102564102,0.0
221,0.4,0.0,0.5,DA-BALS-FixedMargin,195,92.3076923076923,0.0,7.6923076923076925,0.0
221,0.4,0.0,0.5,DA-BALS-Adaptive,195,93.84615384615384,0.0,6.153846153846154,0.0
221,0.4,0.0,0.5,DA-BALS-Stabilized,195,94.87179487179486,1.0256410256410255,4.102564102564102,0.0
221,0.4,0.0,1.0,DA-BALS-NoMargin,195,91.7948717948718,4.102564102564102,4.102564102564102,0.0
221,0.4,0.0,1.0,DA-BALS-FixedMargin,195,90.25641025641026,2.051282051282051,7.6923076923076925,0.0
221,0.4,0.0,1.0,DA-BALS-Adaptive,195,87.6923076923077,2.564102564102564,9.743589743589745,0.0
221,0.4,0.0,1.0,DA-BALS-Stabilized,195,91.7948717948718,4.102564102564102,4.102564102564102,0.0
221,0.4,10.0,0.0,DA-BALS-NoMargin,195,95.38461538461539,0.5128205128205128,4.102564102564102,0.0
221,0.4,10.0,0.0,DA-BALS-FixedMargin,195,92.3076923076923,0.0,7.6923076923076925,0.0
221,0.4,10.0,0.0,DA-BALS-Adaptive,195,93.33333333333333,0.5128205128205128,6.153846153846154,0.0
221,0.4,10.0,0.0,DA-BALS-Stabilized,195,95.38461538461539,0.5128205128205128,4.102564102564102,0.0
221,0.4,10.0,0.5,DA-BALS-NoMargin,195,94.87179487179486,1.0256410256410255,4.102564102564102,0.0
221,0.4,10.0,0.5,DA-BALS-FixedMargin,195,92.3076923076923,0.0,7.6923076923076925,0.0
221,0.4,10.0,0.5,DA-BALS-Adaptive,195,93.84615384615384,0.0,6.153846153846154,0.0
221,0.4,10.0,0.5,DA-BALS-Stabilized,195,94.87179487179486,1.0256410256410255,4.102564102564102,0.0
221,0.4,10.0,1.0,DA-BALS-NoMargin,195,91.7948717948718,4.102564102564102,4.102564102564102,0.0
221,0.4,10.0,1.0,DA-BALS-FixedMargin,195,90.25641025641026,2.051282051282051,7.6923076923076925,0.0
221,0.4,10.0,1.0,DA-BALS-Adaptive,195,87.6923076923077,2.564102564102564,9.743589743589745,0.0
221,0.4,10.0,1.0,DA-BALS-Stabilized,195,91.7948717948718,4.102564102564102,4.102564102564102,0.0
221,0.4,50.0,0.0,DA-BALS-NoMargin,195,95.38461538461539,0.5128205128205128,4.102564102564102,0.0
221,0.4,50.0,0.0,DA-BALS-FixedMargin,195,92.3076923076923,0.0,7.6923076923076925,0.0
221,0.4,50.0,0.0,DA-BALS-Adaptive,195,93.33333333333333,0.5128205128205128,6.153846153846154,0.0
221,0.4,50.0,0.0,DA-BALS-Stabilized,195,95.38461538461539,0.5128205128205128,4.102564102564102,0.0
221,0.4,50.0,0.5,DA-BALS-NoMargin,195,94.87179487179486,1.0256410256410255,4.102564102564102,0.0
221,0.4,50.0,0.5,DA-BALS-FixedMargin,195,92.3076923076923,0.0,7.6923076923076925,0.0
221,0.4,50.0,0.5,DA-BALS-Adaptive,195,93.84615384615384,0.0,6.153846153846154,0.0
221,0.4,50.0,0.5,DA-BALS-Stabilized,195,94.87179487179486,1.0256410256410255,4.102564102564102,0.0
221,0.4,50.0,1.0,DA-BALS-NoMargin,195,91.7948717948718,4.102564102564102,4.102564102564102,0.0
221,0.4,50.0,1.0,DA-BALS-FixedMargin,195,90.25641025641026,2.051282051282051,7.6923076923076925,0.0
221,0.4,50.0,1.0,DA-BALS-Adaptive,195,87.6923076923077,2.564102564102564,9.743589743589745,0.0
221,0.4,50.0,1.0,DA-BALS-Stabilized,195,91.7948717948718,4.102564102564102,4.102564102564102,0.0
221,0.6,0.0,0.0,DA-BALS-NoMargin,297,90.23569023569024,0.6734006734006733,9.090909090909092,0.0
221,0.6,0.0,0.0,DA-BALS-FixedMargin,297,85.18518518518519,0.33670033670033667,14.47811447811448,0.0
221,0.6,0.0,0.0,DA-BALS-Adaptive,297,88.21548821548821,0.33670033670033667,11.447811447811448,0.0
221,0.6,0.0,0.0,DA-BALS-Stabilized,297,89.8989898989899,0.6734006734006733,9.427609427609427,0.0
221,0.6,0.0,0.5,DA-BALS-NoMargin,297,89.22558922558923,1.6835016835016834,9.090909090909092,0.0
221,0.6,0.0,0.5,DA-BALS-FixedMargin,297,85.18518518518519,0.33670033670033667,14.47811447811448,0.0
221,0.6,0.0,0.5,DA-BALS-Adaptive,297,87.54208754208754,0.6734006734006733,11.784511784511785,0.0
221,0.6,0.0,0.5,DA-BALS-Stabilized,297,88.88888888888889,1.3468013468013467,9.764309764309765,0.0
221,0.6,0.0,1.0,DA-BALS-NoMargin,297,87.54208754208754,3.3670033670033668,9.090909090909092,0.0
221,0.6,0.0,1.0,DA-BALS-FixedMargin,297,84.17508417508418,1.3468013468013467,14.47811447811448,0.0
221,0.6,0.0,1.0,DA-BALS-Adaptive,297,83.5016835016835,1.0101010101010102,15.488215488215488,0.0
221,0.6,0.0,1.0,DA-BALS-Stabilized,297,87.20538720538721,3.0303030303030303,9.764309764309765,0.0
221,0.6,10.0,0.0,DA-BALS-NoMargin,297,90.23569023569024,0.6734006734006733,9.090909090909092,0.0
221,0.6,10.0,0.0,DA-BALS-FixedMargin,297,85.18518518518519,0.33670033670033667,14.47811447811448,0.0
221,0.6,10.0,0.0,DA-BALS-Adaptive,297,88.21548821548821,0.33670033670033667,11.447811447811448,0.0
221,0.6,10.0,0.0,DA-BALS-Stabilized,297,89.8989898989899,0.6734006734006733,9.427609427609427,0.0
221,0.6,10.0,0.5,DA-BALS-NoMargin,297,89.22558922558923,1.6835016835016834,9.090909090909092,0.0
221,0.6,10.0,0.5,DA-BALS-FixedMargin,297,85.18518518518519,0.33670033670033667,14.47811447811448,0.0
221,0.6,10.0,0.5,DA-BALS-Adaptive,297,87.54208754208754,0.6734006734006733,11.784511784511785,0.0
221,0.6,10.0,0.5,DA-BALS-Stabilized,297,88.88888888888889,1.3468013468013467,9.764309764309765,0.0
221,0.6,10.0,1.0,DA-BALS-NoMargin,297,87.54208754208754,3.3670033670033668,9.090909090909092,0.0
221,0.6,10.0,1.0,DA-BALS-FixedMargin,297,84.17508417508418,1.3468013468013467,14.47811447811448,0.0
221,0.6,10.0,1.0,DA-BALS-Adaptive,297,82.82828282828282,1.0101010101010102,16.161616161616163,0.0
221,0.6,10.0,1.0,DA-BALS-Stabilized,297,86.86868686868688,3.0303030303030303,10.1010101010101,0.0
221,0.6,50.0,0.0,DA-BALS-NoMargin,297,90.23569023569024,0.6734006734006733,9.090909090909092,0.0
221,0.6,50.0,0.0,DA-BALS-FixedMargin,297,85.18518518518519,0.33670033670033667,14.47811447811448,0.0
221,0.6,50.0,0.0,DA-BALS-Adaptive,297,88.21548821548821,0.33670033670033667,11.447811447811448,0.0
221,0.6,50.0,0.0,DA-BALS-Stabilized,297,89.8989898989899,0.6734006734006733,9.427609427609427,0.0
221,0.6,50.0,0.5,DA-BALS-NoMargin,297,89.22558922558923,1.6835016835016834,9.090909090909092,0.0
221,0.6,50.0,0.5,DA-BALS-FixedMargin,297,85.18518518518519,0.33670033670033667,14.47811447811448,0.0
221,0.6,50.0,0.5,DA-BALS-Adaptive,297,87.54208754208754,0.6734006734006733,11.784511784511785,0.0
221,0.6,50.0,0.5,DA-BALS-Stabilized,297,88.88888888888889,1.3468013468013467,9.764309764309765,0.0
221,0.6,50.0,1.0,DA-BALS-NoMargin,297,87.54208754208754,3.3670033670033668,9.090909090909092,0.0
221,0.6,50.0,1.0,DA-BALS-FixedMargin,297,84.17508417508418,1.3468013468013467,14.47811447811448,0.0
221,0.6,50.0,1.0,DA-BALS-Adaptive,297,82.82828282828282,1.0101010101010102,16.161616161616163,0.0
221,0.6,50.0,1.0,DA-BALS-Stabilized,297,86.86868686868688,3.0303030303030303,10.1010101010101,0.0
221,0.8,0.0,0.0,DA-BALS-NoMargin,411,84.42822384428223,1.2165450121654502,14.355231143552311,0.0
221,0.8,0.0,0.0,DA-BALS-FixedMargin,411,81.99513381995133,0.48661800486618007,17.51824817518248,0.0
221,0.8,0.0,0.0,DA-BALS-Adaptive,411,84.42822384428223,0.7299270072992701,14.841849148418493,0.0
221,0.8,0.0,0.0,DA-BALS-Stabilized,411,84.42822384428223,1.2165450121654502,14.355231143552311,0.0
221,0.8,0.0,0.5,DA-BALS-NoMargin,411,82.7250608272506,2.9197080291970803,14.355231143552311,0.0
221,0.8,0.0,0.5,DA-BALS-FixedMargin,411,81.75182481751825,0.7299270072992701,17.51824817518248,0.0
221,0.8,0.0,0.5,DA-BALS-Adaptive,411,82.7250608272506,0.9732360097323601,16.30170316301703,0.0
221,0.8,0.0,0.5,DA-BALS-Stabilized,411,83.21167883211679,2.18978102189781,14.5985401459854,0.0
221,0.8,0.0,1.0,DA-BALS-NoMargin,411,81.99513381995133,3.64963503649635,14.355231143552311,0.0
221,0.8,0.0,1.0,DA-BALS-FixedMargin,411,81.26520681265207,1.2165450121654502,17.51824817518248,0.0
221,0.8,0.0,1.0,DA-BALS-Adaptive,411,81.02189781021897,1.70316301703163,17.27493917274939,0.0
221,0.8,0.0,1.0,DA-BALS-Stabilized,411,82.7250608272506,2.9197080291970803,14.355231143552311,0.0
221,0.8,10.0,0.0,DA-BALS-NoMargin,411,84.42822384428223,1.2165450121654502,14.355231143552311,0.0
221,0.8,10.0,0.0,DA-BALS-FixedMargin,411,81.99513381995133,0.48661800486618007,17.51824817518248,0.0
221,0.8,10.0,0.0,DA-BALS-Adaptive,411,84.42822384428223,0.7299270072992701,14.841849148418493,0.0
221,0.8,10.0,0.0,DA-BALS-Stabilized,411,84.42822384428223,1.2165450121654502,14.355231143552311,0.0
221,0.8,10.0,0.5,DA-BALS-NoMargin,411,82.7250608272506,2.9197080291970803,14.355231143552311,0.0
221,0.8,10.0,0.5,DA-BALS-FixedMargin,411,81.75182481751825,0.7299270072992701,17.51824817518248,0.0
221,0.8,10.0,0.5,DA-BALS-Adaptive,411,82.7250608272506,0.9732360097323601,16.30170316301703,0.0
221,0.8,10.0,0.5,DA-BALS-Stabilized,411,83.21167883211679,2.18978102189781,14.5985401459854,0.0
221,0.8,10.0,1.0,DA-BALS-NoMargin,411,81.99513381995133,3.64963503649635,14.355231143552311,0.0
221,0.8,10.0,1.0,DA-BALS-FixedMargin,411,81.26520681265207,1.2165450121654502,17.51824817518248,0.0
221,0.8,10.0,1.0,DA-BALS-Adaptive,411,81.02189781021897,1.70316301703163,17.27493917274939,0.0
221,0.8,10.0,1.0,DA-BALS-Stabilized,411,82.9683698296837,2.4330900243309004,14.5985401459854,0.0
221,0.8,50.0,0.0,DA-BALS-NoMargin,411,84.42822384428223,1.2165450121654502,14.355231143552311,0.0
221,0.8,50.0,0.0,DA-BALS-FixedMargin,411,81.99513381995133,0.48661800486618007,17.51824817518248,0.0
221,0.8,50.0,0.0,DA-BALS-Adaptive,411,84.42822384428223,0.7299270072992701,14.841849148418493,0.0
221,0.8,50.0,0.0,DA-BALS-Stabilized,411,84.42822384428223,1.2165450121654502,14.355231143552311,0.0
221,0.8,50.0,0.5,DA-BALS-NoMargin,411,82.7250608272506,2.9197080291970803,14.355231143552311,0.0
221,0.8,50.0,0.5,DA-BALS-FixedMargin,411,81.75182481751825,0.7299270072992701,17.51824817518248,0.0
221,0.8,50.0,0.5,DA-BALS-Adaptive,411,82.7250608272506,0.9732360097323601,16.30170316301703,0.0
221,0.8,50.0,0.5,DA-BALS-Stabilized,411,83.21167883211679,2.18978102189781,14.5985401459854,0.0
221,0.8,50.0,1.0,DA-BALS-NoMargin,411,81.99513381995133,3.64963503649635,14.355231143552311,0.0
221,0.8,50.0,1.0,DA-BALS-FixedMargin,411,81.26520681265207,1.2165450121654502,17.51824817518248,0.0
221,0.8,50.0,1.0,DA-BALS-Adaptive,411,81.02189781021897,1.70316301703163,17.27493917274939,0.0
221,0.8,50.0,1.0,DA-BALS-Stabilized,411,82.9683698296837,2.4330900243309004,14.5985401459854,0.0
221,1.0,0.0,0.0,DA-BALS-NoMargin,485,82.68041237113401,0.6185567010309279,16.70103092783505,0.0
221,1.0,0.0,0.0,DA-BALS-FixedMargin,485,79.79381443298969,0.2061855670103093,20.0,0.0
221,1.0,0.0,0.0,DA-BALS-Adaptive,485,81.64948453608247,0.4123711340206186,17.938144329896907,0.0
221,1.0,0.0,0.0,DA-BALS-Stabilized,485,82.4742268041237,0.6185567010309279,16.90721649484536,0.0
221,1.0,0.0,0.5,DA-BALS-NoMargin,485,82.06185567010309,1.2371134020618557,16.70103092783505,0.0
221,1.0,0.0,0.5,DA-BALS-FixedMargin,485,79.38144329896907,0.6185567010309279,20.0,0.0
221,1.0,0.0,0.5,DA-BALS-Adaptive,485,80.20618556701031,0.6185567010309279,19.175257731958766,0.0
221,1.0,0.0,0.5,DA-BALS-Stabilized,485,81.64948453608247,0.8247422680412372,17.525773195876287,0.0
221,1.0,0.0,1.0,DA-BALS-NoMargin,485,81.64948453608247,1.6494845360824744,16.70103092783505,0.0
221,1.0,0.0,1.0,DA-BALS-FixedMargin,485,79.17525773195877,0.8247422680412372,20.0,0.0
221,1.0,0.0,1.0,DA-BALS-Adaptive,485,78.14432989690722,0.4123711340206186,21.443298969072163,0.0
221,1.0,0.0,1.0,DA-BALS-Stabilized,485,81.03092783505154,1.0309278350515463,17.938144329896907,0.0
221,1.0,10.0,0.0,DA-BALS-NoMargin,485,82.68041237113401,0.6185567010309279,16.70103092783505,0.0
221,1.0,10.0,0.0,DA-BALS-FixedMargin,485,79.79381443298969,0.2061855670103093,20.0,0.0
221,1.0,10.0,0.0,DA-BALS-Adaptive,485,81.64948453608247,0.4123711340206186,17.938144329896907,0.0
221,1.0,10.0,0.0,DA-BALS-Stabilized,485,82.4742268041237,0.6185567010309279,16.90721649484536,0.0
221,1.0,10.0,0.5,DA-BALS-NoMargin,485,82.06185567010309,1.2371134020618557,16.70103092783505,0.0
221,1.0,10.0,0.5,DA-BALS-FixedMargin,485,79.38144329896907,0.6185567010309279,20.0,0.0
221,1.0,10.0,0.5,DA-BALS-Adaptive,485,80.20618556701031,0.6185567010309279,19.175257731958766,0.0
221,1.0,10.0,0.5,DA-BALS-Stabilized,485,81.64948453608247,0.8247422680412372,17.525773195876287,0.0
221,1.0,10.0,1.0,DA-BALS-NoMargin,485,81.64948453608247,1.6494845360824744,16.70103092783505,0.0
221,1.0,10.0,1.0,DA-BALS-FixedMargin,485,79.17525773195877,0.8247422680412372,20.0,0.0
221,1.0,10.0,1.0,DA-BALS-Adaptive,485,78.14432989690722,0.4123711340206186,21.443298969072163,0.0
221,1.0,10.0,1.0,DA-BALS-Stabilized,485,81.03092783505154,1.0309278350515463,17.938144329896907,0.0
221,1.0,50.0,0.0,DA-BALS-NoMargin,485,82.68041237113401,0.6185567010309279,16.70103092783505,0.0
221,1.0,50.0,0.0,DA-BALS-FixedMargin,485,79.79381443298969,0.2061855670103093,20.0,0.0
221,1.0,50.0,0.0,DA-BALS-Adaptive,485,81.64948453608247,0.4123711340206186,17.938144329896907,0.0
221,1.0,50.0,0.0,DA-BALS-Stabilized,485,82.4742268041237,0.6185567010309279,16.90721649484536,0.0
221,1.0,50.0,0.5,DA-BALS-NoMargin,485,82.06185567010309,1.2371134020618557,16.70103092783505,0.0
221,1.0,50.0,0.5,DA-BALS-FixedMargin,485,79.38144329896907,0.6185567010309279,20.0,0.0
221,1.0,50.0,0.5,DA-BALS-Adaptive,485,80.20618556701031,0.6185567010309279,19.175257731958766,0.0
221,1.0,50.0,0.5,DA-BALS-Stabilized,485,81.64948453608247,0.8247422680412372,17.525773195876287,0.0
221,1.0,50.0,1.0,DA-BALS-NoMargin,485,81.64948453608247,1.6494845360824744,16.70103092783505,0.0
221,1.0,50.0,1.0,DA-BALS-FixedMargin,485,79.17525773195877,0.8247422680412372,20.0,0.0
221,1.0,50.0,1.0,DA-BALS-Adaptive,485,78.14432989690722,0.4123711340206186,21.443298969072163,0.0
221,1.0,50.0,1.0,DA-BALS-Stabilized,485,81.03092783505154,1.0309278350515463,17.938144329896907,0.0
221,1.2,0.0,0.0,DA-BALS-NoMargin,582,74.39862542955326,0.3436426116838488,25.257731958762886,0.0
221,1.2,0.0,0.0,DA-BALS-FixedMargin,582,70.96219931271477,0.0,29.037800687285227,0.0
221,1.2,0.0,0.0,DA-BALS-Adaptive,582,73.53951890034365,0.1718213058419244,26.288659793814436,0.0
221,1.2,0.0,0.0,DA-BALS-Stabilized,582,74.39862542955326,0.3436426116838488,25.257731958762886,0.0
221,1.2,0.0,0.5,DA-BALS-NoMargin,582,73.19587628865979,1.5463917525773196,25.257731958762886,0.0
221,1.2,0.0,0.5,DA-BALS-FixedMargin,582,70.44673539518901,0.5154639175257731,29.037800687285227,0.0
221,1.2,0.0,0.5,DA-BALS-Adaptive,582,70.96219931271477,1.3745704467353952,27.66323024054983,0.0
221,1.2,0.0,0.5,DA-BALS-Stabilized,582,73.19587628865979,1.5463917525773196,25.257731958762886,0.0
221,1.2,0.0,1.0,DA-BALS-NoMargin,582,71.30584192439862,3.264604810996564,25.42955326460481,0.0
221,1.2,0.0,1.0,DA-BALS-FixedMargin,582,69.0721649484536,1.718213058419244,29.20962199312715,0.0
221,1.2,0.0,1.0,DA-BALS-Adaptive,582,68.04123711340206,1.5463917525773196,30.412371134020617,0.0
221,1.2,0.0,1.0,DA-BALS-Stabilized,582,71.1340206185567,3.0927835051546393,25.773195876288657,0.0
221,1.2,10.0,0.0,DA-BALS-NoMargin,582,74.39862542955326,0.3436426116838488,25.257731958762886,0.0
221,1.2,10.0,0.0,DA-BALS-FixedMargin,582,70.96219931271477,0.0,29.037800687285227,0.0
221,1.2,10.0,0.0,DA-BALS-Adaptive,582,73.53951890034365,0.1718213058419244,26.288659793814436,0.0
221,1.2,10.0,0.0,DA-BALS-Stabilized,582,74.39862542955326,0.3436426116838488,25.257731958762886,0.0
221,1.2,10.0,0.5,DA-BALS-NoMargin,582,73.19587628865979,1.5463917525773196,25.257731958762886,0.0
221,1.2,10.0,0.5,DA-BALS-FixedMargin,582,70.44673539518901,0.5154639175257731,29.037800687285227,0.0
221,1.2,10.0,0.5,DA-BALS-Adaptive,582,70.96219931271477,1.3745704467353952,27.66323024054983,0.0
221,1.2,10.0,0.5,DA-BALS-Stabilized,582,73.19587628865979,1.5463917525773196,25.257731958762886,0.0
221,1.2,10.0,1.0,DA-BALS-NoMargin,582,71.30584192439862,3.436426116838488,25.257731958762886,0.0
221,1.2,10.0,1.0,DA-BALS-FixedMargin,582,69.0721649484536,1.8900343642611683,29.037800687285227,0.0
221,1.2,10.0,1.0,DA-BALS-Adaptive,582,67.5257731958763,1.718213058419244,30.756013745704468,0.0
221,1.2,10.0,1.0,DA-BALS-Stabilized,582,71.1340206185567,3.264604810996564,25.601374570446733,0.0
221,1.2,50.0,0.0,DA-BALS-NoMargin,582,74.39862542955326,0.3436426116838488,25.257731958762886,0.0
221,1.2,50.0,0.0,DA-BALS-FixedMargin,582,70.96219931271477,0.0,29.037800687285227,0.0
221,1.2,50.0,0.0,DA-BALS-Adaptive,582,73.53951890034365,0.1718213058419244,26.288659793814436,0.0
221,1.2,50.0,0.0,DA-BALS-Stabilized,582,74.39862542955326,0.3436426116838488,25.257731958762886,0.0
221,1.2,50.0,0.5,DA-BALS-NoMargin,582,73.19587628865979,1.5463917525773196,25.257731958762886,0.0
221,1.2,50.0,0.5,DA-BALS-FixedMargin,582,70.44673539518901,0.5154639175257731,29.037800687285227,0.0
221,1.2,50.0,0.5,DA-BALS-Adaptive,582,70.96219931271477,1.3745704467353952,27.66323024054983,0.0
221,1.2,50.0,0.5,DA-BALS-Stabilized,582,73.19587628865979,1.5463917525773196,25.257731958762886,0.0
221,1.2,50.0,1.0,DA-BALS-NoMargin,582,71.30584192439862,3.436426116838488,25.257731958762886,0.0
221,1.2,50.0,1.0,DA-BALS-FixedMargin,582,69.0721649484536,1.8900343642611683,29.037800687285227,0.0
221,1.2,50.0,1.0,DA-BALS-Adaptive,582,67.5257731958763,1.718213058419244,30.756013745704468,0.0
221,1.2,50.0,1.0,DA-BALS-Stabilized,582,71.1340206185567,3.264604810996564,25.601374570446733,0.0
222,0.2,0.0,0.0,DA-BALS-NoMargin,103,96.11650485436894,0.9708737864077669,2.912621359223301,0.0
222,0.2,0.0,0.0,DA-BALS-FixedMargin,103,94.1747572815534,0.0,5.825242718446602,0.0
222,0.2,0.0,0.0,DA-BALS-Adaptive,103,95.14563106796116,0.0,4.854368932038835,0.0
222,0.2,0.0,0.0,DA-BALS-Stabilized,103,96.11650485436894,0.9708737864077669,2.912621359223301,0.0
222,0.2,0.0,0.5,DA-BALS-NoMargin,103,95.14563106796116,1.9417475728155338,2.912621359223301,0.0
222,0.2,0.0,0.5,DA-BALS-FixedMargin,103,93.20388349514563,0.9708737864077669,5.825242718446602,0.0
222,0.2,0.0,0.5,DA-BALS-Adaptive,103,93.20388349514563,0.9708737864077669,5.825242718446602,0.0
222,0.2,0.0,0.5,DA-BALS-Stabilized,103,95.14563106796116,0.9708737864077669,3.8834951456310676,0.0
222,0.2,0.0,1.0,DA-BALS-NoMargin,103,95.14563106796116,1.9417475728155338,2.912621359223301,0.0
222,0.2,0.0,1.0,DA-BALS-FixedMargin,103,92.23300970873787,1.9417475728155338,5.825242718446602,0.0
222,0.2,0.0,1.0,DA-BALS-Adaptive,103,92.23300970873787,0.9708737864077669,6.796116504854369,0.0
222,0.2,0.0,1.0,DA-BALS-Stabilized,103,94.1747572815534,1.9417475728155338,3.8834951456310676,0.0
222,0.2,10.0,0.0,DA-BALS-NoMargin,103,96.11650485436894,0.9708737864077669,2.912621359223301,0.0
222,0.2,10.0,0.0,DA-BALS-FixedMargin,103,94.1747572815534,0.0,5.825242718446602,0.0
222,0.2,10.0,0.0,DA-BALS-Adaptive,103,95.14563106796116,0.0,4.854368932038835,0.0
222,0.2,10.0,0.0,DA-BALS-Stabilized,103,96.11650485436894,0.9708737864077669,2.912621359223301,0.0
222,0.2,10.0,0.5,DA-BALS-NoMargin,103,95.14563106796116,1.9417475728155338,2.912621359223301,0.0
222,0.2,10.0,0.5,DA-BALS-FixedMargin,103,93.20388349514563,0.9708737864077669,5.825242718446602,0.0
222,0.2,10.0,0.5,DA-BALS-Adaptive,103,93.20388349514563,0.9708737864077669,5.825242718446602,0.0
222,0.2,10.0,0.5,DA-BALS-Stabilized,103,95.14563106796116,0.9708737864077669,3.8834951456310676,0.0
222,0.2,10.0,1.0,DA-BALS-NoMargin,103,95.14563106796116,1.9417475728155338,2.912621359223301,0.0
222,0.2,10.0,1.0,DA-BALS-FixedMargin,103,92.23300970873787,1.9417475728155338,5.825242718446602,0.0
222,0.2,10.0,1.0,DA-BALS-Adaptive,103,92.23300970873787,0.9708737864077669,6.796116504854369,0.0
222,0.2,10.0,1.0,DA-BALS-Stabilized,103,94.1747572815534,1.9417475728155338,3.8834951456310676,0.0
222,0.2,50.0,0.0,DA-BALS-NoMargin,103,96.11650485436894,0.9708737864077669,2.912621359223301,0.0
222,0.2,50.0,0.0,DA-BALS-FixedMargin,103,94.1747572815534,0.0,5.825242718446602,0.0
222,0.2,50.0,0.0,DA-BALS-Adaptive,103,95.14563106796116,0.0,4.854368932038835,0.0
222,0.2,50.0,0.0,DA-BALS-Stabilized,103,96.11650485436894,0.9708737864077669,2.912621359223301,0.0
222,0.2,50.0,0.5,DA-BALS-NoMargin,103,95.14563106796116,1.9417475728155338,2.912621359223301,0.0
222,0.2,50.0,0.5,DA-BALS-FixedMargin,103,93.20388349514563,0.9708737864077669,5.825242718446602,0.0
222,0.2,50.0,0.5,DA-BALS-Adaptive,103,93.20388349514563,0.9708737864077669,5.825242718446602,0.0
222,0.2,50.0,0.5,DA-BALS-Stabilized,103,95.14563106796116,0.9708737864077669,3.8834951456310676,0.0
222,0.2,50.0,1.0,DA-BALS-NoMargin,103,95.14563106796116,1.9417475728155338,2.912621359223301,0.0
222,0.2,50.0,1.0,DA-BALS-FixedMargin,103,92.23300970873787,1.9417475728155338,5.825242718446602,0.0
222,0.2,50.0,1.0,DA-BALS-Adaptive,103,92.23300970873787,0.9708737864077669,6.796116504854369,0.0
222,0.2,50.0,1.0,DA-BALS-Stabilized,103,94.1747572815534,1.9417475728155338,3.8834951456310676,0.0
222,0.4,0.0,0.0,DA-BALS-NoMargin,223,89.23766816143498,1.7937219730941705,8.968609865470851,0.0
222,0.4,0.0,0.0,DA-BALS-FixedMargin,223,85.65022421524664,0.0,14.349775784753364,0.0
222,0.4,0.0,0.0,DA-BALS-Adaptive,223,89.68609865470853,0.4484304932735426,9.865470852017937,0.0
222,0.4,0.0,0.0,DA-BALS-Stabilized,223,89.23766816143498,1.7937219730941705,8.968609865470851,0.0
222,0.4,0.0,0.5,DA-BALS-NoMargin,223,89.23766816143498,1.7937219730941705,8.968609865470851,0.0
222,0.4,0.0,0.5,DA-BALS-FixedMargin,223,85.65022421524664,0.0,14.349775784753364,0.0
222,0.4,0.0,0.5,DA-BALS-Adaptive,223,82.51121076233184,0.8968609865470852,16.591928251121075,0.0
222,0.4,0.0,0.5,DA-BALS-Stabilized,223,89.23766816143498,1.7937219730941705,8.968609865470851,0.0
222,0.4,0.0,1.0,DA-BALS-NoMargin,223,86.54708520179372,4.484304932735426,8.968609865470851,0.0
222,0.4,0.0,1.0,DA-BALS-FixedMargin,223,82.51121076233184,3.1390134529147984,14.349775784753364,0.0
222,0.4,0.0,1.0,DA-BALS-Adaptive,223,76.23318385650224,1.7937219730941705,21.973094170403588,0.0
222,0.4,0.0,1.0,DA-BALS-Stabilized,223,86.54708520179372,3.587443946188341,9.865470852017937,0.0
222,0.4,10.0,0.0,DA-BALS-NoMargin,223,89.23766816143498,1.7937219730941705,8.968609865470851,0.0
222,0.4,10.0,0.0,DA-BALS-FixedMargin,223,85.65022421524664,0.0,14.349775784753364,0.0
222,0.4,10.0,0.0,DA-BALS-Adaptive,223,89.68609865470853,0.4484304932735426,9.865470852017937,0.0
222,0.4,10.0,0.0,DA-BALS-Stabilized,223,89.23766816143498,1.7937219730941705,8.968609865470851,0.0
222,0.4,10.0,0.5,DA-BALS-NoMargin,223,89.23766816143498,1.7937219730941705,8.968609865470851,0.0
222,0.4,10.0,0.5,DA-BALS-FixedMargin,223,85.65022421524664,0.0,14.349775784753364,0.0
222,0.4,10.0,0.5,DA-BALS-Adaptive,223,82.51121076233184,0.8968609865470852,16.591928251121075,0.0
222,0.4,10.0,0.5,DA-BALS-Stabilized,223,89.23766816143498,1.7937219730941705,8.968609865470851,0.0
222,0.4,10.0,1.0,DA-BALS-NoMargin,223,86.54708520179372,4.484304932735426,8.968609865470851,0.0
222,0.4,10.0,1.0,DA-BALS-FixedMargin,223,82.51121076233184,3.1390134529147984,14.349775784753364,0.0
222,0.4,10.0,1.0,DA-BALS-Adaptive,223,76.23318385650224,1.7937219730941705,21.973094170403588,0.0
222,0.4,10.0,1.0,DA-BALS-Stabilized,223,86.54708520179372,4.0358744394618835,9.417040358744394,0.0
222,0.4,50.0,0.0,DA-BALS-NoMargin,223,89.23766816143498,1.7937219730941705,8.968609865470851,0.0
222,0.4,50.0,0.0,DA-BALS-FixedMargin,223,85.65022421524664,0.0,14.349775784753364,0.0
222,0.4,50.0,0.0,DA-BALS-Adaptive,223,89.68609865470853,0.4484304932735426,9.865470852017937,0.0
222,0.4,50.0,0.0,DA-BALS-Stabilized,223,89.23766816143498,1.7937219730941705,8.968609865470851,0.0
222,0.4,50.0,0.5,DA-BALS-NoMargin,223,89.23766816143498,1.7937219730941705,8.968609865470851,0.0
222,0.4,50.0,0.5,DA-BALS-FixedMargin,223,85.65022421524664,0.0,14.349775784753364,0.0
222,0.4,50.0,0.5,DA-BALS-Adaptive,223,82.51121076233184,0.8968609865470852,16.591928251121075,0.0
222,0.4,50.0,0.5,DA-BALS-Stabilized,223,89.23766816143498,1.7937219730941705,8.968609865470851,0.0
222,0.4,50.0,1.0,DA-BALS-NoMargin,223,86.54708520179372,4.484304932735426,8.968609865470851,0.0
222,0.4,50.0,1.0,DA-BALS-FixedMargin,223,82.51121076233184,3.1390134529147984,14.349775784753364,0.0
222,0.4,50.0,1.0,DA-BALS-Adaptive,223,76.23318385650224,1.7937219730941705,21.973094170403588,0.0
222,0.4,50.0,1.0,DA-BALS-Stabilized,223,86.54708520179372,4.0358744394618835,9.417040358744394,0.0
222,0.6,0.0,0.0,DA-BALS-NoMargin,280,89.28571428571429,0.0,10.714285714285714,0.0
222,0.6,0.0,0.0,DA-BALS-FixedMargin,280,85.35714285714285,0.0,14.642857142857144,0.0
222,0.6,0.0,0.0,DA-BALS-Adaptive,280,88.92857142857142,0.0,11.071428571428571,0.0
222,0.6,0.0,0.0,DA-BALS-Stabilized,280,89.28571428571429,0.0,10.714285714285714,0.0
222,0.6,0.0,0.5,DA-BALS-NoMargin,280,88.21428571428571,1.0714285714285714,10.714285714285714,0.0
222,0.6,0.0,0.5,DA-BALS-FixedMargin,280,84.64285714285714,0.7142857142857143,14.642857142857144,0.0
222,0.6,0.0,0.5,DA-BALS-Adaptive,280,86.07142857142858,0.7142857142857143,13.214285714285715,0.0
222,0.6,0.0,0.5,DA-BALS-Stabilized,280,87.85714285714286,1.0714285714285714,11.071428571428571,0.0
222,0.6,0.0,1.0,DA-BALS-NoMargin,280,85.71428571428571,3.571428571428571,10.714285714285714,0.0
222,0.6,0.0,1.0,DA-BALS-FixedMargin,280,82.85714285714286,2.5,14.642857142857144,0.0
222,0.6,0.0,1.0,DA-BALS-Adaptive,280,81.42857142857143,1.7857142857142856,16.785714285714285,0.0
222,0.6,0.0,1.0,DA-BALS-Stabilized,280,85.35714285714285,3.571428571428571,11.071428571428571,0.0
222,0.6,10.0,0.0,DA-BALS-NoMargin,280,89.28571428571429,0.0,10.714285714285714,0.0
222,0.6,10.0,0.0,DA-BALS-FixedMargin,280,85.35714285714285,0.0,14.642857142857144,0.0
222,0.6,10.0,0.0,DA-BALS-Adaptive,280,88.92857142857142,0.0,11.071428571428571,0.0
222,0.6,10.0,0.0,DA-BALS-Stabilized,280,89.28571428571429,0.0,10.714285714285714,0.0
222,0.6,10.0,0.5,DA-BALS-NoMargin,280,88.21428571428571,1.0714285714285714,10.714285714285714,0.0
222,0.6,10.0,0.5,DA-BALS-FixedMargin,280,84.64285714285714,0.7142857142857143,14.642857142857144,0.0
222,0.6,10.0,0.5,DA-BALS-Adaptive,280,86.07142857142858,0.7142857142857143,13.214285714285715,0.0
222,0.6,10.0,0.5,DA-BALS-Stabilized,280,87.85714285714286,1.0714285714285714,11.071428571428571,0.0
222,0.6,10.0,1.0,DA-BALS-NoMargin,280,85.71428571428571,3.571428571428571,10.714285714285714,0.0
222,0.6,10.0,1.0,DA-BALS-FixedMargin,280,82.85714285714286,2.5,14.642857142857144,0.0
222,0.6,10.0,1.0,DA-BALS-Adaptive,280,81.42857142857143,1.7857142857142856,16.785714285714285,0.0
222,0.6,10.0,1.0,DA-BALS-Stabilized,280,85.35714285714285,3.571428571428571,11.071428571428571,0.0
222,0.6,50.0,0.0,DA-BALS-NoMargin,280,89.28571428571429,0.0,10.714285714285714,0.0
222,0.6,50.0,0.0,DA-BALS-FixedMargin,280,85.35714285714285,0.0,14.642857142857144,0.0
222,0.6,50.0,0.0,DA-BALS-Adaptive,280,88.92857142857142,0.0,11.071428571428571,0.0
222,0.6,50.0,0.0,DA-BALS-Stabilized,280,89.28571428571429,0.0,10.714285714285714,0.0
222,0.6,50.0,0.5,DA-BALS-NoMargin,280,88.21428571428571,1.0714285714285714,10.714285714285714,0.0
222,0.6,50.0,0.5,DA-BALS-FixedMargin,280,84.64285714285714,0.7142857142857143,14.642857142857144,0.0
222,0.6,50.0,0.5,DA-BALS-Adaptive,280,86.07142857142858,0.7142857142857143,13.214285714285715,0.0
222,0.6,50.0,0.5,DA-BALS-Stabilized,280,87.85714285714286,1.0714285714285714,11.071428571428571,0.0
222,0.6,50.0,1.0,DA-BALS-NoMargin,280,85.71428571428571,3.571428571428571,10.714285714285714,0.0
222,0.6,50.0,1.0,DA-BALS-FixedMargin,280,82.85714285714286,2.5,14.642857142857144,0.0
222,0.6,50.0,1.0,DA-BALS-Adaptive,280,81.42857142857143,1.7857142857142856,16.785714285714285,0.0
222,0.6,50.0,1.0,DA-BALS-Stabilized,280,85.35714285714285,3.571428571428571,11.071428571428571,0.0
222,0.8,0.0,0.0,DA-BALS-NoMargin,389,85.08997429305913,0.2570694087403599,14.652956298200515,0.0
222,0.8,0.0,0.0,DA-BALS-FixedMargin,389,79.69151670951156,0.0,20.308483290488432,0.0
222,0.8,0.0,0.0,DA-BALS-Adaptive,389,83.03341902313625,0.0,16.966580976863753,0.0
222,0.8,0.0,0.0,DA-BALS-Stabilized,389,84.57583547557842,0.2570694087403599,15.167095115681233,0.0
222,0.8,0.0,0.5,DA-BALS-NoMargin,389,83.03341902313625,2.313624678663239,14.652956298200515,0.0
222,0.8,0.0,0.5,DA-BALS-FixedMargin,389,78.9203084832905,0.7712082262210797,20.308483290488432,0.0
222,0.8,0.0,0.5,DA-BALS-Adaptive,389,80.20565552699229,1.0282776349614395,18.76606683804627,0.0
222,0.8,0.0,0.5,DA-BALS-Stabilized,389,82.26221079691517,2.313624678663239,15.424164524421593,0.0
222,0.8,0.0,1.0,DA-BALS-NoMargin,389,81.49100257069408,3.5989717223650386,14.910025706940875,0.0
222,0.8,0.0,1.0,DA-BALS-FixedMargin,389,77.6349614395887,1.2853470437017995,21.079691516709513,0.0
222,0.8,0.0,1.0,DA-BALS-Adaptive,389,76.09254498714652,1.2853470437017995,22.62210796915167,0.0
222,0.8,0.0,1.0,DA-BALS-Stabilized,389,80.97686375321337,2.570694087403599,16.452442159383033,0.0
222,0.8,10.0,0.0,DA-BALS-NoMargin,389,85.08997429305913,0.2570694087403599,14.652956298200515,0.0
222,0.8,10.0,0.0,DA-BALS-FixedMargin,389,79.69151670951156,0.0,20.308483290488432,0.0
222,0.8,10.0,0.0,DA-BALS-Adaptive,389,83.03341902313625,0.0,16.966580976863753,0.0
222,0.8,10.0,0.0,DA-BALS-Stabilized,389,84.57583547557842,0.2570694087403599,15.167095115681233,0.0
222,0.8,10.0,0.5,DA-BALS-NoMargin,389,83.03341902313625,2.313624678663239,14.652956298200515,0.0
222,0.8,10.0,0.5,DA-BALS-FixedMargin,389,78.9203084832905,0.7712082262210797,20.308483290488432,0.0
222,0.8,10.0,0.5,DA-BALS-Adaptive,389,80.20565552699229,1.0282776349614395,18.76606683804627,0.0
222,0.8,10.0,0.5,DA-BALS-Stabilized,389,82.26221079691517,2.313624678663239,15.424164524421593,0.0
222,0.8,10.0,1.0,DA-BALS-NoMargin,389,81.49100257069408,3.8560411311053984,14.652956298200515,0.0
222,0.8,10.0,1.0,DA-BALS-FixedMargin,389,77.89203084832906,1.7994858611825193,20.308483290488432,0.0
222,0.8,10.0,1.0,DA-BALS-Adaptive,389,71.97943444730078,1.7994858611825193,26.221079691516707,0.0
222,0.8,10.0,1.0,DA-BALS-Stabilized,389,80.719794344473,3.0848329048843186,16.195372750642672,0.0
222,0.8,50.0,0.0,DA-BALS-NoMargin,389,85.08997429305913,0.2570694087403599,14.652956298200515,0.0
222,0.8,50.0,0.0,DA-BALS-FixedMargin,389,79.69151670951156,0.0,20.308483290488432,0.0
222,0.8,50.0,0.0,DA-BALS-Adaptive,389,83.03341902313625,0.0,16.966580976863753,0.0
222,0.8,50.0,0.0,DA-BALS-Stabilized,389,84.57583547557842,0.2570694087403599,15.167095115681233,0.0
222,0.8,50.0,0.5,DA-BALS-NoMargin,389,83.03341902313625,2.313624678663239,14.652956298200515,0.0
222,0.8,50.0,0.5,DA-BALS-FixedMargin,389,78.9203084832905,0.7712082262210797,20.308483290488432,0.0
222,0.8,50.0,0.5,DA-BALS-Adaptive,389,80.20565552699229,1.0282776349614395,18.76606683804627,0.0
222,0.8,50.0,0.5,DA-BALS-Stabilized,389,82.26221079691517,2.313624678663239,15.424164524421593,0.0
222,0.8,50.0,1.0,DA-BALS-NoMargin,389,81.49100257069408,3.8560411311053984,14.652956298200515,0.0
222,0.8,50.0,1.0,DA-BALS-FixedMargin,389,77.89203084832906,1.7994858611825193,20.308483290488432,0.0
222,0.8,50.0,1.0,DA-BALS-Adaptive,389,71.97943444730078,1.7994858611825193,26.221079691516707,0.0
222,0.8,50.0,1.0,DA-BALS-Stabilized,389,80.719794344473,3.0848329048843186,16.195372750642672,0.0
222,1.0,0.0,0.0,DA-BALS-NoMargin,483,78.88198757763976,0.8281573498964804,20.28985507246377,0.0
222,1.0,0.0,0.0,DA-BALS-FixedMargin,483,75.77639751552795,0.4140786749482402,23.809523809523807,0.0
222,1.0,0.0,0.0,DA-BALS-Adaptive,483,77.84679089026915,0.4140786749482402,21.73913043478261,0.0
222,1.0,0.0,0.0,DA-BALS-Stabilized,483,78.4679089026915,0.6211180124223602,20.910973084886127,0.0
222,1.0,0.0,0.5,DA-BALS-NoMargin,483,77.4327122153209,2.2774327122153206,20.28985507246377,0.0
222,1.0,0.0,0.5,DA-BALS-FixedMargin,483,74.74120082815735,1.4492753623188406,23.809523809523807,0.0
222,1.0,0.0,0.5,DA-BALS-Adaptive,483,75.36231884057972,1.4492753623188406,23.18840579710145,0.0
222,1.0,0.0,0.5,DA-BALS-Stabilized,483,76.81159420289855,1.8633540372670807,21.325051759834366,0.0
222,1.0,0.0,1.0,DA-BALS-NoMargin,483,74.12008281573499,5.175983436853002,20.70393374741201,0.0
222,1.0,0.0,1.0,DA-BALS-FixedMargin,483,71.01449275362319,4.554865424430641,24.43064182194617,0.0
222,1.0,0.0,1.0,DA-BALS-Adaptive,483,59.8343685300207,2.2774327122153206,37.88819875776397,0.0
222,1.0,0.0,1.0,DA-BALS-Stabilized,483,73.08488612836439,4.554865424430641,22.36024844720497,0.0
222,1.0,10.0,0.0,DA-BALS-NoMargin,483,78.88198757763976,0.8281573498964804,20.28985507246377,0.0
222,1.0,10.0,0.0,DA-BALS-FixedMargin,483,75.77639751552795,0.4140786749482402,23.809523809523807,0.0
222,1.0,10.0,0.0,DA-BALS-Adaptive,483,77.84679089026915,0.4140786749482402,21.73913043478261,0.0
222,1.0,10.0,0.0,DA-BALS-Stabilized,483,78.4679089026915,0.6211180124223602,20.910973084886127,0.0
222,1.0,10.0,0.5,DA-BALS-NoMargin,483,77.4327122153209,2.2774327122153206,20.28985507246377,0.0
222,1.0,10.0,0.5,DA-BALS-FixedMargin,483,74.74120082815735,1.4492753623188406,23.809523809523807,0.0
222,1.0,10.0,0.5,DA-BALS-Adaptive,483,75.36231884057972,1.4492753623188406,23.18840579710145,0.0
222,1.0,10.0,0.5,DA-BALS-Stabilized,483,76.81159420289855,1.8633540372670807,21.325051759834366,0.0
222,1.0,10.0,1.0,DA-BALS-NoMargin,483,74.12008281573499,5.383022774327122,20.496894409937887,0.0
222,1.0,10.0,1.0,DA-BALS-FixedMargin,483,71.01449275362319,4.968944099378882,24.016563146997928,0.0
222,1.0,10.0,1.0,DA-BALS-Adaptive,483,61.904761904761905,2.070393374741201,36.024844720496894,0.0
222,1.0,10.0,1.0,DA-BALS-Stabilized,483,73.08488612836439,4.761904761904762,22.15320910973085,0.0
222,1.0,50.0,0.0,DA-BALS-NoMargin,483,78.88198757763976,0.8281573498964804,20.28985507246377,0.0
222,1.0,50.0,0.0,DA-BALS-FixedMargin,483,75.77639751552795,0.4140786749482402,23.809523809523807,0.0
222,1.0,50.0,0.0,DA-BALS-Adaptive,483,77.84679089026915,0.4140786749482402,21.73913043478261,0.0
222,1.0,50.0,0.0,DA-BALS-Stabilized,483,78.4679089026915,0.6211180124223602,20.910973084886127,0.0
222,1.0,50.0,0.5,DA-BALS-NoMargin,483,77.4327122153209,2.2774327122153206,20.28985507246377,0.0
222,1.0,50.0,0.5,DA-BALS-FixedMargin,483,74.74120082815735,1.4492753623188406,23.809523809523807,0.0
222,1.0,50.0,0.5,DA-BALS-Adaptive,483,75.36231884057972,1.4492753623188406,23.18840579710145,0.0
222,1.0,50.0,0.5,DA-BALS-Stabilized,483,76.81159420289855,1.8633540372670807,21.325051759834366,0.0
222,1.0,50.0,1.0,DA-BALS-NoMargin,483,74.12008281573499,5.590062111801243,20.28985507246377,0.0
222,1.0,50.0,1.0,DA-BALS-FixedMargin,483,71.2215320910973,4.968944099378882,23.809523809523807,0.0
222,1.0,50.0,1.0,DA-BALS-Adaptive,483,62.11180124223602,2.070393374741201,35.81780538302277,0.0
222,1.0,50.0,1.0,DA-BALS-Stabilized,483,73.08488612836439,4.968944099378882,21.94616977225673,0.0
222,1.2,0.0,0.0,DA-BALS-NoMargin,590,72.54237288135593,1.0169491525423728,26.440677966101696,0.0
222,1.2,0.0,0.0,DA-BALS-FixedMargin,590,69.32203389830508,0.1694915254237288,30.508474576271187,0.0
222,1.2,0.0,0.0,DA-BALS-Adaptive,590,71.52542372881356,0.1694915254237288,28.30508474576271,0.0
222,1.2,0.0,0.0,DA-BALS-Stabilized,590,72.37288135593221,0.847457627118644,26.779661016949152,0.0
222,1.2,0.0,0.5,DA-BALS-NoMargin,590,71.01694915254238,2.5423728813559325,26.440677966101696,0.0
222,1.2,0.0,0.5,DA-BALS-FixedMargin,590,68.64406779661016,0.847457627118644,30.508474576271187,0.0
222,1.2,0.0,0.5,DA-BALS-Adaptive,590,69.49152542372882,1.3559322033898304,29.152542372881356,0.0
222,1.2,0.0,0.5,DA-BALS-Stabilized,590,70.84745762711864,2.0338983050847457,27.11864406779661,0.0
222,1.2,0.0,1.0,DA-BALS-NoMargin,590,69.32203389830508,4.067796610169491,26.610169491525426,0.0
222,1.2,0.0,1.0,DA-BALS-FixedMargin,590,66.94915254237289,2.2033898305084745,30.847457627118647,0.0
222,1.2,0.0,1.0,DA-BALS-Adaptive,590,65.42372881355932,2.0338983050847457,32.54237288135593,0.0
222,1.2,0.0,1.0,DA-BALS-Stabilized,590,68.64406779661016,3.898305084745763,27.45762711864407,0.0
222,1.2,10.0,0.0,DA-BALS-NoMargin,590,72.54237288135593,1.0169491525423728,26.440677966101696,0.0
222,1.2,10.0,0.0,DA-BALS-FixedMargin,590,69.32203389830508,0.1694915254237288,30.508474576271187,0.0
222,1.2,10.0,0.0,DA-BALS-Adaptive,590,71.52542372881356,0.1694915254237288,28.30508474576271,0.0
222,1.2,10.0,0.0,DA-BALS-Stabilized,590,72.37288135593221,0.847457627118644,26.779661016949152,0.0
222,1.2,10.0,0.5,DA-BALS-NoMargin,590,71.01694915254238,2.5423728813559325,26.440677966101696,0.0
222,1.2,10.0,0.5,DA-BALS-FixedMargin,590,68.64406779661016,0.847457627118644,30.508474576271187,0.0
222,1.2,10.0,0.5,DA-BALS-Adaptive,590,69.49152542372882,1.1864406779661016,29.322033898305083,0.0
222,1.2,10.0,0.5,DA-BALS-Stabilized,590,70.84745762711864,2.0338983050847457,27.11864406779661,0.0
222,1.2,10.0,1.0,DA-BALS-NoMargin,590,69.15254237288136,4.406779661016949,26.440677966101696,0.0
222,1.2,10.0,1.0,DA-BALS-FixedMargin,590,66.94915254237289,2.5423728813559325,30.508474576271187,0.0
222,1.2,10.0,1.0,DA-BALS-Adaptive,590,65.42372881355932,1.694915254237288,32.88135593220339,0.0
222,1.2,10.0,1.0,DA-BALS-Stabilized,590,68.8135593220339,3.898305084745763,27.288135593220336,0.0
222,1.2,50.0,0.0,DA-BALS-NoMargin,590,72.54237288135593,1.0169491525423728,26.440677966101696,0.0
222,1.2,50.0,0.0,DA-BALS-FixedMargin,590,69.32203389830508,0.1694915254237288,30.508474576271187,0.0
222,1.2,50.0,0.0,DA-BALS-Adaptive,590,71.52542372881356,0.1694915254237288,28.30508474576271,0.0
222,1.2,50.0,0.0,DA-BALS-Stabilized,590,72.37288135593221,0.847457627118644,26.779661016949152,0.0
222,1.2,50.0,0.5,DA-BALS-NoMargin,590,71.01694915254238,2.5423728813559325,26.440677966101696,0.0
222,1.2,50.0,0.5,DA-BALS-FixedMargin,590,68.64406779661016,0.847457627118644,30.508474576271187,0.0
222,1.2,50.0,0.5,DA-BALS-Adaptive,590,69.49152542372882,1.1864406779661016,29.322033898305083,0.0
222,1.2,50.0,0.5,DA-BALS-Stabilized,590,70.84745762711864,2.0338983050847457,27.11864406779661,0.0
222,1.2,50.0,1.0,DA-BALS-NoMargin,590,69.15254237288136,4.406779661016949,26.440677966101696,0.0
222,1.2,50.0,1.0,DA-BALS-FixedMargin,590,66.94915254237289,2.5423728813559325,30.508474576271187,0.0
222,1.2,50.0,1.0,DA-BALS-Adaptive,590,65.42372881355932,1.694915254237288,32.88135593220339,0.0
222,1.2,50.0,1.0,DA-BALS-Stabilized,590,68.8135593220339,3.898305084745763,27.288135593220336,0.0
223,0.2,0.0,0.0,DA-BALS-NoMargin,127,97.63779527559055,0.7874015748031495,1.574803149606299,0.0
223,0.2,0.0,0.0,DA-BALS-FixedMargin,127,93.7007874015748,0.0,6.299212598425196,0.0
223,0.2,0.0,0.0,DA-BALS-Adaptive,127,96.8503937007874,0.0,3.149606299212598,0.0
223,0.2,0.0,0.0,DA-BALS-Stabilized,127,97.63779527559055,0.7874015748031495,1.574803149606299,0.0
223,0.2,0.0,0.5,DA-BALS-NoMargin,127,96.8503937007874,1.574803149606299,1.574803149606299,0.0
223,0.2,0.0,0.5,DA-BALS-FixedMargin,127,93.7007874015748,0.0,6.299212598425196,0.0
223,0.2,0.0,0.5,DA-BALS-Adaptive,127,94.48818897637796,1.574803149606299,3.937007874015748,0.0
223,0.2,0.0,0.5,DA-BALS-Stabilized,127,96.8503937007874,1.574803149606299,1.574803149606299,0.0
223,0.2,0.0,1.0,DA-BALS-NoMargin,127,96.06299212598425,1.574803149606299,2.3622047244094486,0.0
223,0.2,0.0,1.0,DA-BALS-FixedMargin,127,92.91338582677166,0.0,7.086614173228346,0.0
223,0.2,0.0,1.0,DA-BALS-Adaptive,127,91.33858267716536,0.7874015748031495,7.874015748031496,0.0
223,0.2,0.0,1.0,DA-BALS-Stabilized,127,96.06299212598425,1.574803149606299,2.3622047244094486,0.0
223,0.2,10.0,0.0,DA-BALS-NoMargin,127,97.63779527559055,0.7874015748031495,1.574803149606299,0.0
223,0.2,10.0,0.0,DA-BALS-FixedMargin,127,93.7007874015748,0.0,6.299212598425196,0.0
223,0.2,10.0,0.0,DA-BALS-Adaptive,127,96.8503937007874,0.0,3.149606299212598,0.0
223,0.2,10.0,0.0,DA-BALS-Stabilized,127,97.63779527559055,0.7874015748031495,1.574803149606299,0.0
223,0.2,10.0,0.5,DA-BALS-NoMargin,127,96.8503937007874,1.574803149606299,1.574803149606299,0.0
223,0.2,10.0,0.5,DA-BALS-FixedMargin,127,93.7007874015748,0.0,6.299212598425196,0.0
223,0.2,10.0,0.5,DA-BALS-Adaptive,127,94.48818897637796,1.574803149606299,3.937007874015748,0.0
223,0.2,10.0,0.5,DA-BALS-Stabilized,127,96.8503937007874,1.574803149606299,1.574803149606299,0.0
223,0.2,10.0,1.0,DA-BALS-NoMargin,127,96.06299212598425,1.574803149606299,2.3622047244094486,0.0
223,0.2,10.0,1.0,DA-BALS-FixedMargin,127,92.91338582677166,0.0,7.086614173228346,0.0
223,0.2,10.0,1.0,DA-BALS-Adaptive,127,91.33858267716536,0.7874015748031495,7.874015748031496,0.0
223,0.2,10.0,1.0,DA-BALS-Stabilized,127,96.06299212598425,1.574803149606299,2.3622047244094486,0.0
223,0.2,50.0,0.0,DA-BALS-NoMargin,127,97.63779527559055,0.7874015748031495,1.574803149606299,0.0
223,0.2,50.0,0.0,DA-BALS-FixedMargin,127,93.7007874015748,0.0,6.299212598425196,0.0
223,0.2,50.0,0.0,DA-BALS-Adaptive,127,96.8503937007874,0.0,3.149606299212598,0.0
223,0.2,50.0,0.0,DA-BALS-Stabilized,127,97.63779527559055,0.7874015748031495,1.574803149606299,0.0
223,0.2,50.0,0.5,DA-BALS-NoMargin,127,96.8503937007874,1.574803149606299,1.574803149606299,0.0
223,0.2,50.0,0.5,DA-BALS-FixedMargin,127,93.7007874015748,0.0,6.299212598425196,0.0
223,0.2,50.0,0.5,DA-BALS-Adaptive,127,94.48818897637796,1.574803149606299,3.937007874015748,0.0
223,0.2,50.0,0.5,DA-BALS-Stabilized,127,96.8503937007874,1.574803149606299,1.574803149606299,0.0
223,0.2,50.0,1.0,DA-BALS-NoMargin,127,96.06299212598425,2.3622047244094486,1.574803149606299,0.0
223,0.2,50.0,1.0,DA-BALS-FixedMargin,127,92.91338582677166,0.7874015748031495,6.299212598425196,0.0
223,0.2,50.0,1.0,DA-BALS-Adaptive,127,80.31496062992126,0.7874015748031495,18.89763779527559,0.0
223,0.2,50.0,1.0,DA-BALS-Stabilized,127,95.2755905511811,1.574803149606299,3.149606299212598,0.0
223,0.4,0.0,0.0,DA-BALS-NoMargin,193,94.81865284974094,0.5181347150259068,4.66321243523316,0.0
223,0.4,0.0,0.0,DA-BALS-FixedMargin,193,88.60103626943005,0.0,11.398963730569948,0.0
223,0.4,0.0,0.0,DA-BALS-Adaptive,193,92.74611398963731,0.5181347150259068,6.7357512953367875,0.0
223,0.4,0.0,0.0,DA-BALS-Stabilized,193,94.81865284974094,0.5181347150259068,4.66321243523316,0.0
223,0.4,0.0,0.5,DA-BALS-NoMargin,193,93.26424870466322,2.072538860103627,4.66321243523316,0.0
223,0.4,0.0,0.5,DA-BALS-FixedMargin,193,88.08290155440415,0.5181347150259068,11.398963730569948,0.0
223,0.4,0.0,0.5,DA-BALS-Adaptive,193,92.2279792746114,0.5181347150259068,7.253886010362693,0.0
223,0.4,0.0,0.5,DA-BALS-Stabilized,193,92.74611398963731,1.5544041450777202,5.699481865284974,0.0
223,0.4,0.0,1.0,DA-BALS-NoMargin,193,89.63730569948186,5.699481865284974,4.66321243523316,0.0
223,0.4,0.0,1.0,DA-BALS-FixedMargin,193,84.97409326424871,3.6269430051813467,11.398963730569948,0.0
223,0.4,0.0,1.0,DA-BALS-Adaptive,193,85.49222797927462,4.145077720207254,10.362694300518134,0.0
223,0.4,0.0,1.0,DA-BALS-Stabilized,193,89.11917098445595,5.181347150259067,5.699481865284974,0.0
223,0.4,10.0,0.0,DA-BALS-NoMargin,193,94.81865284974094,0.5181347150259068,4.66321243523316,0.0
223,0.4,10.0,0.0,DA-BALS-FixedMargin,193,88.60103626943005,0.0,11.398963730569948,0.0
223,0.4,10.0,0.0,DA-BALS-Adaptive,193,92.74611398963731,0.5181347150259068,6.7357512953367875,0.0
223,0.4,10.0,0.0,DA-BALS-Stabilized,193,94.81865284974094,0.5181347150259068,4.66321243523316,0.0
223,0.4,10.0,0.5,DA-BALS-NoMargin,193,93.26424870466322,2.072538860103627,4.66321243523316,0.0
223,0.4,10.0,0.5,DA-BALS-FixedMargin,193,88.08290155440415,0.5181347150259068,11.398963730569948,0.0
223,0.4,10.0,0.5,DA-BALS-Adaptive,193,92.2279792746114,0.5181347150259068,7.253886010362693,0.0
223,0.4,10.0,0.5,DA-BALS-Stabilized,193,92.74611398963731,1.5544041450777202,5.699481865284974,0.0
223,0.4,10.0,1.0,DA-BALS-NoMargin,193,89.63730569948186,5.699481865284974,4.66321243523316,0.0
223,0.4,10.0,1.0,DA-BALS-FixedMargin,193,84.97409326424871,3.6269430051813467,11.398963730569948,0.0
223,0.4,10.0,1.0,DA-BALS-Adaptive,193,85.49222797927462,4.145077720207254,10.362694300518134,0.0
223,0.4,10.0,1.0,DA-BALS-Stabilized,193,89.11917098445595,5.181347150259067,5.699481865284974,0.0
223,0.4,50.0,0.0,DA-BALS-NoMargin,193,94.81865284974094,0.5181347150259068,4.66321243523316,0.0
223,0.4,50.0,0.0,DA-BALS-FixedMargin,193,88.60103626943005,0.0,11.398963730569948,0.0
223,0.4,50.0,0.0,DA-BALS-Adaptive,193,92.74611398963731,0.5181347150259068,6.7357512953367875,0.0
223,0.4,50.0,0.0,DA-BALS-Stabilized,193,94.81865284974094,0.5181347150259068,4.66321243523316,0.0
223,0.4,50.0,0.5,DA-BALS-NoMargin,193,93.26424870466322,2.072538860103627,4.66321243523316,0.0
223,0.4,50.0,0.5,DA-BALS-FixedMargin,193,88.08290155440415,0.5181347150259068,11.398963730569948,0.0
223,0.4,50.0,0.5,DA-BALS-Adaptive,193,92.2279792746114,0.5181347150259068,7.253886010362693,0.0
223,0.4,50.0,0.5,DA-BALS-Stabilized,193,92.74611398963731,1.5544041450777202,5.699481865284974,0.0
223,0.4,50.0,1.0,DA-BALS-NoMargin,193,89.63730569948186,5.699481865284974,4.66321243523316,0.0
223,0.4,50.0,1.0,DA-BALS-FixedMargin,193,84.97409326424871,3.6269430051813467,11.398963730569948,0.0
223,0.4,50.0,1.0,DA-BALS-Adaptive,193,85.49222797927462,4.145077720207254,10.362694300518134,0.0
223,0.4,50.0,1.0,DA-BALS-Stabilized,193,89.11917098445595,5.181347150259067,5.699481865284974,0.0
223,0.6,0.0,0.0,DA-BALS-NoMargin,298,89.93288590604027,1.006711409395973,9.060402684563758,0.0
223,0.6,0.0,0.0,DA-BALS-FixedMargin,298,87.58389261744966,0.0,12.416107382550337,0.0
223,0.6,0.0,0.0,DA-BALS-Adaptive,298,89.59731543624162,0.33557046979865773,10.06711409395973,0.0
223,0.6,0.0,0.0,DA-BALS-Stabilized,298,90.26845637583892,0.33557046979865773,9.395973154362416,0.0
223,0.6,0.0,0.5,DA-BALS-NoMargin,298,88.25503355704699,2.684563758389262,9.060402684563758,0.0
223,0.6,0.0,0.5,DA-BALS-FixedMargin,298,86.24161073825503,1.342281879194631,12.416107382550337,0.0
223,0.6,0.0,0.5,DA-BALS-Adaptive,298,87.58389261744966,1.342281879194631,11.073825503355705,0.0
223,0.6,0.0,0.5,DA-BALS-Stabilized,298,88.59060402684564,1.6778523489932886,9.731543624161073,0.0
223,0.6,0.0,1.0,DA-BALS-NoMargin,298,86.24161073825503,4.026845637583892,9.731543624161073,0.0
223,0.6,0.0,1.0,DA-BALS-FixedMargin,298,85.23489932885906,2.013422818791946,12.751677852348994,0.0
223,0.6,0.0,1.0,DA-BALS-Adaptive,298,83.55704697986577,1.6778523489932886,14.76510067114094,0.0
223,0.6,0.0,1.0,DA-BALS-Stabilized,298,86.57718120805369,3.0201342281879198,10.40268456375839,0.0
223,0.6,10.0,0.0,DA-BALS-NoMargin,298,89.93288590604027,1.006711409395973,9.060402684563758,0.0
223,0.6,10.0,0.0,DA-BALS-FixedMargin,298,87.58389261744966,0.0,12.416107382550337,0.0
223,0.6,10.0,0.0,DA-BALS-Adaptive,298,89.59731543624162,0.33557046979865773,10.06711409395973,0.0
223,0.6,10.0,0.0,DA-BALS-Stabilized,298,90.26845637583892,0.33557046979865773,9.395973154362416,0.0
223,0.6,10.0,0.5,DA-BALS-NoMargin,298,88.25503355704699,2.684563758389262,9.060402684563758,0.0
223,0.6,10.0,0.5,DA-BALS-FixedMargin,298,86.24161073825503,1.342281879194631,12.416107382550337,0.0
223,0.6,10.0,0.5,DA-BALS-Adaptive,298,87.58389261744966,1.342281879194631,11.073825503355705,0.0
223,0.6,10.0,0.5,DA-BALS-Stabilized,298,88.59060402684564,1.6778523489932886,9.731543624161073,0.0
223,0.6,10.0,1.0,DA-BALS-NoMargin,298,86.24161073825503,4.026845637583892,9.731543624161073,0.0
223,0.6,10.0,1.0,DA-BALS-FixedMargin,298,85.23489932885906,2.013422818791946,12.751677852348994,0.0
223,0.6,10.0,1.0,DA-BALS-Adaptive,298,83.55704697986577,1.6778523489932886,14.76510067114094,0.0
223,0.6,10.0,1.0,DA-BALS-Stabilized,298,86.57718120805369,3.0201342281879198,10.40268456375839,0.0
223,0.6,50.0,0.0,DA-BALS-NoMargin,298,89.93288590604027,1.006711409395973,9.060402684563758,0.0
223,0.6,50.0,0.0,DA-BALS-FixedMargin,298,87.58389261744966,0.0,12.416107382550337,0.0
223,0.6,50.0,0.0,DA-BALS-Adaptive,298,89.59731543624162,0.33557046979865773,10.06711409395973,0.0
223,0.6,50.0,0.0,DA-BALS-Stabilized,298,90.26845637583892,0.33557046979865773,9.395973154362416,0.0
223,0.6,50.0,0.5,DA-BALS-NoMargin,298,88.25503355704699,2.684563758389262,9.060402684563758,0.0
223,0.6,50.0,0.5,DA-BALS-FixedMargin,298,86.24161073825503,1.342281879194631,12.416107382550337,0.0
223,0.6,50.0,0.5,DA-BALS-Adaptive,298,87.58389261744966,1.342281879194631,11.073825503355705,0.0
223,0.6,50.0,0.5,DA-BALS-Stabilized,298,88.59060402684564,1.6778523489932886,9.731543624161073,0.0
223,0.6,50.0,1.0,DA-BALS-NoMargin,298,86.24161073825503,4.697986577181208,9.060402684563758,0.0
223,0.6,50.0,1.0,DA-BALS-FixedMargin,298,85.23489932885906,2.348993288590604,12.416107382550337,0.0
223,0.6,50.0,1.0,DA-BALS-Adaptive,298,81.20805369127517,2.013422818791946,16.778523489932887,0.0
223,0.6,50.0,1.0,DA-BALS-Stabilized,298,86.57718120805369,3.691275167785235,9.731543624161073,0.0
223,0.8,0.0,0.0,DA-BALS-NoMargin,390,86.66666666666667,0.0,13.333333333333334,0.0
223,0.8,0.0,0.0,DA-BALS-FixedMargin,390,81.28205128205128,0.0,18.71794871794872,0.0
223,0.8,0.0,0.0,DA-BALS-Adaptive,390,85.8974358974359,0.0,14.102564102564102,0.0
223,0.8,0.0,0.0,DA-BALS-Stabilized,390,86.66666666666667,0.0,13.333333333333334,0.0
223,0.8,0.0,0.5,DA-BALS-NoMargin,390,85.12820512820512,1.5384615384615385,13.333333333333334,0.0
223,0.8,0.0,0.5,DA-BALS-FixedMargin,390,81.02564102564102,0.2564102564102564,18.71794871794872,0.0
223,0.8,0.0,0.5,DA-BALS-Adaptive,390,81.7948717948718,0.7692307692307693,17.435897435897434,0.0
223,0.8,0.0,0.5,DA-BALS-Stabilized,390,84.61538461538461,1.282051282051282,14.102564102564102,0.0
223,0.8,0.0,1.0,DA-BALS-NoMargin,390,82.82051282051283,3.5897435897435894,13.58974358974359,0.0
223,0.8,0.0,1.0,DA-BALS-FixedMargin,390,79.23076923076923,1.282051282051282,19.48717948717949,0.0
223,0.8,0.0,1.0,DA-BALS-Adaptive,390,75.8974358974359,1.0256410256410255,23.076923076923077,0.0
223,0.8,0.0,1.0,DA-BALS-Stabilized,390,82.3076923076923,2.564102564102564,15.128205128205128,0.0
223,0.8,10.0,0.0,DA-BALS-NoMargin,390,86.66666666666667,0.0,13.333333333333334,0.0
223,0.8,10.0,0.0,DA-BALS-FixedMargin,390,81.28205128205128,0.0,18.71794871794872,0.0
223,0.8,10.0,0.0,DA-BALS-Adaptive,390,85.8974358974359,0.0,14.102564102564102,0.0
223,0.8,10.0,0.0,DA-BALS-Stabilized,390,86.66666666666667,0.0,13.333333333333334,0.0
223,0.8,10.0,0.5,DA-BALS-NoMargin,390,85.12820512820512,1.5384615384615385,13.333333333333334,0.0
223,0.8,10.0,0.5,DA-BALS-FixedMargin,390,81.02564102564102,0.2564102564102564,18.71794871794872,0.0
223,0.8,10.0,0.5,DA-BALS-Adaptive,390,81.53846153846153,0.7692307692307693,17.692307692307693,0.0
223,0.8,10.0,0.5,DA-BALS-Stabilized,390,84.61538461538461,1.282051282051282,14.102564102564102,0.0
223,0.8,10.0,1.0,DA-BALS-NoMargin,390,83.07692307692308,3.3333333333333335,13.58974358974359,0.0
223,0.8,10.0,1.0,DA-BALS-FixedMargin,390,79.48717948717949,1.5384615384615385,18.974358974358974,0.0
223,0.8,10.0,1.0,DA-BALS-Adaptive,390,73.33333333333333,1.282051282051282,25.384615384615383,0.0
223,0.8,10.0,1.0,DA-BALS-Stabilized,390,82.3076923076923,2.564102564102564,15.128205128205128,0.0
223,0.8,50.0,0.0,DA-BALS-NoMargin,390,86.66666666666667,0.0,13.333333333333334,0.0
223,0.8,50.0,0.0,DA-BALS-FixedMargin,390,81.28205128205128,0.0,18.71794871794872,0.0
223,0.8,50.0,0.0,DA-BALS-Adaptive,390,85.8974358974359,0.0,14.102564102564102,0.0
223,0.8,50.0,0.0,DA-BALS-Stabilized,390,86.66666666666667,0.0,13.333333333333334,0.0
223,0.8,50.0,0.5,DA-BALS-NoMargin,390,85.12820512820512,1.5384615384615385,13.333333333333334,0.0
223,0.8,50.0,0.5,DA-BALS-FixedMargin,390,81.02564102564102,0.2564102564102564,18.71794871794872,0.0
223,0.8,50.0,0.5,DA-BALS-Adaptive,390,81.53846153846153,0.7692307692307693,17.692307692307693,0.0
223,0.8,50.0,0.5,DA-BALS-Stabilized,390,84.61538461538461,1.282051282051282,14.102564102564102,0.0
223,0.8,50.0,1.0,DA-BALS-NoMargin,390,83.07692307692308,3.5897435897435894,13.333333333333334,0.0
223,0.8,50.0,1.0,DA-BALS-FixedMargin,390,79.48717948717949,1.7948717948717947,18.71794871794872,0.0
223,0.8,50.0,1.0,DA-BALS-Adaptive,390,73.58974358974359,1.282051282051282,25.128205128205128,0.0
223,0.8,50.0,1.0,DA-BALS-Stabilized,390,82.3076923076923,2.8205128205128207,14.871794871794872,0.0
223,1.0,0.0,0.0,DA-BALS-NoMargin,508,82.08661417322834,0.39370078740157477,17.519685039370078,0.0
223,1.0,0.0,0.0,DA-BALS-FixedMargin,508,77.95275590551181,0.0,22.04724409448819,0.0
223,1.0,0.0,0.0,DA-BALS-Adaptive,508,80.70866141732283,0.19685039370078738,19.094488188976378,0.0
223,1.0,0.0,0.0,DA-BALS-Stabilized,508,82.08661417322834,0.39370078740157477,17.519685039370078,0.0
223,1.0,0.0,0.5,DA-BALS-NoMargin,508,80.31496062992126,2.1653543307086616,17.519685039370078,0.0
223,1.0,0.0,0.5,DA-BALS-FixedMargin,508,77.75590551181102,0.19685039370078738,22.04724409448819,0.0
223,1.0,0.0,0.5,DA-BALS-Adaptive,508,79.52755905511812,0.7874015748031495,19.68503937007874,0.0
223,1.0,0.0,0.5,DA-BALS-Stabilized,508,80.11811023622047,1.7716535433070866,18.11023622047244,0.0
223,1.0,0.0,1.0,DA-BALS-NoMargin,508,79.13385826771653,3.149606299212598,17.716535433070867,0.0
223,1.0,0.0,1.0,DA-BALS-FixedMargin,508,77.16535433070865,0.7874015748031495,22.04724409448819,0.0
223,1.0,0.0,1.0,DA-BALS-Adaptive,508,77.16535433070865,0.984251968503937,21.8503937007874,0.0
223,1.0,0.0,1.0,DA-BALS-Stabilized,508,78.74015748031496,2.559055118110236,18.700787401574804,0.0
223,1.0,10.0,0.0,DA-BALS-NoMargin,508,82.08661417322834,0.39370078740157477,17.519685039370078,0.0
223,1.0,10.0,0.0,DA-BALS-FixedMargin,508,77.95275590551181,0.0,22.04724409448819,0.0
223,1.0,10.0,0.0,DA-BALS-Adaptive,508,80.70866141732283,0.19685039370078738,19.094488188976378,0.0
223,1.0,10.0,0.0,DA-BALS-Stabilized,508,82.08661417322834,0.39370078740157477,17.519685039370078,0.0
223,1.0,10.0,0.5,DA-BALS-NoMargin,508,80.31496062992126,2.1653543307086616,17.519685039370078,0.0
223,1.0,10.0,0.5,DA-BALS-FixedMargin,508,77.75590551181102,0.19685039370078738,22.04724409448819,0.0
223,1.0,10.0,0.5,DA-BALS-Adaptive,508,79.52755905511812,0.7874015748031495,19.68503937007874,0.0
223,1.0,10.0,0.5,DA-BALS-Stabilized,508,80.11811023622047,1.7716535433070866,18.11023622047244,0.0
223,1.0,10.0,1.0,DA-BALS-NoMargin,508,78.74015748031496,3.740157480314961,17.519685039370078,0.0
223,1.0,10.0,1.0,DA-BALS-FixedMargin,508,77.16535433070865,0.7874015748031495,22.04724409448819,0.0
223,1.0,10.0,1.0,DA-BALS-Adaptive,508,76.96850393700787,0.984251968503937,22.04724409448819,0.0
223,1.0,10.0,1.0,DA-BALS-Stabilized,508,78.54330708661418,2.7559055118110236,18.700787401574804,0.0
223,1.0,50.0,0.0,DA-BALS-NoMargin,508,82.08661417322834,0.39370078740157477,17.519685039370078,0.0
223,1.0,50.0,0.0,DA-BALS-FixedMargin,508,77.95275590551181,0.0,22.04724409448819,0.0
223,1.0,50.0,0.0,DA-BALS-Adaptive,508,80.70866141732283,0.19685039370078738,19.094488188976378,0.0
223,1.0,50.0,0.0,DA-BALS-Stabilized,508,82.08661417322834,0.39370078740157477,17.519685039370078,0.0
223,1.0,50.0,0.5,DA-BALS-NoMargin,508,80.31496062992126,2.1653543307086616,17.519685039370078,0.0
223,1.0,50.0,0.5,DA-BALS-FixedMargin,508,77.75590551181102,0.19685039370078738,22.04724409448819,0.0
223,1.0,50.0,0.5,DA-BALS-Adaptive,508,79.52755905511812,0.7874015748031495,19.68503937007874,0.0
223,1.0,50.0,0.5,DA-BALS-Stabilized,508,80.11811023622047,1.7716535433070866,18.11023622047244,0.0
223,1.0,50.0,1.0,DA-BALS-NoMargin,508,78.74015748031496,3.740157480314961,17.519685039370078,0.0
223,1.0,50.0,1.0,DA-BALS-FixedMargin,508,77.16535433070865,0.7874015748031495,22.04724409448819,0.0
223,1.0,50.0,1.0,DA-BALS-Adaptive,508,76.96850393700787,0.984251968503937,22.04724409448819,0.0
223,1.0,50.0,1.0,DA-BALS-Stabilized,508,78.54330708661418,2.7559055118110236,18.700787401574804,0.0
223,1.2,0.0,0.0,DA-BALS-NoMargin,597,72.36180904522614,0.6700167504187605,26.968174204355112,0.0
223,1.2,0.0,0.0,DA-BALS-FixedMargin,597,69.01172529313233,0.0,30.98827470686767,0.0
223,1.2,0.0,0.0,DA-BALS-Adaptive,597,71.35678391959799,0.5025125628140703,28.14070351758794,0.0
223,1.2,0.0,0.0,DA-BALS-Stabilized,597,72.52931323283082,0.16750418760469013,27.30318257956449,0.0
223,1.2,0.0,0.5,DA-BALS-NoMargin,597,70.35175879396985,2.680067001675042,26.968174204355112,0.0
223,1.2,0.0,0.5,DA-BALS-FixedMargin,597,68.00670016750419,1.0050251256281406,30.98827470686767,0.0
223,1.2,0.0,0.5,DA-BALS-Adaptive,597,68.84422110552764,1.507537688442211,29.64824120603015,0.0
223,1.2,0.0,0.5,DA-BALS-Stabilized,597,70.18425460636516,2.3450586264656614,27.470686767169177,0.0
223,1.2,0.0,1.0,DA-BALS-NoMargin,597,66.49916247906198,5.6951423785594635,27.80569514237856,0.0
223,1.2,0.0,1.0,DA-BALS-FixedMargin,597,65.66164154103853,2.680067001675042,31.65829145728643,0.0
223,1.2,0.0,1.0,DA-BALS-Adaptive,597,61.13902847571189,2.0100502512562812,36.85092127303183,0.0
223,1.2,0.0,1.0,DA-BALS-Stabilized,597,66.66666666666666,4.690117252931323,28.643216080402013,0.0
223,1.2,10.0,0.0,DA-BALS-NoMargin,597,72.36180904522614,0.6700167504187605,26.968174204355112,0.0
223,1.2,10.0,0.0,DA-BALS-FixedMargin,597,69.01172529313233,0.0,30.98827470686767,0.0
223,1.2,10.0,0.0,DA-BALS-Adaptive,597,71.35678391959799,0.5025125628140703,28.14070351758794,0.0
223,1.2,10.0,0.0,DA-BALS-Stabilized,597,72.52931323283082,0.16750418760469013,27.30318257956449,0.0
223,1.2,10.0,0.5,DA-BALS-NoMargin,597,70.35175879396985,2.680067001675042,26.968174204355112,0.0
223,1.2,10.0,0.5,DA-BALS-FixedMargin,597,68.00670016750419,1.0050251256281406,30.98827470686767,0.0
223,1.2,10.0,0.5,DA-BALS-Adaptive,597,68.84422110552764,1.340033500837521,29.81574539363484,0.0
223,1.2,10.0,0.5,DA-BALS-Stabilized,597,70.18425460636516,2.3450586264656614,27.470686767169177,0.0
223,1.2,10.0,1.0,DA-BALS-NoMargin,597,66.49916247906198,6.030150753768844,27.470686767169177,0.0
223,1.2,10.0,1.0,DA-BALS-FixedMargin,597,65.49413735343383,3.1825795644891124,31.32328308207705,0.0
223,1.2,10.0,1.0,DA-BALS-Adaptive,597,62.14405360134003,2.3450586264656614,35.5108877721943,0.0
223,1.2,10.0,1.0,DA-BALS-Stabilized,597,66.33165829145729,5.025125628140704,28.643216080402013,0.0
223,1.2,50.0,0.0,DA-BALS-NoMargin,597,72.36180904522614,0.6700167504187605,26.968174204355112,0.0
223,1.2,50.0,0.0,DA-BALS-FixedMargin,597,69.01172529313233,0.0,30.98827470686767,0.0
223,1.2,50.0,0.0,DA-BALS-Adaptive,597,71.35678391959799,0.5025125628140703,28.14070351758794,0.0
223,1.2,50.0,0.0,DA-BALS-Stabilized,597,72.52931323283082,0.16750418760469013,27.30318257956449,0.0
223,1.2,50.0,0.5,DA-BALS-NoMargin,597,70.35175879396985,2.680067001675042,26.968174204355112,0.0
223,1.2,50.0,0.5,DA-BALS-FixedMargin,597,68.00670016750419,1.0050251256281406,30.98827470686767,0.0
223,1.2,50.0,0.5,DA-BALS-Adaptive,597,68.84422110552764,1.340033500837521,29.81574539363484,0.0
223,1.2,50.0,0.5,DA-BALS-Stabilized,597,70.18425460636516,2.3450586264656614,27.470686767169177,0.0
223,1.2,50.0,1.0,DA-BALS-NoMargin,597,66.33165829145729,6.700167504187604,26.968174204355112,0.0
223,1.2,50.0,1.0,DA-BALS-FixedMargin,597,65.49413735343383,3.5175879396984926,30.98827470686767,0.0
223,1.2,50.0,1.0,DA-BALS-Adaptive,597,62.14405360134003,2.680067001675042,35.175879396984925,0.0
223,1.2,50.0,1.0,DA-BALS-Stabilized,597,65.9966499162479,5.527638190954774,28.475711892797317,0.0
224,0.2,0.0,0.0,DA-BALS-NoMargin,115,95.65217391304348,0.0,4.3478260869565215,0.0
224,0.2,0.0,0.0,DA-BALS-FixedMargin,115,89.56521739130436,0.0,10.434782608695652,0.0
224,0.2,0.0,0.0,DA-BALS-Adaptive,115,95.65217391304348,0.0,4.3478260869565215,0.0
224,0.2,0.0,0.0,DA-BALS-Stabilized,115,95.65217391304348,0.0,4.3478260869565215,0.0
224,0.2,0.0,0.5,DA-BALS-NoMargin,115,93.91304347826087,1.7391304347826086,4.3478260869565215,0.0
224,0.2,0.0,0.5,DA-BALS-FixedMargin,115,89.56521739130436,0.0,10.434782608695652,0.0
224,0.2,0.0,0.5,DA-BALS-Adaptive,115,93.04347826086956,1.7391304347826086,5.217391304347826,0.0
224,0.2,0.0,0.5,DA-BALS-Stabilized,115,93.91304347826087,1.7391304347826086,4.3478260869565215,0.0
224,0.2,0.0,1.0,DA-BALS-NoMargin,115,93.04347826086956,2.608695652173913,4.3478260869565215,0.0
224,0.2,0.0,1.0,DA-BALS-FixedMargin,115,88.69565217391305,0.8695652173913043,10.434782608695652,0.0
224,0.2,0.0,1.0,DA-BALS-Adaptive,115,89.56521739130436,2.608695652173913,7.82608695652174,0.0
224,0.2,0.0,1.0,DA-BALS-Stabilized,115,93.04347826086956,2.608695652173913,4.3478260869565215,0.0
224,0.2,10.0,0.0,DA-BALS-NoMargin,115,95.65217391304348,0.0,4.3478260869565215,0.0
224,0.2,10.0,0.0,DA-BALS-FixedMargin,115,89.56521739130436,0.0,10.434782608695652,0.0
224,0.2,10.0,0.0,DA-BALS-Adaptive,115,95.65217391304348,0.0,4.3478260869565215,0.0
224,0.2,10.0,0.0,DA-BALS-Stabilized,115,95.65217391304348,0.0,4.3478260869565215,0.0
224,0.2,10.0,0.5,DA-BALS-NoMargin,115,93.91304347826087,1.7391304347826086,4.3478260869565215,0.0
224,0.2,10.0,0.5,DA-BALS-FixedMargin,115,89.56521739130436,0.0,10.434782608695652,0.0
224,0.2,10.0,0.5,DA-BALS-Adaptive,115,93.04347826086956,1.7391304347826086,5.217391304347826,0.0
224,0.2,10.0,0.5,DA-BALS-Stabilized,115,93.91304347826087,1.7391304347826086,4.3478260869565215,0.0
224,0.2,10.0,1.0,DA-BALS-NoMargin,115,93.04347826086956,2.608695652173913,4.3478260869565215,0.0
224,0.2,10.0,1.0,DA-BALS-FixedMargin,115,88.69565217391305,0.8695652173913043,10.434782608695652,0.0
224,0.2,10.0,1.0,DA-BALS-Adaptive,115,89.56521739130436,2.608695652173913,7.82608695652174,0.0
224,0.2,10.0,1.0,DA-BALS-Stabilized,115,93.04347826086956,2.608695652173913,4.3478260869565215,0.0
224,0.2,50.0,0.0,DA-BALS-NoMargin,115,95.65217391304348,0.0,4.3478260869565215,0.0
224,0.2,50.0,0.0,DA-BALS-FixedMargin,115,89.56521739130436,0.0,10.434782608695652,0.0
224,0.2,50.0,0.0,DA-BALS-Adaptive,115,95.65217391304348,0.0,4.3478260869565215,0.0
224,0.2,50.0,0.0,DA-BALS-Stabilized,115,95.65217391304348,0.0,4.3478260869565215,0.0
224,0.2,50.0,0.5,DA-BALS-NoMargin,115,93.91304347826087,1.7391304347826086,4.3478260869565215,0.0
224,0.2,50.0,0.5,DA-BALS-FixedMargin,115,89.56521739130436,0.0,10.434782608695652,0.0
224,0.2,50.0,0.5,DA-BALS-Adaptive,115,93.04347826086956,1.7391304347826086,5.217391304347826,0.0
224,0.2,50.0,0.5,DA-BALS-Stabilized,115,93.91304347826087,1.7391304347826086,4.3478260869565215,0.0
224,0.2,50.0,1.0,DA-BALS-NoMargin,115,93.04347826086956,2.608695652173913,4.3478260869565215,0.0
224,0.2,50.0,1.0,DA-BALS-FixedMargin,115,88.69565217391305,0.8695652173913043,10.434782608695652,0.0
224,0.2,50.0,1.0,DA-BALS-Adaptive,115,89.56521739130436,2.608695652173913,7.82608695652174,0.0
224,0.2,50.0,1.0,DA-BALS-Stabilized,115,93.04347826086956,2.608695652173913,4.3478260869565215,0.0
224,0.4,0.0,0.0,DA-BALS-NoMargin,198,95.45454545454545,0.5050505050505051,4.040404040404041,0.0
224,0.4,0.0,0.0,DA-BALS-FixedMargin,198,93.43434343434343,0.0,6.565656565656567,0.0
224,0.4,0.0,0.0,DA-BALS-Adaptive,198,93.93939393939394,0.0,6.0606060606060606,0.0
224,0.4,0.0,0.0,DA-BALS-Stabilized,198,95.45454545454545,0.5050505050505051,4.040404040404041,0.0
224,0.4,0.0,0.5,DA-BALS-NoMargin,198,94.44444444444444,1.5151515151515151,4.040404040404041,0.0
224,0.4,0.0,0.5,DA-BALS-FixedMargin,198,92.92929292929293,0.5050505050505051,6.565656565656567,0.0
224,0.4,0.0,0.5,DA-BALS-Adaptive,198,93.93939393939394,0.5050505050505051,5.555555555555555,0.0
224,0.4,0.0,0.5,DA-BALS-Stabilized,198,93.93939393939394,1.0101010101010102,5.05050505050505,0.0
224,0.4,0.0,1.0,DA-BALS-NoMargin,198,93.43434343434343,2.0202020202020203,4.545454545454546,0.0
224,0.4,0.0,1.0,DA-BALS-FixedMargin,198,92.42424242424242,1.0101010101010102,6.565656565656567,0.0
224,0.4,0.0,1.0,DA-BALS-Adaptive,198,91.41414141414141,1.0101010101010102,7.575757575757576,0.0
224,0.4,0.0,1.0,DA-BALS-Stabilized,198,92.92929292929293,1.5151515151515151,5.555555555555555,0.0
224,0.4,10.0,0.0,DA-BALS-NoMargin,198,95.45454545454545,0.5050505050505051,4.040404040404041,0.0
224,0.4,10.0,0.0,DA-BALS-FixedMargin,198,93.43434343434343,0.0,6.565656565656567,0.0
224,0.4,10.0,0.0,DA-BALS-Adaptive,198,93.93939393939394,0.0,6.0606060606060606,0.0
224,0.4,10.0,0.0,DA-BALS-Stabilized,198,95.45454545454545,0.5050505050505051,4.040404040404041,0.0
224,0.4,10.0,0.5,DA-BALS-NoMargin,198,94.44444444444444,1.5151515151515151,4.040404040404041,0.0
224,0.4,10.0,0.5,DA-BALS-FixedMargin,198,92.92929292929293,0.5050505050505051,6.565656565656567,0.0
224,0.4,10.0,0.5,DA-BALS-Adaptive,198,93.93939393939394,0.5050505050505051,5.555555555555555,0.0
224,0.4,10.0,0.5,DA-BALS-Stabilized,198,93.93939393939394,1.0101010101010102,5.05050505050505,0.0
224,0.4,10.0,1.0,DA-BALS-NoMargin,198,93.43434343434343,2.525252525252525,4.040404040404041,0.0
224,0.4,10.0,1.0,DA-BALS-FixedMargin,198,92.42424242424242,1.0101010101010102,6.565656565656567,0.0
224,0.4,10.0,1.0,DA-BALS-Adaptive,198,91.41414141414141,1.0101010101010102,7.575757575757576,0.0
224,0.4,10.0,1.0,DA-BALS-Stabilized,198,92.92929292929293,1.5151515151515151,5.555555555555555,0.0
224,0.4,50.0,0.0,DA-BALS-NoMargin,198,95.45454545454545,0.5050505050505051,4.040404040404041,0.0
224,0.4,50.0,0.0,DA-BALS-FixedMargin,198,93.43434343434343,0.0,6.565656565656567,0.0
224,0.4,50.0,0.0,DA-BALS-Adaptive,198,93.93939393939394,0.0,6.0606060606060606,0.0
224,0.4,50.0,0.0,DA-BALS-Stabilized,198,95.45454545454545,0.5050505050505051,4.040404040404041,0.0
224,0.4,50.0,0.5,DA-BALS-NoMargin,198,94.44444444444444,1.5151515151515151,4.040404040404041,0.0
224,0.4,50.0,0.5,DA-BALS-FixedMargin,198,92.92929292929293,0.5050505050505051,6.565656565656567,0.0
224,0.4,50.0,0.5,DA-BALS-Adaptive,198,93.93939393939394,0.5050505050505051,5.555555555555555,0.0
224,0.4,50.0,0.5,DA-BALS-Stabilized,198,93.93939393939394,1.0101010101010102,5.05050505050505,0.0
224,0.4,50.0,1.0,DA-BALS-NoMargin,198,93.43434343434343,2.525252525252525,4.040404040404041,0.0
224,0.4,50.0,1.0,DA-BALS-FixedMargin,198,92.42424242424242,1.0101010101010102,6.565656565656567,0.0
224,0.4,50.0,1.0,DA-BALS-Adaptive,198,90.40404040404042,1.0101010101010102,8.585858585858585,0.0
224,0.4,50.0,1.0,DA-BALS-Stabilized,198,92.92929292929293,1.5151515151515151,5.555555555555555,0.0
224,0.6,0.0,0.0,DA-BALS-NoMargin,296,90.87837837837837,0.33783783783783783,8.783783783783784,0.0
224,0.6,0.0,0.0,DA-BALS-FixedMargin,296,87.5,0.0,12.5,0.0
224,0.6,0.0,0.0,DA-BALS-Adaptive,296,90.54054054054053,0.33783783783783783,9.121621621621621,0.0
224,0.6,0.0,0.0,DA-BALS-Stabilized,296,90.87837837837837,0.33783783783783783,8.783783783783784,0.0
224,0.6,0.0,0.5,DA-BALS-NoMargin,296,90.2027027027027,1.0135135135135136,8.783783783783784,0.0
224,0.6,0.0,0.5,DA-BALS-FixedMargin,296,87.16216216216216,0.33783783783783783,12.5,0.0
224,0.6,0.0,0.5,DA-BALS-Adaptive,296,89.1891891891892,0.6756756756756757,10.135135135135135,0.0
224,0.6,0.0,0.5,DA-BALS-Stabilized,296,90.2027027027027,1.0135135135135136,8.783783783783784,0.0
224,0.6,0.0,1.0,DA-BALS-NoMargin,296,90.2027027027027,1.0135135135135136,8.783783783783784,0.0
224,0.6,0.0,1.0,DA-BALS-FixedMargin,296,87.16216216216216,0.33783783783783783,12.5,0.0
224,0.6,0.0,1.0,DA-BALS-Adaptive,296,87.5,0.6756756756756757,11.824324324324325,0.0
224,0.6,0.0,1.0,DA-BALS-Stabilized,296,90.2027027027027,1.0135135135135136,8.783783783783784,0.0
224,0.6,10.0,0.0,DA-BALS-NoMargin,296,90.87837837837837,0.33783783783783783,8.783783783783784,0.0
224,0.6,10.0,0.0,DA-BALS-FixedMargin,296,87.5,0.0,12.5,0.0
224,0.6,10.0,0.0,DA-BALS-Adaptive,296,90.54054054054053,0.33783783783783783,9.121621621621621,0.0
224,0.6,10.0,0.0,DA-BALS-Stabilized,296,90.87837837837837,0.33783783783783783,8.783783783783784,0.0
224,0.6,10.0,0.5,DA-BALS-NoMargin,296,90.2027027027027,1.0135135135135136,8.783783783783784,0.0
224,0.6,10.0,0.5,DA-BALS-FixedMargin,296,87.16216216216216,0.33783783783783783,12.5,0.0
224,0.6,10.0,0.5,DA-BALS-Adaptive,296,89.1891891891892,0.6756756756756757,10.135135135135135,0.0
224,0.6,10.0,0.5,DA-BALS-Stabilized,296,90.2027027027027,1.0135135135135136,8.783783783783784,0.0
224,0.6,10.0,1.0,DA-BALS-NoMargin,296,90.2027027027027,1.0135135135135136,8.783783783783784,0.0
224,0.6,10.0,1.0,DA-BALS-FixedMargin,296,87.16216216216216,0.33783783783783783,12.5,0.0
224,0.6,10.0,1.0,DA-BALS-Adaptive,296,83.44594594594594,1.0135135135135136,15.54054054054054,0.0
224,0.6,10.0,1.0,DA-BALS-Stabilized,296,90.2027027027027,1.0135135135135136,8.783783783783784,0.0
224,0.6,50.0,0.0,DA-BALS-NoMargin,296,90.87837837837837,0.33783783783783783,8.783783783783784,0.0
224,0.6,50.0,0.0,DA-BALS-FixedMargin,296,87.5,0.0,12.5,0.0
224,0.6,50.0,0.0,DA-BALS-Adaptive,296,90.54054054054053,0.33783783783783783,9.121621621621621,0.0
224,0.6,50.0,0.0,DA-BALS-Stabilized,296,90.87837837837837,0.33783783783783783,8.783783783783784,0.0
224,0.6,50.0,0.5,DA-BALS-NoMargin,296,90.2027027027027,1.0135135135135136,8.783783783783784,0.0
224,0.6,50.0,0.5,DA-BALS-FixedMargin,296,87.16216216216216,0.33783783783783783,12.5,0.0
224,0.6,50.0,0.5,DA-BALS-Adaptive,296,89.1891891891892,0.6756756756756757,10.135135135135135,0.0
224,0.6,50.0,0.5,DA-BALS-Stabilized,296,90.2027027027027,1.0135135135135136,8.783783783783784,0.0
224,0.6,50.0,1.0,DA-BALS-NoMargin,296,90.2027027027027,1.0135135135135136,8.783783783783784,0.0
224,0.6,50.0,1.0,DA-BALS-FixedMargin,296,87.16216216216216,0.33783783783783783,12.5,0.0
224,0.6,50.0,1.0,DA-BALS-Adaptive,296,83.44594594594594,1.0135135135135136,15.54054054054054,0.0
224,0.6,50.0,1.0,DA-BALS-Stabilized,296,90.2027027027027,1.0135135135135136,8.783783783783784,0.0
224,0.8,0.0,0.0,DA-BALS-NoMargin,434,82.7188940092166,0.0,17.28110599078341,0.0
224,0.8,0.0,0.0,DA-BALS-FixedMargin,434,78.11059907834101,0.0,21.889400921658986,0.0
224,0.8,0.0,0.0,DA-BALS-Adaptive,434,81.5668202764977,0.0,18.433179723502306,0.0
224,0.8,0.0,0.0,DA-BALS-Stabilized,434,82.7188940092166,0.0,17.28110599078341,0.0
224,0.8,0.0,0.5,DA-BALS-NoMargin,434,80.4147465437788,2.3041474654377883,17.28110599078341,0.0
224,0.8,0.0,0.5,DA-BALS-FixedMargin,434,77.64976958525345,0.4608294930875576,21.889400921658986,0.0
224,0.8,0.0,0.5,DA-BALS-Adaptive,434,79.95391705069125,0.6912442396313364,19.35483870967742,0.0
224,0.8,0.0,0.5,DA-BALS-Stabilized,434,80.18433179723502,1.8433179723502304,17.972350230414747,0.0
224,0.8,0.0,1.0,DA-BALS-NoMargin,434,77.88018433179722,4.377880184331797,17.741935483870968,0.0
224,0.8,0.0,1.0,DA-BALS-FixedMargin,434,74.65437788018433,2.995391705069124,22.350230414746544,0.0
224,0.8,0.0,1.0,DA-BALS-Adaptive,434,73.73271889400922,1.8433179723502304,24.42396313364055,0.0
224,0.8,0.0,1.0,DA-BALS-Stabilized,434,77.41935483870968,3.4562211981566824,19.12442396313364,0.0
224,0.8,10.0,0.0,DA-BALS-NoMargin,434,82.7188940092166,0.0,17.28110599078341,0.0
224,0.8,10.0,0.0,DA-BALS-FixedMargin,434,78.11059907834101,0.0,21.889400921658986,0.0
224,0.8,10.0,0.0,DA-BALS-Adaptive,434,81.5668202764977,0.0,18.433179723502306,0.0
224,0.8,10.0,0.0,DA-BALS-Stabilized,434,82.7188940092166,0.0,17.28110599078341,0.0
224,0.8,10.0,0.5,DA-BALS-NoMargin,434,80.4147465437788,2.3041474654377883,17.28110599078341,0.0
224,0.8,10.0,0.5,DA-BALS-FixedMargin,434,77.64976958525345,0.4608294930875576,21.889400921658986,0.0
224,0.8,10.0,0.5,DA-BALS-Adaptive,434,79.95391705069125,0.6912442396313364,19.35483870967742,0.0
224,0.8,10.0,0.5,DA-BALS-Stabilized,434,80.18433179723502,1.8433179723502304,17.972350230414747,0.0
224,0.8,10.0,1.0,DA-BALS-NoMargin,434,77.64976958525345,4.838709677419355,17.51152073732719,0.0
224,0.8,10.0,1.0,DA-BALS-FixedMargin,434,74.42396313364056,3.4562211981566824,22.119815668202765,0.0
224,0.8,10.0,1.0,DA-BALS-Adaptive,434,75.34562211981567,1.8433179723502304,22.811059907834103,0.0
224,0.8,10.0,1.0,DA-BALS-Stabilized,434,77.18894009216591,3.9170506912442393,18.89400921658986,0.0
224,0.8,50.0,0.0,DA-BALS-NoMargin,434,82.7188940092166,0.0,17.28110599078341,0.0
224,0.8,50.0,0.0,DA-BALS-FixedMargin,434,78.11059907834101,0.0,21.889400921658986,0.0
224,0.8,50.0,0.0,DA-BALS-Adaptive,434,81.5668202764977,0.0,18.433179723502306,0.0
224,0.8,50.0,0.0,DA-BALS-Stabilized,434,82.7188940092166,0.0,17.28110599078341,0.0
224,0.8,50.0,0.5,DA-BALS-NoMargin,434,80.4147465437788,2.3041474654377883,17.28110599078341,0.0
224,0.8,50.0,0.5,DA-BALS-FixedMargin,434,77.64976958525345,0.4608294930875576,21.889400921658986,0.0
224,0.8,50.0,0.5,DA-BALS-Adaptive,434,79.95391705069125,0.6912442396313364,19.35483870967742,0.0
224,0.8,50.0,0.5,DA-BALS-Stabilized,434,80.18433179723502,1.8433179723502304,17.972350230414747,0.0
224,0.8,50.0,1.0,DA-BALS-NoMargin,434,77.64976958525345,5.0691244239631335,17.28110599078341,0.0
224,0.8,50.0,1.0,DA-BALS-FixedMargin,434,74.42396313364056,3.686635944700461,21.889400921658986,0.0
224,0.8,50.0,1.0,DA-BALS-Adaptive,434,75.11520737327189,1.8433179723502304,23.04147465437788,0.0
224,0.8,50.0,1.0,DA-BALS-Stabilized,434,77.18894009216591,4.147465437788019,18.663594470046082,0.0
224,1.0,0.0,0.0,DA-BALS-NoMargin,474,79.957805907173,0.42194092827004215,19.62025316455696,0.0
224,1.0,0.0,0.0,DA-BALS-FixedMargin,474,77.42616033755274,0.0,22.573839662447256,0.0
224,1.0,0.0,0.0,DA-BALS-Adaptive,474,78.90295358649789,0.0,21.09704641350211,0.0
224,1.0,0.0,0.0,DA-BALS-Stabilized,474,79.957805907173,0.42194092827004215,19.62025316455696,0.0
224,1.0,0.0,0.5,DA-BALS-NoMargin,474,79.11392405063292,1.2658227848101267,19.62025316455696,0.0
224,1.0,0.0,0.5,DA-BALS-FixedMargin,474,77.42616033755274,0.0,22.573839662447256,0.0
224,1.0,0.0,0.5,DA-BALS-Adaptive,474,78.05907172995781,0.21097046413502107,21.729957805907173,0.0
224,1.0,0.0,0.5,DA-BALS-Stabilized,474,78.90295358649789,0.6329113924050633,20.464135021097047,0.0
224,1.0,0.0,1.0,DA-BALS-NoMargin,474,78.27004219409282,2.109704641350211,19.62025316455696,0.0
224,1.0,0.0,1.0,DA-BALS-FixedMargin,474,76.16033755274262,1.2658227848101267,22.573839662447256,0.0
224,1.0,0.0,1.0,DA-BALS-Adaptive,474,73.20675105485233,1.4767932489451476,25.31645569620253,0.0
224,1.0,0.0,1.0,DA-BALS-Stabilized,474,78.05907172995781,1.4767932489451476,20.464135021097047,0.0
224,1.0,10.0,0.0,DA-BALS-NoMargin,474,79.957805907173,0.42194092827004215,19.62025316455696,0.0
224,1.0,10.0,0.0,DA-BALS-FixedMargin,474,77.42616033755274,0.0,22.573839662447256,0.0
224,1.0,10.0,0.0,DA-BALS-Adaptive,474,78.90295358649789,0.0,21.09704641350211,0.0
224,1.0,10.0,0.0,DA-BALS-Stabilized,474,79.957805907173,0.42194092827004215,19.62025316455696,0.0
224,1.0,10.0,0.5,DA-BALS-NoMargin,474,79.11392405063292,1.2658227848101267,19.62025316455696,0.0
224,1.0,10.0,0.5,DA-BALS-FixedMargin,474,77.42616033755274,0.0,22.573839662447256,0.0
224,1.0,10.0,0.5,DA-BALS-Adaptive,474,77.42616033755274,0.21097046413502107,22.362869198312236,0.0
224,1.0,10.0,0.5,DA-BALS-Stabilized,474,78.90295358649789,0.6329113924050633,20.464135021097047,0.0
224,1.0,10.0,1.0,DA-BALS-NoMargin,474,78.27004219409282,2.109704641350211,19.62025316455696,0.0
224,1.0,10.0,1.0,DA-BALS-FixedMargin,474,76.16033755274262,1.2658227848101267,22.573839662447256,0.0
224,1.0,10.0,1.0,DA-BALS-Adaptive,474,72.78481012658227,1.2658227848101267,25.949367088607595,0.0
224,1.0,10.0,1.0,DA-BALS-Stabilized,474,78.05907172995781,1.4767932489451476,20.464135021097047,0.0
224,1.0,50.0,0.0,DA-BALS-NoMargin,474,79.957805907173,0.42194092827004215,19.62025316455696,0.0
224,1.0,50.0,0.0,DA-BALS-FixedMargin,474,77.42616033755274,0.0,22.573839662447256,0.0
224,1.0,50.0,0.0,DA-BALS-Adaptive,474,78.90295358649789,0.0,21.09704641350211,0.0
224,1.0,50.0,0.0,DA-BALS-Stabilized,474,79.957805907173,0.42194092827004215,19.62025316455696,0.0
224,1.0,50.0,0.5,DA-BALS-NoMargin,474,79.11392405063292,1.2658227848101267,19.62025316455696,0.0
224,1.0,50.0,0.5,DA-BALS-FixedMargin,474,77.42616033755274,0.0,22.573839662447256,0.0
224,1.0,50.0,0.5,DA-BALS-Adaptive,474,77.42616033755274,0.21097046413502107,22.362869198312236,0.0
224,1.0,50.0,0.5,DA-BALS-Stabilized,474,78.90295358649789,0.6329113924050633,20.464135021097047,0.0
224,1.0,50.0,1.0,DA-BALS-NoMargin,474,78.27004219409282,2.109704641350211,19.62025316455696,0.0
224,1.0,50.0,1.0,DA-BALS-FixedMargin,474,76.16033755274262,1.2658227848101267,22.573839662447256,0.0
224,1.0,50.0,1.0,DA-BALS-Adaptive,474,72.78481012658227,1.2658227848101267,25.949367088607595,0.0
224,1.0,50.0,1.0,DA-BALS-Stabilized,474,78.05907172995781,1.4767932489451476,20.464135021097047,0.0
224,1.2,0.0,0.0,DA-BALS-NoMargin,606,72.77227722772277,0.9900990099009901,26.237623762376238,0.0
224,1.2,0.0,0.0,DA-BALS-FixedMargin,606,70.46204620462046,0.0,29.53795379537954,0.0
224,1.2,0.0,0.0,DA-BALS-Adaptive,606,72.44224422442245,0.33003300330033003,27.22772277227723,0.0
224,1.2,0.0,0.0,DA-BALS-Stabilized,606,72.93729372937293,0.49504950495049505,26.567656765676567,0.0
224,1.2,0.0,0.5,DA-BALS-NoMargin,606,70.62706270627062,3.1353135313531353,26.237623762376238,0.0
224,1.2,0.0,0.5,DA-BALS-FixedMargin,606,69.96699669966998,0.49504950495049505,29.53795379537954,0.0
224,1.2,0.0,0.5,DA-BALS-Adaptive,606,70.95709570957096,1.155115511551155,27.887788778877887,0.0
224,1.2,0.0,0.5,DA-BALS-Stabilized,606,71.28712871287128,1.9801980198019802,26.732673267326735,0.0
224,1.2,0.0,1.0,DA-BALS-NoMargin,606,69.47194719471948,4.29042904290429,26.237623762376238,0.0
224,1.2,0.0,1.0,DA-BALS-FixedMargin,606,68.48184818481849,1.9801980198019802,29.53795379537954,0.0
224,1.2,0.0,1.0,DA-BALS-Adaptive,606,67.82178217821783,2.145214521452145,30.033003300330037,0.0
224,1.2,0.0,1.0,DA-BALS-Stabilized,606,69.3069306930693,3.4653465346534658,27.22772277227723,0.0
224,1.2,10.0,0.0,DA-BALS-NoMargin,606,72.77227722772277,0.9900990099009901,26.237623762376238,0.0
224,1.2,10.0,0.0,DA-BALS-FixedMargin,606,70.46204620462046,0.0,29.53795379537954,0.0
224,1.2,10.0,0.0,DA-BALS-Adaptive,606,72.44224422442245,0.33003300330033003,27.22772277227723,0.0
224,1.2,10.0,0.0,DA-BALS-Stabilized,606,72.93729372937293,0.49504950495049505,26.567656765676567,0.0
224,1.2,10.0,0.5,DA-BALS-NoMargin,606,70.62706270627062,3.1353135313531353,26.237623762376238,0.0
224,1.2,10.0,0.5,DA-BALS-FixedMargin,606,69.96699669966998,0.49504950495049505,29.53795379537954,0.0
224,1.2,10.0,0.5,DA-BALS-Adaptive,606,70.95709570957096,1.155115511551155,27.887788778877887,0.0
224,1.2,10.0,0.5,DA-BALS-Stabilized,606,71.28712871287128,1.9801980198019802,26.732673267326735,0.0
224,1.2,10.0,1.0,DA-BALS-NoMargin,606,69.47194719471948,4.29042904290429,26.237623762376238,0.0
224,1.2,10.0,1.0,DA-BALS-FixedMargin,606,68.48184818481849,1.9801980198019802,29.53795379537954,0.0
224,1.2,10.0,1.0,DA-BALS-Adaptive,606,67.65676567656766,2.31023102310231,30.033003300330037,0.0
224,1.2,10.0,1.0,DA-BALS-Stabilized,606,69.3069306930693,3.4653465346534658,27.22772277227723,0.0
224,1.2,50.0,0.0,DA-BALS-NoMargin,606,72.77227722772277,0.9900990099009901,26.237623762376238,0.0
224,1.2,50.0,0.0,DA-BALS-FixedMargin,606,70.46204620462046,0.0,29.53795379537954,0.0
224,1.2,50.0,0.0,DA-BALS-Adaptive,606,72.44224422442245,0.33003300330033003,27.22772277227723,0.0
224,1.2,50.0,0.0,DA-BALS-Stabilized,606,72.93729372937293,0.49504950495049505,26.567656765676567,0.0
224,1.2,50.0,0.5,DA-BALS-NoMargin,606,70.62706270627062,3.1353135313531353,26.237623762376238,0.0
224,1.2,50.0,0.5,DA-BALS-FixedMargin,606,69.96699669966998,0.49504950495049505,29.53795379537954,0.0
224,1.2,50.0,0.5,DA-BALS-Adaptive,606,70.95709570957096,1.155115511551155,27.887788778877887,0.0
224,1.2,50.0,0.5,DA-BALS-Stabilized,606,71.28712871287128,1.9801980198019802,26.732673267326735,0.0
224,1.2,50.0,1.0,DA-BALS-NoMargin,606,69.47194719471948,4.29042904290429,26.237623762376238,0.0
224,1.2,50.0,1.0,DA-BALS-FixedMargin,606,68.48184818481849,1.9801980198019802,29.53795379537954,0.0
224,1.2,50.0,1.0,DA-BALS-Adaptive,606,67.65676567656766,2.31023102310231,30.033003300330037,0.0
224,1.2,50.0,1.0,DA-BALS-Stabilized,606,69.3069306930693,3.4653465346534658,27.22772277227723,0.0
225,0.2,0.0,0.0,DA-BALS-NoMargin,105,96.19047619047619,0.9523809523809524,2.857142857142857,0.0
225,0.2,0.0,0.0,DA-BALS-FixedMargin,105,92.38095238095238,0.0,7.6190476190476195,0.0
225,0.2,0.0,0.0,DA-BALS-Adaptive,105,96.19047619047619,0.9523809523809524,2.857142857142857,0.0
225,0.2,0.0,0.0,DA-BALS-Stabilized,105,96.19047619047619,0.9523809523809524,2.857142857142857,0.0
225,0.2,0.0,0.5,DA-BALS-NoMargin,105,96.19047619047619,0.9523809523809524,2.857142857142857,0.0
225,0.2,0.0,0.5,DA-BALS-FixedMargin,105,91.42857142857143,0.9523809523809524,7.6190476190476195,0.0
225,0.2,0.0,0.5,DA-BALS-Adaptive,105,93.33333333333333,0.9523809523809524,5.714285714285714,0.0
225,0.2,0.0,0.5,DA-BALS-Stabilized,105,96.19047619047619,0.9523809523809524,2.857142857142857,0.0
225,0.2,0.0,1.0,DA-BALS-NoMargin,105,96.19047619047619,0.9523809523809524,2.857142857142857,0.0
225,0.2,0.0,1.0,DA-BALS-FixedMargin,105,91.42857142857143,0.9523809523809524,7.6190476190476195,0.0
225,0.2,0.0,1.0,DA-BALS-Adaptive,105,87.61904761904762,0.9523809523809524,11.428571428571429,0.0
225,0.2,0.0,1.0,DA-BALS-Stabilized,105,96.19047619047619,0.9523809523809524,2.857142857142857,0.0
225,0.2,10.0,0.0,DA-BALS-NoMargin,105,96.19047619047619,0.9523809523809524,2.857142857142857,0.0
225,0.2,10.0,0.0,DA-BALS-FixedMargin,105,92.38095238095238,0.0,7.6190476190476195,0.0
225,0.2,10.0,0.0,DA-BALS-Adaptive,105,96.19047619047619,0.9523809523809524,2.857142857142857,0.0
225,0.2,10.0,0.0,DA-BALS-Stabilized,105,96.19047619047619,0.9523809523809524,2.857142857142857,0.0
225,0.2,10.0,0.5,DA-BALS-NoMargin,105,96.19047619047619,0.9523809523809524,2.857142857142857,0.0
225,0.2,10.0,0.5,DA-BALS-FixedMargin,105,91.42857142857143,0.9523809523809524,7.6190476190476195,0.0
225,0.2,10.0,0.5,DA-BALS-Adaptive,105,93.33333333333333,0.9523809523809524,5.714285714285714,0.0
225,0.2,10.0,0.5,DA-BALS-Stabilized,105,96.19047619047619,0.9523809523809524,2.857142857142857,0.0
225,0.2,10.0,1.0,DA-BALS-NoMargin,105,96.19047619047619,0.9523809523809524,2.857142857142857,0.0
225,0.2,10.0,1.0,DA-BALS-FixedMargin,105,91.42857142857143,0.9523809523809524,7.6190476190476195,0.0
225,0.2,10.0,1.0,DA-BALS-Adaptive,105,87.61904761904762,0.9523809523809524,11.428571428571429,0.0
225,0.2,10.0,1.0,DA-BALS-Stabilized,105,96.19047619047619,0.9523809523809524,2.857142857142857,0.0
225,0.2,50.0,0.0,DA-BALS-NoMargin,105,96.19047619047619,0.9523809523809524,2.857142857142857,0.0
225,0.2,50.0,0.0,DA-BALS-FixedMargin,105,92.38095238095238,0.0,7.6190476190476195,0.0
225,0.2,50.0,0.0,DA-BALS-Adaptive,105,96.19047619047619,0.9523809523809524,2.857142857142857,0.0
225,0.2,50.0,0.0,DA-BALS-Stabilized,105,96.19047619047619,0.9523809523809524,2.857142857142857,0.0
225,0.2,50.0,0.5,DA-BALS-NoMargin,105,96.19047619047619,0.9523809523809524,2.857142857142857,0.0
225,0.2,50.0,0.5,DA-BALS-FixedMargin,105,91.42857142857143,0.9523809523809524,7.6190476190476195,0.0
225,0.2,50.0,0.5,DA-BALS-Adaptive,105,93.33333333333333,0.9523809523809524,5.714285714285714,0.0
225,0.2,50.0,0.5,DA-BALS-Stabilized,105,96.19047619047619,0.9523809523809524,2.857142857142857,0.0
225,0.2,50.0,1.0,DA-BALS-NoMargin,105,96.19047619047619,0.9523809523809524,2.857142857142857,0.0
225,0.2,50.0,1.0,DA-BALS-FixedMargin,105,91.42857142857143,0.9523809523809524,7.6190476190476195,0.0
225,0.2,50.0,1.0,DA-BALS-Adaptive,105,87.61904761904762,0.9523809523809524,11.428571428571429,0.0
225,0.2,50.0,1.0,DA-BALS-Stabilized,105,96.19047619047619,0.9523809523809524,2.857142857142857,0.0
225,0.4,0.0,0.0,DA-BALS-NoMargin,199,93.96984924623115,1.0050251256281406,5.025125628140704,0.0
225,0.4,0.0,0.0,DA-BALS-FixedMargin,199,90.95477386934674,0.0,9.045226130653267,0.0
225,0.4,0.0,0.0,DA-BALS-Adaptive,199,92.46231155778895,0.5025125628140703,7.035175879396985,0.0
225,0.4,0.0,0.0,DA-BALS-Stabilized,199,93.96984924623115,1.0050251256281406,5.025125628140704,0.0
225,0.4,0.0,0.5,DA-BALS-NoMargin,199,91.95979899497488,3.015075376884422,5.025125628140704,0.0
225,0.4,0.0,0.5,DA-BALS-FixedMargin,199,90.45226130653266,0.5025125628140703,9.045226130653267,0.0
225,0.4,0.0,0.5,DA-BALS-Adaptive,199,91.4572864321608,0.5025125628140703,8.040201005025125,0.0
225,0.4,0.0,0.5,DA-BALS-Stabilized,199,91.95979899497488,3.015075376884422,5.025125628140704,0.0
225,0.4,0.0,1.0,DA-BALS-NoMargin,199,89.9497487437186,4.522613065326634,5.527638190954774,0.0
225,0.4,0.0,1.0,DA-BALS-FixedMargin,199,88.44221105527639,1.507537688442211,10.050251256281408,0.0
225,0.4,0.0,1.0,DA-BALS-Adaptive,199,83.91959798994975,1.507537688442211,14.572864321608039,0.0
225,0.4,0.0,1.0,DA-BALS-Stabilized,199,89.9497487437186,4.0201005025125625,6.030150753768844,0.0
225,0.4,10.0,0.0,DA-BALS-NoMargin,199,93.96984924623115,1.0050251256281406,5.025125628140704,0.0
225,0.4,10.0,0.0,DA-BALS-FixedMargin,199,90.95477386934674,0.0,9.045226130653267,0.0
225,0.4,10.0,0.0,DA-BALS-Adaptive,199,92.46231155778895,0.5025125628140703,7.035175879396985,0.0
225,0.4,10.0,0.0,DA-BALS-Stabilized,199,93.96984924623115,1.0050251256281406,5.025125628140704,0.0
225,0.4,10.0,0.5,DA-BALS-NoMargin,199,91.95979899497488,3.015075376884422,5.025125628140704,0.0
225,0.4,10.0,0.5,DA-BALS-FixedMargin,199,90.45226130653266,0.5025125628140703,9.045226130653267,0.0
225,0.4,10.0,0.5,DA-BALS-Adaptive,199,91.4572864321608,0.5025125628140703,8.040201005025125,0.0
225,0.4,10.0,0.5,DA-BALS-Stabilized,199,91.95979899497488,3.015075376884422,5.025125628140704,0.0
225,0.4,10.0,1.0,DA-BALS-NoMargin,199,89.9497487437186,4.522613065326634,5.527638190954774,0.0
225,0.4,10.0,1.0,DA-BALS-FixedMargin,199,88.44221105527639,2.0100502512562812,9.547738693467336,0.0
225,0.4,10.0,1.0,DA-BALS-Adaptive,199,83.41708542713567,2.0100502512562812,14.572864321608039,0.0
225,0.4,10.0,1.0,DA-BALS-Stabilized,199,89.9497487437186,4.0201005025125625,6.030150753768844,0.0
225,0.4,50.0,0.0,DA-BALS-NoMargin,199,93.96984924623115,1.0050251256281406,5.025125628140704,0.0
225,0.4,50.0,0.0,DA-BALS-FixedMargin,199,90.95477386934674,0.0,9.045226130653267,0.0
225,0.4,50.0,0.0,DA-BALS-Adaptive,199,92.46231155778895,0.5025125628140703,7.035175879396985,0.0
225,0.4,50.0,0.0,DA-BALS-Stabilized,199,93.96984924623115,1.0050251256281406,5.025125628140704,0.0
225,0.4,50.0,0.5,DA-BALS-NoMargin,199,91.95979899497488,3.015075376884422,5.025125628140704,0.0
225,0.4,50.0,0.5,DA-BALS-FixedMargin,199,90.45226130653266,0.5025125628140703,9.045226130653267,0.0
225,0.4,50.0,0.5,DA-BALS-Adaptive,199,91.4572864321608,0.5025125628140703,8.040201005025125,0.0
225,0.4,50.0,0.5,DA-BALS-Stabilized,199,91.95979899497488,3.015075376884422,5.025125628140704,0.0
225,0.4,50.0,1.0,DA-BALS-NoMargin,199,89.9497487437186,5.025125628140704,5.025125628140704,0.0
225,0.4,50.0,1.0,DA-BALS-FixedMargin,199,88.44221105527639,2.512562814070352,9.045226130653267,0.0
225,0.4,50.0,1.0,DA-BALS-Adaptive,199,83.41708542713567,2.512562814070352,14.07035175879397,0.0
225,0.4,50.0,1.0,DA-BALS-Stabilized,199,89.9497487437186,4.522613065326634,5.527638190954774,0.0
225,0.6,0.0,0.0,DA-BALS-NoMargin,268,91.4179104477612,0.3731343283582089,8.208955223880597,0.0
225,0.6,0.0,0.0,DA-BALS-FixedMargin,268,85.44776119402985,0.0,14.55223880597015,0.0
225,0.6,0.0,0.0,DA-BALS-Adaptive,268,90.67164179104478,0.0,9.328358208955224,0.0
225,0.6,0.0,0.0,DA-BALS-Stabilized,268,91.4179104477612,0.3731343283582089,8.208955223880597,0.0
225,0.6,0.0,0.5,DA-BALS-NoMargin,268,90.67164179104478,1.1194029850746268,8.208955223880597,0.0
225,0.6,0.0,0.5,DA-BALS-FixedMargin,268,85.07462686567165,0.3731343283582089,14.55223880597015,0.0
225,0.6,0.0,0.5,DA-BALS-Adaptive,268,87.31343283582089,0.7462686567164178,11.940298507462686,0.0
225,0.6,0.0,0.5,DA-BALS-Stabilized,268,90.67164179104478,1.1194029850746268,8.208955223880597,0.0
225,0.6,0.0,1.0,DA-BALS-NoMargin,268,87.31343283582089,4.104477611940299,8.582089552238806,0.0
225,0.6,0.0,1.0,DA-BALS-FixedMargin,268,82.08955223880598,2.6119402985074625,15.298507462686567,0.0
225,0.6,0.0,1.0,DA-BALS-Adaptive,268,73.13432835820896,1.1194029850746268,25.74626865671642,0.0
225,0.6,0.0,1.0,DA-BALS-Stabilized,268,86.56716417910447,3.731343283582089,9.701492537313433,0.0
225,0.6,10.0,0.0,DA-BALS-NoMargin,268,91.4179104477612,0.3731343283582089,8.208955223880597,0.0
225,0.6,10.0,0.0,DA-BALS-FixedMargin,268,85.44776119402985,0.0,14.55223880597015,0.0
225,0.6,10.0,0.0,DA-BALS-Adaptive,268,90.67164179104478,0.0,9.328358208955224,0.0
225,0.6,10.0,0.0,DA-BALS-Stabilized,268,91.4179104477612,0.3731343283582089,8.208955223880597,0.0
225,0.6,10.0,0.5,DA-BALS-NoMargin,268,90.67164179104478,1.1194029850746268,8.208955223880597,0.0
225,0.6,10.0,0.5,DA-BALS-FixedMargin,268,85.07462686567165,0.3731343283582089,14.55223880597015,0.0
225,0.6,10.0,0.5,DA-BALS-Adaptive,268,87.31343283582089,0.7462686567164178,11.940298507462686,0.0
225,0.6,10.0,0.5,DA-BALS-Stabilized,268,90.67164179104478,1.1194029850746268,8.208955223880597,0.0
225,0.6,10.0,1.0,DA-BALS-NoMargin,268,87.31343283582089,4.477611940298507,8.208955223880597,0.0
225,0.6,10.0,1.0,DA-BALS-FixedMargin,268,82.08955223880598,2.9850746268656714,14.925373134328357,0.0
225,0.6,10.0,1.0,DA-BALS-Adaptive,268,80.22388059701493,1.4925373134328357,18.28358208955224,0.0
225,0.6,10.0,1.0,DA-BALS-Stabilized,268,86.19402985074626,4.104477611940299,9.701492537313433,0.0
225,0.6,50.0,0.0,DA-BALS-NoMargin,268,91.4179104477612,0.3731343283582089,8.208955223880597,0.0
225,0.6,50.0,0.0,DA-BALS-FixedMargin,268,85.44776119402985,0.0,14.55223880597015,0.0
225,0.6,50.0,0.0,DA-BALS-Adaptive,268,90.67164179104478,0.0,9.328358208955224,0.0
225,0.6,50.0,0.0,DA-BALS-Stabilized,268,91.4179104477612,0.3731343283582089,8.208955223880597,0.0
225,0.6,50.0,0.5,DA-BALS-NoMargin,268,90.67164179104478,1.1194029850746268,8.208955223880597,0.0
225,0.6,50.0,0.5,DA-BALS-FixedMargin,268,85.07462686567165,0.3731343283582089,14.55223880597015,0.0
225,0.6,50.0,0.5,DA-BALS-Adaptive,268,87.31343283582089,0.7462686567164178,11.940298507462686,0.0
225,0.6,50.0,0.5,DA-BALS-Stabilized,268,90.67164179104478,1.1194029850746268,8.208955223880597,0.0
225,0.6,50.0,1.0,DA-BALS-NoMargin,268,86.94029850746269,4.850746268656716,8.208955223880597,0.0
225,0.6,50.0,1.0,DA-BALS-FixedMargin,268,82.08955223880598,3.3582089552238807,14.55223880597015,0.0
225,0.6,50.0,1.0,DA-BALS-Adaptive,268,79.8507462686567,1.4925373134328357,18.65671641791045,0.0
225,0.6,50.0,1.0,DA-BALS-Stabilized,268,86.19402985074626,4.477611940298507,9.328358208955224,0.0
225,0.8,0.0,0.0,DA-BALS-NoMargin,366,85.79234972677595,0.546448087431694,13.661202185792352,0.0
225,0.8,0.0,0.0,DA-BALS-FixedMargin,366,81.4207650273224,0.0,18.579234972677597,0.0
225,0.8,0.0,0.0,DA-BALS-Adaptive,366,84.97267759562843,0.273224043715847,14.754098360655737,0.0
225,0.8,0.0,0.0,DA-BALS-Stabilized,366,85.24590163934425,0.546448087431694,14.207650273224044,0.0
225,0.8,0.0,0.5,DA-BALS-NoMargin,366,83.60655737704919,2.459016393442623,13.934426229508196,0.0
225,0.8,0.0,0.5,DA-BALS-FixedMargin,366,80.87431693989072,0.273224043715847,18.852459016393443,0.0
225,0.8,0.0,0.5,DA-BALS-Adaptive,366,80.60109289617486,1.366120218579235,18.0327868852459,0.0
225,0.8,0.0,0.5,DA-BALS-Stabilized,366,83.87978142076503,1.366120218579235,14.754098360655737,0.0
225,0.8,0.0,1.0,DA-BALS-NoMargin,366,82.5136612021858,3.278688524590164,14.207650273224044,0.0
225,0.8,0.0,1.0,DA-BALS-FixedMargin,366,80.32786885245902,0.546448087431694,19.12568306010929,0.0
225,0.8,0.0,1.0,DA-BALS-Adaptive,366,78.96174863387978,1.366120218579235,19.672131147540984,0.0
225,0.8,0.0,1.0,DA-BALS-Stabilized,366,81.4207650273224,2.459016393442623,16.120218579234972,0.0
225,0.8,10.0,0.0,DA-BALS-NoMargin,366,85.79234972677595,0.546448087431694,13.661202185792352,0.0
225,0.8,10.0,0.0,DA-BALS-FixedMargin,366,81.4207650273224,0.0,18.579234972677597,0.0
225,0.8,10.0,0.0,DA-BALS-Adaptive,366,84.97267759562843,0.273224043715847,14.754098360655737,0.0
225,0.8,10.0,0.0,DA-BALS-Stabilized,366,85.24590163934425,0.546448087431694,14.207650273224044,0.0
225,0.8,10.0,0.5,DA-BALS-NoMargin,366,83.60655737704919,2.73224043715847,13.661202185792352,0.0
225,0.8,10.0,0.5,DA-BALS-FixedMargin,366,80.87431693989072,0.546448087431694,18.579234972677597,0.0
225,0.8,10.0,0.5,DA-BALS-Adaptive,366,80.87431693989072,1.366120218579235,17.759562841530055,0.0
225,0.8,10.0,0.5,DA-BALS-Stabilized,366,83.87978142076503,1.639344262295082,14.48087431693989,0.0
225,0.8,10.0,1.0,DA-BALS-NoMargin,366,82.5136612021858,3.551912568306011,13.934426229508196,0.0
225,0.8,10.0,1.0,DA-BALS-FixedMargin,366,80.32786885245902,0.819672131147541,18.852459016393443,0.0
225,0.8,10.0,1.0,DA-BALS-Adaptive,366,78.68852459016394,1.366120218579235,19.94535519125683,0.0
225,0.8,10.0,1.0,DA-BALS-Stabilized,366,81.4207650273224,2.73224043715847,15.846994535519126,0.0
225,0.8,50.0,0.0,DA-BALS-NoMargin,366,85.79234972677595,0.546448087431694,13.661202185792352,0.0
225,0.8,50.0,0.0,DA-BALS-FixedMargin,366,81.4207650273224,0.0,18.579234972677597,0.0
225,0.8,50.0,0.0,DA-BALS-Adaptive,366,84.97267759562843,0.273224043715847,14.754098360655737,0.0
225,0.8,50.0,0.0,DA-BALS-Stabilized,366,85.24590163934425,0.546448087431694,14.207650273224044,0.0
225,0.8,50.0,0.5,DA-BALS-NoMargin,366,83.60655737704919,2.73224043715847,13.661202185792352,0.0
225,0.8,50.0,0.5,DA-BALS-FixedMargin,366,80.87431693989072,0.546448087431694,18.579234972677597,0.0
225,0.8,50.0,0.5,DA-BALS-Adaptive,366,80.87431693989072,1.366120218579235,17.759562841530055,0.0
225,0.8,50.0,0.5,DA-BALS-Stabilized,366,83.87978142076503,1.639344262295082,14.48087431693989,0.0
225,0.8,50.0,1.0,DA-BALS-NoMargin,366,82.5136612021858,3.825136612021858,13.661202185792352,0.0
225,0.8,50.0,1.0,DA-BALS-FixedMargin,366,80.32786885245902,1.092896174863388,18.579234972677597,0.0
225,0.8,50.0,1.0,DA-BALS-Adaptive,366,78.68852459016394,1.366120218579235,19.94535519125683,0.0
225,0.8,50.0,1.0,DA-BALS-Stabilized,366,81.4207650273224,3.0054644808743167,15.573770491803279,0.0
225,1.0,0.0,0.0,DA-BALS-NoMargin,430,83.02325581395348,0.9302325581395349,16.046511627906977,0.0
225,1.0,0.0,0.0,DA-BALS-FixedMargin,430,80.0,0.23255813953488372,19.767441860465116,0.0
225,1.0,0.0,0.0,DA-BALS-Adaptive,430,82.32558139534883,0.46511627906976744,17.209302325581397,0.0
225,1.0,0.0,0.0,DA-BALS-Stabilized,430,82.55813953488372,0.9302325581395349,16.511627906976745,0.0
225,1.0,0.0,0.5,DA-BALS-NoMargin,430,82.09302325581396,1.8604651162790697,16.046511627906977,0.0
225,1.0,0.0,0.5,DA-BALS-FixedMargin,430,79.53488372093022,0.6976744186046512,19.767441860465116,0.0
225,1.0,0.0,0.5,DA-BALS-Adaptive,430,81.3953488372093,0.6976744186046512,17.906976744186046,0.0
225,1.0,0.0,0.5,DA-BALS-Stabilized,430,81.62790697674419,1.8604651162790697,16.511627906976745,0.0
225,1.0,0.0,1.0,DA-BALS-NoMargin,430,80.93023255813954,3.0232558139534884,16.046511627906977,0.0
225,1.0,0.0,1.0,DA-BALS-FixedMargin,430,78.37209302325581,1.8604651162790697,19.767441860465116,0.0
225,1.0,0.0,1.0,DA-BALS-Adaptive,430,77.44186046511628,0.9302325581395349,21.627906976744185,0.0
225,1.0,0.0,1.0,DA-BALS-Stabilized,430,80.69767441860465,2.558139534883721,16.74418604651163,0.0
225,1.0,10.0,0.0,DA-BALS-NoMargin,430,83.02325581395348,0.9302325581395349,16.046511627906977,0.0
225,1.0,10.0,0.0,DA-BALS-FixedMargin,430,80.0,0.23255813953488372,19.767441860465116,0.0
225,1.0,10.0,0.0,DA-BALS-Adaptive,430,82.32558139534883,0.46511627906976744,17.209302325581397,0.0
225,1.0,10.0,0.0,DA-BALS-Stabilized,430,82.55813953488372,0.9302325581395349,16.511627906976745,0.0
225,1.0,10.0,0.5,DA-BALS-NoMargin,430,82.09302325581396,1.8604651162790697,16.046511627906977,0.0
225,1.0,10.0,0.5,DA-BALS-FixedMargin,430,79.53488372093022,0.6976744186046512,19.767441860465116,0.0
225,1.0,10.0,0.5,DA-BALS-Adaptive,430,81.3953488372093,0.6976744186046512,17.906976744186046,0.0
225,1.0,10.0,0.5,DA-BALS-Stabilized,430,81.62790697674419,1.8604651162790697,16.511627906976745,0.0
225,1.0,10.0,1.0,DA-BALS-NoMargin,430,80.93023255813954,3.0232558139534884,16.046511627906977,0.0
225,1.0,10.0,1.0,DA-BALS-FixedMargin,430,78.37209302325581,1.8604651162790697,19.767441860465116,0.0
225,1.0,10.0,1.0,DA-BALS-Adaptive,430,76.9767441860465,1.3953488372093024,21.627906976744185,0.0
225,1.0,10.0,1.0,DA-BALS-Stabilized,430,80.69767441860465,2.558139534883721,16.74418604651163,0.0
225,1.0,50.0,0.0,DA-BALS-NoMargin,430,83.02325581395348,0.9302325581395349,16.046511627906977,0.0
225,1.0,50.0,0.0,DA-BALS-FixedMargin,430,80.0,0.23255813953488372,19.767441860465116,0.0
225,1.0,50.0,0.0,DA-BALS-Adaptive,430,82.32558139534883,0.46511627906976744,17.209302325581397,0.0
225,1.0,50.0,0.0,DA-BALS-Stabilized,430,82.55813953488372,0.9302325581395349,16.511627906976745,0.0
225,1.0,50.0,0.5,DA-BALS-NoMargin,430,82.09302325581396,1.8604651162790697,16.046511627906977,0.0
225,1.0,50.0,0.5,DA-BALS-FixedMargin,430,79.53488372093022,0.6976744186046512,19.767441860465116,0.0
225,1.0,50.0,0.5,DA-BALS-Adaptive,430,81.3953488372093,0.6976744186046512,17.906976744186046,0.0
225,1.0,50.0,0.5,DA-BALS-Stabilized,430,81.62790697674419,1.8604651162790697,16.511627906976745,0.0
225,1.0,50.0,1.0,DA-BALS-NoMargin,430,80.93023255813954,3.0232558139534884,16.046511627906977,0.0
225,1.0,50.0,1.0,DA-BALS-FixedMargin,430,78.37209302325581,1.8604651162790697,19.767441860465116,0.0
225,1.0,50.0,1.0,DA-BALS-Adaptive,430,76.9767441860465,1.3953488372093024,21.627906976744185,0.0
225,1.0,50.0,1.0,DA-BALS-Stabilized,430,80.69767441860465,2.558139534883721,16.74418604651163,0.0
225,1.2,0.0,0.0,DA-BALS-NoMargin,655,69.46564885496184,1.5267175572519083,29.00763358778626,0.0
225,1.2,0.0,0.0,DA-BALS-FixedMargin,655,67.32824427480915,0.15267175572519084,32.51908396946565,0.0
225,1.2,0.0,0.0,DA-BALS-Adaptive,655,68.3969465648855,1.0687022900763359,30.53435114503817,0.0
225,1.2,0.0,0.0,DA-BALS-Stabilized,655,69.16030534351145,1.3740458015267176,29.465648854961835,0.0
225,1.2,0.0,0.5,DA-BALS-NoMargin,655,67.93893129770993,3.0534351145038165,29.00763358778626,0.0
225,1.2,0.0,0.5,DA-BALS-FixedMargin,655,67.02290076335878,0.45801526717557256,32.51908396946565,0.0
225,1.2,0.0,0.5,DA-BALS-Adaptive,655,67.78625954198473,1.0687022900763359,31.14503816793893,0.0
225,1.2,0.0,0.5,DA-BALS-Stabilized,655,67.63358778625954,2.7480916030534353,29.61832061068702,0.0
225,1.2,0.0,1.0,DA-BALS-NoMargin,655,65.34351145038167,5.4961832061068705,29.16030534351145,0.0
225,1.2,0.0,1.0,DA-BALS-FixedMargin,655,65.0381679389313,2.2900763358778624,32.671755725190835,0.0
225,1.2,0.0,1.0,DA-BALS-Adaptive,655,64.73282442748092,2.4427480916030535,32.82442748091603,0.0
225,1.2,0.0,1.0,DA-BALS-Stabilized,655,65.34351145038167,4.885496183206107,29.770992366412212,0.0
225,1.2,10.0,0.0,DA-BALS-NoMargin,655,69.46564885496184,1.5267175572519083,29.00763358778626,0.0
225,1.2,10.0,0.0,DA-BALS-FixedMargin,655,67.32824427480915,0.15267175572519084,32.51908396946565,0.0
225,1.2,10.0,0.0,DA-BALS-Adaptive,655,68.3969465648855,1.0687022900763359,30.53435114503817,0.0
225,1.2,10.0,0.0,DA-BALS-Stabilized,655,69.16030534351145,1.3740458015267176,29.465648854961835,0.0
225,1.2,10.0,0.5,DA-BALS-NoMargin,655,67.93893129770993,3.0534351145038165,29.00763358778626,0.0
225,1.2,10.0,0.5,DA-BALS-FixedMargin,655,67.02290076335878,0.45801526717557256,32.51908396946565,0.0
225,1.2,10.0,0.5,DA-BALS-Adaptive,655,67.78625954198473,1.0687022900763359,31.14503816793893,0.0
225,1.2,10.0,0.5,DA-BALS-Stabilized,655,67.63358778625954,2.7480916030534353,29.61832061068702,0.0
225,1.2,10.0,1.0,DA-BALS-NoMargin,655,65.34351145038167,5.648854961832061,29.00763358778626,0.0
225,1.2,10.0,1.0,DA-BALS-FixedMargin,655,64.8854961832061,2.595419847328244,32.51908396946565,0.0
225,1.2,10.0,1.0,DA-BALS-Adaptive,655,64.73282442748092,2.4427480916030535,32.82442748091603,0.0
225,1.2,10.0,1.0,DA-BALS-Stabilized,655,65.19083969465649,5.190839694656488,29.61832061068702,0.0
225,1.2,50.0,0.0,DA-BALS-NoMargin,655,69.46564885496184,1.5267175572519083,29.00763358778626,0.0
225,1.2,50.0,0.0,DA-BALS-FixedMargin,655,67.32824427480915,0.15267175572519084,32.51908396946565,0.0
225,1.2,50.0,0.0,DA-BALS-Adaptive,655,68.3969465648855,1.0687022900763359,30.53435114503817,0.0
225,1.2,50.0,0.0,DA-BALS-Stabilized,655,69.16030534351145,1.3740458015267176,29.465648854961835,0.0
225,1.2,50.0,0.5,DA-BALS-NoMargin,655,67.93893129770993,3.0534351145038165,29.00763358778626,0.0
225,1.2,50.0,0.5,DA-BALS-FixedMargin,655,67.02290076335878,0.45801526717557256,32.51908396946565,0.0
225,1.2,50.0,0.5,DA-BALS-Adaptive,655,67.78625954198473,1.0687022900763359,31.14503816793893,0.0
225,1.2,50.0,0.5,DA-BALS-Stabilized,655,67.63358778625954,2.7480916030534353,29.61832061068702,0.0
225,1.2,50.0,1.0,DA-BALS-NoMargin,655,65.34351145038167,5.648854961832061,29.00763358778626,0.0
225,1.2,50.0,1.0,DA-BALS-FixedMargin,655,64.8854961832061,2.595419847328244,32.51908396946565,0.0
225,1.2,50.0,1.0,DA-BALS-Adaptive,655,64.42748091603053,2.595419847328244,32.97709923664122,0.0
225,1.2,50.0,1.0,DA-BALS-Stabilized,655,65.19083969465649,5.190839694656488,29.61832061068702,0.0
226,0.2,0.0,0.0,DA-BALS-NoMargin,106,97.16981132075472,1.8867924528301887,0.9433962264150944,0.0
226,0.2,0.0,0.0,DA-BALS-FixedMargin,106,87.73584905660378,0.0,12.264150943396226,0.0
226,0.2,0.0,0.0,DA-BALS-Adaptive,106,94.33962264150944,0.9433962264150944,4.716981132075472,0.0
226,0.2,0.0,0.0,DA-BALS-Stabilized,106,97.16981132075472,1.8867924528301887,0.9433962264150944,0.0
226,0.2,0.0,0.5,DA-BALS-NoMargin,106,96.22641509433963,2.8301886792452833,0.9433962264150944,0.0
226,0.2,0.0,0.5,DA-BALS-FixedMargin,106,86.79245283018868,0.9433962264150944,12.264150943396226,0.0
226,0.2,0.0,0.5,DA-BALS-Adaptive,106,88.67924528301887,1.8867924528301887,9.433962264150944,0.0
226,0.2,0.0,0.5,DA-BALS-Stabilized,106,96.22641509433963,2.8301886792452833,0.9433962264150944,0.0
226,0.2,0.0,1.0,DA-BALS-NoMargin,106,95.28301886792453,3.7735849056603774,0.9433962264150944,0.0
226,0.2,0.0,1.0,DA-BALS-FixedMargin,106,85.84905660377359,1.8867924528301887,12.264150943396226,0.0
226,0.2,0.0,1.0,DA-BALS-Adaptive,106,87.73584905660378,1.8867924528301887,10.377358490566039,0.0
226,0.2,0.0,1.0,DA-BALS-Stabilized,106,94.33962264150944,3.7735849056603774,1.8867924528301887,0.0
226,0.2,10.0,0.0,DA-BALS-NoMargin,106,97.16981132075472,1.8867924528301887,0.9433962264150944,0.0
226,0.2,10.0,0.0,DA-BALS-FixedMargin,106,87.73584905660378,0.0,12.264150943396226,0.0
226,0.2,10.0,0.0,DA-BALS-Adaptive,106,94.33962264150944,0.9433962264150944,4.716981132075472,0.0
226,0.2,10.0,0.0,DA-BALS-Stabilized,106,97.16981132075472,1.8867924528301887,0.9433962264150944,0.0
226,0.2,10.0,0.5,DA-BALS-NoMargin,106,96.22641509433963,2.8301886792452833,0.9433962264150944,0.0
226,0.2,10.0,0.5,DA-BALS-FixedMargin,106,86.79245283018868,0.9433962264150944,12.264150943396226,0.0
226,0.2,10.0,0.5,DA-BALS-Adaptive,106,88.67924528301887,1.8867924528301887,9.433962264150944,0.0
226,0.2,10.0,0.5,DA-BALS-Stabilized,106,96.22641509433963,2.8301886792452833,0.9433962264150944,0.0
226,0.2,10.0,1.0,DA-BALS-NoMargin,106,95.28301886792453,3.7735849056603774,0.9433962264150944,0.0
226,0.2,10.0,1.0,DA-BALS-FixedMargin,106,85.84905660377359,1.8867924528301887,12.264150943396226,0.0
226,0.2,10.0,1.0,DA-BALS-Adaptive,106,87.73584905660378,1.8867924528301887,10.377358490566039,0.0
226,0.2,10.0,1.0,DA-BALS-Stabilized,106,94.33962264150944,3.7735849056603774,1.8867924528301887,0.0
226,0.2,50.0,0.0,DA-BALS-NoMargin,106,97.16981132075472,1.8867924528301887,0.9433962264150944,0.0
226,0.2,50.0,0.0,DA-BALS-FixedMargin,106,87.73584905660378,0.0,12.264150943396226,0.0
226,0.2,50.0,0.0,DA-BALS-Adaptive,106,94.33962264150944,0.9433962264150944,4.716981132075472,0.0
226,0.2,50.0,0.0,DA-BALS-Stabilized,106,97.16981132075472,1.8867924528301887,0.9433962264150944,0.0
226,0.2,50.0,0.5,DA-BALS-NoMargin,106,96.22641509433963,2.8301886792452833,0.9433962264150944,0.0
226,0.2,50.0,0.5,DA-BALS-FixedMargin,106,86.79245283018868,0.9433962264150944,12.264150943396226,0.0
226,0.2,50.0,0.5,DA-BALS-Adaptive,106,88.67924528301887,1.8867924528301887,9.433962264150944,0.0
226,0.2,50.0,0.5,DA-BALS-Stabilized,106,96.22641509433963,2.8301886792452833,0.9433962264150944,0.0
226,0.2,50.0,1.0,DA-BALS-NoMargin,106,95.28301886792453,3.7735849056603774,0.9433962264150944,0.0
226,0.2,50.0,1.0,DA-BALS-FixedMargin,106,85.84905660377359,1.8867924528301887,12.264150943396226,0.0
226,0.2,50.0,1.0,DA-BALS-Adaptive,106,87.73584905660378,1.8867924528301887,10.377358490566039,0.0
226,0.2,50.0,1.0,DA-BALS-Stabilized,106,94.33962264150944,3.7735849056603774,1.8867924528301887,0.0
226,0.4,0.0,0.0,DA-BALS-NoMargin,222,93.69369369369369,0.45045045045045046,5.8558558558558556,0.0
226,0.4,0.0,0.0,DA-BALS-FixedMargin,222,90.09009009009009,0.45045045045045046,9.45945945945946,0.0
226,0.4,0.0,0.0,DA-BALS-Adaptive,222,93.69369369369369,0.45045045045045046,5.8558558558558556,0.0
226,0.4,0.0,0.0,DA-BALS-Stabilized,222,93.69369369369369,0.45045045045045046,5.8558558558558556,0.0
226,0.4,0.0,0.5,DA-BALS-NoMargin,222,92.7927927927928,1.3513513513513513,5.8558558558558556,0.0
226,0.4,0.0,0.5,DA-BALS-FixedMargin,222,89.63963963963964,0.9009009009009009,9.45945945945946,0.0
226,0.4,0.0,0.5,DA-BALS-Adaptive,222,91.8918918918919,0.9009009009009009,7.207207207207207,0.0
226,0.4,0.0,0.5,DA-BALS-Stabilized,222,92.7927927927928,1.3513513513513513,5.8558558558558556,0.0
226,0.4,0.0,1.0,DA-BALS-NoMargin,222,91.44144144144144,2.2522522522522523,6.306306306306306,0.0
226,0.4,0.0,1.0,DA-BALS-FixedMargin,222,88.73873873873875,1.3513513513513513,9.90990990990991,0.0
226,0.4,0.0,1.0,DA-BALS-Adaptive,222,85.13513513513513,1.8018018018018018,13.063063063063062,0.0
226,0.4,0.0,1.0,DA-BALS-Stabilized,222,91.44144144144144,2.2522522522522523,6.306306306306306,0.0
226,0.4,10.0,0.0,DA-BALS-NoMargin,222,93.69369369369369,0.45045045045045046,5.8558558558558556,0.0
226,0.4,10.0,0.0,DA-BALS-FixedMargin,222,90.09009009009009,0.45045045045045046,9.45945945945946,0.0
226,0.4,10.0,0.0,DA-BALS-Adaptive,222,93.69369369369369,0.45045045045045046,5.8558558558558556,0.0
226,0.4,10.0,0.0,DA-BALS-Stabilized,222,93.69369369369369,0.45045045045045046,5.8558558558558556,0.0
226,0.4,10.0,0.5,DA-BALS-NoMargin,222,92.7927927927928,1.3513513513513513,5.8558558558558556,0.0
226,0.4,10.0,0.5,DA-BALS-FixedMargin,222,89.63963963963964,0.9009009009009009,9.45945945945946,0.0
226,0.4,10.0,0.5,DA-BALS-Adaptive,222,91.8918918918919,0.9009009009009009,7.207207207207207,0.0
226,0.4,10.0,0.5,DA-BALS-Stabilized,222,92.7927927927928,1.3513513513513513,5.8558558558558556,0.0
226,0.4,10.0,1.0,DA-BALS-NoMargin,222,91.8918918918919,2.2522522522522523,5.8558558558558556,0.0
226,0.4,10.0,1.0,DA-BALS-FixedMargin,222,89.1891891891892,1.3513513513513513,9.45945945945946,0.0
226,0.4,10.0,1.0,DA-BALS-Adaptive,222,85.58558558558559,1.8018018018018018,12.612612612612612,0.0
226,0.4,10.0,1.0,DA-BALS-Stabilized,222,91.8918918918919,2.2522522522522523,5.8558558558558556,0.0
226,0.4,50.0,0.0,DA-BALS-NoMargin,222,93.69369369369369,0.45045045045045046,5.8558558558558556,0.0
226,0.4,50.0,0.0,DA-BALS-FixedMargin,222,90.09009009009009,0.45045045045045046,9.45945945945946,0.0
226,0.4,50.0,0.0,DA-BALS-Adaptive,222,93.69369369369369,0.45045045045045046,5.8558558558558556,0.0
226,0.4,50.0,0.0,DA-BALS-Stabilized,222,93.69369369369369,0.45045045045045046,5.8558558558558556,0.0
226,0.4,50.0,0.5,DA-BALS-NoMargin,222,92.7927927927928,1.3513513513513513,5.8558558558558556,0.0
226,0.4,50.0,0.5,DA-BALS-FixedMargin,222,89.63963963963964,0.9009009009009009,9.45945945945946,0.0
226,0.4,50.0,0.5,DA-BALS-Adaptive,222,91.8918918918919,0.9009009009009009,7.207207207207207,0.0
226,0.4,50.0,0.5,DA-BALS-Stabilized,222,92.7927927927928,1.3513513513513513,5.8558558558558556,0.0
226,0.4,50.0,1.0,DA-BALS-NoMargin,222,91.8918918918919,2.2522522522522523,5.8558558558558556,0.0
226,0.4,50.0,1.0,DA-BALS-FixedMargin,222,89.1891891891892,1.3513513513513513,9.45945945945946,0.0
226,0.4,50.0,1.0,DA-BALS-Adaptive,222,85.58558558558559,1.8018018018018018,12.612612612612612,0.0
226,0.4,50.0,1.0,DA-BALS-Stabilized,222,91.8918918918919,2.2522522522522523,5.8558558558558556,0.0
226,0.6,0.0,0.0,DA-BALS-NoMargin,300,90.0,0.6666666666666667,9.333333333333334,0.0
226,0.6,0.0,0.0,DA-BALS-FixedMargin,300,84.33333333333334,0.33333333333333337,15.333333333333332,0.0
226,0.6,0.0,0.0,DA-BALS-Adaptive,300,88.33333333333333,0.33333333333333337,11.333333333333332,0.0
226,0.6,0.0,0.0,DA-BALS-Stabilized,300,89.66666666666666,0.6666666666666667,9.666666666666666,0.0
226,0.6,0.0,0.5,DA-BALS-NoMargin,300,89.33333333333333,1.3333333333333335,9.333333333333334,0.0
226,0.6,0.0,0.5,DA-BALS-FixedMargin,300,84.0,0.6666666666666667,15.333333333333332,0.0
226,0.6,0.0,0.5,DA-BALS-Adaptive,300,84.33333333333334,0.6666666666666667,15.0,0.0
226,0.6,0.0,0.5,DA-BALS-Stabilized,300,89.0,1.3333333333333335,9.666666666666666,0.0
226,0.6,0.0,1.0,DA-BALS-NoMargin,300,88.0,2.666666666666667,9.333333333333334,0.0
226,0.6,0.0,1.0,DA-BALS-FixedMargin,300,83.0,1.6666666666666667,15.333333333333332,0.0
226,0.6,0.0,1.0,DA-BALS-Adaptive,300,82.66666666666667,1.3333333333333335,16.0,0.0
226,0.6,0.0,1.0,DA-BALS-Stabilized,300,87.66666666666667,2.3333333333333335,10.0,0.0
226,0.6,10.0,0.0,DA-BALS-NoMargin,300,90.0,0.6666666666666667,9.333333333333334,0.0
226,0.6,10.0,0.0,DA-BALS-FixedMargin,300,84.33333333333334,0.33333333333333337,15.333333333333332,0.0
226,0.6,10.0,0.0,DA-BALS-Adaptive,300,88.33333333333333,0.33333333333333337,11.333333333333332,0.0
226,0.6,10.0,0.0,DA-BALS-Stabilized,300,89.66666666666666,0.6666666666666667,9.666666666666666,0.0
226,0.6,10.0,0.5,DA-BALS-NoMargin,300,89.33333333333333,1.3333333333333335,9.333333333333334,0.0
226,0.6,10.0,0.5,DA-BALS-FixedMargin,300,84.0,0.6666666666666667,15.333333333333332,0.0
226,0.6,10.0,0.5,DA-BALS-Adaptive,300,84.33333333333334,0.6666666666666667,15.0,0.0
226,0.6,10.0,0.5,DA-BALS-Stabilized,300,89.0,1.3333333333333335,9.666666666666666,0.0
226,0.6,10.0,1.0,DA-BALS-NoMargin,300,88.0,2.666666666666667,9.333333333333334,0.0
226,0.6,10.0,1.0,DA-BALS-FixedMargin,300,83.0,1.6666666666666667,15.333333333333332,0.0
226,0.6,10.0,1.0,DA-BALS-Adaptive,300,82.66666666666667,1.3333333333333335,16.0,0.0
226,0.6,10.0,1.0,DA-BALS-Stabilized,300,87.66666666666667,2.3333333333333335,10.0,0.0
226,0.6,50.0,0.0,DA-BALS-NoMargin,300,90.0,0.6666666666666667,9.333333333333334,0.0
226,0.6,50.0,0.0,DA-BALS-FixedMargin,300,84.33333333333334,0.33333333333333337,15.333333333333332,0.0
226,0.6,50.0,0.0,DA-BALS-Adaptive,300,88.33333333333333,0.33333333333333337,11.333333333333332,0.0
226,0.6,50.0,0.0,DA-BALS-Stabilized,300,89.66666666666666,0.6666666666666667,9.666666666666666,0.0
226,0.6,50.0,0.5,DA-BALS-NoMargin,300,89.33333333333333,1.3333333333333335,9.333333333333334,0.0
226,0.6,50.0,0.5,DA-BALS-FixedMargin,300,84.0,0.6666666666666667,15.333333333333332,0.0
226,0.6,50.0,0.5,DA-BALS-Adaptive,300,84.33333333333334,0.6666666666666667,15.0,0.0
226,0.6,50.0,0.5,DA-BALS-Stabilized,300,89.0,1.3333333333333335,9.666666666666666,0.0
226,0.6,50.0,1.0,DA-BALS-NoMargin,300,88.0,2.666666666666667,9.333333333333334,0.0
226,0.6,50.0,1.0,DA-BALS-FixedMargin,300,83.0,1.6666666666666667,15.333333333333332,0.0
226,0.6,50.0,1.0,DA-BALS-Adaptive,300,82.66666666666667,1.3333333333333335,16.0,0.0
226,0.6,50.0,1.0,DA-BALS-Stabilized,300,87.66666666666667,2.3333333333333335,10.0,0.0
226,0.8,0.0,0.0,DA-BALS-NoMargin,422,82.93838862559242,1.1848341232227488,15.876777251184834,0.0
226,0.8,0.0,0.0,DA-BALS-FixedMargin,422,77.48815165876776,0.0,22.511848341232227,0.0
226,0.8,0.0,0.0,DA-BALS-Adaptive,422,80.80568720379146,0.47393364928909953,18.72037914691943,0.0
226,0.8,0.0,0.0,DA-BALS-Stabilized,422,82.70142180094787,1.1848341232227488,16.113744075829384,0.0
226,0.8,0.0,0.5,DA-BALS-NoMargin,422,80.33175355450237,3.7914691943127963,15.876777251184834,0.0
226,0.8,0.0,0.5,DA-BALS-FixedMargin,422,76.54028436018957,0.9478672985781991,22.511848341232227,0.0
226,0.8,0.0,0.5,DA-BALS-Adaptive,422,79.14691943127961,1.4218009478672986,19.431279620853083,0.0
226,0.8,0.0,0.5,DA-BALS-Stabilized,422,80.09478672985783,2.843601895734597,17.061611374407583,0.0
226,0.8,0.0,1.0,DA-BALS-NoMargin,422,77.96208530805687,5.687203791469194,16.350710900473935,0.0
226,0.8,0.0,1.0,DA-BALS-FixedMargin,422,74.64454976303317,2.132701421800948,23.22274881516588,0.0
226,0.8,0.0,1.0,DA-BALS-Adaptive,422,65.63981042654028,2.3696682464454977,31.990521327014214,0.0
226,0.8,0.0,1.0,DA-BALS-Stabilized,422,77.25118483412322,4.739336492890995,18.009478672985782,0.0
226,0.8,10.0,0.0,DA-BALS-NoMargin,422,82.93838862559242,1.1848341232227488,15.876777251184834,0.0
226,0.8,10.0,0.0,DA-BALS-FixedMargin,422,77.48815165876776,0.0,22.511848341232227,0.0
226,0.8,10.0,0.0,DA-BALS-Adaptive,422,80.80568720379146,0.47393364928909953,18.72037914691943,0.0
226,0.8,10.0,0.0,DA-BALS-Stabilized,422,82.70142180094787,1.1848341232227488,16.113744075829384,0.0
226,0.8,10.0,0.5,DA-BALS-NoMargin,422,80.33175355450237,3.7914691943127963,15.876777251184834,0.0
226,0.8,10.0,0.5,DA-BALS-FixedMargin,422,76.54028436018957,0.9478672985781991,22.511848341232227,0.0
226,0.8,10.0,0.5,DA-BALS-Adaptive,422,79.14691943127961,1.4218009478672986,19.431279620853083,0.0
226,0.8,10.0,0.5,DA-BALS-Stabilized,422,80.09478672985783,2.843601895734597,17.061611374407583,0.0
226,0.8,10.0,1.0,DA-BALS-NoMargin,422,77.96208530805687,5.924170616113744,16.113744075829384,0.0
226,0.8,10.0,1.0,DA-BALS-FixedMargin,422,74.64454976303317,2.3696682464454977,22.985781990521325,0.0
226,0.8,10.0,1.0,DA-BALS-Adaptive,422,66.58767772511848,2.3696682464454977,31.04265402843602,0.0
226,0.8,10.0,1.0,DA-BALS-Stabilized,422,77.25118483412322,4.739336492890995,18.009478672985782,0.0
226,0.8,50.0,0.0,DA-BALS-NoMargin,422,82.93838862559242,1.1848341232227488,15.876777251184834,0.0
226,0.8,50.0,0.0,DA-BALS-FixedMargin,422,77.48815165876776,0.0,22.511848341232227,0.0
226,0.8,50.0,0.0,DA-BALS-Adaptive,422,80.80568720379146,0.47393364928909953,18.72037914691943,0.0
226,0.8,50.0,0.0,DA-BALS-Stabilized,422,82.70142180094787,1.1848341232227488,16.113744075829384,0.0
226,0.8,50.0,0.5,DA-BALS-NoMargin,422,80.33175355450237,3.7914691943127963,15.876777251184834,0.0
226,0.8,50.0,0.5,DA-BALS-FixedMargin,422,76.54028436018957,0.9478672985781991,22.511848341232227,0.0
226,0.8,50.0,0.5,DA-BALS-Adaptive,422,79.14691943127961,1.4218009478672986,19.431279620853083,0.0
226,0.8,50.0,0.5,DA-BALS-Stabilized,422,80.09478672985783,2.843601895734597,17.061611374407583,0.0
226,0.8,50.0,1.0,DA-BALS-NoMargin,422,77.96208530805687,6.161137440758294,15.876777251184834,0.0
226,0.8,50.0,1.0,DA-BALS-FixedMargin,422,74.64454976303317,2.843601895734597,22.511848341232227,0.0
226,0.8,50.0,1.0,DA-BALS-Adaptive,422,66.58767772511848,2.3696682464454977,31.04265402843602,0.0
226,0.8,50.0,1.0,DA-BALS-Stabilized,422,77.25118483412322,5.213270142180095,17.535545023696685,0.0
226,1.0,0.0,0.0,DA-BALS-NoMargin,515,77.86407766990291,0.5825242718446602,21.553398058252426,0.0
226,1.0,0.0,0.0,DA-BALS-FixedMargin,515,73.39805825242719,0.0,26.601941747572816,0.0
226,1.0,0.0,0.0,DA-BALS-Adaptive,515,76.89320388349515,0.3883495145631068,22.718446601941746,0.0
226,1.0,0.0,0.0,DA-BALS-Stabilized,515,78.05825242718447,0.3883495145631068,21.553398058252426,0.0
226,1.0,0.0,0.5,DA-BALS-NoMargin,515,75.72815533980582,2.7184466019417477,21.553398058252426,0.0
226,1.0,0.0,0.5,DA-BALS-FixedMargin,515,73.20388349514563,0.1941747572815534,26.601941747572816,0.0
226,1.0,0.0,0.5,DA-BALS-Adaptive,515,75.14563106796116,1.1650485436893203,23.689320388349515,0.0
226,1.0,0.0,0.5,DA-BALS-Stabilized,515,75.92233009708738,1.9417475728155338,22.135922330097088,0.0
226,1.0,0.0,1.0,DA-BALS-NoMargin,515,74.36893203883496,4.077669902912621,21.553398058252426,0.0
226,1.0,0.0,1.0,DA-BALS-FixedMargin,515,72.03883495145631,1.3592233009708738,26.601941747572816,0.0
226,1.0,0.0,1.0,DA-BALS-Adaptive,515,72.23300970873787,0.5825242718446602,27.184466019417474,0.0
226,1.0,0.0,1.0,DA-BALS-Stabilized,515,74.9514563106796,2.7184466019417477,22.330097087378643,0.0
226,1.0,10.0,0.0,DA-BALS-NoMargin,515,77.86407766990291,0.5825242718446602,21.553398058252426,0.0
226,1.0,10.0,0.0,DA-BALS-FixedMargin,515,73.39805825242719,0.0,26.601941747572816,0.0
226,1.0,10.0,0.0,DA-BALS-Adaptive,515,76.89320388349515,0.3883495145631068,22.718446601941746,0.0
226,1.0,10.0,0.0,DA-BALS-Stabilized,515,78.05825242718447,0.3883495145631068,21.553398058252426,0.0
226,1.0,10.0,0.5,DA-BALS-NoMargin,515,75.72815533980582,2.7184466019417477,21.553398058252426,0.0
226,1.0,10.0,0.5,DA-BALS-FixedMargin,515,73.20388349514563,0.1941747572815534,26.601941747572816,0.0
226,1.0,10.0,0.5,DA-BALS-Adaptive,515,75.14563106796116,1.1650485436893203,23.689320388349515,0.0
226,1.0,10.0,0.5,DA-BALS-Stabilized,515,75.92233009708738,1.9417475728155338,22.135922330097088,0.0
226,1.0,10.0,1.0,DA-BALS-NoMargin,515,74.36893203883496,4.077669902912621,21.553398058252426,0.0
226,1.0,10.0,1.0,DA-BALS-FixedMargin,515,72.03883495145631,1.3592233009708738,26.601941747572816,0.0
226,1.0,10.0,1.0,DA-BALS-Adaptive,515,72.62135922330097,0.3883495145631068,26.990291262135923,0.0
226,1.0,10.0,1.0,DA-BALS-Stabilized,515,74.75728155339806,3.1067961165048543,22.135922330097088,0.0
226,1.0,50.0,0.0,DA-BALS-NoMargin,515,77.86407766990291,0.5825242718446602,21.553398058252426,0.0
226,1.0,50.0,0.0,DA-BALS-FixedMargin,515,73.39805825242719,0.0,26.601941747572816,0.0
226,1.0,50.0,0.0,DA-BALS-Adaptive,515,76.89320388349515,0.3883495145631068,22.718446601941746,0.0
226,1.0,50.0,0.0,DA-BALS-Stabilized,515,78.05825242718447,0.3883495145631068,21.553398058252426,0.0
226,1.0,50.0,0.5,DA-BALS-NoMargin,515,75.72815533980582,2.7184466019417477,21.553398058252426,0.0
226,1.0,50.0,0.5,DA-BALS-FixedMargin,515,73.20388349514563,0.1941747572815534,26.601941747572816,0.0
226,1.0,50.0,0.5,DA-BALS-Adaptive,515,75.14563106796116,1.1650485436893203,23.689320388349515,0.0
226,1.0,50.0,0.5,DA-BALS-Stabilized,515,75.92233009708738,1.9417475728155338,22.135922330097088,0.0
226,1.0,50.0,1.0,DA-BALS-NoMargin,515,74.36893203883496,4.077669902912621,21.553398058252426,0.0
226,1.0,50.0,1.0,DA-BALS-FixedMargin,515,72.03883495145631,1.3592233009708738,26.601941747572816,0.0
226,1.0,50.0,1.0,DA-BALS-Adaptive,515,72.62135922330097,0.3883495145631068,26.990291262135923,0.0
226,1.0,50.0,1.0,DA-BALS-Stabilized,515,74.75728155339806,3.1067961165048543,22.135922330097088,0.0
226,1.2,0.0,0.0,DA-BALS-NoMargin,619,73.50565428109854,0.9693053311793215,25.525040387722132,0.0
226,1.2,0.0,0.0,DA-BALS-FixedMargin,619,72.53634894991923,0.16155088852988692,27.30210016155089,0.0
226,1.2,0.0,0.0,DA-BALS-Adaptive,619,72.21324717285945,0.8077544426494345,26.978998384491113,0.0
226,1.2,0.0,0.0,DA-BALS-Stabilized,619,73.50565428109854,0.9693053311793215,25.525040387722132,0.0
226,1.2,0.0,0.5,DA-BALS-NoMargin,619,72.53634894991923,1.938610662358643,25.525040387722132,0.0
226,1.2,0.0,0.5,DA-BALS-FixedMargin,619,72.05169628432955,0.6462035541195477,27.30210016155089,0.0
226,1.2,0.0,0.5,DA-BALS-Adaptive,619,72.21324717285945,1.1308562197092082,26.65589660743134,0.0
226,1.2,0.0,0.5,DA-BALS-Stabilized,619,72.6978998384491,1.7770597738287561,25.525040387722132,0.0
226,1.2,0.0,1.0,DA-BALS-NoMargin,619,71.24394184168013,3.231017770597738,25.525040387722132,0.0
226,1.2,0.0,1.0,DA-BALS-FixedMargin,619,70.92084006462036,1.7770597738287561,27.30210016155089,0.0
226,1.2,0.0,1.0,DA-BALS-Adaptive,619,70.92084006462036,1.615508885298869,27.463651050080774,0.0
226,1.2,0.0,1.0,DA-BALS-Stabilized,619,71.08239095315024,3.0694668820678515,25.848142164781905,0.0
226,1.2,10.0,0.0,DA-BALS-NoMargin,619,73.50565428109854,0.9693053311793215,25.525040387722132,0.0
226,1.2,10.0,0.0,DA-BALS-FixedMargin,619,72.53634894991923,0.16155088852988692,27.30210016155089,0.0
226,1.2,10.0,0.0,DA-BALS-Adaptive,619,72.21324717285945,0.8077544426494345,26.978998384491113,0.0
226,1.2,10.0,0.0,DA-BALS-Stabilized,619,73.50565428109854,0.9693053311793215,25.525040387722132,0.0
226,1.2,10.0,0.5,DA-BALS-NoMargin,619,72.53634894991923,1.938610662358643,25.525040387722132,0.0
226,1.2,10.0,0.5,DA-BALS-FixedMargin,619,72.05169628432955,0.6462035541195477,27.30210016155089,0.0
226,1.2,10.0,0.5,DA-BALS-Adaptive,619,72.21324717285945,1.1308562197092082,26.65589660743134,0.0
226,1.2,10.0,0.5,DA-BALS-Stabilized,619,72.6978998384491,1.7770597738287561,25.525040387722132,0.0
226,1.2,10.0,1.0,DA-BALS-NoMargin,619,71.24394184168013,3.231017770597738,25.525040387722132,0.0
226,1.2,10.0,1.0,DA-BALS-FixedMargin,619,70.92084006462036,1.7770597738287561,27.30210016155089,0.0
226,1.2,10.0,1.0,DA-BALS-Adaptive,619,70.92084006462036,1.615508885298869,27.463651050080774,0.0
226,1.2,10.0,1.0,DA-BALS-Stabilized,619,71.08239095315024,3.0694668820678515,25.848142164781905,0.0
226,1.2,50.0,0.0,DA-BALS-NoMargin,619,73.50565428109854,0.9693053311793215,25.525040387722132,0.0
226,1.2,50.0,0.0,DA-BALS-FixedMargin,619,72.53634894991923,0.16155088852988692,27.30210016155089,0.0
226,1.2,50.0,0.0,DA-BALS-Adaptive,619,72.21324717285945,0.8077544426494345,26.978998384491113,0.0
226,1.2,50.0,0.0,DA-BALS-Stabilized,619,73.50565428109854,0.9693053311793215,25.525040387722132,0.0
226,1.2,50.0,0.5,DA-BALS-NoMargin,619,72.53634894991923,1.938610662358643,25.525040387722132,0.0
226,1.2,50.0,0.5,DA-BALS-FixedMargin,619,72.05169628432955,0.6462035541195477,27.30210016155089,0.0
226,1.2,50.0,0.5,DA-BALS-Adaptive,619,72.21324717285945,1.1308562197092082,26.65589660743134,0.0
226,1.2,50.0,0.5,DA-BALS-Stabilized,619,72.6978998384491,1.7770597738287561,25.525040387722132,0.0
226,1.2,50.0,1.0,DA-BALS-NoMargin,619,71.24394184168013,3.231017770597738,25.525040387722132,0.0
226,1.2,50.0,1.0,DA-BALS-FixedMargin,619,70.92084006462036,1.7770597738287561,27.30210016155089,0.0
226,1.2,50.0,1.0,DA-BALS-Adaptive,619,70.92084006462036,1.615508885298869,27.463651050080774,0.0
226,1.2,50.0,1.0,DA-BALS-Stabilized,619,71.08239095315024,3.0694668820678515,25.848142164781905,0.0
227,0.2,0.0,0.0,DA-BALS-NoMargin,99,98.98989898989899,1.0101010101010102,0.0,0.0
227,0.2,0.0,0.0,DA-BALS-FixedMargin,99,94.94949494949495,0.0,5.05050505050505,0.0
227,0.2,0.0,0.0,DA-BALS-Adaptive,99,98.98989898989899,0.0,1.0101010101010102,0.0
227,0.2,0.0,0.0,DA-BALS-Stabilized,99,98.98989898989899,1.0101010101010102,0.0,0.0
227,0.2,0.0,0.5,DA-BALS-NoMargin,99,98.98989898989899,1.0101010101010102,0.0,0.0
227,0.2,0.0,0.5,DA-BALS-FixedMargin,99,94.94949494949495,0.0,5.05050505050505,0.0
227,0.2,0.0,0.5,DA-BALS-Adaptive,99,97.97979797979798,0.0,2.0202020202020203,0.0
227,0.2,0.0,0.5,DA-BALS-Stabilized,99,98.98989898989899,1.0101010101010102,0.0,0.0
227,0.2,0.0,1.0,DA-BALS-NoMargin,99,98.98989898989899,1.0101010101010102,0.0,0.0
227,0.2,0.0,1.0,DA-BALS-FixedMargin,99,94.94949494949495,0.0,5.05050505050505,0.0
227,0.2,0.0,1.0,DA-BALS-Adaptive,99,96.96969696969697,0.0,3.0303030303030303,0.0
227,0.2,0.0,1.0,DA-BALS-Stabilized,99,98.98989898989899,1.0101010101010102,0.0,0.0
227,0.2,10.0,0.0,DA-BALS-NoMargin,99,98.98989898989899,1.0101010101010102,0.0,0.0
227,0.2,10.0,0.0,DA-BALS-FixedMargin,99,94.94949494949495,0.0,5.05050505050505,0.0
227,0.2,10.0,0.0,DA-BALS-Adaptive,99,98.98989898989899,0.0,1.0101010101010102,0.0
227,0.2,10.0,0.0,DA-BALS-Stabilized,99,98.98989898989899,1.0101010101010102,0.0,0.0
227,0.2,10.0,0.5,DA-BALS-NoMargin,99,98.98989898989899,1.0101010101010102,0.0,0.0
227,0.2,10.0,0.5,DA-BALS-FixedMargin,99,94.94949494949495,0.0,5.05050505050505,0.0
227,0.2,10.0,0.5,DA-BALS-Adaptive,99,97.97979797979798,0.0,2.0202020202020203,0.0
227,0.2,10.0,0.5,DA-BALS-Stabilized,99,98.98989898989899,1.0101010101010102,0.0,0.0
227,0.2,10.0,1.0,DA-BALS-NoMargin,99,98.98989898989899,1.0101010101010102,0.0,0.0
227,0.2,10.0,1.0,DA-BALS-FixedMargin,99,94.94949494949495,0.0,5.05050505050505,0.0
227,0.2,10.0,1.0,DA-BALS-Adaptive,99,96.96969696969697,0.0,3.0303030303030303,0.0
227,0.2,10.0,1.0,DA-BALS-Stabilized,99,98.98989898989899,1.0101010101010102,0.0,0.0
227,0.2,50.0,0.0,DA-BALS-NoMargin,99,98.98989898989899,1.0101010101010102,0.0,0.0
227,0.2,50.0,0.0,DA-BALS-FixedMargin,99,94.94949494949495,0.0,5.05050505050505,0.0
227,0.2,50.0,0.0,DA-BALS-Adaptive,99,98.98989898989899,0.0,1.0101010101010102,0.0
227,0.2,50.0,0.0,DA-BALS-Stabilized,99,98.98989898989899,1.0101010101010102,0.0,0.0
227,0.2,50.0,0.5,DA-BALS-NoMargin,99,98.98989898989899,1.0101010101010102,0.0,0.0
227,0.2,50.0,0.5,DA-BALS-FixedMargin,99,94.94949494949495,0.0,5.05050505050505,0.0
227,0.2,50.0,0.5,DA-BALS-Adaptive,99,97.97979797979798,0.0,2.0202020202020203,0.0
227,0.2,50.0,0.5,DA-BALS-Stabilized,99,98.98989898989899,1.0101010101010102,0.0,0.0
227,0.2,50.0,1.0,DA-BALS-NoMargin,99,98.98989898989899,1.0101010101010102,0.0,0.0
227,0.2,50.0,1.0,DA-BALS-FixedMargin,99,94.94949494949495,0.0,5.05050505050505,0.0
227,0.2,50.0,1.0,DA-BALS-Adaptive,99,96.96969696969697,0.0,3.0303030303030303,0.0
227,0.2,50.0,1.0,DA-BALS-Stabilized,99,98.98989898989899,1.0101010101010102,0.0,0.0
227,0.4,0.0,0.0,DA-BALS-NoMargin,189,94.17989417989418,0.0,5.82010582010582,0.0
227,0.4,0.0,0.0,DA-BALS-FixedMargin,189,88.88888888888889,0.0,11.11111111111111,0.0
227,0.4,0.0,0.0,DA-BALS-Adaptive,189,92.5925925925926,0.0,7.4074074074074066,0.0
227,0.4,0.0,0.0,DA-BALS-Stabilized,189,93.12169312169311,0.0,6.878306878306878,0.0
227,0.4,0.0,0.5,DA-BALS-NoMargin,189,93.12169312169311,1.0582010582010581,5.82010582010582,0.0
227,0.4,0.0,0.5,DA-BALS-FixedMargin,189,88.88888888888889,0.0,11.11111111111111,0.0
227,0.4,0.0,0.5,DA-BALS-Adaptive,189,90.47619047619048,0.0,9.523809523809524,0.0
227,0.4,0.0,0.5,DA-BALS-Stabilized,189,91.53439153439153,1.0582010582010581,7.4074074074074066,0.0
227,0.4,0.0,1.0,DA-BALS-NoMargin,189,91.53439153439153,2.1164021164021163,6.349206349206349,0.0
227,0.4,0.0,1.0,DA-BALS-FixedMargin,189,88.35978835978835,0.5291005291005291,11.11111111111111,0.0
227,0.4,0.0,1.0,DA-BALS-Adaptive,189,76.71957671957672,0.5291005291005291,22.75132275132275,0.0
227,0.4,0.0,1.0,DA-BALS-Stabilized,189,90.47619047619048,2.1164021164021163,7.4074074074074066,0.0
227,0.4,10.0,0.0,DA-BALS-NoMargin,189,94.17989417989418,0.0,5.82010582010582,0.0
227,0.4,10.0,0.0,DA-BALS-FixedMargin,189,88.88888888888889,0.0,11.11111111111111,0.0
227,0.4,10.0,0.0,DA-BALS-Adaptive,189,92.5925925925926,0.0,7.4074074074074066,0.0
227,0.4,10.0,0.0,DA-BALS-Stabilized,189,93.12169312169311,0.0,6.878306878306878,0.0
227,0.4,10.0,0.5,DA-BALS-NoMargin,189,93.12169312169311,1.0582010582010581,5.82010582010582,0.0
227,0.4,10.0,0.5,DA-BALS-FixedMargin,189,88.88888888888889,0.0,11.11111111111111,0.0
227,0.4,10.0,0.5,DA-BALS-Adaptive,189,90.47619047619048,0.0,9.523809523809524,0.0
227,0.4,10.0,0.5,DA-BALS-Stabilized,189,91.53439153439153,1.0582010582010581,7.4074074074074066,0.0
227,0.4,10.0,1.0,DA-BALS-NoMargin,189,91.53439153439153,2.6455026455026456,5.82010582010582,0.0
227,0.4,10.0,1.0,DA-BALS-FixedMargin,189,88.35978835978835,0.5291005291005291,11.11111111111111,0.0
227,0.4,10.0,1.0,DA-BALS-Adaptive,189,76.71957671957672,0.5291005291005291,22.75132275132275,0.0
227,0.4,10.0,1.0,DA-BALS-Stabilized,189,90.47619047619048,2.1164021164021163,7.4074074074074066,0.0
227,0.4,50.0,0.0,DA-BALS-NoMargin,189,94.17989417989418,0.0,5.82010582010582,0.0
227,0.4,50.0,0.0,DA-BALS-FixedMargin,189,88.88888888888889,0.0,11.11111111111111,0.0
227,0.4,50.0,0.0,DA-BALS-Adaptive,189,92.5925925925926,0.0,7.4074074074074066,0.0
227,0.4,50.0,0.0,DA-BALS-Stabilized,189,93.12169312169311,0.0,6.878306878306878,0.0
227,0.4,50.0,0.5,DA-BALS-NoMargin,189,93.12169312169311,1.0582010582010581,5.82010582010582,0.0
227,0.4,50.0,0.5,DA-BALS-FixedMargin,189,88.88888888888889,0.0,11.11111111111111,0.0
227,0.4,50.0,0.5,DA-BALS-Adaptive,189,90.47619047619048,0.0,9.523809523809524,0.0
227,0.4,50.0,0.5,DA-BALS-Stabilized,189,91.53439153439153,1.0582010582010581,7.4074074074074066,0.0
227,0.4,50.0,1.0,DA-BALS-NoMargin,189,91.53439153439153,2.6455026455026456,5.82010582010582,0.0
227,0.4,50.0,1.0,DA-BALS-FixedMargin,189,88.35978835978835,0.5291005291005291,11.11111111111111,0.0
227,0.4,50.0,1.0,DA-BALS-Adaptive,189,76.71957671957672,0.5291005291005291,22.75132275132275,0.0
227,0.4,50.0,1.0,DA-BALS-Stabilized,189,90.47619047619048,2.1164021164021163,7.4074074074074066,0.0
227,0.6,0.0,0.0,DA-BALS-NoMargin,285,88.0701754385965,1.0526315789473684,10.87719298245614,0.0
227,0.6,0.0,0.0,DA-BALS-FixedMargin,285,84.56140350877193,0.0,15.43859649122807,0.0
227,0.6,0.0,0.0,DA-BALS-Adaptive,285,87.71929824561403,0.7017543859649122,11.578947368421053,0.0
227,0.6,0.0,0.0,DA-BALS-Stabilized,285,88.0701754385965,1.0526315789473684,10.87719298245614,0.0
227,0.6,0.0,0.5,DA-BALS-NoMargin,285,87.71929824561403,1.4035087719298245,10.87719298245614,0.0
227,0.6,0.0,0.5,DA-BALS-FixedMargin,285,83.85964912280703,0.7017543859649122,15.43859649122807,0.0
227,0.6,0.0,0.5,DA-BALS-Adaptive,285,86.31578947368422,1.0526315789473684,12.631578947368421,0.0
227,0.6,0.0,0.5,DA-BALS-Stabilized,285,87.36842105263159,1.4035087719298245,11.228070175438596,0.0
227,0.6,0.0,1.0,DA-BALS-NoMargin,285,86.31578947368422,2.807017543859649,10.87719298245614,0.0
227,0.6,0.0,1.0,DA-BALS-FixedMargin,285,82.10526315789474,2.456140350877193,15.43859649122807,0.0
227,0.6,0.0,1.0,DA-BALS-Adaptive,285,78.24561403508771,1.7543859649122806,20.0,0.0
227,0.6,0.0,1.0,DA-BALS-Stabilized,285,85.96491228070175,2.456140350877193,11.578947368421053,0.0
227,0.6,10.0,0.0,DA-BALS-NoMargin,285,88.0701754385965,1.0526315789473684,10.87719298245614,0.0
227,0.6,10.0,0.0,DA-BALS-FixedMargin,285,84.56140350877193,0.0,15.43859649122807,0.0
227,0.6,10.0,0.0,DA-BALS-Adaptive,285,87.71929824561403,0.7017543859649122,11.578947368421053,0.0
227,0.6,10.0,0.0,DA-BALS-Stabilized,285,88.0701754385965,1.0526315789473684,10.87719298245614,0.0
227,0.6,10.0,0.5,DA-BALS-NoMargin,285,87.71929824561403,1.4035087719298245,10.87719298245614,0.0
227,0.6,10.0,0.5,DA-BALS-FixedMargin,285,83.85964912280703,0.7017543859649122,15.43859649122807,0.0
227,0.6,10.0,0.5,DA-BALS-Adaptive,285,86.31578947368422,1.0526315789473684,12.631578947368421,0.0
227,0.6,10.0,0.5,DA-BALS-Stabilized,285,87.36842105263159,1.4035087719298245,11.228070175438596,0.0
227,0.6,10.0,1.0,DA-BALS-NoMargin,285,86.31578947368422,2.807017543859649,10.87719298245614,0.0
227,0.6,10.0,1.0,DA-BALS-FixedMargin,285,82.45614035087719,2.1052631578947367,15.43859649122807,0.0
227,0.6,10.0,1.0,DA-BALS-Adaptive,285,78.24561403508771,1.7543859649122806,20.0,0.0
227,0.6,10.0,1.0,DA-BALS-Stabilized,285,85.96491228070175,2.456140350877193,11.578947368421053,0.0
227,0.6,50.0,0.0,DA-BALS-NoMargin,285,88.0701754385965,1.0526315789473684,10.87719298245614,0.0
227,0.6,50.0,0.0,DA-BALS-FixedMargin,285,84.56140350877193,0.0,15.43859649122807,0.0
227,0.6,50.0,0.0,DA-BALS-Adaptive,285,87.71929824561403,0.7017543859649122,11.578947368421053,0.0
227,0.6,50.0,0.0,DA-BALS-Stabilized,285,88.0701754385965,1.0526315789473684,10.87719298245614,0.0
227,0.6,50.0,0.5,DA-BALS-NoMargin,285,87.71929824561403,1.4035087719298245,10.87719298245614,0.0
227,0.6,50.0,0.5,DA-BALS-FixedMargin,285,83.85964912280703,0.7017543859649122,15.43859649122807,0.0
227,0.6,50.0,0.5,DA-BALS-Adaptive,285,86.31578947368422,1.0526315789473684,12.631578947368421,0.0
227,0.6,50.0,0.5,DA-BALS-Stabilized,285,87.36842105263159,1.4035087719298245,11.228070175438596,0.0
227,0.6,50.0,1.0,DA-BALS-NoMargin,285,86.31578947368422,2.807017543859649,10.87719298245614,0.0
227,0.6,50.0,1.0,DA-BALS-FixedMargin,285,82.45614035087719,2.1052631578947367,15.43859649122807,0.0
227,0.6,50.0,1.0,DA-BALS-Adaptive,285,78.24561403508771,1.7543859649122806,20.0,0.0
227,0.6,50.0,1.0,DA-BALS-Stabilized,285,85.96491228070175,2.456140350877193,11.578947368421053,0.0
227,0.8,0.0,0.0,DA-BALS-NoMargin,417,81.05515587529976,1.4388489208633095,17.505995203836928,0.0
227,0.8,0.0,0.0,DA-BALS-FixedMargin,417,76.73860911270984,0.2398081534772182,23.021582733812952,0.0
227,0.8,0.0,0.0,DA-BALS-Adaptive,417,80.0959232613909,0.9592326139088728,18.94484412470024,0.0
227,0.8,0.0,0.0,DA-BALS-Stabilized,417,80.81534772182253,1.4388489208633095,17.74580335731415,0.0
227,0.8,0.0,0.5,DA-BALS-NoMargin,417,80.57553956834532,1.9184652278177456,17.505995203836928,0.0
227,0.8,0.0,0.5,DA-BALS-FixedMargin,417,76.2589928057554,0.7194244604316548,23.021582733812952,0.0
227,0.8,0.0,0.5,DA-BALS-Adaptive,417,77.21822541966426,1.1990407673860912,21.58273381294964,0.0
227,0.8,0.0,0.5,DA-BALS-Stabilized,417,80.3357314148681,1.6786570743405276,17.985611510791365,0.0
227,0.8,0.0,1.0,DA-BALS-NoMargin,417,79.61630695443645,2.877697841726619,17.505995203836928,0.0
227,0.8,0.0,1.0,DA-BALS-FixedMargin,417,74.10071942446042,2.158273381294964,23.741007194244602,0.0
227,0.8,0.0,1.0,DA-BALS-Adaptive,417,73.86091127098321,1.1990407673860912,24.940047961630697,0.0
227,0.8,0.0,1.0,DA-BALS-Stabilized,417,77.6978417266187,3.117505995203837,19.18465227817746,0.0
227,0.8,10.0,0.0,DA-BALS-NoMargin,417,81.05515587529976,1.4388489208633095,17.505995203836928,0.0
227,0.8,10.0,0.0,DA-BALS-FixedMargin,417,76.73860911270984,0.2398081534772182,23.021582733812952,0.0
227,0.8,10.0,0.0,DA-BALS-Adaptive,417,80.0959232613909,0.9592326139088728,18.94484412470024,0.0
227,0.8,10.0,0.0,DA-BALS-Stabilized,417,80.81534772182253,1.4388489208633095,17.74580335731415,0.0
227,0.8,10.0,0.5,DA-BALS-NoMargin,417,80.57553956834532,1.9184652278177456,17.505995203836928,0.0
227,0.8,10.0,0.5,DA-BALS-FixedMargin,417,76.2589928057554,0.7194244604316548,23.021582733812952,0.0
227,0.8,10.0,0.5,DA-BALS-Adaptive,417,77.21822541966426,1.1990407673860912,21.58273381294964,0.0
227,0.8,10.0,0.5,DA-BALS-Stabilized,417,80.3357314148681,1.6786570743405276,17.985611510791365,0.0
227,0.8,10.0,1.0,DA-BALS-NoMargin,417,79.61630695443645,2.877697841726619,17.505995203836928,0.0
227,0.8,10.0,1.0,DA-BALS-FixedMargin,417,74.58033573141488,2.158273381294964,23.26139088729017,0.0
227,0.8,10.0,1.0,DA-BALS-Adaptive,417,73.86091127098321,1.1990407673860912,24.940047961630697,0.0
227,0.8,10.0,1.0,DA-BALS-Stabilized,417,77.6978417266187,3.597122302158273,18.705035971223023,0.0
227,0.8,50.0,0.0,DA-BALS-NoMargin,417,81.05515587529976,1.4388489208633095,17.505995203836928,0.0
227,0.8,50.0,0.0,DA-BALS-FixedMargin,417,76.73860911270984,0.2398081534772182,23.021582733812952,0.0
227,0.8,50.0,0.0,DA-BALS-Adaptive,417,80.0959232613909,0.9592326139088728,18.94484412470024,0.0
227,0.8,50.0,0.0,DA-BALS-Stabilized,417,80.81534772182253,1.4388489208633095,17.74580335731415,0.0
227,0.8,50.0,0.5,DA-BALS-NoMargin,417,80.57553956834532,1.9184652278177456,17.505995203836928,0.0
227,0.8,50.0,0.5,DA-BALS-FixedMargin,417,76.2589928057554,0.7194244604316548,23.021582733812952,0.0
227,0.8,50.0,0.5,DA-BALS-Adaptive,417,77.21822541966426,1.1990407673860912,21.58273381294964,0.0
227,0.8,50.0,0.5,DA-BALS-Stabilized,417,80.3357314148681,1.6786570743405276,17.985611510791365,0.0
227,0.8,50.0,1.0,DA-BALS-NoMargin,417,79.61630695443645,2.877697841726619,17.505995203836928,0.0
227,0.8,50.0,1.0,DA-BALS-FixedMargin,417,74.34052757793765,2.6378896882494005,23.021582733812952,0.0
227,0.8,50.0,1.0,DA-BALS-Adaptive,417,73.86091127098321,1.1990407673860912,24.940047961630697,0.0
227,0.8,50.0,1.0,DA-BALS-Stabilized,417,77.45803357314148,4.07673860911271,18.465227817745802,0.0
227,1.0,0.0,0.0,DA-BALS-NoMargin,521,78.1190019193858,1.5355086372360844,20.34548944337812,0.0
227,1.0,0.0,0.0,DA-BALS-FixedMargin,521,75.81573896353166,0.3838771593090211,23.80038387715931,0.0
227,1.0,0.0,0.0,DA-BALS-Adaptive,521,77.35124760076776,0.5758157389635317,22.072936660268713,0.0
227,1.0,0.0,0.0,DA-BALS-Stabilized,521,78.1190019193858,1.1516314779270633,20.72936660268714,0.0
227,1.0,0.0,0.5,DA-BALS-NoMargin,521,76.00767754318618,3.6468330134357005,20.34548944337812,0.0
227,1.0,0.0,0.5,DA-BALS-FixedMargin,521,75.04798464491363,1.1516314779270633,23.80038387715931,0.0
227,1.0,0.0,0.5,DA-BALS-Adaptive,521,75.04798464491363,1.727447216890595,23.224568138195778,0.0
227,1.0,0.0,0.5,DA-BALS-Stabilized,521,76.00767754318618,2.6871401151631478,21.30518234165067,0.0
227,1.0,0.0,1.0,DA-BALS-NoMargin,521,73.70441458733205,5.950095969289827,20.34548944337812,0.0
227,1.0,0.0,1.0,DA-BALS-FixedMargin,521,72.7447216890595,3.45489443378119,23.80038387715931,0.0
227,1.0,0.0,1.0,DA-BALS-Adaptive,521,64.10748560460652,2.3032629558541267,33.589251439539346,0.0
227,1.0,0.0,1.0,DA-BALS-Stabilized,521,73.51247600767753,4.990403071017274,21.497120921305182,0.0
227,1.0,10.0,0.0,DA-BALS-NoMargin,521,78.1190019193858,1.5355086372360844,20.34548944337812,0.0
227,1.0,10.0,0.0,DA-BALS-FixedMargin,521,75.81573896353166,0.3838771593090211,23.80038387715931,0.0
227,1.0,10.0,0.0,DA-BALS-Adaptive,521,77.35124760076776,0.5758157389635317,22.072936660268713,0.0
227,1.0,10.0,0.0,DA-BALS-Stabilized,521,78.1190019193858,1.1516314779270633,20.72936660268714,0.0
227,1.0,10.0,0.5,DA-BALS-NoMargin,521,76.00767754318618,3.6468330134357005,20.34548944337812,0.0
227,1.0,10.0,0.5,DA-BALS-FixedMargin,521,75.04798464491363,1.1516314779270633,23.80038387715931,0.0
227,1.0,10.0,0.5,DA-BALS-Adaptive,521,73.89635316698656,1.5355086372360844,24.56813819577735,0.0
227,1.0,10.0,0.5,DA-BALS-Stabilized,521,76.00767754318618,2.6871401151631478,21.30518234165067,0.0
227,1.0,10.0,1.0,DA-BALS-NoMargin,521,73.12859884836853,6.333973128598848,20.537428023032632,0.0
227,1.0,10.0,1.0,DA-BALS-FixedMargin,521,72.16890595009598,4.030710172744722,23.80038387715931,0.0
227,1.0,10.0,1.0,DA-BALS-Adaptive,521,58.73320537428023,2.8790786948176583,38.38771593090211,0.0
227,1.0,10.0,1.0,DA-BALS-Stabilized,521,73.12859884836853,5.3742802303262955,21.497120921305182,0.0
227,1.0,50.0,0.0,DA-BALS-NoMargin,521,78.1190019193858,1.5355086372360844,20.34548944337812,0.0
227,1.0,50.0,0.0,DA-BALS-FixedMargin,521,75.81573896353166,0.3838771593090211,23.80038387715931,0.0
227,1.0,50.0,0.0,DA-BALS-Adaptive,521,77.35124760076776,0.5758157389635317,22.072936660268713,0.0
227,1.0,50.0,0.0,DA-BALS-Stabilized,521,78.1190019193858,1.1516314779270633,20.72936660268714,0.0
227,1.0,50.0,0.5,DA-BALS-NoMargin,521,76.00767754318618,3.6468330134357005,20.34548944337812,0.0
227,1.0,50.0,0.5,DA-BALS-FixedMargin,521,75.04798464491363,1.1516314779270633,23.80038387715931,0.0
227,1.0,50.0,0.5,DA-BALS-Adaptive,521,73.89635316698656,1.5355086372360844,24.56813819577735,0.0
227,1.0,50.0,0.5,DA-BALS-Stabilized,521,76.00767754318618,2.6871401151631478,21.30518234165067,0.0
227,1.0,50.0,1.0,DA-BALS-NoMargin,521,72.93666026871402,6.71785028790787,20.34548944337812,0.0
227,1.0,50.0,1.0,DA-BALS-FixedMargin,521,72.16890595009598,4.030710172744722,23.80038387715931,0.0
227,1.0,50.0,1.0,DA-BALS-Adaptive,521,48.94433781190019,2.495201535508637,48.56046065259117,0.0
227,1.0,50.0,1.0,DA-BALS-Stabilized,521,73.12859884836853,5.3742802303262955,21.497120921305182,0.0
227,1.2,0.0,0.0,DA-BALS-NoMargin,656,67.53048780487805,0.6097560975609756,31.859756097560975,0.0
227,1.2,0.0,0.0,DA-BALS-FixedMargin,656,64.63414634146342,0.0,35.36585365853659,0.0
227,1.2,0.0,0.0,DA-BALS-Adaptive,656,66.92073170731707,0.1524390243902439,32.926829268292686,0.0
227,1.2,0.0,0.0,DA-BALS-Stabilized,656,67.22560975609755,0.1524390243902439,32.6219512195122,0.0
227,1.2,0.0,0.5,DA-BALS-NoMargin,656,66.15853658536585,1.9817073170731707,31.859756097560975,0.0
227,1.2,0.0,0.5,DA-BALS-FixedMargin,656,64.02439024390245,0.6097560975609756,35.36585365853659,0.0
227,1.2,0.0,0.5,DA-BALS-Adaptive,656,65.70121951219512,0.6097560975609756,33.6890243902439,0.0
227,1.2,0.0,0.5,DA-BALS-Stabilized,656,66.15853658536585,1.0670731707317074,32.77439024390244,0.0
227,1.2,0.0,1.0,DA-BALS-NoMargin,656,65.54878048780488,2.591463414634146,31.859756097560975,0.0
227,1.2,0.0,1.0,DA-BALS-FixedMargin,656,63.109756097560975,1.524390243902439,35.36585365853659,0.0
227,1.2,0.0,1.0,DA-BALS-Adaptive,656,62.65243902439024,1.3719512195121952,35.97560975609756,0.0
227,1.2,0.0,1.0,DA-BALS-Stabilized,656,64.9390243902439,2.1341463414634148,32.926829268292686,0.0
227,1.2,10.0,0.0,DA-BALS-NoMargin,656,67.53048780487805,0.6097560975609756,31.859756097560975,0.0
227,1.2,10.0,0.0,DA-BALS-FixedMargin,656,64.63414634146342,0.0,35.36585365853659,0.0
227,1.2,10.0,0.0,DA-BALS-Adaptive,656,66.92073170731707,0.1524390243902439,32.926829268292686,0.0
227,1.2,10.0,0.0,DA-BALS-Stabilized,656,67.22560975609755,0.1524390243902439,32.6219512195122,0.0
227,1.2,10.0,0.5,DA-BALS-NoMargin,656,66.15853658536585,1.9817073170731707,31.859756097560975,0.0
227,1.2,10.0,0.5,DA-BALS-FixedMargin,656,64.02439024390245,0.6097560975609756,35.36585365853659,0.0
227,1.2,10.0,0.5,DA-BALS-Adaptive,656,65.70121951219512,0.6097560975609756,33.6890243902439,0.0
227,1.2,10.0,0.5,DA-BALS-Stabilized,656,66.15853658536585,1.0670731707317074,32.77439024390244,0.0
227,1.2,10.0,1.0,DA-BALS-NoMargin,656,65.54878048780488,2.591463414634146,31.859756097560975,0.0
227,1.2,10.0,1.0,DA-BALS-FixedMargin,656,63.109756097560975,1.524390243902439,35.36585365853659,0.0
227,1.2,10.0,1.0,DA-BALS-Adaptive,656,63.262195121951216,1.0670731707317074,35.670731707317074,0.0
227,1.2,10.0,1.0,DA-BALS-Stabilized,656,64.9390243902439,2.1341463414634148,32.926829268292686,0.0
227,1.2,50.0,0.0,DA-BALS-NoMargin,656,67.53048780487805,0.6097560975609756,31.859756097560975,0.0
227,1.2,50.0,0.0,DA-BALS-FixedMargin,656,64.63414634146342,0.0,35.36585365853659,0.0
227,1.2,50.0,0.0,DA-BALS-Adaptive,656,66.92073170731707,0.1524390243902439,32.926829268292686,0.0
227,1.2,50.0,0.0,DA-BALS-Stabilized,656,67.22560975609755,0.1524390243902439,32.6219512195122,0.0
227,1.2,50.0,0.5,DA-BALS-NoMargin,656,66.15853658536585,1.9817073170731707,31.859756097560975,0.0
227,1.2,50.0,0.5,DA-BALS-FixedMargin,656,64.02439024390245,0.6097560975609756,35.36585365853659,0.0
227,1.2,50.0,0.5,DA-BALS-Adaptive,656,65.70121951219512,0.6097560975609756,33.6890243902439,0.0
227,1.2,50.0,0.5,DA-BALS-Stabilized,656,66.15853658536585,1.0670731707317074,32.77439024390244,0.0
227,1.2,50.0,1.0,DA-BALS-NoMargin,656,65.54878048780488,2.591463414634146,31.859756097560975,0.0
227,1.2,50.0,1.0,DA-BALS-FixedMargin,656,63.109756097560975,1.524390243902439,35.36585365853659,0.0
227,1.2,50.0,1.0,DA-BALS-Adaptive,656,63.262195121951216,1.0670731707317074,35.670731707317074,0.0
227,1.2,50.0,1.0,DA-BALS-Stabilized,656,64.9390243902439,2.1341463414634148,32.926829268292686,0.0
228,0.2,0.0,0.0,DA-BALS-NoMargin,113,93.80530973451327,0.8849557522123894,5.3097345132743365,0.0
228,0.2,0.0,0.0,DA-BALS-FixedMargin,113,88.49557522123894,0.0,11.504424778761061,0.0
228,0.2,0.0,0.0,DA-BALS-Adaptive,113,92.92035398230088,0.0,7.079646017699115,0.0
228,0.2,0.0,0.0,DA-BALS-Stabilized,113,93.80530973451327,0.8849557522123894,5.3097345132743365,0.0
228,0.2,0.0,0.5,DA-BALS-NoMargin,113,93.80530973451327,0.8849557522123894,5.3097345132743365,0.0
228,0.2,0.0,0.5,DA-BALS-FixedMargin,113,88.49557522123894,0.0,11.504424778761061,0.0
228,0.2,0.0,0.5,DA-BALS-Adaptive,113,92.92035398230088,0.0,7.079646017699115,0.0
228,0.2,0.0,0.5,DA-BALS-Stabilized,113,93.80530973451327,0.8849557522123894,5.3097345132743365,0.0
228,0.2,0.0,1.0,DA-BALS-NoMargin,113,93.80530973451327,0.8849557522123894,5.3097345132743365,0.0
228,0.2,0.0,1.0,DA-BALS-FixedMargin,113,87.61061946902655,0.8849557522123894,11.504424778761061,0.0
228,0.2,0.0,1.0,DA-BALS-Adaptive,113,87.61061946902655,0.8849557522123894,11.504424778761061,0.0
228,0.2,0.0,1.0,DA-BALS-Stabilized,113,93.80530973451327,0.8849557522123894,5.3097345132743365,0.0
228,0.2,10.0,0.0,DA-BALS-NoMargin,113,93.80530973451327,0.8849557522123894,5.3097345132743365,0.0
228,0.2,10.0,0.0,DA-BALS-FixedMargin,113,88.49557522123894,0.0,11.504424778761061,0.0
228,0.2,10.0,0.0,DA-BALS-Adaptive,113,92.92035398230088,0.0,7.079646017699115,0.0
228,0.2,10.0,0.0,DA-BALS-Stabilized,113,93.80530973451327,0.8849557522123894,5.3097345132743365,0.0
228,0.2,10.0,0.5,DA-BALS-NoMargin,113,93.80530973451327,0.8849557522123894,5.3097345132743365,0.0
228,0.2,10.0,0.5,DA-BALS-FixedMargin,113,88.49557522123894,0.0,11.504424778761061,0.0
228,0.2,10.0,0.5,DA-BALS-Adaptive,113,92.92035398230088,0.0,7.079646017699115,0.0
228,0.2,10.0,0.5,DA-BALS-Stabilized,113,93.80530973451327,0.8849557522123894,5.3097345132743365,0.0
228,0.2,10.0,1.0,DA-BALS-NoMargin,113,93.80530973451327,0.8849557522123894,5.3097345132743365,0.0
228,0.2,10.0,1.0,DA-BALS-FixedMargin,113,87.61061946902655,0.8849557522123894,11.504424778761061,0.0
228,0.2,10.0,1.0,DA-BALS-Adaptive,113,87.61061946902655,0.8849557522123894,11.504424778761061,0.0
228,0.2,10.0,1.0,DA-BALS-Stabilized,113,93.80530973451327,0.8849557522123894,5.3097345132743365,0.0
228,0.2,50.0,0.0,DA-BALS-NoMargin,113,93.80530973451327,0.8849557522123894,5.3097345132743365,0.0
228,0.2,50.0,0.0,DA-BALS-FixedMargin,113,88.49557522123894,0.0,11.504424778761061,0.0
228,0.2,50.0,0.0,DA-BALS-Adaptive,113,92.92035398230088,0.0,7.079646017699115,0.0
228,0.2,50.0,0.0,DA-BALS-Stabilized,113,93.80530973451327,0.8849557522123894,5.3097345132743365,0.0
228,0.2,50.0,0.5,DA-BALS-NoMargin,113,93.80530973451327,0.8849557522123894,5.3097345132743365,0.0
228,0.2,50.0,0.5,DA-BALS-FixedMargin,113,88.49557522123894,0.0,11.504424778761061,0.0
228,0.2,50.0,0.5,DA-BALS-Adaptive,113,92.92035398230088,0.0,7.079646017699115,0.0
228,0.2,50.0,0.5,DA-BALS-Stabilized,113,93.80530973451327,0.8849557522123894,5.3097345132743365,0.0
228,0.2,50.0,1.0,DA-BALS-NoMargin,113,93.80530973451327,0.8849557522123894,5.3097345132743365,0.0
228,0.2,50.0,1.0,DA-BALS-FixedMargin,113,87.61061946902655,0.8849557522123894,11.504424778761061,0.0
228,0.2,50.0,1.0,DA-BALS-Adaptive,113,87.61061946902655,0.8849557522123894,11.504424778761061,0.0
228,0.2,50.0,1.0,DA-BALS-Stabilized,113,93.80530973451327,0.8849557522123894,5.3097345132743365,0.0
228,0.4,0.0,0.0,DA-BALS-NoMargin,198,93.43434343434343,1.5151515151515151,5.05050505050505,0.0
228,0.4,0.0,0.0,DA-BALS-FixedMargin,198,89.39393939393939,0.0,10.606060606060606,0.0
228,0.4,0.0,0.0,DA-BALS-Adaptive,198,91.91919191919192,1.0101010101010102,7.07070707070707,0.0
228,0.4,0.0,0.0,DA-BALS-Stabilized,198,93.43434343434343,1.5151515151515151,5.05050505050505,0.0
228,0.4,0.0,0.5,DA-BALS-NoMargin,198,93.43434343434343,1.5151515151515151,5.05050505050505,0.0
228,0.4,0.0,0.5,DA-BALS-FixedMargin,198,89.39393939393939,0.0,10.606060606060606,0.0
228,0.4,0.0,0.5,DA-BALS-Adaptive,198,90.40404040404042,1.5151515151515151,8.080808080808081,0.0
228,0.4,0.0,0.5,DA-BALS-Stabilized,198,93.43434343434343,1.5151515151515151,5.05050505050505,0.0
228,0.4,0.0,1.0,DA-BALS-NoMargin,198,92.92929292929293,2.0202020202020203,5.05050505050505,0.0
228,0.4,0.0,1.0,DA-BALS-FixedMargin,198,88.38383838383838,1.0101010101010102,10.606060606060606,0.0
228,0.4,0.0,1.0,DA-BALS-Adaptive,198,89.39393939393939,1.0101010101010102,9.595959595959595,0.0
228,0.4,0.0,1.0,DA-BALS-Stabilized,198,92.42424242424242,2.0202020202020203,5.555555555555555,0.0
228,0.4,10.0,0.0,DA-BALS-NoMargin,198,93.43434343434343,1.5151515151515151,5.05050505050505,0.0
228,0.4,10.0,0.0,DA-BALS-FixedMargin,198,89.39393939393939,0.0,10.606060606060606,0.0
228,0.4,10.0,0.0,DA-BALS-Adaptive,198,91.91919191919192,1.0101010101010102,7.07070707070707,0.0
228,0.4,10.0,0.0,DA-BALS-Stabilized,198,93.43434343434343,1.5151515151515151,5.05050505050505,0.0
228,0.4,10.0,0.5,DA-BALS-NoMargin,198,93.43434343434343,1.5151515151515151,5.05050505050505,0.0
228,0.4,10.0,0.5,DA-BALS-FixedMargin,198,89.39393939393939,0.0,10.606060606060606,0.0
228,0.4,10.0,0.5,DA-BALS-Adaptive,198,90.40404040404042,1.0101010101010102,8.585858585858585,0.0
228,0.4,10.0,0.5,DA-BALS-Stabilized,198,93.43434343434343,1.5151515151515151,5.05050505050505,0.0
228,0.4,10.0,1.0,DA-BALS-NoMargin,198,92.92929292929293,2.0202020202020203,5.05050505050505,0.0
228,0.4,10.0,1.0,DA-BALS-FixedMargin,198,88.38383838383838,1.0101010101010102,10.606060606060606,0.0
228,0.4,10.0,1.0,DA-BALS-Adaptive,198,82.82828282828282,1.0101010101010102,16.161616161616163,0.0
228,0.4,10.0,1.0,DA-BALS-Stabilized,198,92.42424242424242,2.0202020202020203,5.555555555555555,0.0
228,0.4,50.0,0.0,DA-BALS-NoMargin,198,93.43434343434343,1.5151515151515151,5.05050505050505,0.0
228,0.4,50.0,0.0,DA-BALS-FixedMargin,198,89.39393939393939,0.0,10.606060606060606,0.0
228,0.4,50.0,0.0,DA-BALS-Adaptive,198,91.91919191919192,1.0101010101010102,7.07070707070707,0.0
228,0.4,50.0,0.0,DA-BALS-Stabilized,198,93.43434343434343,1.5151515151515151,5.05050505050505,0.0
228,0.4,50.0,0.5,DA-BALS-NoMargin,198,93.43434343434343,1.5151515151515151,5.05050505050505,0.0
228,0.4,50.0,0.5,DA-BALS-FixedMargin,198,89.39393939393939,0.0,10.606060606060606,0.0
228,0.4,50.0,0.5,DA-BALS-Adaptive,198,90.40404040404042,1.0101010101010102,8.585858585858585,0.0
228,0.4,50.0,0.5,DA-BALS-Stabilized,198,93.43434343434343,1.5151515151515151,5.05050505050505,0.0
228,0.4,50.0,1.0,DA-BALS-NoMargin,198,92.92929292929293,2.0202020202020203,5.05050505050505,0.0
228,0.4,50.0,1.0,DA-BALS-FixedMargin,198,88.38383838383838,1.0101010101010102,10.606060606060606,0.0
228,0.4,50.0,1.0,DA-BALS-Adaptive,198,82.82828282828282,1.0101010101010102,16.161616161616163,0.0
228,0.4,50.0,1.0,DA-BALS-Stabilized,198,92.42424242424242,2.0202020202020203,5.555555555555555,0.0
228,0.6,0.0,0.0,DA-BALS-NoMargin,297,85.52188552188552,1.0101010101010102,13.468013468013467,0.0
228,0.6,0.0,0.0,DA-BALS-FixedMargin,297,79.46127946127946,0.0,20.53872053872054,0.0
228,0.6,0.0,0.0,DA-BALS-Adaptive,297,84.17508417508418,0.33670033670033667,15.488215488215488,0.0
228,0.6,0.0,0.0,DA-BALS-Stabilized,297,85.85858585858585,0.33670033670033667,13.804713804713806,0.0
228,0.6,0.0,0.5,DA-BALS-NoMargin,297,84.84848484848484,1.6835016835016834,13.468013468013467,0.0
228,0.6,0.0,0.5,DA-BALS-FixedMargin,297,79.46127946127946,0.0,20.53872053872054,0.0
228,0.6,0.0,0.5,DA-BALS-Adaptive,297,82.15488215488216,0.0,17.845117845117844,0.0
228,0.6,0.0,0.5,DA-BALS-Stabilized,297,85.18518518518519,1.0101010101010102,13.804713804713806,0.0
228,0.6,0.0,1.0,DA-BALS-NoMargin,297,82.82828282828282,3.7037037037037033,13.468013468013467,0.0
228,0.6,0.0,1.0,DA-BALS-FixedMargin,297,78.11447811447812,1.3468013468013467,20.53872053872054,0.0
228,0.6,0.0,1.0,DA-BALS-Adaptive,297,77.10437710437711,1.6835016835016834,21.21212121212121,0.0
228,0.6,0.0,1.0,DA-BALS-Stabilized,297,83.16498316498317,2.356902356902357,14.47811447811448,0.0
228,0.6,10.0,0.0,DA-BALS-NoMargin,297,85.52188552188552,1.0101010101010102,13.468013468013467,0.0
228,0.6,10.0,0.0,DA-BALS-FixedMargin,297,79.46127946127946,0.0,20.53872053872054,0.0
228,0.6,10.0,0.0,DA-BALS-Adaptive,297,84.17508417508418,0.33670033670033667,15.488215488215488,0.0
228,0.6,10.0,0.0,DA-BALS-Stabilized,297,85.85858585858585,0.33670033670033667,13.804713804713806,0.0
228,0.6,10.0,0.5,DA-BALS-NoMargin,297,84.84848484848484,1.6835016835016834,13.468013468013467,0.0
228,0.6,10.0,0.5,DA-BALS-FixedMargin,297,79.46127946127946,0.0,20.53872053872054,0.0
228,0.6,10.0,0.5,DA-BALS-Adaptive,297,81.48148148148148,0.0,18.51851851851852,0.0
228,0.6,10.0,0.5,DA-BALS-Stabilized,297,85.18518518518519,1.0101010101010102,13.804713804713806,0.0
228,0.6,10.0,1.0,DA-BALS-NoMargin,297,82.82828282828282,3.7037037037037033,13.468013468013467,0.0
228,0.6,10.0,1.0,DA-BALS-FixedMargin,297,78.11447811447812,1.3468013468013467,20.53872053872054,0.0
228,0.6,10.0,1.0,DA-BALS-Adaptive,297,76.0942760942761,1.6835016835016834,22.22222222222222,0.0
228,0.6,10.0,1.0,DA-BALS-Stabilized,297,82.82828282828282,2.356902356902357,14.814814814814813,0.0
228,0.6,50.0,0.0,DA-BALS-NoMargin,297,85.52188552188552,1.0101010101010102,13.468013468013467,0.0
228,0.6,50.0,0.0,DA-BALS-FixedMargin,297,79.46127946127946,0.0,20.53872053872054,0.0
228,0.6,50.0,0.0,DA-BALS-Adaptive,297,84.17508417508418,0.33670033670033667,15.488215488215488,0.0
228,0.6,50.0,0.0,DA-BALS-Stabilized,297,85.85858585858585,0.33670033670033667,13.804713804713806,0.0
228,0.6,50.0,0.5,DA-BALS-NoMargin,297,84.84848484848484,1.6835016835016834,13.468013468013467,0.0
228,0.6,50.0,0.5,DA-BALS-FixedMargin,297,79.46127946127946,0.0,20.53872053872054,0.0
228,0.6,50.0,0.5,DA-BALS-Adaptive,297,81.48148148148148,0.0,18.51851851851852,0.0
228,0.6,50.0,0.5,DA-BALS-Stabilized,297,85.18518518518519,1.0101010101010102,13.804713804713806,0.0
228,0.6,50.0,1.0,DA-BALS-NoMargin,297,82.82828282828282,3.7037037037037033,13.468013468013467,0.0
228,0.6,50.0,1.0,DA-BALS-FixedMargin,297,78.11447811447812,1.3468013468013467,20.53872053872054,0.0
228,0.6,50.0,1.0,DA-BALS-Adaptive,297,75.75757575757575,1.6835016835016834,22.55892255892256,0.0
228,0.6,50.0,1.0,DA-BALS-Stabilized,297,82.82828282828282,2.356902356902357,14.814814814814813,0.0
228,0.8,0.0,0.0,DA-BALS-NoMargin,380,85.78947368421052,0.7894736842105263,13.421052631578947,0.0
228,0.8,0.0,0.0,DA-BALS-FixedMargin,380,81.84210526315789,0.0,18.157894736842106,0.0
228,0.8,0.0,0.0,DA-BALS-Adaptive,380,84.21052631578947,0.7894736842105263,15.0,0.0
228,0.8,0.0,0.0,DA-BALS-Stabilized,380,85.78947368421052,0.7894736842105263,13.421052631578947,0.0
228,0.8,0.0,0.5,DA-BALS-NoMargin,380,83.42105263157895,3.1578947368421053,13.421052631578947,0.0
228,0.8,0.0,0.5,DA-BALS-FixedMargin,380,81.3157894736842,0.5263157894736842,18.157894736842106,0.0
228,0.8,0.0,0.5,DA-BALS-Adaptive,380,81.57894736842105,1.3157894736842104,17.105263157894736,0.0
228,0.8,0.0,0.5,DA-BALS-Stabilized,380,83.42105263157895,2.368421052631579,14.210526315789473,0.0
228,0.8,0.0,1.0,DA-BALS-NoMargin,380,81.57894736842105,4.736842105263158,13.684210526315791,0.0
228,0.8,0.0,1.0,DA-BALS-FixedMargin,380,79.73684210526316,1.5789473684210527,18.684210526315788,0.0
228,0.8,0.0,1.0,DA-BALS-Adaptive,380,78.94736842105263,1.5789473684210527,19.473684210526315,0.0
228,0.8,0.0,1.0,DA-BALS-Stabilized,380,81.3157894736842,3.684210526315789,15.0,0.0
228,0.8,10.0,0.0,DA-BALS-NoMargin,380,85.78947368421052,0.7894736842105263,13.421052631578947,0.0
228,0.8,10.0,0.0,DA-BALS-FixedMargin,380,81.84210526315789,0.0,18.157894736842106,0.0
228,0.8,10.0,0.0,DA-BALS-Adaptive,380,84.21052631578947,0.7894736842105263,15.0,0.0
228,0.8,10.0,0.0,DA-BALS-Stabilized,380,85.78947368421052,0.7894736842105263,13.421052631578947,0.0
228,0.8,10.0,0.5,DA-BALS-NoMargin,380,83.42105263157895,3.1578947368421053,13.421052631578947,0.0
228,0.8,10.0,0.5,DA-BALS-FixedMargin,380,81.3157894736842,0.5263157894736842,18.157894736842106,0.0
228,0.8,10.0,0.5,DA-BALS-Adaptive,380,81.57894736842105,1.3157894736842104,17.105263157894736,0.0
228,0.8,10.0,0.5,DA-BALS-Stabilized,380,83.42105263157895,2.368421052631579,14.210526315789473,0.0
228,0.8,10.0,1.0,DA-BALS-NoMargin,380,81.57894736842105,5.0,13.421052631578947,0.0
228,0.8,10.0,1.0,DA-BALS-FixedMargin,380,79.73684210526316,2.1052631578947367,18.157894736842106,0.0
228,0.8,10.0,1.0,DA-BALS-Adaptive,380,79.21052631578948,1.5789473684210527,19.210526315789473,0.0
228,0.8,10.0,1.0,DA-BALS-Stabilized,380,81.3157894736842,3.9473684210526314,14.736842105263156,0.0
228,0.8,50.0,0.0,DA-BALS-NoMargin,380,85.78947368421052,0.7894736842105263,13.421052631578947,0.0
228,0.8,50.0,0.0,DA-BALS-FixedMargin,380,81.84210526315789,0.0,18.157894736842106,0.0
228,0.8,50.0,0.0,DA-BALS-Adaptive,380,84.21052631578947,0.7894736842105263,15.0,0.0
228,0.8,50.0,0.0,DA-BALS-Stabilized,380,85.78947368421052,0.7894736842105263,13.421052631578947,0.0
228,0.8,50.0,0.5,DA-BALS-NoMargin,380,83.42105263157895,3.1578947368421053,13.421052631578947,0.0
228,0.8,50.0,0.5,DA-BALS-FixedMargin,380,81.3157894736842,0.5263157894736842,18.157894736842106,0.0
228,0.8,50.0,0.5,DA-BALS-Adaptive,380,81.57894736842105,1.3157894736842104,17.105263157894736,0.0
228,0.8,50.0,0.5,DA-BALS-Stabilized,380,83.42105263157895,2.368421052631579,14.210526315789473,0.0
228,0.8,50.0,1.0,DA-BALS-NoMargin,380,81.57894736842105,5.0,13.421052631578947,0.0
228,0.8,50.0,1.0,DA-BALS-FixedMargin,380,79.73684210526316,2.1052631578947367,18.157894736842106,0.0
228,0.8,50.0,1.0,DA-BALS-Adaptive,380,79.21052631578948,1.5789473684210527,19.210526315789473,0.0
228,0.8,50.0,1.0,DA-BALS-Stabilized,380,81.3157894736842,3.9473684210526314,14.736842105263156,0.0
228,1.0,0.0,0.0,DA-BALS-NoMargin,503,76.73956262425448,0.9940357852882704,22.266401590457257,0.0
228,1.0,0.0,0.0,DA-BALS-FixedMargin,503,73.1610337972167,0.0,26.838966202783297,0.0
228,1.0,0.0,0.0,DA-BALS-Adaptive,503,77.13717693836978,0.19880715705765406,22.664015904572565,0.0
228,1.0,0.0,0.0,DA-BALS-Stabilized,503,77.13717693836978,0.7952286282306162,22.067594433399602,0.0
228,1.0,0.0,0.5,DA-BALS-NoMargin,503,75.3479125248509,2.1868787276341948,22.46520874751491,0.0
228,1.0,0.0,0.5,DA-BALS-FixedMargin,503,72.76341948310139,0.3976143141153081,26.838966202783297,0.0
228,1.0,0.0,0.5,DA-BALS-Adaptive,503,74.55268389662028,0.9940357852882704,24.45328031809145,0.0
228,1.0,0.0,0.5,DA-BALS-Stabilized,503,75.54671968190854,2.1868787276341948,22.266401590457257,0.0
228,1.0,0.0,1.0,DA-BALS-NoMargin,503,73.35984095427436,3.9761431411530817,22.664015904572565,0.0
228,1.0,0.0,1.0,DA-BALS-FixedMargin,503,71.17296222664015,1.7892644135188867,27.037773359840955,0.0
228,1.0,0.0,1.0,DA-BALS-Adaptive,503,70.57654075546719,1.3916500994035785,28.031809145129227,0.0
228,1.0,0.0,1.0,DA-BALS-Stabilized,503,73.35984095427436,3.180914512922465,23.45924453280318,0.0
228,1.0,10.0,0.0,DA-BALS-NoMargin,503,76.73956262425448,0.9940357852882704,22.266401590457257,0.0
228,1.0,10.0,0.0,DA-BALS-FixedMargin,503,73.1610337972167,0.0,26.838966202783297,0.0
228,1.0,10.0,0.0,DA-BALS-Adaptive,503,77.13717693836978,0.19880715705765406,22.664015904572565,0.0
228,1.0,10.0,0.0,DA-BALS-Stabilized,503,77.13717693836978,0.7952286282306162,22.067594433399602,0.0
228,1.0,10.0,0.5,DA-BALS-NoMargin,503,75.14910536779324,2.584493041749503,22.266401590457257,0.0
228,1.0,10.0,0.5,DA-BALS-FixedMargin,503,72.76341948310139,0.3976143141153081,26.838966202783297,0.0
228,1.0,10.0,0.5,DA-BALS-Adaptive,503,74.35387673956262,0.9940357852882704,24.652087475149106,0.0
228,1.0,10.0,0.5,DA-BALS-Stabilized,503,75.3479125248509,2.584493041749503,22.067594433399602,0.0
228,1.0,10.0,1.0,DA-BALS-NoMargin,503,73.35984095427436,4.174950298210735,22.46520874751491,0.0
228,1.0,10.0,1.0,DA-BALS-FixedMargin,503,70.77534791252485,2.3856858846918487,26.838966202783297,0.0
228,1.0,10.0,1.0,DA-BALS-Adaptive,503,69.78131212723659,2.1868787276341948,28.031809145129227,0.0
228,1.0,10.0,1.0,DA-BALS-Stabilized,503,72.96222664015905,3.9761431411530817,23.061630218687874,0.0
228,1.0,50.0,0.0,DA-BALS-NoMargin,503,76.73956262425448,0.9940357852882704,22.266401590457257,0.0
228,1.0,50.0,0.0,DA-BALS-FixedMargin,503,73.1610337972167,0.0,26.838966202783297,0.0
228,1.0,50.0,0.0,DA-BALS-Adaptive,503,77.13717693836978,0.19880715705765406,22.664015904572565,0.0
228,1.0,50.0,0.0,DA-BALS-Stabilized,503,77.13717693836978,0.7952286282306162,22.067594433399602,0.0
228,1.0,50.0,0.5,DA-BALS-NoMargin,503,75.14910536779324,2.584493041749503,22.266401590457257,0.0
228,1.0,50.0,0.5,DA-BALS-FixedMargin,503,72.76341948310139,0.3976143141153081,26.838966202783297,0.0
228,1.0,50.0,0.5,DA-BALS-Adaptive,503,74.35387673956262,0.9940357852882704,24.652087475149106,0.0
228,1.0,50.0,0.5,DA-BALS-Stabilized,503,75.3479125248509,2.584493041749503,22.067594433399602,0.0
228,1.0,50.0,1.0,DA-BALS-NoMargin,503,72.96222664015905,4.7713717693836974,22.266401590457257,0.0
228,1.0,50.0,1.0,DA-BALS-FixedMargin,503,70.77534791252485,2.3856858846918487,26.838966202783297,0.0
228,1.0,50.0,1.0,DA-BALS-Adaptive,503,69.38369781312127,2.1868787276341948,28.429423459244536,0.0
228,1.0,50.0,1.0,DA-BALS-Stabilized,503,72.96222664015905,3.9761431411530817,23.061630218687874,0.0
228,1.2,0.0,0.0,DA-BALS-NoMargin,624,69.55128205128204,0.8012820512820512,29.647435897435898,0.0
228,1.2,0.0,0.0,DA-BALS-FixedMargin,624,67.94871794871796,0.16025641025641024,31.89102564102564,0.0
228,1.2,0.0,0.0,DA-BALS-Adaptive,624,68.91025641025641,0.641025641025641,30.448717948717945,0.0
228,1.2,0.0,0.0,DA-BALS-Stabilized,624,69.39102564102564,0.8012820512820512,29.807692307692307,0.0
228,1.2,0.0,0.5,DA-BALS-NoMargin,624,68.91025641025641,1.4423076923076923,29.647435897435898,0.0
228,1.2,0.0,0.5,DA-BALS-FixedMargin,624,67.94871794871796,0.16025641025641024,31.89102564102564,0.0
228,1.2,0.0,0.5,DA-BALS-Adaptive,624,68.91025641025641,0.641025641025641,30.448717948717945,0.0
228,1.2,0.0,0.5,DA-BALS-Stabilized,624,68.58974358974359,1.4423076923076923,29.967948717948715,0.0
228,1.2,0.0,1.0,DA-BALS-NoMargin,624,67.1474358974359,3.205128205128205,29.647435897435898,0.0
228,1.2,0.0,1.0,DA-BALS-FixedMargin,624,66.18589743589743,1.9230769230769231,31.89102564102564,0.0
228,1.2,0.0,1.0,DA-BALS-Adaptive,624,66.66666666666666,1.1217948717948718,32.21153846153847,0.0
228,1.2,0.0,1.0,DA-BALS-Stabilized,624,67.3076923076923,2.7243589743589745,29.967948717948715,0.0
228,1.2,10.0,0.0,DA-BALS-NoMargin,624,69.55128205128204,0.8012820512820512,29.647435897435898,0.0
228,1.2,10.0,0.0,DA-BALS-FixedMargin,624,67.94871794871796,0.16025641025641024,31.89102564102564,0.0
228,1.2,10.0,0.0,DA-BALS-Adaptive,624,68.91025641025641,0.641025641025641,30.448717948717945,0.0
228,1.2,10.0,0.0,DA-BALS-Stabilized,624,69.39102564102564,0.8012820512820512,29.807692307692307,0.0
228,1.2,10.0,0.5,DA-BALS-NoMargin,624,68.91025641025641,1.4423076923076923,29.647435897435898,0.0
228,1.2,10.0,0.5,DA-BALS-FixedMargin,624,67.94871794871796,0.16025641025641024,31.89102564102564,0.0
228,1.2,10.0,0.5,DA-BALS-Adaptive,624,68.91025641025641,0.4807692307692308,30.60897435897436,0.0
228,1.2,10.0,0.5,DA-BALS-Stabilized,624,68.58974358974359,1.4423076923076923,29.967948717948715,0.0
228,1.2,10.0,1.0,DA-BALS-NoMargin,624,66.98717948717949,3.3653846153846154,29.647435897435898,0.0
228,1.2,10.0,1.0,DA-BALS-FixedMargin,624,66.18589743589743,1.9230769230769231,31.89102564102564,0.0
228,1.2,10.0,1.0,DA-BALS-Adaptive,624,66.98717948717949,1.1217948717948718,31.89102564102564,0.0
228,1.2,10.0,1.0,DA-BALS-Stabilized,624,66.98717948717949,3.0448717948717947,29.967948717948715,0.0
228,1.2,50.0,0.0,DA-BALS-NoMargin,624,69.55128205128204,0.8012820512820512,29.647435897435898,0.0
228,1.2,50.0,0.0,DA-BALS-FixedMargin,624,67.94871794871796,0.16025641025641024,31.89102564102564,0.0
228,1.2,50.0,0.0,DA-BALS-Adaptive,624,68.91025641025641,0.641025641025641,30.448717948717945,0.0
228,1.2,50.0,0.0,DA-BALS-Stabilized,624,69.39102564102564,0.8012820512820512,29.807692307692307,0.0
228,1.2,50.0,0.5,DA-BALS-NoMargin,624,68.91025641025641,1.4423076923076923,29.647435897435898,0.0
228,1.2,50.0,0.5,DA-BALS-FixedMargin,624,67.94871794871796,0.16025641025641024,31.89102564102564,0.0
228,1.2,50.0,0.5,DA-BALS-Adaptive,624,68.91025641025641,0.4807692307692308,30.60897435897436,0.0
228,1.2,50.0,0.5,DA-BALS-Stabilized,624,68.58974358974359,1.4423076923076923,29.967948717948715,0.0
228,1.2,50.0,1.0,DA-BALS-NoMargin,624,66.98717948717949,3.3653846153846154,29.647435897435898,0.0
228,1.2,50.0,1.0,DA-BALS-FixedMargin,624,66.18589743589743,1.9230769230769231,31.89102564102564,0.0
228,1.2,50.0,1.0,DA-BALS-Adaptive,624,66.50641025641025,1.6025641025641024,31.89102564102564,0.0
228,1.2,50.0,1.0,DA-BALS-Stabilized,624,66.98717948717949,3.0448717948717947,29.967948717948715,0.0
229,0.2,0.0,0.0,DA-BALS-NoMargin,107,99.06542056074767,0.0,0.9345794392523363,0.0
229,0.2,0.0,0.0,DA-BALS-FixedMargin,107,95.32710280373831,0.0,4.672897196261682,0.0
229,0.2,0.0,0.0,DA-BALS-Adaptive,107,98.13084112149532,0.0,1.8691588785046727,0.0
229,0.2,0.0,0.0,DA-BALS-Stabilized,107,99.06542056074767,0.0,0.9345794392523363,0.0
229,0.2,0.0,0.5,DA-BALS-NoMargin,107,98.13084112149532,0.9345794392523363,0.9345794392523363,0.0
229,0.2,0.0,0.5,DA-BALS-FixedMargin,107,95.32710280373831,0.0,4.672897196261682,0.0
229,0.2,0.0,0.5,DA-BALS-Adaptive,107,96.26168224299066,0.0,3.7383177570093453,0.0
229,0.2,0.0,0.5,DA-BALS-Stabilized,107,98.13084112149532,0.9345794392523363,0.9345794392523363,0.0
229,0.2,0.0,1.0,DA-BALS-NoMargin,107,97.19626168224299,1.8691588785046727,0.9345794392523363,0.0
229,0.2,0.0,1.0,DA-BALS-FixedMargin,107,94.39252336448598,0.9345794392523363,4.672897196261682,0.0
229,0.2,0.0,1.0,DA-BALS-Adaptive,107,92.5233644859813,0.9345794392523363,6.5420560747663545,0.0
229,0.2,0.0,1.0,DA-BALS-Stabilized,107,97.19626168224299,1.8691588785046727,0.9345794392523363,0.0
229,0.2,10.0,0.0,DA-BALS-NoMargin,107,99.06542056074767,0.0,0.9345794392523363,0.0
229,0.2,10.0,0.0,DA-BALS-FixedMargin,107,95.32710280373831,0.0,4.672897196261682,0.0
229,0.2,10.0,0.0,DA-BALS-Adaptive,107,98.13084112149532,0.0,1.8691588785046727,0.0
229,0.2,10.0,0.0,DA-BALS-Stabilized,107,99.06542056074767,0.0,0.9345794392523363,0.0
229,0.2,10.0,0.5,DA-BALS-NoMargin,107,98.13084112149532,0.9345794392523363,0.9345794392523363,0.0
229,0.2,10.0,0.5,DA-BALS-FixedMargin,107,95.32710280373831,0.0,4.672897196261682,0.0
229,0.2,10.0,0.5,DA-BALS-Adaptive,107,96.26168224299066,0.0,3.7383177570093453,0.0
229,0.2,10.0,0.5,DA-BALS-Stabilized,107,98.13084112149532,0.9345794392523363,0.9345794392523363,0.0
229,0.2,10.0,1.0,DA-BALS-NoMargin,107,97.19626168224299,1.8691588785046727,0.9345794392523363,0.0
229,0.2,10.0,1.0,DA-BALS-FixedMargin,107,94.39252336448598,0.9345794392523363,4.672897196261682,0.0
229,0.2,10.0,1.0,DA-BALS-Adaptive,107,92.5233644859813,0.9345794392523363,6.5420560747663545,0.0
229,0.2,10.0,1.0,DA-BALS-Stabilized,107,97.19626168224299,1.8691588785046727,0.9345794392523363,0.0
229,0.2,50.0,0.0,DA-BALS-NoMargin,107,99.06542056074767,0.0,0.9345794392523363,0.0
229,0.2,50.0,0.0,DA-BALS-FixedMargin,107,95.32710280373831,0.0,4.672897196261682,0.0
229,0.2,50.0,0.0,DA-BALS-Adaptive,107,98.13084112149532,0.0,1.8691588785046727,0.0
229,0.2,50.0,0.0,DA-BALS-Stabilized,107,99.06542056074767,0.0,0.9345794392523363,0.0
229,0.2,50.0,0.5,DA-BALS-NoMargin,107,98.13084112149532,0.9345794392523363,0.9345794392523363,0.0
229,0.2,50.0,0.5,DA-BALS-FixedMargin,107,95.32710280373831,0.0,4.672897196261682,0.0
229,0.2,50.0,0.5,DA-BALS-Adaptive,107,96.26168224299066,0.0,3.7383177570093453,0.0
229,0.2,50.0,0.5,DA-BALS-Stabilized,107,98.13084112149532,0.9345794392523363,0.9345794392523363,0.0
229,0.2,50.0,1.0,DA-BALS-NoMargin,107,97.19626168224299,1.8691588785046727,0.9345794392523363,0.0
229,0.2,50.0,1.0,DA-BALS-FixedMargin,107,94.39252336448598,0.9345794392523363,4.672897196261682,0.0
229,0.2,50.0,1.0,DA-BALS-Adaptive,107,92.5233644859813,0.9345794392523363,6.5420560747663545,0.0
229,0.2,50.0,1.0,DA-BALS-Stabilized,107,97.19626168224299,1.8691588785046727,0.9345794392523363,0.0
229,0.4,0.0,0.0,DA-BALS-NoMargin,226,92.03539823008849,0.8849557522123894,7.079646017699115,0.0
229,0.4,0.0,0.0,DA-BALS-FixedMargin,226,88.49557522123894,0.8849557522123894,10.619469026548673,0.0
229,0.4,0.0,0.0,DA-BALS-Adaptive,226,91.1504424778761,0.8849557522123894,7.964601769911504,0.0
229,0.4,0.0,0.0,DA-BALS-Stabilized,226,92.03539823008849,0.8849557522123894,7.079646017699115,0.0
229,0.4,0.0,0.5,DA-BALS-NoMargin,226,92.03539823008849,0.8849557522123894,7.079646017699115,0.0
229,0.4,0.0,0.5,DA-BALS-FixedMargin,226,88.49557522123894,0.8849557522123894,10.619469026548673,0.0
229,0.4,0.0,0.5,DA-BALS-Adaptive,226,90.2654867256637,0.8849557522123894,8.849557522123893,0.0
229,0.4,0.0,0.5,DA-BALS-Stabilized,226,92.03539823008849,0.8849557522123894,7.079646017699115,0.0
229,0.4,0.0,1.0,DA-BALS-NoMargin,226,90.2654867256637,2.6548672566371683,7.079646017699115,0.0
229,0.4,0.0,1.0,DA-BALS-FixedMargin,226,87.16814159292035,2.2123893805309733,10.619469026548673,0.0
229,0.4,0.0,1.0,DA-BALS-Adaptive,226,86.28318584070797,2.2123893805309733,11.504424778761061,0.0
229,0.4,0.0,1.0,DA-BALS-Stabilized,226,90.2654867256637,2.6548672566371683,7.079646017699115,0.0
229,0.4,10.0,0.0,DA-BALS-NoMargin,226,92.03539823008849,0.8849557522123894,7.079646017699115,0.0
229,0.4,10.0,0.0,DA-BALS-FixedMargin,226,88.49557522123894,0.8849557522123894,10.619469026548673,0.0
229,0.4,10.0,0.0,DA-BALS-Adaptive,226,91.1504424778761,0.8849557522123894,7.964601769911504,0.0
229,0.4,10.0,0.0,DA-BALS-Stabilized,226,92.03539823008849,0.8849557522123894,7.079646017699115,0.0
229,0.4,10.0,0.5,DA-BALS-NoMargin,226,92.03539823008849,0.8849557522123894,7.079646017699115,0.0
229,0.4,10.0,0.5,DA-BALS-FixedMargin,226,88.49557522123894,0.8849557522123894,10.619469026548673,0.0
229,0.4,10.0,0.5,DA-BALS-Adaptive,226,90.2654867256637,0.8849557522123894,8.849557522123893,0.0
229,0.4,10.0,0.5,DA-BALS-Stabilized,226,92.03539823008849,0.8849557522123894,7.079646017699115,0.0
229,0.4,10.0,1.0,DA-BALS-NoMargin,226,90.2654867256637,2.6548672566371683,7.079646017699115,0.0
229,0.4,10.0,1.0,DA-BALS-FixedMargin,226,87.16814159292035,2.2123893805309733,10.619469026548673,0.0
229,0.4,10.0,1.0,DA-BALS-Adaptive,226,86.28318584070797,2.2123893805309733,11.504424778761061,0.0
229,0.4,10.0,1.0,DA-BALS-Stabilized,226,90.2654867256637,2.6548672566371683,7.079646017699115,0.0
229,0.4,50.0,0.0,DA-BALS-NoMargin,226,92.03539823008849,0.8849557522123894,7.079646017699115,0.0
229,0.4,50.0,0.0,DA-BALS-FixedMargin,226,88.49557522123894,0.8849557522123894,10.619469026548673,0.0
229,0.4,50.0,0.0,DA-BALS-Adaptive,226,91.1504424778761,0.8849557522123894,7.964601769911504,0.0
229,0.4,50.0,0.0,DA-BALS-Stabilized,226,92.03539823008849,0.8849557522123894,7.079646017699115,0.0
229,0.4,50.0,0.5,DA-BALS-NoMargin,226,92.03539823008849,0.8849557522123894,7.079646017699115,0.0
229,0.4,50.0,0.5,DA-BALS-FixedMargin,226,88.49557522123894,0.8849557522123894,10.619469026548673,0.0
229,0.4,50.0,0.5,DA-BALS-Adaptive,226,90.2654867256637,0.8849557522123894,8.849557522123893,0.0
229,0.4,50.0,0.5,DA-BALS-Stabilized,226,92.03539823008849,0.8849557522123894,7.079646017699115,0.0
229,0.4,50.0,1.0,DA-BALS-NoMargin,226,90.2654867256637,2.6548672566371683,7.079646017699115,0.0
229,0.4,50.0,1.0,DA-BALS-FixedMargin,226,87.16814159292035,2.2123893805309733,10.619469026548673,0.0
229,0.4,50.0,1.0,DA-BALS-Adaptive,226,86.28318584070797,2.2123893805309733,11.504424778761061,0.0
229,0.4,50.0,1.0,DA-BALS-Stabilized,226,90.2654867256637,2.6548672566371683,7.079646017699115,0.0
229,0.6,0.0,0.0,DA-BALS-NoMargin,324,89.19753086419753,0.30864197530864196,10.493827160493826,0.0
229,0.6,0.0,0.0,DA-BALS-FixedMargin,324,85.18518518518519,0.0,14.814814814814813,0.0
229,0.6,0.0,0.0,DA-BALS-Adaptive,324,87.96296296296296,0.30864197530864196,11.728395061728394,0.0
229,0.6,0.0,0.0,DA-BALS-Stabilized,324,88.58024691358025,0.30864197530864196,11.11111111111111,0.0
229,0.6,0.0,0.5,DA-BALS-NoMargin,324,87.96296296296296,1.5432098765432098,10.493827160493826,0.0
229,0.6,0.0,0.5,DA-BALS-FixedMargin,324,85.18518518518519,0.0,14.814814814814813,0.0
229,0.6,0.0,0.5,DA-BALS-Adaptive,324,85.80246913580247,1.2345679012345678,12.962962962962962,0.0
229,0.6,0.0,0.5,DA-BALS-Stabilized,324,87.65432098765432,1.2345679012345678,11.11111111111111,0.0
229,0.6,0.0,1.0,DA-BALS-NoMargin,324,87.65432098765432,1.5432098765432098,10.802469135802468,0.0
229,0.6,0.0,1.0,DA-BALS-FixedMargin,324,84.25925925925925,0.6172839506172839,15.123456790123457,0.0
229,0.6,0.0,1.0,DA-BALS-Adaptive,324,85.18518518518519,1.5432098765432098,13.271604938271606,0.0
229,0.6,0.0,1.0,DA-BALS-Stabilized,324,87.03703703703704,1.5432098765432098,11.419753086419753,0.0
229,0.6,10.0,0.0,DA-BALS-NoMargin,324,89.19753086419753,0.30864197530864196,10.493827160493826,0.0
229,0.6,10.0,0.0,DA-BALS-FixedMargin,324,85.18518518518519,0.0,14.814814814814813,0.0
229,0.6,10.0,0.0,DA-BALS-Adaptive,324,87.96296296296296,0.30864197530864196,11.728395061728394,0.0
229,0.6,10.0,0.0,DA-BALS-Stabilized,324,88.58024691358025,0.30864197530864196,11.11111111111111,0.0
229,0.6,10.0,0.5,DA-BALS-NoMargin,324,87.96296296296296,1.5432098765432098,10.493827160493826,0.0
229,0.6,10.0,0.5,DA-BALS-FixedMargin,324,85.18518518518519,0.0,14.814814814814813,0.0
229,0.6,10.0,0.5,DA-BALS-Adaptive,324,85.80246913580247,1.2345679012345678,12.962962962962962,0.0
229,0.6,10.0,0.5,DA-BALS-Stabilized,324,87.65432098765432,1.2345679012345678,11.11111111111111,0.0
229,0.6,10.0,1.0,DA-BALS-NoMargin,324,87.65432098765432,1.8518518518518516,10.493827160493826,0.0
229,0.6,10.0,1.0,DA-BALS-FixedMargin,324,84.25925925925925,0.9259259259259258,14.814814814814813,0.0
229,0.6,10.0,1.0,DA-BALS-Adaptive,324,84.87654320987654,1.8518518518518516,13.271604938271606,0.0
229,0.6,10.0,1.0,DA-BALS-Stabilized,324,87.03703703703704,1.8518518518518516,11.11111111111111,0.0
229,0.6,50.0,0.0,DA-BALS-NoMargin,324,89.19753086419753,0.30864197530864196,10.493827160493826,0.0
229,0.6,50.0,0.0,DA-BALS-FixedMargin,324,85.18518518518519,0.0,14.814814814814813,0.0
229,0.6,50.0,0.0,DA-BALS-Adaptive,324,87.96296296296296,0.30864197530864196,11.728395061728394,0.0
229,0.6,50.0,0.0,DA-BALS-Stabilized,324,88.58024691358025,0.30864197530864196,11.11111111111111,0.0
229,0.6,50.0,0.5,DA-BALS-NoMargin,324,87.96296296296296,1.5432098765432098,10.493827160493826,0.0
229,0.6,50.0,0.5,DA-BALS-FixedMargin,324,85.18518518518519,0.0,14.814814814814813,0.0
229,0.6,50.0,0.5,DA-BALS-Adaptive,324,85.80246913580247,1.2345679012345678,12.962962962962962,0.0
229,0.6,50.0,0.5,DA-BALS-Stabilized,324,87.65432098765432,1.2345679012345678,11.11111111111111,0.0
229,0.6,50.0,1.0,DA-BALS-NoMargin,324,87.65432098765432,1.8518518518518516,10.493827160493826,0.0
229,0.6,50.0,1.0,DA-BALS-FixedMargin,324,84.25925925925925,0.9259259259259258,14.814814814814813,0.0
229,0.6,50.0,1.0,DA-BALS-Adaptive,324,83.9506172839506,1.8518518518518516,14.19753086419753,0.0
229,0.6,50.0,1.0,DA-BALS-Stabilized,324,87.03703703703704,1.8518518518518516,11.11111111111111,0.0
229,0.8,0.0,0.0,DA-BALS-NoMargin,418,83.25358851674642,0.7177033492822966,16.028708133971293,0.0
229,0.8,0.0,0.0,DA-BALS-FixedMargin,418,79.42583732057416,0.0,20.574162679425836,0.0
229,0.8,0.0,0.0,DA-BALS-Adaptive,418,82.05741626794259,0.4784688995215311,17.464114832535884,0.0
229,0.8,0.0,0.0,DA-BALS-Stabilized,418,83.01435406698565,0.7177033492822966,16.267942583732058,0.0
229,0.8,0.0,0.5,DA-BALS-NoMargin,418,82.29665071770334,1.674641148325359,16.028708133971293,0.0
229,0.8,0.0,0.5,DA-BALS-FixedMargin,418,79.18660287081339,0.23923444976076555,20.574162679425836,0.0
229,0.8,0.0,0.5,DA-BALS-Adaptive,418,81.10047846889952,0.4784688995215311,18.421052631578945,0.0
229,0.8,0.0,0.5,DA-BALS-Stabilized,418,81.81818181818183,1.4354066985645932,16.74641148325359,0.0
229,0.8,0.0,1.0,DA-BALS-NoMargin,418,79.66507177033493,4.0669856459330145,16.267942583732058,0.0
229,0.8,0.0,1.0,DA-BALS-FixedMargin,418,76.55502392344498,2.15311004784689,21.291866028708135,0.0
229,0.8,0.0,1.0,DA-BALS-Adaptive,418,76.31578947368422,2.3923444976076556,21.291866028708135,0.0
229,0.8,0.0,1.0,DA-BALS-Stabilized,418,78.70813397129187,4.0669856459330145,17.22488038277512,0.0
229,0.8,10.0,0.0,DA-BALS-NoMargin,418,83.25358851674642,0.7177033492822966,16.028708133971293,0.0
229,0.8,10.0,0.0,DA-BALS-FixedMargin,418,79.42583732057416,0.0,20.574162679425836,0.0
229,0.8,10.0,0.0,DA-BALS-Adaptive,418,82.05741626794259,0.4784688995215311,17.464114832535884,0.0
229,0.8,10.0,0.0,DA-BALS-Stabilized,418,83.01435406698565,0.7177033492822966,16.267942583732058,0.0
229,0.8,10.0,0.5,DA-BALS-NoMargin,418,82.29665071770334,1.674641148325359,16.028708133971293,0.0
229,0.8,10.0,0.5,DA-BALS-FixedMargin,418,79.18660287081339,0.23923444976076555,20.574162679425836,0.0
229,0.8,10.0,0.5,DA-BALS-Adaptive,418,80.86124401913875,0.23923444976076555,18.899521531100476,0.0
229,0.8,10.0,0.5,DA-BALS-Stabilized,418,81.81818181818183,1.4354066985645932,16.74641148325359,0.0
229,0.8,10.0,1.0,DA-BALS-NoMargin,418,79.42583732057416,4.30622009569378,16.267942583732058,0.0
229,0.8,10.0,1.0,DA-BALS-FixedMargin,418,76.79425837320574,2.3923444976076556,20.813397129186605,0.0
229,0.8,10.0,1.0,DA-BALS-Adaptive,418,71.5311004784689,2.3923444976076556,26.076555023923444,0.0
229,0.8,10.0,1.0,DA-BALS-Stabilized,418,78.4688995215311,4.30622009569378,17.22488038277512,0.0
229,0.8,50.0,0.0,DA-BALS-NoMargin,418,83.25358851674642,0.7177033492822966,16.028708133971293,0.0
229,0.8,50.0,0.0,DA-BALS-FixedMargin,418,79.42583732057416,0.0,20.574162679425836,0.0
229,0.8,50.0,0.0,DA-BALS-Adaptive,418,82.05741626794259,0.4784688995215311,17.464114832535884,0.0
229,0.8,50.0,0.0,DA-BALS-Stabilized,418,83.01435406698565,0.7177033492822966,16.267942583732058,0.0
229,0.8,50.0,0.5,DA-BALS-NoMargin,418,82.29665071770334,1.674641148325359,16.028708133971293,0.0
229,0.8,50.0,0.5,DA-BALS-FixedMargin,418,79.18660287081339,0.23923444976076555,20.574162679425836,0.0
229,0.8,50.0,0.5,DA-BALS-Adaptive,418,80.86124401913875,0.23923444976076555,18.899521531100476,0.0
229,0.8,50.0,0.5,DA-BALS-Stabilized,418,81.81818181818183,1.4354066985645932,16.74641148325359,0.0
229,0.8,50.0,1.0,DA-BALS-NoMargin,418,79.42583732057416,4.545454545454546,16.028708133971293,0.0
229,0.8,50.0,1.0,DA-BALS-FixedMargin,418,76.79425837320574,2.631578947368421,20.574162679425836,0.0
229,0.8,50.0,1.0,DA-BALS-Adaptive,418,72.00956937799043,2.8708133971291865,25.11961722488038,0.0
229,0.8,50.0,1.0,DA-BALS-Stabilized,418,78.4688995215311,4.545454545454546,16.985645933014354,0.0
229,1.0,0.0,0.0,DA-BALS-NoMargin,484,79.13223140495867,0.8264462809917356,20.041322314049587,0.0
229,1.0,0.0,0.0,DA-BALS-FixedMargin,484,74.17355371900827,0.0,25.826446280991732,0.0
229,1.0,0.0,0.0,DA-BALS-Adaptive,484,78.51239669421489,0.2066115702479339,21.280991735537192,0.0
229,1.0,0.0,0.0,DA-BALS-Stabilized,484,78.92561983471074,0.8264462809917356,20.24793388429752,0.0
229,1.0,0.0,0.5,DA-BALS-NoMargin,484,77.68595041322314,2.272727272727273,20.041322314049587,0.0
229,1.0,0.0,0.5,DA-BALS-FixedMargin,484,74.17355371900827,0.0,25.826446280991732,0.0
229,1.0,0.0,0.5,DA-BALS-Adaptive,484,76.44628099173553,0.8264462809917356,22.727272727272727,0.0
229,1.0,0.0,0.5,DA-BALS-Stabilized,484,77.68595041322314,2.066115702479339,20.24793388429752,0.0
229,1.0,0.0,1.0,DA-BALS-NoMargin,484,76.03305785123968,3.925619834710744,20.041322314049587,0.0
229,1.0,0.0,1.0,DA-BALS-FixedMargin,484,72.93388429752066,1.0330578512396695,26.033057851239672,0.0
229,1.0,0.0,1.0,DA-BALS-Adaptive,484,73.96694214876032,1.6528925619834711,24.380165289256198,0.0
229,1.0,0.0,1.0,DA-BALS-Stabilized,484,75.82644628099173,3.71900826446281,20.454545454545457,0.0
229,1.0,10.0,0.0,DA-BALS-NoMargin,484,79.13223140495867,0.8264462809917356,20.041322314049587,0.0
229,1.0,10.0,0.0,DA-BALS-FixedMargin,484,74.17355371900827,0.0,25.826446280991732,0.0
229,1.0,10.0,0.0,DA-BALS-Adaptive,484,78.51239669421489,0.2066115702479339,21.280991735537192,0.0
229,1.0,10.0,0.0,DA-BALS-Stabilized,484,78.92561983471074,0.8264462809917356,20.24793388429752,0.0
229,1.0,10.0,0.5,DA-BALS-NoMargin,484,77.68595041322314,2.272727272727273,20.041322314049587,0.0
229,1.0,10.0,0.5,DA-BALS-FixedMargin,484,74.17355371900827,0.0,25.826446280991732,0.0
229,1.0,10.0,0.5,DA-BALS-Adaptive,484,76.44628099173553,0.8264462809917356,22.727272727272727,0.0
229,1.0,10.0,0.5,DA-BALS-Stabilized,484,77.68595041322314,2.066115702479339,20.24793388429752,0.0
229,1.0,10.0,1.0,DA-BALS-NoMargin,484,76.03305785123968,3.925619834710744,20.041322314049587,0.0
229,1.0,10.0,1.0,DA-BALS-FixedMargin,484,73.14049586776859,1.0330578512396695,25.826446280991732,0.0
229,1.0,10.0,1.0,DA-BALS-Adaptive,484,74.17355371900827,1.6528925619834711,24.173553719008265,0.0
229,1.0,10.0,1.0,DA-BALS-Stabilized,484,75.82644628099173,3.71900826446281,20.454545454545457,0.0
229,1.0,50.0,0.0,DA-BALS-NoMargin,484,79.13223140495867,0.8264462809917356,20.041322314049587,0.0
229,1.0,50.0,0.0,DA-BALS-FixedMargin,484,74.17355371900827,0.0,25.826446280991732,0.0
229,1.0,50.0,0.0,DA-BALS-Adaptive,484,78.51239669421489,0.2066115702479339,21.280991735537192,0.0
229,1.0,50.0,0.0,DA-BALS-Stabilized,484,78.92561983471074,0.8264462809917356,20.24793388429752,0.0
229,1.0,50.0,0.5,DA-BALS-NoMargin,484,77.68595041322314,2.272727272727273,20.041322314049587,0.0
229,1.0,50.0,0.5,DA-BALS-FixedMargin,484,74.17355371900827,0.0,25.826446280991732,0.0
229,1.0,50.0,0.5,DA-BALS-Adaptive,484,76.44628099173553,0.8264462809917356,22.727272727272727,0.0
229,1.0,50.0,0.5,DA-BALS-Stabilized,484,77.68595041322314,2.066115702479339,20.24793388429752,0.0
229,1.0,50.0,1.0,DA-BALS-NoMargin,484,76.03305785123968,3.925619834710744,20.041322314049587,0.0
229,1.0,50.0,1.0,DA-BALS-FixedMargin,484,73.14049586776859,1.0330578512396695,25.826446280991732,0.0
229,1.0,50.0,1.0,DA-BALS-Adaptive,484,73.96694214876032,1.6528925619834711,24.380165289256198,0.0
229,1.0,50.0,1.0,DA-BALS-Stabilized,484,75.82644628099173,3.71900826446281,20.454545454545457,0.0
229,1.2,0.0,0.0,DA-BALS-NoMargin,616,70.77922077922078,0.6493506493506493,28.57142857142857,0.0
229,1.2,0.0,0.0,DA-BALS-FixedMargin,616,68.18181818181817,0.0,31.818181818181817,0.0
229,1.2,0.0,0.0,DA-BALS-Adaptive,616,70.29220779220779,0.3246753246753247,29.383116883116884,0.0
229,1.2,0.0,0.0,DA-BALS-Stabilized,616,70.77922077922078,0.6493506493506493,28.57142857142857,0.0
229,1.2,0.0,0.5,DA-BALS-NoMargin,616,69.96753246753246,1.461038961038961,28.57142857142857,0.0
229,1.2,0.0,0.5,DA-BALS-FixedMargin,616,67.6948051948052,0.487012987012987,31.818181818181817,0.0
229,1.2,0.0,0.5,DA-BALS-Adaptive,616,69.48051948051948,0.8116883116883116,29.707792207792206,0.0
229,1.2,0.0,0.5,DA-BALS-Stabilized,616,69.64285714285714,1.6233766233766231,28.733766233766232,0.0
229,1.2,0.0,1.0,DA-BALS-NoMargin,616,69.31818181818183,2.1103896103896105,28.57142857142857,0.0
229,1.2,0.0,1.0,DA-BALS-FixedMargin,616,67.37012987012987,0.8116883116883116,31.818181818181817,0.0
229,1.2,0.0,1.0,DA-BALS-Adaptive,616,67.37012987012987,1.2987012987012987,31.33116883116883,0.0
229,1.2,0.0,1.0,DA-BALS-Stabilized,616,68.5064935064935,2.4350649350649354,29.05844155844156,0.0
229,1.2,10.0,0.0,DA-BALS-NoMargin,616,70.77922077922078,0.6493506493506493,28.57142857142857,0.0
229,1.2,10.0,0.0,DA-BALS-FixedMargin,616,68.18181818181817,0.0,31.818181818181817,0.0
229,1.2,10.0,0.0,DA-BALS-Adaptive,616,70.29220779220779,0.3246753246753247,29.383116883116884,0.0
229,1.2,10.0,0.0,DA-BALS-Stabilized,616,70.77922077922078,0.6493506493506493,28.57142857142857,0.0
229,1.2,10.0,0.5,DA-BALS-NoMargin,616,69.96753246753246,1.461038961038961,28.57142857142857,0.0
229,1.2,10.0,0.5,DA-BALS-FixedMargin,616,67.6948051948052,0.487012987012987,31.818181818181817,0.0
229,1.2,10.0,0.5,DA-BALS-Adaptive,616,69.48051948051948,0.8116883116883116,29.707792207792206,0.0
229,1.2,10.0,0.5,DA-BALS-Stabilized,616,69.64285714285714,1.6233766233766231,28.733766233766232,0.0
229,1.2,10.0,1.0,DA-BALS-NoMargin,616,69.31818181818183,2.1103896103896105,28.57142857142857,0.0
229,1.2,10.0,1.0,DA-BALS-FixedMargin,616,67.37012987012987,0.8116883116883116,31.818181818181817,0.0
229,1.2,10.0,1.0,DA-BALS-Adaptive,616,67.37012987012987,1.461038961038961,31.16883116883117,0.0
229,1.2,10.0,1.0,DA-BALS-Stabilized,616,68.5064935064935,2.4350649350649354,29.05844155844156,0.0
229,1.2,50.0,0.0,DA-BALS-NoMargin,616,70.77922077922078,0.6493506493506493,28.57142857142857,0.0
229,1.2,50.0,0.0,DA-BALS-FixedMargin,616,68.18181818181817,0.0,31.818181818181817,0.0
229,1.2,50.0,0.0,DA-BALS-Adaptive,616,70.29220779220779,0.3246753246753247,29.383116883116884,0.0
229,1.2,50.0,0.0,DA-BALS-Stabilized,616,70.77922077922078,0.6493506493506493,28.57142857142857,0.0
229,1.2,50.0,0.5,DA-BALS-NoMargin,616,69.96753246753246,1.461038961038961,28.57142857142857,0.0
229,1.2,50.0,0.5,DA-BALS-FixedMargin,616,67.6948051948052,0.487012987012987,31.818181818181817,0.0
229,1.2,50.0,0.5,DA-BALS-Adaptive,616,69.48051948051948,0.8116883116883116,29.707792207792206,0.0
229,1.2,50.0,0.5,DA-BALS-Stabilized,616,69.64285714285714,1.6233766233766231,28.733766233766232,0.0
229,1.2,50.0,1.0,DA-BALS-NoMargin,616,69.31818181818183,2.1103896103896105,28.57142857142857,0.0
229,1.2,50.0,1.0,DA-BALS-FixedMargin,616,67.37012987012987,0.8116883116883116,31.818181818181817,0.0
229,1.2,50.0,1.0,DA-BALS-Adaptive,616,67.37012987012987,1.461038961038961,31.16883116883117,0.0
229,1.2,50.0,1.0,DA-BALS-Stabilized,616,68.5064935064935,2.4350649350649354,29.05844155844156,0.0
